#ifndef FONT_KO_DATA_H
#define FONT_KO_DATA_H
#include "io.h"

/* Auto-generated 11x11 bitmap glyphs for all 11172 modern Hangul
 * syllables (U+AC00 to U+D7A3) plus the 51 standalone compatibility
 * jamo (U+3131 to U+3163, used to show an in-progress consonant or
 * vowel before it combines into a full syllable), extracted from
 * Galmuri11 (see third_party/galmuri-font/, SIL Open Font License
 * 1.1) by tools/gen_hangul_font.py. Do not hand-edit -- regenerate
 * with that script if the font ever changes.
 *
 * Each glyph is 11 rows of u16, MSB-aligned exactly like
 * font_latin_data.h's Latin glyphs -- see that header for the bit
 * layout. Index font8x8_ko with (codepoint - KO_SYLLABLE_BASE), and
 * font8x8_ko_jamo with (codepoint - KO_JAMO_BASE). (Table names kept
 * as font8x8_ko/font8x8_ko_jamo for now even though glyphs are 11x11
 * -- renaming them would just be churn across font_ko.h's call
 * sites for zero behavioral change.) */

#define KO_SYLLABLE_COUNT 11172
#define KO_SYLLABLE_BASE  0xAC00
#define KO_JAMO_COUNT 51
#define KO_JAMO_BASE  0x3131

static const u16 font8x8_ko[11172][11] = {
{0xFC40,0x0440,0x0440,0x0440,0x0440,0x0860,0x0840,0x1040,0x2040,0xC040,0x0040},{0xFC40,0x0440,0x0460,0x0840,0x1040,0xE040,0x0000,0x7FC0,0x0040,0x0040,0x0040},{0xFC40,0x0440,0x0460,0x0840,0x1040,0xE040,0x0000,0x7FC0,0x0440,0x0440,0x0440},{0xFC40,0x0440,0x0460,0x0840,0x1040,0xE040,0x0040,0x7900,0x0900,0x0A80,0x0C40},
{0xFC40,0x0440,0x0440,0x0860,0x1040,0xE040,0x0040,0x4040,0x4000,0x4000,0x7FC0},{0xFC40,0x0440,0x0460,0x0840,0x1040,0xE040,0x0000,0x47C0,0x4100,0x4280,0x7C40},{0xFC40,0x0440,0x0460,0x0840,0x1040,0xE040,0x0100,0x47C0,0x4380,0x4440,0x7B80},{0xFC40,0x0440,0x0460,0x0840,0x1040,0xE040,0x0000,0x7FC0,0x4000,0x4000,0x7FC0},
{0xFC40,0x0440,0x0460,0x0840,0xF040,0x0000,0x7FC0,0x0040,0x7FC0,0x4000,0x7FC0},{0xFC40,0x0440,0x0460,0x0840,0xF040,0x0000,0x7BC0,0x0840,0x7840,0x4040,0x7840},{0xFC40,0x0440,0x0460,0x0840,0xF040,0x0000,0x7BC0,0x0A40,0x7A40,0x4240,0x7BC0},{0xFC40,0x0440,0x0460,0x0840,0xF040,0x0000,0x7A40,0x0A40,0x7BC0,0x4240,0x7BC0},
{0xFC40,0x0440,0x0460,0x0840,0xF040,0x0040,0x7900,0x0900,0x7900,0x4280,0x7C40},{0xFC40,0x0440,0x0460,0x0840,0xF040,0x0000,0x7BC0,0x0A00,0x7BC0,0x4200,0x7BC0},{0xFC40,0x0440,0x0460,0x0840,0xF040,0x0000,0x7FC0,0x0A80,0x7A80,0x4280,0x7FC0},{0xFC40,0x0440,0x0460,0x0840,0xF040,0x0040,0x7900,0x0FC0,0x7B80,0x4440,0x7B80},
{0xFC40,0x0440,0x0460,0x0840,0x1040,0xE040,0x0000,0x7FC0,0x4040,0x4040,0x7FC0},{0xFC40,0x0440,0x0460,0x0840,0x1040,0xE040,0x0000,0x4040,0x7FC0,0x4040,0x7FC0},{0xFC40,0x0440,0x0460,0x0840,0x1040,0xE040,0x0000,0x4900,0x7900,0x4A80,0x7C40},{0xFC40,0x0440,0x0440,0x0860,0x1040,0xE040,0x0040,0x0440,0x0400,0x1B00,0x60C0},
{0xFC40,0x0440,0x0460,0x0840,0x1040,0xE040,0x0040,0x1100,0x1100,0x2A80,0x4440},{0xFC40,0x0440,0x0460,0x0840,0x1040,0xE040,0x0000,0x3F80,0x4040,0x4040,0x3F80},{0xFC40,0x0440,0x0460,0x0840,0x1040,0xE040,0x0000,0x7FC0,0x0400,0x1B00,0x60C0},{0xFC40,0x0440,0x0460,0x0840,0x1040,0xE040,0x0400,0x7FC0,0x0400,0x1B00,0x60C0},
{0xFC40,0x0440,0x0460,0x0840,0x1040,0xE040,0x0000,0x7FC0,0x0040,0x7FC0,0x0040},{0xFC40,0x0440,0x0460,0x0840,0xF040,0x0000,0x7FC0,0x4000,0x7FC0,0x4000,0x7FC0},{0xFC40,0x0440,0x0460,0x0840,0x1040,0xE040,0x0000,0x7FC0,0x1100,0x1100,0x7FC0},{0xFC40,0x0440,0x0460,0x0840,0x1040,0xE040,0x0400,0x7FC0,0x1F00,0x2080,0x1F00},
{0xFD40,0x0540,0x0540,0x0540,0x0540,0x09C0,0x0940,0x1140,0x2140,0xC140,0x0140},{0xFD40,0x0540,0x05C0,0x0940,0x1140,0xE140,0x0000,0x7FC0,0x0040,0x0040,0x0040},{0xFD40,0x0540,0x05C0,0x0940,0x1140,0xE140,0x0000,0x7FC0,0x0440,0x0440,0x0440},{0xFD40,0x0540,0x05C0,0x0940,0x1140,0xE140,0x0000,0x7900,0x0900,0x0A80,0x0C40},
{0xFD40,0x0540,0x0540,0x09C0,0x1140,0xE140,0x0140,0x4140,0x4000,0x4000,0x7FC0},{0xFD40,0x0540,0x05C0,0x0940,0x1140,0xE140,0x0000,0x47C0,0x4100,0x4280,0x7C40},{0xFD40,0x0540,0x0540,0x09C0,0x1140,0xE140,0x0100,0x47C0,0x4380,0x4440,0x7B80},{0xFD40,0x0540,0x05C0,0x0940,0x1140,0xE140,0x0000,0x7FC0,0x4000,0x4000,0x7FC0},
{0xFD40,0x0540,0x05C0,0x0940,0xF140,0x0000,0x7FC0,0x0040,0x7FC0,0x4000,0x7FC0},{0xFD40,0x0540,0x05C0,0x0940,0xF140,0x0000,0x7BC0,0x0840,0x7840,0x4040,0x7840},{0xFD40,0x0540,0x05C0,0x0940,0xF140,0x0000,0x7BC0,0x0A40,0x7A40,0x4240,0x7BC0},{0xFD40,0x0540,0x05C0,0x0940,0xF140,0x0000,0x7A40,0x0A40,0x7BC0,0x4240,0x7BC0},
{0xFD40,0x0540,0x05C0,0x0940,0xF140,0x0000,0x7900,0x0900,0x7900,0x4280,0x7C40},{0xFD40,0x0540,0x05C0,0x0940,0xF140,0x0000,0x7BC0,0x0A00,0x7BC0,0x4200,0x7BC0},{0xFD40,0x0540,0x05C0,0x0940,0xF140,0x0000,0x7FC0,0x0A80,0x7A80,0x4280,0x7FC0},{0xFD40,0x0540,0x05C0,0x0940,0xF140,0x0000,0x7900,0x0FC0,0x7B80,0x4440,0x7B80},
{0xFD40,0x0540,0x05C0,0x0940,0x1140,0xE140,0x0000,0x7FC0,0x4040,0x4040,0x7FC0},{0xFD40,0x0540,0x05C0,0x0940,0x1140,0xE140,0x0000,0x4040,0x7FC0,0x4040,0x7FC0},{0xFD40,0x0540,0x05C0,0x0940,0x1140,0xE140,0x0000,0x4900,0x7900,0x4A80,0x7C40},{0xFD40,0x0540,0x0540,0x09C0,0x1140,0xE140,0x0140,0x0540,0x0400,0x1B00,0x60C0},
{0xFD40,0x0540,0x05C0,0x0940,0x1140,0xE140,0x0000,0x1100,0x1100,0x2A80,0x4440},{0xFD40,0x0540,0x05C0,0x0940,0x1140,0xE140,0x0000,0x3F80,0x4040,0x4040,0x3F80},{0xFD40,0x0540,0x05C0,0x0940,0x1140,0xE140,0x0000,0x7FC0,0x0400,0x1B00,0x60C0},{0xFD40,0x0540,0x05C0,0x0940,0x1140,0xE140,0x0400,0x7FC0,0x0400,0x1B00,0x60C0},
{0xFD40,0x0540,0x05C0,0x0940,0x1140,0xE140,0x0000,0x7FC0,0x0040,0x7FC0,0x0040},{0xFD40,0x0540,0x05C0,0x0940,0xF140,0x0000,0x7FC0,0x4000,0x7FC0,0x4000,0x7FC0},{0xFD40,0x0540,0x05C0,0x0940,0x1140,0xE140,0x0000,0x7FC0,0x1100,0x1100,0x7FC0},{0xFD40,0x0540,0x05C0,0x0940,0x1140,0xE140,0x0400,0x7FC0,0x1F00,0x2080,0x1F00},
{0xFC40,0x0440,0x0440,0x0460,0x0440,0x0840,0x0840,0x1060,0x2040,0xC040,0x0040},{0xFC40,0x0460,0x0440,0x0860,0x1040,0xE040,0x0000,0x7FC0,0x0040,0x0040,0x0040},{0xFC40,0x0460,0x0440,0x0860,0x1040,0xE040,0x0000,0x7FC0,0x0440,0x0440,0x0440},{0xFC40,0x0460,0x0440,0x0860,0x1040,0xE040,0x0000,0x7900,0x0900,0x0A80,0x0C40},
{0xFC40,0x0440,0x0460,0x0840,0x1060,0xE040,0x0040,0x4040,0x4000,0x4000,0x7FC0},{0xFC40,0x0460,0x0440,0x0860,0x1040,0xE040,0x0000,0x47C0,0x4100,0x4280,0x7C40},{0xFC40,0x0460,0x0440,0x0860,0x1040,0xE040,0x0100,0x47C0,0x4380,0x4440,0x7B80},{0xFC40,0x0460,0x0440,0x0860,0x1040,0xE040,0x0000,0x7FC0,0x4000,0x4000,0x7FC0},
{0xFC40,0x0460,0x0440,0x0860,0xF040,0x0000,0x7FC0,0x0040,0x7FC0,0x4000,0x7FC0},{0xFC40,0x0460,0x0440,0x0860,0xF040,0x0000,0x7BC0,0x0840,0x7840,0x4040,0x7840},{0xFC40,0x0460,0x0440,0x0860,0xF040,0x0000,0x7BC0,0x0A40,0x7A40,0x4240,0x7BC0},{0xFC40,0x0460,0x0440,0x0860,0xF040,0x0000,0x7A40,0x0A40,0x7BC0,0x4240,0x7BC0},
{0xFC40,0x0460,0x0440,0x0860,0xF040,0x0040,0x7900,0x0900,0x7900,0x4280,0x7C40},{0xFC40,0x0460,0x0440,0x0860,0xF040,0x0000,0x7BC0,0x0A00,0x7BC0,0x4200,0x7BC0},{0xFC40,0x0460,0x0440,0x0860,0xF040,0x0000,0x7FC0,0x0A80,0x7A80,0x4280,0x7FC0},{0xFC40,0x0460,0x0440,0x0860,0xF040,0x0040,0x7900,0x0FC0,0x7B80,0x4440,0x7B80},
{0xFC40,0x0460,0x0440,0x0860,0x1040,0xE040,0x0000,0x7FC0,0x4040,0x4040,0x7FC0},{0xFC40,0x0460,0x0440,0x0860,0x1040,0xE040,0x0000,0x4040,0x7FC0,0x4040,0x7FC0},{0xFC40,0x0460,0x0440,0x0860,0x1040,0xE040,0x0040,0x4900,0x7900,0x4A80,0x7C40},{0xFC40,0x0440,0x0460,0x0840,0x1060,0xE040,0x0040,0x0440,0x0400,0x1B00,0x60C0},
{0xFC40,0x0460,0x0440,0x0860,0x1040,0xE040,0x0040,0x1100,0x1100,0x2A80,0x4440},{0xFC40,0x0460,0x0440,0x0860,0x1040,0xE040,0x0000,0x3F80,0x4040,0x4040,0x3F80},{0xFC40,0x0460,0x0440,0x0860,0x1040,0xE040,0x0000,0x7FC0,0x0400,0x1B00,0x60C0},{0xFC40,0x0460,0x0440,0x0860,0x1040,0xE040,0x0400,0x7FC0,0x0400,0x1B00,0x60C0},
{0xFC40,0x0460,0x0440,0x0860,0x1040,0xE040,0x0000,0x7FC0,0x0040,0x7FC0,0x0040},{0xFC40,0x0460,0x0440,0x0860,0xF040,0x0000,0x7FC0,0x4000,0x7FC0,0x4000,0x7FC0},{0xFC40,0x0460,0x0440,0x0860,0x1040,0xE040,0x0000,0x7FC0,0x1100,0x1100,0x7FC0},{0xFC40,0x0460,0x0440,0x0860,0x1040,0xE040,0x0400,0x7FC0,0x1F00,0x2080,0x1F00},
{0xFD40,0x0540,0x0540,0x05C0,0x0540,0x0940,0x0940,0x11C0,0x2140,0xC140,0x0140},{0xFD40,0x05C0,0x0540,0x09C0,0x1140,0xE140,0x0000,0x7FC0,0x0040,0x0040,0x0040},{0xFD40,0x05C0,0x0540,0x09C0,0x1140,0xE140,0x0000,0x7FC0,0x0440,0x0440,0x0440},{0xFD40,0x05C0,0x0540,0x09C0,0x1140,0xE140,0x0000,0x7900,0x0900,0x0A80,0x0C40},
{0xFD40,0x0540,0x05C0,0x0940,0x11C0,0xE140,0x0140,0x4140,0x4000,0x4000,0x7FC0},{0xFD40,0x05C0,0x0540,0x09C0,0x1140,0xE140,0x0000,0x47C0,0x4100,0x4280,0x7C40},{0xFD40,0x05C0,0x0540,0x09C0,0x1140,0xE140,0x0100,0x47C0,0x4380,0x4440,0x7B80},{0xFD40,0x05C0,0x0540,0x09C0,0x1140,0xE140,0x0000,0x7FC0,0x4000,0x4000,0x7FC0},
{0xFD40,0x05C0,0x0540,0x09C0,0xF140,0x0000,0x7FC0,0x0040,0x7FC0,0x4000,0x7FC0},{0xFD40,0x05C0,0x0540,0x09C0,0xF140,0x0000,0x7BC0,0x0840,0x7840,0x4040,0x7840},{0xFD40,0x05C0,0x0540,0x09C0,0xF140,0x0000,0x7BC0,0x0A40,0x7A40,0x4240,0x7BC0},{0xFD40,0x05C0,0x0540,0x09C0,0xF140,0x0000,0x7A40,0x0A40,0x7BC0,0x4240,0x7BC0},
{0xFD40,0x05C0,0x0540,0x09C0,0xF140,0x0000,0x7900,0x0900,0x7900,0x4280,0x7C40},{0xFD40,0x05C0,0x0540,0x09C0,0xF140,0x0000,0x7BC0,0x0A00,0x7BC0,0x4200,0x7BC0},{0xFD40,0x05C0,0x0540,0x09C0,0xF140,0x0000,0x7FC0,0x0A80,0x7A80,0x4280,0x7FC0},{0xFD40,0x05C0,0x0540,0x09C0,0xF140,0x0000,0x7900,0x0FC0,0x7B80,0x4440,0x7B80},
{0xFD40,0x05C0,0x0540,0x09C0,0x1140,0xE140,0x0000,0x7FC0,0x4040,0x4040,0x7FC0},{0xFD40,0x05C0,0x0540,0x09C0,0x1140,0xE140,0x0000,0x4040,0x7FC0,0x4040,0x7FC0},{0xFD40,0x05C0,0x0540,0x09C0,0x1140,0xE140,0x0000,0x4900,0x7900,0x4A80,0x7C40},{0xFD40,0x0540,0x05C0,0x0940,0x11C0,0xE140,0x0140,0x0540,0x0400,0x1B00,0x60C0},
{0xFD40,0x05C0,0x0540,0x09C0,0x1140,0xE140,0x0000,0x1100,0x1100,0x2A80,0x4440},{0xFD40,0x05C0,0x0540,0x09C0,0x1140,0xE140,0x0000,0x3F80,0x4040,0x4040,0x3F80},{0xFD40,0x05C0,0x0540,0x09C0,0x1140,0xE140,0x0000,0x7FC0,0x0400,0x1B00,0x60C0},{0xFD40,0x05C0,0x0540,0x09C0,0x1140,0xE140,0x0400,0x7FC0,0x0400,0x1B00,0x60C0},
{0xFD40,0x05C0,0x0540,0x09C0,0x1140,0xE140,0x0000,0x7FC0,0x0040,0x7FC0,0x0040},{0xFD40,0x05C0,0x0540,0x09C0,0xF140,0x0000,0x7FC0,0x4000,0x7FC0,0x4000,0x7FC0},{0xFD40,0x05C0,0x0540,0x09C0,0x1140,0xE140,0x0000,0x7FC0,0x1100,0x1100,0x7FC0},{0xFD40,0x05C0,0x0540,0x09C0,0x1140,0xE140,0x0400,0x7FC0,0x1F00,0x2080,0x1F00},
{0xFC40,0x0440,0x0440,0x0440,0x05C0,0x0840,0x0840,0x1040,0x2040,0xC040,0x0040},{0xFC40,0x0440,0x05C0,0x0840,0x1040,0xE040,0x0000,0x7FC0,0x0040,0x0040,0x0040},{0xFC40,0x0440,0x05C0,0x0840,0x1040,0xE040,0x0000,0x7FC0,0x0440,0x0440,0x0440},{0xFC40,0x0440,0x05C0,0x0840,0x1040,0xE040,0x0040,0x7900,0x0900,0x0A80,0x0C40},
{0xFC40,0x0440,0x0440,0x09C0,0x1040,0xE040,0x0040,0x4040,0x4000,0x4000,0x7FC0},{0xFC40,0x0440,0x05C0,0x0840,0x1040,0xE040,0x0000,0x47C0,0x4100,0x4280,0x7C40},{0xFC40,0x0440,0x05C0,0x0840,0x1040,0xE040,0x0100,0x47C0,0x4380,0x4440,0x7B80},{0xFC40,0x0440,0x05C0,0x0840,0x1040,0xE040,0x0000,0x7FC0,0x4000,0x4000,0x7FC0},
{0xFC40,0x0440,0x05C0,0x0840,0xF040,0x0000,0x7FC0,0x0040,0x7FC0,0x4000,0x7FC0},{0xFC40,0x0440,0x05C0,0x0840,0xF040,0x0000,0x7BC0,0x0840,0x7840,0x4040,0x7840},{0xFC40,0x0440,0x05C0,0x0840,0xF040,0x0000,0x7BC0,0x0A40,0x7A40,0x4240,0x7BC0},{0xFC40,0x0440,0x05C0,0x0840,0xF040,0x0000,0x7A40,0x0A40,0x7BC0,0x4240,0x7BC0},
{0xFC40,0x0440,0x05C0,0x0840,0xF040,0x0040,0x7900,0x0900,0x7900,0x4280,0x7C40},{0xFC40,0x0440,0x05C0,0x0840,0xF040,0x0000,0x7BC0,0x0A00,0x7BC0,0x4200,0x7BC0},{0xFC40,0x0440,0x05C0,0x0840,0xF040,0x0000,0x7FC0,0x0A80,0x7A80,0x4280,0x7FC0},{0xFC40,0x0440,0x05C0,0x0840,0xF040,0x0040,0x7900,0x0FC0,0x7B80,0x4440,0x7B80},
{0xFC40,0x0440,0x05C0,0x0840,0x1040,0xE040,0x0000,0x7FC0,0x4040,0x4040,0x7FC0},{0xFC40,0x0440,0x05C0,0x0840,0x1040,0xE040,0x0000,0x4040,0x7FC0,0x4040,0x7FC0},{0xFC40,0x0440,0x05C0,0x0840,0x1040,0xE040,0x0000,0x4900,0x7900,0x4A80,0x7C40},{0xFC40,0x0440,0x0440,0x09C0,0x1040,0xE040,0x0040,0x0440,0x0400,0x1B00,0x60C0},
{0xFC40,0x0440,0x05C0,0x0840,0x1040,0xE040,0x0040,0x1100,0x1100,0x2A80,0x4440},{0xFC40,0x0440,0x05C0,0x0840,0x1040,0xE040,0x0000,0x3F80,0x4040,0x4040,0x3F80},{0xFC40,0x0440,0x05C0,0x0840,0x1040,0xE040,0x0000,0x7FC0,0x0400,0x1B00,0x60C0},{0xFC40,0x0440,0x05C0,0x0840,0x1040,0xE040,0x0400,0x7FC0,0x0400,0x1B00,0x60C0},
{0xFC40,0x0440,0x05C0,0x0840,0x1040,0xE040,0x0000,0x7FC0,0x0040,0x7FC0,0x0040},{0xFC40,0x0440,0x05C0,0x0840,0xF040,0x0000,0x7FC0,0x4000,0x7FC0,0x4000,0x7FC0},{0xFC40,0x0440,0x05C0,0x0840,0x1040,0xE040,0x0000,0x7FC0,0x1100,0x1100,0x7FC0},{0xFC40,0x0440,0x05C0,0x0840,0x1040,0xE040,0x0400,0x7FC0,0x1F00,0x2080,0x1F00},
{0xF940,0x0940,0x0940,0x0940,0x0F40,0x0940,0x1140,0x1140,0x2140,0xC140,0x0140},{0xF940,0x0940,0x0F40,0x1140,0x2140,0xC140,0x0000,0x7FC0,0x0040,0x0040,0x0040},{0xF940,0x0940,0x0F40,0x1140,0x2140,0xC140,0x0000,0x7FC0,0x0440,0x0440,0x0440},{0xF940,0x0940,0x0F40,0x1140,0x2140,0xC140,0x0000,0x7900,0x0900,0x0A80,0x0C40},
{0xF940,0x0940,0x0940,0x1740,0x2140,0xC140,0x0140,0x4140,0x4000,0x4000,0x7FC0},{0xF940,0x0940,0x0F40,0x1140,0x2140,0xC140,0x0000,0x47C0,0x4100,0x4280,0x7C40},{0xF940,0x0940,0x0F40,0x1140,0x2140,0xC140,0x0100,0x47C0,0x4380,0x4440,0x7B80},{0xF940,0x0940,0x0F40,0x1140,0x2140,0xC140,0x0000,0x7FC0,0x4000,0x4000,0x7FC0},
{0xF940,0x0940,0x0F40,0x1140,0xE140,0x0000,0x7FC0,0x0040,0x7FC0,0x4000,0x7FC0},{0xF940,0x0940,0x0F40,0x1140,0xE140,0x0000,0x7BC0,0x0840,0x7840,0x4040,0x7840},{0xF940,0x0940,0x0F40,0x1140,0xE140,0x0000,0x7BC0,0x0A40,0x7A40,0x4240,0x7BC0},{0xF940,0x0940,0x0F40,0x1140,0xE140,0x0000,0x7A40,0x0A40,0x7BC0,0x4240,0x7BC0},
{0xF940,0x0940,0x0F40,0x1140,0xE140,0x0000,0x7900,0x0900,0x7900,0x4280,0x7C40},{0xF940,0x0940,0x0F40,0x1140,0xE140,0x0000,0x7BC0,0x0A00,0x7BC0,0x4200,0x7BC0},{0xF940,0x0940,0x0F40,0x1140,0xE140,0x0000,0x7FC0,0x0A80,0x7A80,0x4280,0x7FC0},{0xF940,0x0940,0x0F40,0x1140,0xE140,0x0000,0x7900,0x0FC0,0x7B80,0x4440,0x7B80},
{0xF940,0x0940,0x0F40,0x1140,0x2140,0xC140,0x0000,0x7FC0,0x4040,0x4040,0x7FC0},{0xF940,0x0940,0x0F40,0x1140,0x2140,0xC140,0x0000,0x4040,0x7FC0,0x4040,0x7FC0},{0xF940,0x0940,0x0F40,0x1140,0x2140,0xC140,0x0000,0x4900,0x7900,0x4A80,0x7C40},{0xF940,0x0940,0x0940,0x1740,0x2140,0xC140,0x0140,0x0540,0x0400,0x1B00,0x60C0},
{0xF940,0x0940,0x0F40,0x1140,0x2140,0xC140,0x0000,0x1100,0x1100,0x2A80,0x4440},{0xF940,0x0940,0x0F40,0x1140,0x2140,0xC140,0x0000,0x3F80,0x4040,0x4040,0x3F80},{0xF940,0x0940,0x0F40,0x1140,0x2140,0xC140,0x0000,0x7FC0,0x0400,0x1B00,0x60C0},{0xF940,0x0940,0x0F40,0x1140,0x2140,0xC140,0x0400,0x7FC0,0x0400,0x1B00,0x60C0},
{0xF940,0x0940,0x0F40,0x1140,0x2140,0xC140,0x0000,0x7FC0,0x0040,0x7FC0,0x0040},{0xF940,0x0940,0x0F40,0x1140,0xE140,0x0000,0x7FC0,0x4000,0x7FC0,0x4000,0x7FC0},{0xF940,0x0940,0x0F40,0x1140,0x2140,0xC140,0x0000,0x7FC0,0x1100,0x1100,0x7FC0},{0xF940,0x0940,0x0F40,0x1140,0x2140,0xC140,0x0400,0x7FC0,0x1F00,0x2080,0x1F00},
{0xFC40,0x0440,0x0440,0x05C0,0x0440,0x0840,0x09C0,0x1040,0x2040,0xC040,0x0040},{0xFC40,0x05C0,0x0440,0x09C0,0x1040,0xE040,0x0000,0x7FC0,0x0040,0x0040,0x0040},{0xFC40,0x05C0,0x0440,0x09C0,0x1040,0xE040,0x0000,0x7FC0,0x0440,0x0440,0x0440},{0xFC40,0x05C0,0x0440,0x09C0,0x1040,0xE040,0x0040,0x7900,0x0900,0x0A80,0x0C40},
{0xFC40,0x0440,0x05C0,0x0840,0x11C0,0xE040,0x0040,0x4040,0x4000,0x4000,0x7FC0},{0xFC40,0x05C0,0x0440,0x09C0,0x1040,0xE040,0x0000,0x47C0,0x4100,0x4280,0x7C40},{0xFC40,0x05C0,0x0440,0x09C0,0x1040,0xE040,0x0100,0x47C0,0x4380,0x4440,0x7B80},{0xFC40,0x05C0,0x0440,0x09C0,0x1040,0xE040,0x0000,0x7FC0,0x4000,0x4000,0x7FC0},
{0xFC40,0x05C0,0x0440,0x09C0,0xF040,0x0000,0x7FC0,0x0040,0x7FC0,0x4000,0x7FC0},{0xFC40,0x05C0,0x0440,0x09C0,0xF040,0x0000,0x7BC0,0x0840,0x7840,0x4040,0x7840},{0xFC40,0x05C0,0x0440,0x09C0,0xF040,0x0000,0x7BC0,0x0A40,0x7A40,0x4240,0x7BC0},{0xFC40,0x05C0,0x0440,0x09C0,0xF040,0x0000,0x7A40,0x0A40,0x7BC0,0x4240,0x7BC0},
{0xFC40,0x05C0,0x0440,0x09C0,0xF040,0x0040,0x7900,0x0900,0x7900,0x4280,0x7C40},{0xFC40,0x05C0,0x0440,0x09C0,0xF040,0x0000,0x7BC0,0x0A00,0x7BC0,0x4200,0x7BC0},{0xFC40,0x05C0,0x0440,0x09C0,0xF040,0x0000,0x7FC0,0x0A80,0x7A80,0x4280,0x7FC0},{0xFC40,0x05C0,0x0440,0x09C0,0xF040,0x0040,0x7900,0x0FC0,0x7B80,0x4440,0x7B80},
{0xFC40,0x05C0,0x0440,0x09C0,0x1040,0xE040,0x0000,0x7FC0,0x4040,0x4040,0x7FC0},{0xFC40,0x05C0,0x0440,0x09C0,0x1040,0xE040,0x0000,0x4040,0x7FC0,0x4040,0x7FC0},{0xFC40,0x05C0,0x0440,0x09C0,0x1040,0xE040,0x0040,0x4900,0x7900,0x4A80,0x7C40},{0xFC40,0x0440,0x05C0,0x0840,0x11C0,0xE040,0x0040,0x0440,0x0400,0x1B00,0x60C0},
{0xFC40,0x05C0,0x0440,0x09C0,0x1040,0xE040,0x0040,0x1100,0x1100,0x2A80,0x4440},{0xFC40,0x05C0,0x0440,0x09C0,0x1040,0xE040,0x0000,0x3F80,0x4040,0x4040,0x3F80},{0xFC40,0x05C0,0x0440,0x09C0,0x1040,0xE040,0x0000,0x7FC0,0x0400,0x1B00,0x60C0},{0xFC40,0x05C0,0x0440,0x09C0,0x1040,0xE040,0x0400,0x7FC0,0x0400,0x1B00,0x60C0},
{0xFC40,0x05C0,0x0440,0x09C0,0x1040,0xE040,0x0000,0x7FC0,0x0040,0x7FC0,0x0040},{0xFC40,0x05C0,0x0440,0x09C0,0xF040,0x0000,0x7FC0,0x4000,0x7FC0,0x4000,0x7FC0},{0xFC40,0x05C0,0x0440,0x09C0,0x1040,0xE040,0x0000,0x7FC0,0x1100,0x1100,0x7FC0},{0xFC40,0x05C0,0x0440,0x09C0,0x1040,0xE040,0x0400,0x7FC0,0x1F00,0x2080,0x1F00},
{0xF940,0x0940,0x0940,0x0F40,0x0940,0x0940,0x1740,0x1140,0x2140,0xC140,0x0140},{0xF940,0x0F40,0x0940,0x1740,0x2140,0xC140,0x0000,0x7FC0,0x0040,0x0040,0x0040},{0xF940,0x0F40,0x0940,0x1740,0x2140,0xC140,0x0000,0x7FC0,0x0440,0x0440,0x0440},{0xF940,0x0F40,0x0940,0x1740,0x2140,0xC140,0x0000,0x7900,0x0900,0x0A80,0x0C40},
{0xF940,0x0940,0x0F40,0x1140,0x2740,0xC140,0x0140,0x4140,0x4000,0x4000,0x7FC0},{0xF940,0x0F40,0x0940,0x1740,0x2140,0xC140,0x0000,0x47C0,0x4100,0x4280,0x7C40},{0xF940,0x0F40,0x0940,0x1740,0x2140,0xC140,0x0100,0x47C0,0x4380,0x4440,0x7B80},{0xF940,0x0F40,0x0940,0x1740,0x2140,0xC140,0x0000,0x7FC0,0x4000,0x4000,0x7FC0},
{0xF940,0x0F40,0x0940,0x1740,0xE140,0x0000,0x7FC0,0x0040,0x7FC0,0x4000,0x7FC0},{0xF940,0x0F40,0x0940,0x1740,0xE140,0x0000,0x7BC0,0x0840,0x7840,0x4040,0x7840},{0xF940,0x0F40,0x0940,0x1740,0xE140,0x0000,0x7BC0,0x0A40,0x7A40,0x4240,0x7BC0},{0xF940,0x0F40,0x0940,0x1740,0xE140,0x0000,0x7A40,0x0A40,0x7BC0,0x4240,0x7BC0},
{0xF940,0x0F40,0x0940,0x1740,0xE140,0x0000,0x7900,0x0900,0x7900,0x4280,0x7C40},{0xF940,0x0F40,0x0940,0x1740,0xE140,0x0000,0x7BC0,0x0A00,0x7BC0,0x4200,0x7BC0},{0xF940,0x0F40,0x0940,0x1740,0xE140,0x0000,0x7FC0,0x0A80,0x7A80,0x4280,0x7FC0},{0xF940,0x0F40,0x0940,0x1740,0xE140,0x0000,0x7900,0x0FC0,0x7B80,0x4440,0x7B80},
{0xF940,0x0F40,0x0940,0x1740,0x2140,0xC140,0x0000,0x7FC0,0x4040,0x4040,0x7FC0},{0xF940,0x0F40,0x0940,0x1740,0x2140,0xC140,0x0000,0x4040,0x7FC0,0x4040,0x7FC0},{0xF940,0x0F40,0x0940,0x1740,0x2140,0xC140,0x0000,0x4900,0x7900,0x4A80,0x7C40},{0xF940,0x0940,0x0F40,0x1140,0x2740,0xC140,0x0140,0x0540,0x0400,0x1B00,0x60C0},
{0xF940,0x0F40,0x0940,0x1740,0x2140,0xC140,0x0000,0x1100,0x1100,0x2A80,0x4440},{0xF940,0x0F40,0x0940,0x1740,0x2140,0xC140,0x0000,0x3F80,0x4040,0x4040,0x3F80},{0xF940,0x0F40,0x0940,0x1740,0x2140,0xC140,0x0000,0x7FC0,0x0400,0x1B00,0x60C0},{0xF940,0x0F40,0x0940,0x1740,0x2140,0xC140,0x0400,0x7FC0,0x0400,0x1B00,0x60C0},
{0xF940,0x0F40,0x0940,0x1740,0x2140,0xC140,0x0000,0x7FC0,0x0040,0x7FC0,0x0040},{0xF940,0x0F40,0x0940,0x1740,0xE140,0x0000,0x7FC0,0x4000,0x7FC0,0x4000,0x7FC0},{0xF940,0x0F40,0x0940,0x1740,0x2140,0xC140,0x0000,0x7FC0,0x1100,0x1100,0x7FC0},{0xF940,0x0F40,0x0940,0x1740,0x2140,0xC140,0x0400,0x7FC0,0x1F00,0x2080,0x1F00},
{0x7FC0,0x0040,0x0040,0x0040,0x0040,0x0440,0x0440,0x0480,0x0400,0xFFE0,0x0000},{0x7FC0,0x0040,0x0440,0x0440,0x0400,0xFFE0,0x0000,0x7FC0,0x0040,0x0040,0x0040},{0x7FC0,0x0040,0x0440,0x0440,0x0400,0xFFE0,0x0000,0x7FC0,0x0440,0x0440,0x0440},{0x7FC0,0x0040,0x0440,0x0440,0x0400,0xFFE0,0x0000,0x7900,0x0900,0x0A80,0x0C40},
{0x7FC0,0x0040,0x0440,0x0440,0x0400,0xFFE0,0x0000,0x4000,0x4000,0x4000,0x7FC0},{0x7FC0,0x0040,0x0440,0x0440,0x0400,0xFFE0,0x0000,0x47C0,0x4100,0x4280,0x7C40},{0x7FC0,0x0040,0x0440,0x0440,0x0400,0xFFE0,0x0100,0x47C0,0x4380,0x4440,0x7B80},{0x7FC0,0x0040,0x0440,0x0440,0x0400,0xFFE0,0x0000,0x7FC0,0x4000,0x4000,0x7FC0},
{0x7FC0,0x0040,0x0440,0x0440,0xFFE0,0x0000,0x7FC0,0x0040,0x7FC0,0x4000,0x7FC0},{0x7FC0,0x0040,0x0440,0x0440,0xFFE0,0x0000,0x7BC0,0x0840,0x7840,0x4040,0x7840},{0x7FC0,0x0040,0x0440,0x0440,0xFFE0,0x0000,0x7BC0,0x0A40,0x7A40,0x4240,0x7BC0},{0x7FC0,0x0040,0x0440,0x0440,0xFFE0,0x0000,0x7A40,0x0A40,0x7BC0,0x4240,0x7BC0},
{0x7FC0,0x0040,0x0440,0x0440,0xFFE0,0x0000,0x7900,0x0900,0x7900,0x4280,0x7C40},{0x7FC0,0x0040,0x0440,0x0440,0xFFE0,0x0000,0x7BC0,0x0A00,0x7BC0,0x4200,0x7BC0},{0x7FC0,0x0040,0x0440,0x0440,0xFFE0,0x0000,0x7FC0,0x0A80,0x7A80,0x4280,0x7FC0},{0x7FC0,0x0040,0x0440,0x0440,0xFFE0,0x0000,0x7900,0x0FC0,0x7B80,0x4440,0x7B80},
{0x7FC0,0x0040,0x0440,0x0440,0x0400,0xFFE0,0x0000,0x7FC0,0x4040,0x4040,0x7FC0},{0x7FC0,0x0040,0x0440,0x0440,0x0400,0xFFE0,0x0000,0x4040,0x7FC0,0x4040,0x7FC0},{0x7FC0,0x0040,0x0440,0x0440,0x0400,0xFFE0,0x0000,0x4900,0x7900,0x4A80,0x7C40},{0x7FC0,0x0040,0x0440,0x0440,0x0400,0xFFE0,0x0000,0x0400,0x0400,0x1B00,0x60C0},
{0x7FC0,0x0040,0x0440,0x0440,0x0400,0xFFE0,0x0000,0x1100,0x1100,0x2A80,0x4440},{0x7FC0,0x0040,0x0440,0x0440,0x0400,0xFFE0,0x0000,0x3F80,0x4040,0x4040,0x3F80},{0x7FC0,0x0040,0x0440,0x0440,0x0400,0xFFE0,0x0000,0x7FC0,0x0400,0x1B00,0x60C0},{0x7FC0,0x0040,0x0440,0x0440,0x0400,0xFFE0,0x0000,0x0400,0x7FC0,0x1B00,0x60C0},
{0x7FC0,0x0040,0x0440,0x0440,0x0400,0xFFE0,0x0000,0x7FC0,0x0040,0x7FC0,0x0040},{0x7FC0,0x0040,0x0440,0x0440,0xFFE0,0x0000,0x7FC0,0x4000,0x7FC0,0x4000,0x7FC0},{0x7FC0,0x0040,0x0440,0x0440,0x0400,0xFFE0,0x0000,0x7FC0,0x1100,0x1100,0x7FC0},{0x7FC0,0x0040,0x0440,0x0440,0x0400,0xFFE0,0x0400,0x7FC0,0x1F00,0x2080,0x1F00},
{0xFC40,0x0440,0x0440,0x0440,0x2440,0x2460,0x2040,0x2040,0xFF40,0x0040,0x0040},{0x7E40,0x0240,0x0260,0x1240,0x1040,0xFF40,0x0000,0x7FC0,0x0040,0x0040,0x0040},{0x7E40,0x0240,0x0260,0x1240,0x1040,0xFF40,0x0000,0x7FC0,0x0440,0x0440,0x0440},{0x7E40,0x0240,0x0260,0x1240,0x1040,0xFF40,0x0040,0x7900,0x0900,0x0A80,0x0C40},
{0x7E40,0x0240,0x0240,0x1260,0x1040,0xFF40,0x0040,0x4040,0x4000,0x4000,0x7FC0},{0x7E40,0x0240,0x0260,0x1240,0x1040,0xFF40,0x0000,0x47C0,0x4100,0x4280,0x7C40},{0x7E40,0x0240,0x0260,0x1240,0x1040,0xFF40,0x0100,0x47C0,0x4380,0x4440,0x7B80},{0x7E40,0x0240,0x0260,0x1240,0x1040,0xFF40,0x0000,0x7FC0,0x4000,0x4000,0x7FC0},
{0x7E40,0x0240,0x1260,0x1240,0xFF40,0x0000,0x7FC0,0x0040,0x7FC0,0x4000,0x7FC0},{0x7E40,0x0240,0x1260,0x1240,0xFF40,0x0000,0x7BC0,0x0840,0x7840,0x4040,0x7840},{0x7E40,0x0240,0x1260,0x1240,0xFF40,0x0000,0x7BC0,0x0A40,0x7A40,0x4240,0x7BC0},{0x7E40,0x0240,0x1260,0x1240,0xFF40,0x0000,0x7A40,0x0A40,0x7BC0,0x4240,0x7BC0},
{0x7E40,0x0240,0x1260,0x1240,0xFF40,0x0040,0x7900,0x0900,0x7900,0x4280,0x7C40},{0x7E40,0x0240,0x1260,0x1240,0xFF40,0x0000,0x7BC0,0x0A00,0x7BC0,0x4200,0x7BC0},{0x7E40,0x0240,0x1260,0x1240,0xFF40,0x0000,0x7FC0,0x0A80,0x7A80,0x4280,0x7FC0},{0x7E40,0x0240,0x1260,0x1240,0xFF40,0x0040,0x7900,0x0FC0,0x7B80,0x4440,0x7B80},
{0x7E40,0x0240,0x0260,0x1240,0x1040,0xFF40,0x0000,0x7FC0,0x4040,0x4040,0x7FC0},{0x7E40,0x0240,0x0260,0x1240,0x1040,0xFF40,0x0000,0x4040,0x7FC0,0x4040,0x7FC0},{0x7E40,0x0240,0x0260,0x1240,0x1040,0xFF40,0x0040,0x4900,0x7900,0x4A80,0x7C40},{0x7E40,0x0240,0x0260,0x1240,0x1040,0xFF40,0x0040,0x0440,0x0400,0x1B00,0x60C0},
{0x7E40,0x0240,0x0260,0x1240,0x1040,0xFF40,0x0040,0x1100,0x1100,0x2A80,0x4440},{0x7E40,0x0240,0x0260,0x1240,0x1040,0xFF40,0x0000,0x3F80,0x4040,0x4040,0x3F80},{0x7E40,0x0240,0x0260,0x1240,0x1040,0xFF40,0x0000,0x7FC0,0x0400,0x1B00,0x60C0},{0x7E40,0x0240,0x0260,0x1240,0x1040,0xFF40,0x0040,0x0400,0x7FC0,0x1B00,0x60C0},
{0x7E40,0x0240,0x0260,0x1240,0x1040,0xFF40,0x0000,0x7FC0,0x0040,0x7FC0,0x0040},{0x7E40,0x0240,0x1260,0x1240,0xFF40,0x0000,0x7FC0,0x4000,0x7FC0,0x4000,0x7FC0},{0x7E40,0x0240,0x0260,0x1240,0x1040,0xFF40,0x0000,0x7FC0,0x1100,0x1100,0x7FC0},{0x7E40,0x0240,0x0260,0x1240,0x1040,0xFF40,0x0400,0x7FC0,0x1F00,0x2080,0x1F00},
{0xFD40,0x0540,0x0540,0x0540,0x2540,0x25C0,0x2140,0x2140,0xFD40,0x0140,0x0140},{0xFD40,0x0540,0x05C0,0x2540,0x2140,0xFD40,0x0000,0x7FC0,0x0040,0x0040,0x0040},{0xFD40,0x0540,0x05C0,0x2540,0x2140,0xFD40,0x0000,0x7FC0,0x0440,0x0440,0x0440},{0xFD40,0x0540,0x05C0,0x2540,0x2140,0xFD40,0x0000,0x7900,0x0900,0x0A80,0x0C40},
{0xFD40,0x0540,0x0540,0x25C0,0x2140,0xFD40,0x0140,0x4140,0x4000,0x4000,0x7FC0},{0xFD40,0x0540,0x05C0,0x2540,0x2140,0xFD40,0x0000,0x47C0,0x4100,0x4280,0x7C40},{0xFD40,0x0540,0x05C0,0x2540,0x2140,0xFD40,0x0100,0x47C0,0x4380,0x4440,0x7B80},{0xFD40,0x0540,0x05C0,0x2540,0x2140,0xFD40,0x0000,0x7FC0,0x4000,0x4000,0x7FC0},
{0xFD40,0x0540,0x25C0,0x2140,0xFD40,0x0000,0x7FC0,0x0040,0x7FC0,0x4000,0x7FC0},{0xFD40,0x0540,0x25C0,0x2140,0xFD40,0x0000,0x7BC0,0x0840,0x7840,0x4040,0x7840},{0xFD40,0x0540,0x25C0,0x2140,0xFD40,0x0000,0x7BC0,0x0A40,0x7A40,0x4240,0x7BC0},{0xFD40,0x0540,0x25C0,0x2140,0xFD40,0x0000,0x7A40,0x0A40,0x7BC0,0x4240,0x7BC0},
{0xFD40,0x0540,0x25C0,0x2140,0xFD40,0x0000,0x7900,0x0900,0x7900,0x4280,0x7C40},{0xFD40,0x0540,0x25C0,0x2140,0xFD40,0x0000,0x7BC0,0x0A00,0x7BC0,0x4200,0x7BC0},{0xFD40,0x0540,0x25C0,0x2140,0xFD40,0x0000,0x7FC0,0x0A80,0x7A80,0x4280,0x7FC0},{0xFD40,0x0540,0x25C0,0x2140,0xFD40,0x0000,0x7900,0x0FC0,0x7B80,0x4440,0x7B80},
{0xFD40,0x0540,0x05C0,0x2540,0x2140,0xFD40,0x0000,0x7FC0,0x4040,0x4040,0x7FC0},{0xFD40,0x0540,0x05C0,0x2540,0x2140,0xFD40,0x0000,0x4040,0x7FC0,0x4040,0x7FC0},{0xFD40,0x0540,0x05C0,0x2540,0x2140,0xFD40,0x0000,0x4900,0x7900,0x4A80,0x7C40},{0xFD40,0x0540,0x0540,0x25C0,0x2140,0xFD40,0x0140,0x0540,0x0400,0x1B00,0x60C0},
{0xFD40,0x0540,0x05C0,0x2540,0x2140,0xFD40,0x0000,0x1100,0x1100,0x2A80,0x4440},{0xFD40,0x0540,0x05C0,0x2540,0x2140,0xFD40,0x0000,0x3F80,0x4040,0x4040,0x3F80},{0xFD40,0x0540,0x05C0,0x2540,0x2140,0xFD40,0x0000,0x7FC0,0x0400,0x1B00,0x60C0},{0xFD40,0x0540,0x05C0,0x2540,0x2140,0xFD40,0x0140,0x0400,0x7FC0,0x1B00,0x60C0},
{0xFD40,0x0540,0x05C0,0x2540,0x2140,0xFD40,0x0000,0x7FC0,0x0040,0x7FC0,0x0040},{0xFD40,0x0540,0x25C0,0x2140,0xFD40,0x0000,0x7FC0,0x4000,0x7FC0,0x4000,0x7FC0},{0xFD40,0x0540,0x05C0,0x2540,0x2140,0xFD40,0x0000,0x7FC0,0x1100,0x1100,0x7FC0},{0xFD40,0x0540,0x05C0,0x2540,0x2140,0xFD40,0x0400,0x7FC0,0x1F00,0x2080,0x1F00},
{0xFC40,0x0440,0x0440,0x0440,0x2440,0x2440,0x2040,0x2040,0xFF40,0x0040,0x0040},{0x7E40,0x0240,0x0240,0x1240,0x1040,0xFF40,0x0000,0x7FC0,0x0040,0x0040,0x0040},{0x7E40,0x0240,0x0240,0x1240,0x1040,0xFF40,0x0000,0x7FC0,0x0440,0x0440,0x0440},{0x7E40,0x0240,0x0240,0x1240,0x1040,0xFF40,0x0040,0x7900,0x0900,0x0A80,0x0C40},
{0x7E40,0x0240,0x0240,0x1240,0x1040,0xFF40,0x0040,0x4040,0x4000,0x4000,0x7FC0},{0x7E40,0x0240,0x0240,0x1240,0x1040,0xFF40,0x0000,0x47C0,0x4100,0x4280,0x7C40},{0x7E40,0x0240,0x0240,0x1240,0x1040,0xFF40,0x0100,0x47C0,0x4380,0x4440,0x7B80},{0x7E40,0x0240,0x0240,0x1240,0x1040,0xFF40,0x0000,0x7FC0,0x4000,0x4000,0x7FC0},
{0x7E40,0x0240,0x1240,0x1240,0xFF40,0x0000,0x7FC0,0x0040,0x7FC0,0x4000,0x7FC0},{0x7E40,0x0240,0x1240,0x1240,0xFF40,0x0000,0x7BC0,0x0840,0x7840,0x4040,0x7840},{0x7E40,0x0240,0x1240,0x1240,0xFF40,0x0000,0x7BC0,0x0A40,0x7A40,0x4240,0x7BC0},{0x7E40,0x0240,0x1240,0x1240,0xFF40,0x0000,0x7A40,0x0A40,0x7BC0,0x4240,0x7BC0},
{0x7E40,0x0240,0x1240,0x1240,0xFF40,0x0040,0x7900,0x0900,0x7900,0x4280,0x7C40},{0x7E40,0x0240,0x1240,0x1240,0xFF40,0x0000,0x7BC0,0x0A00,0x7BC0,0x4200,0x7BC0},{0x7E40,0x0240,0x1240,0x1240,0xFF40,0x0000,0x7FC0,0x0A80,0x7A80,0x4280,0x7FC0},{0x7E40,0x0240,0x1240,0x1240,0xFF40,0x0040,0x7900,0x0FC0,0x7B80,0x4440,0x7B80},
{0x7E40,0x0240,0x0240,0x1240,0x1040,0xFF40,0x0000,0x7FC0,0x4040,0x4040,0x7FC0},{0x7E40,0x0240,0x0240,0x1240,0x1040,0xFF40,0x0000,0x4040,0x7FC0,0x4040,0x7FC0},{0x7E40,0x0240,0x0240,0x1240,0x1040,0xFF40,0x0040,0x4900,0x7900,0x4A80,0x7C40},{0x7E40,0x0240,0x0240,0x1240,0x1040,0xFF40,0x0040,0x0440,0x0400,0x1B00,0x60C0},
{0x7E40,0x0240,0x0240,0x1240,0x1040,0xFF40,0x0040,0x1100,0x1100,0x2A80,0x4440},{0x7E40,0x0240,0x0240,0x1240,0x1040,0xFF40,0x0000,0x3F80,0x4040,0x4040,0x3F80},{0x7E40,0x0240,0x0240,0x1240,0x1040,0xFF40,0x0000,0x7FC0,0x0400,0x1B00,0x60C0},{0x7E40,0x0240,0x0240,0x1240,0x1040,0xFF40,0x0040,0x0400,0x7FC0,0x1B00,0x60C0},
{0x7E40,0x0240,0x0240,0x1240,0x1040,0xFF40,0x0000,0x7FC0,0x0040,0x7FC0,0x0040},{0x7E40,0x0240,0x1240,0x1240,0xFF40,0x0000,0x7FC0,0x4000,0x7FC0,0x4000,0x7FC0},{0x7E40,0x0240,0x0240,0x1240,0x1040,0xFF40,0x0000,0x7FC0,0x1100,0x1100,0x7FC0},{0x7E40,0x0240,0x0240,0x1240,0x1040,0xFF40,0x0400,0x7FC0,0x1F00,0x2080,0x1F00},
{0x7FC0,0x0040,0x0040,0x0040,0x0040,0x1240,0x1240,0x1280,0x1200,0xFFE0,0x0000},{0x7FC0,0x0040,0x1240,0x1240,0x1200,0xFFE0,0x0000,0x7FC0,0x0040,0x0040,0x0040},{0x7FC0,0x0040,0x1240,0x1240,0x1200,0xFFE0,0x0000,0x7FC0,0x0440,0x0440,0x0440},{0x7FC0,0x0040,0x1240,0x1240,0x1200,0xFFE0,0x0000,0x7900,0x0900,0x0A80,0x0C40},
{0x7FC0,0x0040,0x1240,0x1240,0x1200,0xFFE0,0x0000,0x4000,0x4000,0x4000,0x7FC0},{0x7FC0,0x0040,0x1240,0x1240,0x1200,0xFFE0,0x0000,0x47C0,0x4100,0x4280,0x7C40},{0x7FC0,0x0040,0x1240,0x1240,0x1200,0xFFE0,0x0100,0x47C0,0x4380,0x4440,0x7B80},{0x7FC0,0x0040,0x1240,0x1240,0x1200,0xFFE0,0x0000,0x7FC0,0x4000,0x4000,0x7FC0},
{0x7FC0,0x0040,0x1240,0x1240,0xFFE0,0x0000,0x7FC0,0x0040,0x7FC0,0x4000,0x7FC0},{0x7FC0,0x0040,0x1240,0x1240,0xFFE0,0x0000,0x7BC0,0x0840,0x7840,0x4040,0x7840},{0x7FC0,0x0040,0x1240,0x1240,0xFFE0,0x0000,0x7BC0,0x0A40,0x7A40,0x4240,0x7BC0},{0x7FC0,0x0040,0x1240,0x1240,0xFFE0,0x0000,0x7A40,0x0A40,0x7BC0,0x4240,0x7BC0},
{0x7FC0,0x0040,0x1240,0x1240,0xFFE0,0x0000,0x7900,0x0900,0x7900,0x4280,0x7C40},{0x7FC0,0x0040,0x1240,0x1240,0xFFE0,0x0000,0x7BC0,0x0A00,0x7BC0,0x4200,0x7BC0},{0x7FC0,0x0040,0x1240,0x1240,0xFFE0,0x0000,0x7FC0,0x0A80,0x7A80,0x4280,0x7FC0},{0x7FC0,0x0040,0x1240,0x1240,0xFFE0,0x0000,0x7900,0x0FC0,0x7B80,0x4440,0x7B80},
{0x7FC0,0x0040,0x1240,0x1240,0x1200,0xFFE0,0x0000,0x7FC0,0x4040,0x4040,0x7FC0},{0x7FC0,0x0040,0x1240,0x1240,0x1200,0xFFE0,0x0000,0x4040,0x7FC0,0x4040,0x7FC0},{0x7FC0,0x0040,0x1240,0x1240,0x1200,0xFFE0,0x0000,0x4900,0x7900,0x4A80,0x7C40},{0x7FC0,0x0040,0x1240,0x1240,0x1200,0xFFE0,0x0000,0x0400,0x0400,0x1B00,0x60C0},
{0x7FC0,0x0040,0x1240,0x1240,0x1200,0xFFE0,0x0000,0x1100,0x1100,0x2A80,0x4440},{0x7FC0,0x0040,0x1240,0x1240,0x1200,0xFFE0,0x0000,0x3F80,0x4040,0x4040,0x3F80},{0x7FC0,0x0040,0x1240,0x1240,0x1200,0xFFE0,0x0000,0x7FC0,0x0400,0x1B00,0x60C0},{0x7FC0,0x0040,0x1240,0x1240,0x1200,0xFFE0,0x0000,0x0400,0x7FC0,0x1B00,0x60C0},
{0x7FC0,0x0040,0x1240,0x1240,0x1200,0xFFE0,0x0000,0x7FC0,0x0040,0x7FC0,0x0040},{0x7FC0,0x0040,0x1240,0x1240,0xFFE0,0x0000,0x7FC0,0x4000,0x7FC0,0x4000,0x7FC0},{0x7FC0,0x0040,0x1240,0x1240,0x1200,0xFFE0,0x0000,0x7FC0,0x1100,0x1100,0x7FC0},{0x7FC0,0x0040,0x1240,0x1240,0x1200,0xFFE0,0x0400,0x7FC0,0x1F00,0x2080,0x1F00},
{0x7FC0,0x0040,0x0040,0x0040,0x0080,0xFFE0,0x0400,0x0400,0x0400,0x0400,0x0400},{0x7FC0,0x0040,0x0040,0x0040,0xFFE0,0x0400,0x0400,0x7FC0,0x0040,0x0040,0x0040},{0x7FC0,0x0040,0x0040,0x0040,0xFFE0,0x0400,0x0400,0x7FC0,0x0440,0x0440,0x0440},{0x7FC0,0x0040,0x0040,0x0040,0xFFE0,0x0400,0x0400,0x7900,0x0900,0x0A80,0x0C40},
{0x7FC0,0x0040,0x0040,0x0040,0xFFE0,0x0400,0x0400,0x4400,0x4000,0x4000,0x7FC0},{0x7FC0,0x0040,0x0040,0x0040,0xFFE0,0x0400,0x0400,0x47C0,0x4100,0x4280,0x7C40},{0x7FC0,0x0040,0x0040,0x0040,0xFFE0,0x0400,0x0500,0x47C0,0x4380,0x4440,0x7B80},{0x7FC0,0x0040,0x0040,0x0040,0xFFE0,0x0400,0x0400,0x7FC0,0x4000,0x4000,0x7FC0},
{0x7FC0,0x0040,0x0040,0x0040,0xFFE0,0x0400,0x7FC0,0x0040,0x7FC0,0x4000,0x7FC0},{0x7FC0,0x0040,0x0040,0x0040,0xFFE0,0x0400,0x7BC0,0x0840,0x7840,0x4040,0x7840},{0x7FC0,0x0040,0x0040,0x0040,0xFFE0,0x0400,0x7BC0,0x0A40,0x7A40,0x4240,0x7BC0},{0x7FC0,0x0040,0x0040,0x0040,0xFFE0,0x0400,0x7A40,0x0A40,0x7BC0,0x4240,0x7BC0},
{0x7FC0,0x0040,0x0040,0x0040,0xFFE0,0x0400,0x7900,0x0900,0x7900,0x4280,0x7C40},{0x7FC0,0x0040,0x0040,0x0040,0xFFE0,0x0400,0x7BC0,0x0A00,0x7BC0,0x4200,0x7BC0},{0x7FC0,0x0040,0x0040,0x0040,0xFFE0,0x0400,0x7FC0,0x0A80,0x7A80,0x4280,0x7FC0},{0x7FC0,0x0040,0x0040,0x0040,0xFFE0,0x0400,0x7900,0x0FC0,0x7B80,0x4440,0x7B80},
{0x7FC0,0x0040,0x0040,0x0040,0xFFE0,0x0400,0x0400,0x7FC0,0x4040,0x4040,0x7FC0},{0x7FC0,0x0040,0x0040,0x0040,0xFFE0,0x0400,0x0400,0x4040,0x7FC0,0x4040,0x7FC0},{0x7FC0,0x0040,0x0040,0x0040,0xFFE0,0x0400,0x0400,0x4900,0x7900,0x4A80,0x7C40},{0x7FC0,0x0040,0x0040,0x0040,0xFFE0,0x0400,0x0400,0x0000,0x0400,0x1B00,0x60C0},
{0x7FC0,0x0040,0x0040,0x0040,0xFFE0,0x0400,0x0400,0x1100,0x1100,0x2A80,0x4440},{0x7FC0,0x0040,0x0040,0x0040,0xFFE0,0x0400,0x0400,0x3F80,0x4040,0x4040,0x3F80},{0x7FC0,0x0040,0x0040,0x0040,0xFFE0,0x0400,0x0000,0x7FC0,0x0400,0x1B00,0x60C0},{0x7FC0,0x0040,0x0040,0x0040,0xFFE0,0x0400,0x0000,0x0400,0x7FC0,0x1B00,0x60C0},
{0x7FC0,0x0040,0x0040,0x0040,0xFFE0,0x0400,0x0400,0x7FC0,0x0040,0x7FC0,0x0040},{0x7FC0,0x0040,0x0040,0x0040,0xFFE0,0x0400,0x7FC0,0x4000,0x7FC0,0x4000,0x7FC0},{0x7FC0,0x0040,0x0040,0x0040,0xFFE0,0x0400,0x0400,0x7FC0,0x1100,0x1100,0x7FC0},{0x7FC0,0x0040,0x0040,0x0040,0xFFE0,0x0400,0x0400,0x7FC0,0x1F00,0x2080,0x1F00},
{0x7E40,0x0240,0x0240,0x0240,0x0040,0xFF40,0x1040,0x13C0,0x1040,0x1040,0x1040},{0x7E40,0x0240,0x0240,0x0240,0xFF40,0x11C0,0x1040,0x0000,0x7FC0,0x0040,0x0040},{0x7E40,0x0240,0x0240,0x0240,0xFF40,0x11C0,0x1040,0x0000,0x7FC0,0x0440,0x0440},{0x7E40,0x0240,0x0240,0x0240,0xFF40,0x11C0,0x1040,0x0000,0x7900,0x0A80,0x0C40},
{0x7E40,0x0240,0x0240,0x0240,0xFF40,0x0840,0x09C0,0x4840,0x4000,0x4000,0x7FC0},{0x7E40,0x0240,0x0240,0x0240,0xFF40,0x11C0,0x1040,0x47C0,0x4100,0x4280,0x7C40},{0x7E40,0x0240,0x0240,0x0240,0xFF40,0x11C0,0x1140,0x47C0,0x4380,0x4440,0x7B80},{0x7E40,0x0240,0x0240,0xFF40,0x11C0,0x1040,0x0000,0x7FC0,0x4000,0x4000,0x7FC0},
{0x7E40,0x0240,0x0240,0xFF40,0x11C0,0x1040,0x7FC0,0x0040,0x7FC0,0x4000,0x7FC0},{0x7E40,0x0240,0x0240,0xFF40,0x11C0,0x1040,0x7BC0,0x0840,0x7840,0x4040,0x7840},{0x7E40,0x0240,0x0240,0xFF40,0x11C0,0x1040,0x7BC0,0x0A40,0x7A40,0x4240,0x7BC0},{0x7E40,0x0240,0x0240,0xFF40,0x11C0,0x1040,0x7A40,0x0A40,0x7BC0,0x4240,0x7BC0},
{0x7E40,0x0240,0x0240,0xFF40,0x11C0,0x1040,0x7900,0x0900,0x7900,0x4280,0x7C40},{0x7E40,0x0240,0x0240,0xFF40,0x11C0,0x1040,0x7BC0,0x0A00,0x7BC0,0x4200,0x7BC0},{0x7E40,0x0240,0x0240,0xFF40,0x11C0,0x1040,0x7FC0,0x0A80,0x7A80,0x4280,0x7FC0},{0x7E40,0x0240,0x0240,0xFF40,0x11C0,0x1040,0x7900,0x0FC0,0x7B80,0x4440,0x7B80},
{0x7E40,0x0240,0x0240,0x0240,0xFF40,0x11C0,0x1040,0x7FC0,0x4040,0x4040,0x7FC0},{0x7E40,0x0240,0x0240,0x0240,0xFF40,0x11C0,0x1040,0x4040,0x7FC0,0x4040,0x7FC0},{0x7E40,0x0240,0x0240,0x0240,0xFF40,0x11C0,0x1040,0x4900,0x7900,0x4A80,0x7C40},{0x7E40,0x0240,0x0240,0x0240,0xFF40,0x1040,0x11C0,0x1440,0x0400,0x1B00,0x60C0},
{0x7E40,0x0240,0x0240,0x0240,0xFF40,0x11C0,0x1040,0x0000,0x1100,0x2A80,0x4440},{0x7E40,0x0240,0x0240,0x0240,0xFF40,0x11C0,0x1040,0x3F80,0x4040,0x4040,0x3F80},{0x7E40,0x0240,0x0240,0xFF40,0x11C0,0x1040,0x0000,0x7FC0,0x0400,0x1B00,0x60C0},{0x7E40,0x0240,0x0240,0xFF40,0x11C0,0x1040,0x0400,0x7FC0,0x0400,0x1B00,0x60C0},
{0x7E40,0x0240,0x0240,0xFF40,0x11C0,0x1040,0x0000,0x7FC0,0x0040,0x7FC0,0x0040},{0x7E40,0x0240,0x0240,0xFF40,0x11C0,0x1040,0x7FC0,0x4000,0x7FC0,0x4000,0x7FC0},{0x7E40,0x0240,0x0240,0xFF40,0x11C0,0x1040,0x0000,0x7FC0,0x1100,0x1100,0x7FC0},{0x7E40,0x0240,0x0240,0xFF40,0x11C0,0x1040,0x0400,0x7FC0,0x1F00,0x2080,0x1F00},
{0xF940,0x0940,0x0940,0x0940,0x0140,0xFD40,0x2140,0x2740,0x2140,0x2140,0x2140},{0xF940,0x0940,0x0940,0x0940,0xFD40,0x2740,0x2140,0x0000,0x7FC0,0x0040,0x0040},{0xF940,0x0940,0x0940,0x0940,0xFD40,0x2740,0x2140,0x0000,0x7FC0,0x0440,0x0440},{0xF940,0x0940,0x0940,0x0940,0xFD40,0x2740,0x2140,0x0000,0x7900,0x0A80,0x0C40},
{0xF940,0x0940,0x0940,0x0940,0xFD40,0x1140,0x1740,0x5140,0x4000,0x4000,0x7FC0},{0xF940,0x0940,0x0940,0x0940,0xFD40,0x2740,0x2140,0x47C0,0x4100,0x4280,0x7C40},{0xF940,0x0940,0x0940,0x0940,0xFD40,0x2740,0x2140,0x47C0,0x4380,0x4440,0x7B80},{0xF940,0x0940,0x0940,0xFD40,0x2740,0x2140,0x0000,0x7FC0,0x4000,0x4000,0x7FC0},
{0xF940,0x0940,0x0940,0xFD40,0x2740,0x2140,0x7FC0,0x0040,0x7FC0,0x4000,0x7FC0},{0xF940,0x0940,0x0940,0xFD40,0x2740,0x2140,0x7BC0,0x0840,0x7840,0x4040,0x7840},{0xF940,0x0940,0x0940,0xFD40,0x2740,0x2140,0x7BC0,0x0A40,0x7A40,0x4240,0x7BC0},{0xF940,0x0940,0x0940,0xFD40,0x2740,0x2140,0x7A40,0x0A40,0x7BC0,0x4240,0x7BC0},
{0xF940,0x0940,0x0940,0xFD40,0x2740,0x2140,0x7800,0x0900,0x7900,0x4280,0x7C40},{0xF940,0x0940,0x0940,0xFD40,0x2740,0x2140,0x7BC0,0x0A00,0x7BC0,0x4200,0x7BC0},{0xF940,0x0940,0x0940,0xFD40,0x2740,0x2140,0x7FC0,0x0A80,0x7A80,0x4280,0x7FC0},{0xF940,0x0940,0x0940,0xFD40,0x2740,0x2140,0x7900,0x0FC0,0x7B80,0x4440,0x7B80},
{0xF940,0x0940,0x0940,0xFD40,0x2740,0x2140,0x0000,0x7FC0,0x4040,0x4040,0x7FC0},{0xF940,0x0940,0x0940,0x0940,0xFD40,0x2740,0x2140,0x4040,0x7FC0,0x4040,0x7FC0},{0xF940,0x0940,0x0940,0xFD40,0x2740,0x2140,0x0000,0x4900,0x7900,0x4A80,0x7C40},{0xF940,0x0940,0x0940,0x0940,0xFD40,0x2740,0x2140,0x2540,0x0400,0x1B00,0x60C0},
{0xF940,0x0940,0x0940,0x0940,0xFD40,0x2740,0x2140,0x0000,0x1100,0x2A80,0x4440},{0xF940,0x0940,0x0940,0x0940,0xFD40,0x2740,0x2140,0x3F80,0x4040,0x4040,0x3F80},{0xF940,0x0940,0x0940,0xFD40,0x2740,0x2140,0x0000,0x7FC0,0x0400,0x1B00,0x60C0},{0xF940,0x0940,0x0940,0xFD40,0x2740,0x2140,0x0400,0x7FC0,0x0400,0x1B00,0x60C0},
{0xF940,0x0940,0x0940,0xFD40,0x2740,0x2140,0x0000,0x7FC0,0x0040,0x7FC0,0x0040},{0xF940,0x0940,0x0940,0xFD40,0x2740,0x2140,0x7FC0,0x4000,0x7FC0,0x4000,0x7FC0},{0xF940,0x0940,0x0940,0xFD40,0x2740,0x2140,0x0000,0x7FC0,0x1100,0x1100,0x7FC0},{0xF940,0x0940,0x0940,0xFD40,0x2740,0x2140,0x0400,0x7FC0,0x1F00,0x2080,0x1F00},
{0x7E40,0x0240,0x0240,0x0240,0x0040,0xFF40,0x0840,0x0840,0x0840,0x0840,0x0840},{0x7E40,0x0240,0x0240,0x0240,0xFF40,0x0840,0x0800,0x7FC0,0x0040,0x0040,0x0040},{0x7E40,0x0240,0x0240,0x0240,0xFF40,0x0840,0x0800,0x7FC0,0x0440,0x0440,0x0440},{0x7E40,0x0240,0x0240,0x0240,0xFF40,0x1040,0x1040,0x7900,0x0900,0x0A80,0x0C40},
{0x7E40,0x0240,0x0240,0x0240,0xFF40,0x0840,0x0840,0x4840,0x4000,0x4000,0x7FC0},{0x7E40,0x0240,0x0240,0x0240,0xFF40,0x1040,0x1000,0x47C0,0x4100,0x4280,0x7C40},{0x7E40,0x0240,0x0240,0x0240,0xFF40,0x1040,0x1100,0x47C0,0x4380,0x4440,0x7B80},{0x7E40,0x0240,0x0240,0x0240,0xFF40,0x0840,0x0800,0x7FC0,0x4000,0x4000,0x7FC0},
{0x7E40,0x0240,0x0240,0x0240,0xFF40,0x0800,0x7FC0,0x0040,0x7FC0,0x4000,0x7FC0},{0x7E40,0x0240,0x0240,0x0240,0xFF40,0x1000,0x7BC0,0x0840,0x7840,0x4040,0x7840},{0x7E40,0x0240,0x0240,0x0240,0xFF40,0x1000,0x7BC0,0x0A40,0x7A40,0x4240,0x7BC0},{0x7E40,0x0240,0x0240,0x0240,0xFF40,0x1000,0x7A40,0x0A40,0x7BC0,0x4240,0x7BC0},
{0x7E40,0x0240,0x0240,0x0240,0xFF40,0x1040,0x7900,0x0900,0x7900,0x4280,0x7C40},{0x7E40,0x0240,0x0240,0x0240,0xFF40,0x1000,0x7BC0,0x0A00,0x7BC0,0x4200,0x7BC0},{0x7E40,0x0240,0x0240,0x0240,0xFF40,0x1000,0x7FC0,0x0A80,0x7A80,0x4280,0x7FC0},{0x7E40,0x0240,0x0240,0x0240,0xFF40,0x1040,0x7900,0x0FC0,0x7B80,0x4440,0x7B80},
{0x7E40,0x0240,0x0240,0x0240,0xFF40,0x0840,0x0800,0x7FC0,0x4040,0x4040,0x7FC0},{0x7E40,0x0240,0x0240,0x0240,0xFF40,0x0840,0x0800,0x4040,0x7FC0,0x4040,0x7FC0},{0x7E40,0x0240,0x0240,0x0240,0xFF40,0x1040,0x1040,0x4900,0x7900,0x4A80,0x7C40},{0x7E40,0x0240,0x0240,0x0240,0xFF40,0x1040,0x1040,0x0400,0x0400,0x1B00,0x60C0},
{0x7E40,0x0240,0x0240,0x0240,0xFF40,0x0840,0x0840,0x1100,0x1100,0x2A80,0x4440},{0x7E40,0x0240,0x0240,0x0240,0xFF40,0x0840,0x0800,0x3F80,0x4040,0x4040,0x3F80},{0x7E40,0x0240,0x0240,0x0240,0xFF40,0x0840,0x0800,0x7FC0,0x0400,0x1B00,0x60C0},{0x7E40,0x0240,0x0240,0x0240,0xFF40,0x1040,0x1400,0x7FC0,0x0400,0x1B00,0x60C0},
{0x7E40,0x0240,0x0240,0x0240,0xFF40,0x0840,0x0800,0x7FC0,0x0040,0x7FC0,0x0040},{0x7E40,0x0240,0x0240,0x0240,0xFF40,0x0800,0x7FC0,0x4000,0x7FC0,0x4000,0x7FC0},{0x7E40,0x0240,0x0240,0x0240,0xFF40,0x0840,0x0800,0x7FC0,0x1100,0x1100,0x7FC0},{0x7E40,0x0240,0x0240,0x0240,0xFF40,0x1040,0x1400,0x7FC0,0x1F00,0x2080,0x1F00},
{0x7FC0,0x0040,0x0040,0x0040,0x0040,0xFFE0,0x1100,0x1100,0x1100,0x1100,0x1100},{0x7FC0,0x0040,0x0040,0x0040,0xFFE0,0x1100,0x1100,0x7FC0,0x0040,0x0040,0x0040},{0x7FC0,0x0040,0x0040,0x0040,0xFFE0,0x1100,0x1100,0x7FC0,0x0440,0x0440,0x0440},{0x7FC0,0x0040,0x0040,0x0040,0xFFE0,0x1100,0x1100,0x7800,0x0900,0x0A80,0x0C40},
{0x7FC0,0x0040,0x0040,0x0040,0xFFE0,0x1100,0x1100,0x5100,0x4000,0x4000,0x7FC0},{0x7FC0,0x0040,0x0040,0x0040,0xFFE0,0x1100,0x1100,0x57C0,0x4100,0x4280,0x7C40},{0x7FC0,0x0040,0x0040,0x0040,0xFFE0,0x1100,0x1100,0x57C0,0x4380,0x4440,0x7B80},{0x7FC0,0x0040,0x0040,0x0040,0xFFE0,0x1100,0x1100,0x7FC0,0x4000,0x4000,0x7FC0},
{0x7FC0,0x0040,0x0040,0x0040,0xFFE0,0x1100,0x7FC0,0x0040,0x7FC0,0x4000,0x7FC0},{0x7FC0,0x0040,0x0040,0x0040,0xFFE0,0x1100,0x7BC0,0x0840,0x7840,0x4040,0x7840},{0x7FC0,0x0040,0x0040,0x0040,0xFFE0,0x1100,0x7BC0,0x0A40,0x7A40,0x4240,0x7BC0},{0x7FC0,0x0040,0x0040,0x0040,0xFFE0,0x1100,0x7A40,0x0A40,0x7BC0,0x4240,0x7BC0},
{0x7FC0,0x0040,0x0040,0x0040,0xFFE0,0x1100,0x7800,0x0900,0x7900,0x4280,0x7C40},{0x7FC0,0x0040,0x0040,0x0040,0xFFE0,0x1100,0x7BC0,0x0A00,0x7BC0,0x4200,0x7BC0},{0x7FC0,0x0040,0x0040,0x0040,0xFFE0,0x1100,0x7FC0,0x0A80,0x7A80,0x4280,0x7FC0},{0x7FC0,0x0040,0x0040,0x0040,0xFFE0,0x1100,0x7900,0x0FC0,0x7B80,0x4440,0x7B80},
{0x7FC0,0x0040,0x0040,0x0040,0xFFE0,0x1100,0x1100,0x7FC0,0x4040,0x4040,0x7FC0},{0x7FC0,0x0040,0x0040,0x0040,0xFFE0,0x1100,0x1100,0x4040,0x7FC0,0x4040,0x7FC0},{0x7FC0,0x0040,0x0040,0x0040,0xFFE0,0x1100,0x1100,0x4800,0x7900,0x4A80,0x7C40},{0x7FC0,0x0040,0x0040,0x0040,0xFFE0,0x1100,0x1100,0x0400,0x0400,0x1B00,0x60C0},
{0x7FC0,0x0040,0x0040,0x0040,0xFFE0,0x1100,0x1100,0x0000,0x1100,0x2A80,0x4440},{0x7FC0,0x0040,0x0040,0x0040,0xFFE0,0x1100,0x1100,0x3F80,0x4040,0x4040,0x3F80},{0x7FC0,0x0040,0x0040,0x0040,0xFFE0,0x1100,0x1100,0x7FC0,0x0400,0x1B00,0x60C0},{0x7FC0,0x0040,0x0040,0x0040,0xFFE0,0x1100,0x1500,0x7FC0,0x0400,0x1B00,0x60C0},
{0x7FC0,0x0040,0x0040,0x0040,0xFFE0,0x1100,0x1100,0x7FC0,0x0040,0x7FC0,0x0040},{0x7FC0,0x0040,0x0040,0x0040,0xFFE0,0x1100,0x7FC0,0x4000,0x7FC0,0x4000,0x7FC0},{0x7FC0,0x0040,0x0040,0x0040,0xFFE0,0x1100,0x1100,0x7FC0,0x1100,0x1100,0x7FC0},{0x7FC0,0x0040,0x0040,0x0040,0xFFE0,0x1100,0x1500,0x7FC0,0x1F00,0x2080,0x1F00},
{0x7FC0,0x0040,0x0040,0x0040,0x0040,0x0040,0x0080,0x0080,0x0000,0xFFE0,0x0000},{0x7FC0,0x0040,0x0040,0x0040,0x0000,0xFFE0,0x0000,0x7FC0,0x0040,0x0040,0x0040},{0x7FC0,0x0040,0x0040,0x0040,0x0000,0xFFE0,0x0000,0x7FC0,0x0440,0x0440,0x0440},{0x7FC0,0x0040,0x0040,0x0040,0x0000,0xFFE0,0x0000,0x7900,0x0900,0x0A80,0x0C40},
{0x7FC0,0x0040,0x0040,0x0040,0x0000,0xFFE0,0x0000,0x4000,0x4000,0x4000,0x7FC0},{0x7FC0,0x0040,0x0040,0x0040,0x0000,0xFFE0,0x0000,0x47C0,0x4100,0x4280,0x7C40},{0x7FC0,0x0040,0x0040,0x0040,0x0000,0xFFE0,0x0100,0x47C0,0x4380,0x4440,0x7B80},{0x7FC0,0x0040,0x0040,0x0040,0x0000,0xFFE0,0x0000,0x7FC0,0x4000,0x4000,0x7FC0},
{0x7FC0,0x0040,0x0040,0x0040,0xFFE0,0x0000,0x7FC0,0x0040,0x7FC0,0x4000,0x7FC0},{0x7FC0,0x0040,0x0040,0x0040,0xFFE0,0x0000,0x7BC0,0x0840,0x7840,0x4040,0x7840},{0x7FC0,0x0040,0x0040,0x0040,0xFFE0,0x0000,0x7BC0,0x0A40,0x7A40,0x4240,0x7BC0},{0x7FC0,0x0040,0x0040,0x0040,0xFFE0,0x0000,0x7A40,0x0A40,0x7BC0,0x4240,0x7BC0},
{0x7FC0,0x0040,0x0040,0x0040,0xFFE0,0x0000,0x7900,0x0900,0x7900,0x4280,0x7C40},{0x7FC0,0x0040,0x0040,0x0040,0xFFE0,0x0000,0x7BC0,0x0A00,0x7BC0,0x4200,0x7BC0},{0x7FC0,0x0040,0x0040,0x0040,0xFFE0,0x0000,0x7FC0,0x0A80,0x7A80,0x4280,0x7FC0},{0x7FC0,0x0040,0x0040,0x0040,0xFFE0,0x0000,0x7900,0x0FC0,0x7B80,0x4440,0x7B80},
{0x7FC0,0x0040,0x0040,0x0040,0x0000,0xFFE0,0x0000,0x7FC0,0x4040,0x4040,0x7FC0},{0x7FC0,0x0040,0x0040,0x0040,0x0000,0xFFE0,0x0000,0x4040,0x7FC0,0x4040,0x7FC0},{0x7FC0,0x0040,0x0040,0x0040,0x0000,0xFFE0,0x0000,0x4900,0x7900,0x4A80,0x7C40},{0x7FC0,0x0040,0x0040,0x0040,0x0000,0xFFE0,0x0000,0x0400,0x0400,0x1B00,0x60C0},
{0x7FC0,0x0040,0x0040,0x0040,0x0000,0xFFE0,0x0000,0x1100,0x1100,0x2A80,0x4440},{0x7FC0,0x0040,0x0040,0x0040,0x0000,0xFFE0,0x0000,0x3F80,0x4040,0x4040,0x3F80},{0x7FC0,0x0040,0x0040,0x0040,0x0000,0xFFE0,0x0000,0x7FC0,0x0400,0x1B00,0x60C0},{0x7FC0,0x0040,0x0040,0x0040,0x0000,0xFFE0,0x0000,0x0400,0x7FC0,0x1B00,0x60C0},
{0x7FC0,0x0040,0x0040,0x0040,0x0000,0xFFE0,0x0000,0x7FC0,0x0040,0x7FC0,0x0040},{0x7FC0,0x0040,0x0040,0x0040,0xFFE0,0x0000,0x7FC0,0x4000,0x7FC0,0x4000,0x7FC0},{0x7FC0,0x0040,0x0040,0x0040,0x0000,0xFFE0,0x0000,0x7FC0,0x1100,0x1100,0x7FC0},{0x7FC0,0x0040,0x0040,0x0040,0x0000,0xFFE0,0x0400,0x7FC0,0x1F00,0x2080,0x1F00},
{0xFE40,0x0240,0x0240,0x0240,0x0240,0x0240,0x0240,0x0040,0xFF40,0x0040,0x0040},{0x7E40,0x0240,0x0240,0x0240,0x0040,0xFF40,0x0000,0x7FC0,0x0040,0x0040,0x0040},{0x7E40,0x0240,0x0240,0x0240,0x0040,0xFF40,0x0000,0x7FC0,0x0440,0x0440,0x0440},{0x7E40,0x0240,0x0240,0x0240,0x0040,0xFF40,0x0040,0x7900,0x0900,0x0A80,0x0C40},
{0x7E40,0x0240,0x0240,0x0240,0x0040,0xFF40,0x0040,0x4040,0x4000,0x4000,0x7FC0},{0x7E40,0x0240,0x0240,0x0240,0x0040,0xFF40,0x0000,0x47C0,0x4100,0x4280,0x7C40},{0x7E40,0x0240,0x0240,0x0240,0x0040,0xFF40,0x0100,0x47C0,0x4380,0x4440,0x7B80},{0x7E40,0x0240,0x0240,0x0240,0x0040,0xFF40,0x0000,0x7FC0,0x4000,0x4000,0x7FC0},
{0x7E40,0x0240,0x0240,0x0240,0xFF40,0x0000,0x7FC0,0x0040,0x7FC0,0x4000,0x7FC0},{0x7E40,0x0240,0x0240,0x0240,0xFF40,0x0000,0x7BC0,0x0840,0x7840,0x4040,0x7840},{0x7E40,0x0240,0x0240,0x0240,0xFF40,0x0000,0x7BC0,0x0A40,0x7A40,0x4240,0x7BC0},{0x7E40,0x0240,0x0240,0x0240,0xFF40,0x0000,0x7A40,0x0A40,0x7BC0,0x4240,0x7BC0},
{0x7E40,0x0240,0x0240,0x0240,0xFF40,0x0040,0x7900,0x0900,0x7900,0x4280,0x7C40},{0x7E40,0x0240,0x0240,0x0240,0xFF40,0x0000,0x7BC0,0x0A00,0x7BC0,0x4200,0x7BC0},{0x7E40,0x0240,0x0240,0x0240,0xFF40,0x0000,0x7FC0,0x0A80,0x7A80,0x4280,0x7FC0},{0x7E40,0x0240,0x0240,0x0240,0xFF40,0x0040,0x7900,0x0FC0,0x7B80,0x4440,0x7B80},
{0x7E40,0x0240,0x0240,0x0240,0x0040,0xFF40,0x0000,0x7FC0,0x4040,0x4040,0x7FC0},{0x7E40,0x0240,0x0240,0x0240,0x0040,0xFF40,0x0000,0x4040,0x7FC0,0x4040,0x7FC0},{0x7E40,0x0240,0x0240,0x0240,0x0040,0xFF40,0x0040,0x4900,0x7900,0x4A80,0x7C40},{0x7E40,0x0240,0x0240,0x0240,0x0040,0xFF40,0x0040,0x0440,0x0400,0x1B00,0x60C0},
{0x7E40,0x0240,0x0240,0x0240,0x0040,0xFF40,0x0040,0x1100,0x1100,0x2A80,0x4440},{0x7E40,0x0240,0x0240,0x0240,0x0040,0xFF40,0x0000,0x3F80,0x4040,0x4040,0x3F80},{0x7E40,0x0240,0x0240,0x0240,0x0040,0xFF40,0x0000,0x7FC0,0x0400,0x1B00,0x60C0},{0x7E40,0x0240,0x0240,0x0240,0x0040,0xFF40,0x0040,0x0400,0x7FC0,0x1B00,0x60C0},
{0x7E40,0x0240,0x0240,0x0240,0x0040,0xFF40,0x0000,0x7FC0,0x0040,0x7FC0,0x0040},{0x7E40,0x0240,0x0240,0x0240,0xFF40,0x0000,0x7FC0,0x4000,0x7FC0,0x4000,0x7FC0},{0x7E40,0x0240,0x0240,0x0240,0x0040,0xFF40,0x0000,0x7FC0,0x1100,0x1100,0x7FC0},{0x7E40,0x0240,0x0240,0x0240,0x0040,0xFF40,0x0400,0x7FC0,0x1F00,0x2080,0x1F00},
{0xFC40,0x0440,0x0440,0x0440,0x0440,0x0840,0x0840,0x1040,0x2040,0xC040,0x0040},{0xFC40,0x0440,0x0440,0x0840,0x1040,0xE040,0x0000,0x7FC0,0x0040,0x0040,0x0040},{0xFC40,0x0440,0x0440,0x0840,0x1040,0xE040,0x0000,0x7FC0,0x0440,0x0440,0x0440},{0xFC40,0x0440,0x0440,0x0840,0x1040,0xE040,0x0040,0x7900,0x0900,0x0A80,0x0C40},
{0xFC40,0x0440,0x0440,0x0840,0x1040,0xE040,0x0040,0x4040,0x4000,0x4000,0x7FC0},{0xFC40,0x0440,0x0440,0x0840,0x1040,0xE040,0x0000,0x47C0,0x4100,0x4280,0x7C40},{0xFC40,0x0440,0x0440,0x0840,0x1040,0xE040,0x0100,0x47C0,0x4380,0x4440,0x7B80},{0xFC40,0x0440,0x0440,0x0840,0x1040,0xE040,0x0000,0x7FC0,0x4000,0x4000,0x7FC0},
{0xFC40,0x0440,0x0440,0x0840,0xF040,0x0000,0x7FC0,0x0040,0x7FC0,0x4000,0x7FC0},{0xFC40,0x0440,0x0440,0x0840,0xF040,0x0000,0x7BC0,0x0840,0x7840,0x4040,0x7840},{0xFC40,0x0440,0x0440,0x0840,0xF040,0x0000,0x7BC0,0x0A40,0x7A40,0x4240,0x7BC0},{0xFC40,0x0440,0x0440,0x0840,0xF040,0x0000,0x7A40,0x0A40,0x7BC0,0x4240,0x7BC0},
{0xFC40,0x0440,0x0440,0x0840,0xF040,0x0040,0x7900,0x0900,0x7900,0x4280,0x7C40},{0xFC40,0x0440,0x0440,0x0840,0xF040,0x0000,0x7BC0,0x0A00,0x7BC0,0x4200,0x7BC0},{0xFC40,0x0440,0x0440,0x0840,0xF040,0x0000,0x7FC0,0x0A80,0x7A80,0x4280,0x7FC0},{0xFC40,0x0440,0x0440,0x0840,0xF040,0x0040,0x7900,0x0FC0,0x7B80,0x4440,0x7B80},
{0xFC40,0x0440,0x0440,0x0840,0x1040,0xE040,0x0000,0x7FC0,0x4040,0x4040,0x7FC0},{0xFC40,0x0440,0x0440,0x0840,0x1040,0xE040,0x0000,0x4040,0x7FC0,0x4040,0x7FC0},{0xFC40,0x0440,0x0440,0x0840,0x1040,0xE040,0x0040,0x4900,0x7900,0x4A80,0x7C40},{0xFC40,0x0440,0x0440,0x0840,0x1040,0xE040,0x0040,0x0440,0x0400,0x1B00,0x60C0},
{0xFC40,0x0440,0x0440,0x0840,0x1040,0xE040,0x0040,0x1100,0x1100,0x2A80,0x4440},{0xFC40,0x0440,0x0440,0x0840,0x1040,0xE040,0x0000,0x3F80,0x4040,0x4040,0x3F80},{0xFC40,0x0440,0x0440,0x0840,0x1040,0xE040,0x0000,0x7FC0,0x0400,0x1B00,0x60C0},{0xFC40,0x0440,0x0440,0x0840,0x1040,0xE040,0x0400,0x7FC0,0x0400,0x1B00,0x60C0},
{0xFC40,0x0440,0x0440,0x0840,0x1040,0xE040,0x0000,0x7FC0,0x0040,0x7FC0,0x0040},{0xFC40,0x0440,0x0440,0x0840,0xF040,0x0000,0x7FC0,0x4000,0x7FC0,0x4000,0x7FC0},{0xFC40,0x0440,0x0440,0x0840,0x1040,0xE040,0x0000,0x7FC0,0x1100,0x1100,0x7FC0},{0xFC40,0x0440,0x0440,0x0840,0x1040,0xE040,0x0400,0x7FC0,0x1F00,0x2080,0x1F00},
{0xFE40,0x2240,0x2240,0x2240,0x2240,0x2260,0x4440,0x4440,0x4440,0x8840,0x0040},{0xFE40,0x2240,0x2260,0x4440,0x4440,0x8840,0x0000,0x7FC0,0x0040,0x0040,0x0040},{0xFE40,0x2240,0x2260,0x4440,0x4440,0x8840,0x0000,0x7FC0,0x0440,0x0440,0x0440},{0xFE40,0x2240,0x2260,0x4440,0x4440,0x8840,0x0040,0x7900,0x0900,0x0A80,0x0C40},
{0xFE40,0x2240,0x2240,0x4460,0x4440,0x8840,0x0040,0x4040,0x4000,0x4000,0x7FC0},{0xFE40,0x2240,0x2260,0x4440,0x4440,0x8840,0x0000,0x47C0,0x4100,0x4280,0x7C40},{0xFE40,0x2240,0x2260,0x4440,0x4440,0x8840,0x0100,0x47C0,0x4380,0x4440,0x7B80},{0xFE40,0x2240,0x2260,0x4440,0x4440,0x8840,0x0000,0x7FC0,0x4000,0x4000,0x7FC0},
{0xFE40,0x2240,0x2260,0x4440,0x8840,0x0000,0x7FC0,0x0040,0x7FC0,0x4000,0x7FC0},{0xFE40,0x2240,0x2260,0x4440,0x8840,0x0000,0x7BC0,0x0840,0x7840,0x4040,0x7840},{0xFE40,0x2240,0x2260,0x4440,0x8840,0x0000,0x7BC0,0x0A40,0x7A40,0x4240,0x7BC0},{0xFE40,0x2240,0x2260,0x4440,0x8840,0x0000,0x7A40,0x0A40,0x7BC0,0x4240,0x7BC0},
{0xFE40,0x2240,0x2260,0x4440,0x8840,0x0040,0x7900,0x0900,0x7900,0x4280,0x7C40},{0xFE40,0x2240,0x2260,0x4440,0x8840,0x0000,0x7BC0,0x0A00,0x7BC0,0x4200,0x7BC0},{0xFE40,0x2240,0x2260,0x4440,0x8840,0x0000,0x7FC0,0x0A80,0x7A80,0x4280,0x7FC0},{0xFE40,0x2240,0x2260,0x4440,0x8840,0x0040,0x7900,0x0FC0,0x7B80,0x4440,0x7B80},
{0xFE40,0x2240,0x2260,0x4440,0x4440,0x8840,0x0000,0x7FC0,0x4040,0x4040,0x7FC0},{0xFE40,0x2240,0x2260,0x4440,0x4440,0x8840,0x0000,0x4040,0x7FC0,0x4040,0x7FC0},{0xFE40,0x2240,0x2260,0x4440,0x4440,0x8840,0x0040,0x4900,0x7900,0x4A80,0x7C40},{0xFE40,0x2240,0x2240,0x4460,0x4440,0x8840,0x0040,0x0440,0x0400,0x1B00,0x60C0},
{0xFE40,0x2240,0x2260,0x4440,0x4440,0x8840,0x0040,0x1100,0x1100,0x2A80,0x4440},{0xFE40,0x2240,0x2260,0x4440,0x4440,0x8840,0x0000,0x3F80,0x4040,0x4040,0x3F80},{0xFE40,0x2240,0x2260,0x4440,0x4440,0x8840,0x0000,0x7FC0,0x0400,0x1B00,0x60C0},{0xFE40,0x2240,0x2260,0x4440,0x4440,0x8840,0x0040,0x0400,0x7FC0,0x1B00,0x60C0},
{0xFE40,0x2240,0x2260,0x4440,0x4440,0x8840,0x0000,0x7FC0,0x0040,0x7FC0,0x0040},{0xFE40,0x2240,0x2260,0x4440,0x8840,0x0000,0x7FC0,0x4000,0x7FC0,0x4000,0x7FC0},{0xFE40,0x2240,0x2260,0x4440,0x4440,0x8840,0x0000,0x7FC0,0x1100,0x1100,0x7FC0},{0xFE40,0x2240,0x2260,0x4440,0x4440,0x8840,0x0400,0x7FC0,0x1F00,0x2080,0x1F00},
{0xFD40,0x2540,0x2540,0x2540,0x2540,0x25C0,0x4940,0x4940,0x4940,0x9140,0x0140},{0xFD40,0x2540,0x25C0,0x4940,0x4940,0x9140,0x0000,0x7FC0,0x0040,0x0040,0x0040},{0xFD40,0x2540,0x25C0,0x4940,0x4940,0x9140,0x0000,0x7FC0,0x0440,0x0440,0x0440},{0xFD40,0x2540,0x25C0,0x4940,0x4940,0x9140,0x0000,0x7900,0x0900,0x0A80,0x0C40},
{0xFD40,0x2540,0x2540,0x49C0,0x4940,0x9140,0x0140,0x4140,0x4000,0x4000,0x7FC0},{0xFD40,0x2540,0x25C0,0x4940,0x4940,0x9140,0x0000,0x47C0,0x4100,0x4280,0x7C40},{0xFD40,0x2540,0x25C0,0x4940,0x4940,0x9140,0x0100,0x47C0,0x4380,0x4440,0x7B80},{0xFD40,0x2540,0x25C0,0x4940,0x4940,0x9140,0x0000,0x7FC0,0x4000,0x4000,0x7FC0},
{0xFD40,0x2540,0x25C0,0x4940,0x9140,0x0000,0x7FC0,0x0040,0x7FC0,0x4000,0x7FC0},{0xFD40,0x2540,0x25C0,0x4940,0x9140,0x0000,0x7BC0,0x0840,0x7840,0x4040,0x7840},{0xFD40,0x2540,0x25C0,0x4940,0x9140,0x0000,0x7BC0,0x0A40,0x7A40,0x4240,0x7BC0},{0xFD40,0x2540,0x25C0,0x4940,0x9140,0x0000,0x7A40,0x0A40,0x7BC0,0x4240,0x7BC0},
{0xFD40,0x2540,0x25C0,0x4940,0x9140,0x0000,0x7900,0x0900,0x7900,0x4280,0x7C40},{0xFD40,0x2540,0x25C0,0x4940,0x9140,0x0000,0x7BC0,0x0A00,0x7BC0,0x4200,0x7BC0},{0xFD40,0x2540,0x25C0,0x4940,0x9140,0x0000,0x7FC0,0x0A80,0x7A80,0x4280,0x7FC0},{0xFD40,0x2540,0x25C0,0x4940,0x9140,0x0000,0x7900,0x0FC0,0x7B80,0x4440,0x7B80},
{0xFD40,0x2540,0x25C0,0x4940,0x4940,0x9140,0x0000,0x7FC0,0x4040,0x4040,0x7FC0},{0xFD40,0x2540,0x25C0,0x4940,0x4940,0x9140,0x0000,0x4040,0x7FC0,0x4040,0x7FC0},{0xFD40,0x2540,0x25C0,0x4940,0x4940,0x9140,0x0000,0x4900,0x7900,0x4A80,0x7C40},{0xFD40,0x2540,0x2540,0x49C0,0x4940,0x9140,0x0140,0x0540,0x0400,0x1B00,0x60C0},
{0xFD40,0x2540,0x25C0,0x4940,0x4940,0x9140,0x0000,0x1100,0x1100,0x2A80,0x4440},{0xFD40,0x2540,0x25C0,0x4940,0x4940,0x9140,0x0000,0x3F80,0x4040,0x4040,0x3F80},{0xFD40,0x2540,0x25C0,0x4940,0x4940,0x9140,0x0000,0x7FC0,0x0400,0x1B00,0x60C0},{0xFD40,0x2540,0x25C0,0x4940,0x4940,0x9140,0x0400,0x7FC0,0x0400,0x1B00,0x60C0},
{0xFD40,0x2540,0x25C0,0x4940,0x4940,0x9140,0x0000,0x7FC0,0x0040,0x7FC0,0x0040},{0xFD40,0x2540,0x25C0,0x4940,0x4940,0x9140,0x7FC0,0x4000,0x7FC0,0x4000,0x7FC0},{0xFD40,0x2540,0x25C0,0x4940,0x4940,0x9140,0x0000,0x7FC0,0x1100,0x1100,0x7FC0},{0xFD40,0x2540,0x25C0,0x4940,0x4940,0x9140,0x0400,0x7FC0,0x1F00,0x2080,0x1F00},
{0xFE40,0x2240,0x2240,0x2260,0x2240,0x2240,0x4440,0x4460,0x4440,0x8840,0x0040},{0xFE40,0x2260,0x2240,0x4460,0x4440,0x8840,0x0000,0x7FC0,0x0040,0x0040,0x0040},{0xFE40,0x2260,0x2240,0x4460,0x4440,0x8840,0x0000,0x7FC0,0x0440,0x0440,0x0440},{0xFE40,0x2260,0x2240,0x4460,0x4440,0x8840,0x0040,0x7900,0x0900,0x0A80,0x0C40},
{0xFE40,0x2240,0x2260,0x4440,0x4460,0x8840,0x0040,0x4040,0x4000,0x4000,0x7FC0},{0xFE40,0x2260,0x2240,0x4460,0x4440,0x8840,0x0000,0x47C0,0x4100,0x4280,0x7C40},{0xFE40,0x2260,0x2240,0x4460,0x4440,0x8840,0x0100,0x47C0,0x4380,0x4440,0x7B80},{0xFE40,0x2260,0x2240,0x4460,0x4440,0x8840,0x0000,0x7FC0,0x4000,0x4000,0x7FC0},
{0xFE40,0x2260,0x2240,0x4460,0x8840,0x0000,0x7FC0,0x0040,0x7FC0,0x4000,0x7FC0},{0xFE40,0x2260,0x2240,0x4460,0x8840,0x0000,0x7BC0,0x0840,0x7840,0x4040,0x7840},{0xFE40,0x2260,0x2240,0x4460,0x8840,0x0000,0x7BC0,0x0A40,0x7A40,0x4240,0x7BC0},{0xFE40,0x2260,0x2240,0x4460,0x8840,0x0000,0x7A40,0x0A40,0x7BC0,0x4240,0x7BC0},
{0xFE40,0x2260,0x2240,0x4460,0x8840,0x0040,0x7900,0x0900,0x7900,0x4280,0x7C40},{0xFE40,0x2260,0x2240,0x4460,0x8840,0x0000,0x7BC0,0x0A00,0x7BC0,0x4200,0x7BC0},{0xFE40,0x2260,0x2240,0x4460,0x8840,0x0000,0x7FC0,0x0A80,0x7A80,0x4280,0x7FC0},{0xFE40,0x2260,0x2240,0x4460,0x8840,0x0040,0x7900,0x0FC0,0x7B80,0x4440,0x7B80},
{0xFE40,0x2260,0x2240,0x4460,0x4440,0x8840,0x0000,0x7FC0,0x4040,0x4040,0x7FC0},{0xFE40,0x2260,0x2240,0x4460,0x4440,0x8840,0x0000,0x4040,0x7FC0,0x4040,0x7FC0},{0xFE40,0x2260,0x2240,0x4460,0x4440,0x8840,0x0040,0x4900,0x7900,0x4A80,0x7C40},{0xFE40,0x2240,0x2260,0x4440,0x4460,0x8840,0x0040,0x0440,0x0400,0x1B00,0x60C0},
{0xFE40,0x2260,0x2240,0x4460,0x4440,0x8840,0x0040,0x1100,0x1100,0x2A80,0x4440},{0xFE40,0x2260,0x2240,0x4460,0x4440,0x8840,0x0000,0x3F80,0x4040,0x4040,0x3F80},{0xFE40,0x2260,0x2240,0x4460,0x4440,0x8840,0x0000,0x7FC0,0x0400,0x1B00,0x60C0},{0xFE40,0x2260,0x2240,0x4460,0x4440,0x8840,0x0040,0x0400,0x7FC0,0x1B00,0x60C0},
{0xFE40,0x2260,0x2240,0x4460,0x4440,0x8840,0x0000,0x7FC0,0x0040,0x7FC0,0x0040},{0xFE40,0x2260,0x2240,0x4460,0x8840,0x0000,0x7FC0,0x4000,0x7FC0,0x4000,0x7FC0},{0xFE40,0x2260,0x2240,0x4460,0x4440,0x8840,0x0000,0x7FC0,0x1100,0x1100,0x7FC0},{0xFE40,0x2260,0x2240,0x4460,0x4440,0x8840,0x0400,0x7FC0,0x1F00,0x2080,0x1F00},
{0xFD40,0x2540,0x2540,0x25C0,0x2540,0x2540,0x4940,0x49C0,0x4940,0x9140,0x0140},{0xFD40,0x25C0,0x2540,0x49C0,0x4940,0x9140,0x0000,0x7FC0,0x0040,0x0040,0x0040},{0xFD40,0x25C0,0x2540,0x49C0,0x4940,0x9140,0x0000,0x7FC0,0x0440,0x0440,0x0440},{0xFD40,0x25C0,0x2540,0x49C0,0x4940,0x9140,0x0000,0x7900,0x0900,0x0A80,0x0C40},
{0xFD40,0x2540,0x25C0,0x4940,0x49C0,0x9140,0x0140,0x4140,0x4000,0x4000,0x7FC0},{0xFD40,0x25C0,0x2540,0x49C0,0x4940,0x9140,0x0000,0x47C0,0x4100,0x4280,0x7C40},{0xFD40,0x25C0,0x2540,0x49C0,0x4940,0x9140,0x0100,0x47C0,0x4380,0x4440,0x7B80},{0xFD40,0x25C0,0x2540,0x49C0,0x4940,0x9140,0x0000,0x7FC0,0x4000,0x4000,0x7FC0},
{0xFD40,0x25C0,0x2540,0x49C0,0x9140,0x0000,0x7FC0,0x0040,0x7FC0,0x4000,0x7FC0},{0xFD40,0x25C0,0x2540,0x49C0,0x9140,0x0000,0x7BC0,0x0840,0x7840,0x4040,0x7840},{0xFD40,0x25C0,0x2540,0x49C0,0x9140,0x0000,0x7BC0,0x0A40,0x7A40,0x4240,0x7BC0},{0xFD40,0x25C0,0x2540,0x49C0,0x9140,0x0000,0x7A40,0x0A40,0x7BC0,0x4240,0x7BC0},
{0xFD40,0x25C0,0x2540,0x49C0,0x9140,0x0000,0x7900,0x0900,0x7900,0x4280,0x7C40},{0xFD40,0x25C0,0x2540,0x49C0,0x9140,0x0000,0x7BC0,0x0A00,0x7BC0,0x4200,0x7BC0},{0xFD40,0x25C0,0x2540,0x49C0,0x9140,0x0000,0x7FC0,0x0A80,0x7A80,0x4280,0x7FC0},{0xFD40,0x25C0,0x2540,0x49C0,0x9140,0x0000,0x7900,0x0FC0,0x7B80,0x4440,0x7B80},
{0xFD40,0x25C0,0x2540,0x49C0,0x4940,0x9140,0x0000,0x7FC0,0x4040,0x4040,0x7FC0},{0xFD40,0x25C0,0x2540,0x49C0,0x4940,0x9140,0x0000,0x4040,0x7FC0,0x4040,0x7FC0},{0xFD40,0x25C0,0x2540,0x49C0,0x4940,0x9140,0x0000,0x4900,0x7900,0x4A80,0x7C40},{0xFD40,0x2540,0x25C0,0x4940,0x49C0,0x9140,0x0140,0x0540,0x0400,0x1B00,0x60C0},
{0xFD40,0x25C0,0x2540,0x49C0,0x4940,0x9140,0x0000,0x1100,0x1100,0x2A80,0x4440},{0xFD40,0x25C0,0x2540,0x49C0,0x4940,0x9140,0x0000,0x3F80,0x4040,0x4040,0x3F80},{0xFD40,0x25C0,0x2540,0x49C0,0x4940,0x9140,0x0000,0x7FC0,0x0400,0x1B00,0x60C0},{0xFD40,0x25C0,0x2540,0x49C0,0x4940,0x9140,0x0400,0x7FC0,0x0400,0x1B00,0x60C0},
{0xFD40,0x25C0,0x2540,0x49C0,0x4940,0x9140,0x0000,0x7FC0,0x0040,0x7FC0,0x0040},{0xFD40,0x25C0,0x2540,0x49C0,0x9140,0x0000,0x7FC0,0x4000,0x7FC0,0x4000,0x7FC0},{0xFD40,0x25C0,0x2540,0x49C0,0x4940,0x9140,0x0000,0x7FC0,0x1100,0x1100,0x7FC0},{0xFD40,0x25C0,0x2540,0x49C0,0x4940,0x9140,0x0400,0x7FC0,0x1F00,0x2080,0x1F00},
{0xFE40,0x2240,0x2240,0x2240,0x23C0,0x2240,0x4440,0x4440,0x4440,0x8840,0x0040},{0xFE40,0x2240,0x23C0,0x4440,0x4440,0x8840,0x0000,0x7FC0,0x0040,0x0040,0x0040},{0xFE40,0x2240,0x23C0,0x4440,0x4440,0x8840,0x0000,0x7FC0,0x0440,0x0440,0x0440},{0xFE40,0x2240,0x23C0,0x4440,0x4440,0x8840,0x0040,0x7900,0x0900,0x0A80,0x0C40},
{0xFE40,0x2240,0x2240,0x45C0,0x4440,0x8840,0x0040,0x4040,0x4000,0x4000,0x7FC0},{0xFE40,0x2240,0x23C0,0x4440,0x4440,0x8840,0x0000,0x47C0,0x4100,0x4280,0x7C40},{0xFE40,0x2240,0x23C0,0x4440,0x4440,0x8840,0x0100,0x47C0,0x4380,0x4440,0x7B80},{0xFE40,0x2240,0x23C0,0x4440,0x4440,0x8840,0x0000,0x7FC0,0x4000,0x4000,0x7FC0},
{0xFE40,0x2240,0x23C0,0x4440,0x8840,0x0000,0x7FC0,0x0040,0x7FC0,0x4000,0x7FC0},{0xFE40,0x2240,0x23C0,0x4440,0x8840,0x0000,0x7BC0,0x0840,0x7840,0x4040,0x7840},{0xFE40,0x2240,0x23C0,0x4440,0x8840,0x0000,0x7BC0,0x0A40,0x7A40,0x4240,0x7BC0},{0xFE40,0x2240,0x23C0,0x4440,0x8840,0x0000,0x7A40,0x0A40,0x7BC0,0x4240,0x7BC0},
{0xFE40,0x2240,0x23C0,0x4440,0x8840,0x0040,0x7900,0x0900,0x7900,0x4280,0x7C40},{0xFE40,0x2240,0x23C0,0x4440,0x8840,0x0000,0x7BC0,0x0A00,0x7BC0,0x4200,0x7BC0},{0xFE40,0x2240,0x23C0,0x4440,0x8840,0x0000,0x7FC0,0x0A80,0x7A80,0x4280,0x7FC0},{0xFE40,0x2240,0x23C0,0x4440,0x8840,0x0040,0x7900,0x0FC0,0x7B80,0x4440,0x7B80},
{0xFE40,0x2240,0x23C0,0x4440,0x4440,0x8840,0x0000,0x7FC0,0x4040,0x4040,0x7FC0},{0xFE40,0x2240,0x23C0,0x4440,0x4440,0x8840,0x0000,0x4040,0x7FC0,0x4040,0x7FC0},{0xFE40,0x2240,0x23C0,0x4440,0x4440,0x8840,0x0040,0x4900,0x7900,0x4A80,0x7C40},{0xFE40,0x2240,0x2240,0x45C0,0x4440,0x8840,0x0040,0x0440,0x0400,0x1B00,0x60C0},
{0xFE40,0x2240,0x23C0,0x4440,0x4440,0x8840,0x0040,0x1100,0x1100,0x2A80,0x4440},{0xFE40,0x2240,0x23C0,0x4440,0x4440,0x8840,0x0000,0x3F80,0x4040,0x4040,0x3F80},{0xFE40,0x2240,0x23C0,0x4440,0x4440,0x8840,0x0000,0x7FC0,0x0400,0x1B00,0x60C0},{0xFE40,0x2240,0x23C0,0x4440,0x4440,0x8840,0x0040,0x0400,0x7FC0,0x1B00,0x60C0},
{0xFE40,0x2240,0x23C0,0x4440,0x4440,0x8840,0x0000,0x7FC0,0x0040,0x7FC0,0x0040},{0xFE40,0x2240,0x23C0,0x4440,0x8840,0x0000,0x7FC0,0x4000,0x7FC0,0x4000,0x7FC0},{0xFE40,0x2240,0x23C0,0x4440,0x4440,0x8840,0x0000,0x7FC0,0x1100,0x1100,0x7FC0},{0xFE40,0x2240,0x23C0,0x4440,0x4440,0x8840,0x0400,0x7FC0,0x1F00,0x2080,0x1F00},
{0xFD40,0x2540,0x2540,0x2540,0x2740,0x2540,0x4940,0x4940,0x4940,0x9140,0x0140},{0xFD40,0x2540,0x2740,0x4940,0x4940,0x9140,0x0000,0x7FC0,0x0040,0x0040,0x0040},{0xFD40,0x2540,0x2740,0x4940,0x4940,0x9140,0x0000,0x7FC0,0x0440,0x0440,0x0440},{0xFD40,0x2540,0x2740,0x4940,0x4940,0x9140,0x0000,0x7900,0x0900,0x0A80,0x0C40},
{0xFD40,0x2540,0x2540,0x4F40,0x4940,0x9140,0x0140,0x4140,0x4000,0x4000,0x7FC0},{0xFD40,0x2540,0x2740,0x4940,0x4940,0x9140,0x0000,0x47C0,0x4100,0x4280,0x7C40},{0xFD40,0x2540,0x2740,0x4940,0x4940,0x9140,0x0100,0x47C0,0x4380,0x4440,0x7B80},{0xFD40,0x2540,0x2740,0x4940,0x4940,0x9140,0x0000,0x7FC0,0x4000,0x4000,0x7FC0},
{0xFD40,0x2540,0x2740,0x4940,0x9140,0x0000,0x7FC0,0x0040,0x7FC0,0x4000,0x7FC0},{0xFD40,0x2540,0x2740,0x4940,0x9140,0x0000,0x7BC0,0x0840,0x7840,0x4040,0x7840},{0xFD40,0x2540,0x2740,0x4940,0x9140,0x0000,0x7BC0,0x0A40,0x7A40,0x4240,0x7BC0},{0xFD40,0x2540,0x2740,0x4940,0x9140,0x0000,0x7A40,0x0A40,0x7BC0,0x4240,0x7BC0},
{0xFD40,0x2540,0x2740,0x4940,0x9140,0x0000,0x7900,0x0900,0x7900,0x4280,0x7C40},{0xFD40,0x2540,0x2740,0x4940,0x9140,0x0000,0x7BC0,0x0A00,0x7BC0,0x4200,0x7BC0},{0xFD40,0x2540,0x2740,0x4940,0x9140,0x0000,0x7FC0,0x0A80,0x7A80,0x4280,0x7FC0},{0xFD40,0x2540,0x2740,0x4940,0x9140,0x0000,0x7900,0x0FC0,0x7B80,0x4440,0x7B80},
{0xFD40,0x2540,0x2740,0x4940,0x4940,0x9140,0x0000,0x7FC0,0x4040,0x4040,0x7FC0},{0xFD40,0x2540,0x2740,0x4940,0x4940,0x9140,0x0000,0x4040,0x7FC0,0x4040,0x7FC0},{0xFD40,0x2540,0x2740,0x4940,0x4940,0x9140,0x0000,0x4900,0x7900,0x4A80,0x7C40},{0xFD40,0x2540,0x2540,0x4F40,0x4940,0x9140,0x0140,0x0540,0x0400,0x1B00,0x60C0},
{0xFD40,0x2540,0x2740,0x4940,0x4940,0x9140,0x0000,0x1100,0x1100,0x2A80,0x4440},{0xFD40,0x2540,0x2740,0x4940,0x4940,0x9140,0x0000,0x3F80,0x4040,0x4040,0x3F80},{0xFD40,0x2540,0x2740,0x4940,0x4940,0x9140,0x0000,0x7FC0,0x0400,0x1B00,0x60C0},{0xFD40,0x2540,0x2740,0x4940,0x4940,0x9140,0x0400,0x7FC0,0x0400,0x1B00,0x60C0},
{0xFD40,0x2540,0x2740,0x4940,0x4940,0x9140,0x0000,0x7FC0,0x0040,0x7FC0,0x0040},{0xFD40,0x2540,0x2740,0x4940,0x9140,0x0000,0x7FC0,0x4000,0x7FC0,0x4000,0x7FC0},{0xFD40,0x2540,0x2740,0x4940,0x4940,0x9140,0x0000,0x7FC0,0x1100,0x1100,0x7FC0},{0xFD40,0x2540,0x2740,0x4940,0x4940,0x9140,0x0400,0x7FC0,0x1F00,0x2080,0x1F00},
{0xFE40,0x2240,0x2240,0x23C0,0x2240,0x2240,0x45C0,0x4440,0x4440,0x8840,0x0040},{0xFE40,0x23C0,0x2240,0x45C0,0x4440,0x8840,0x0000,0x7FC0,0x0040,0x0040,0x0040},{0xFE40,0x23C0,0x2240,0x45C0,0x4440,0x8840,0x0000,0x7FC0,0x0440,0x0440,0x0440},{0xFE40,0x23C0,0x2240,0x45C0,0x4440,0x8840,0x0040,0x7900,0x0900,0x0A80,0x0C40},
{0xFE40,0x2240,0x23C0,0x4440,0x45C0,0x8840,0x0040,0x4040,0x4000,0x4000,0x7FC0},{0xFE40,0x23C0,0x2240,0x45C0,0x4440,0x8840,0x0000,0x47C0,0x4100,0x4280,0x7C40},{0xFE40,0x23C0,0x2240,0x45C0,0x4440,0x8840,0x0100,0x47C0,0x4380,0x4440,0x7B80},{0xFE40,0x23C0,0x2240,0x45C0,0x4440,0x8840,0x0000,0x7FC0,0x4000,0x4000,0x7FC0},
{0xFE40,0x23C0,0x2240,0x45C0,0x8840,0x0000,0x7FC0,0x0040,0x7FC0,0x4000,0x7FC0},{0xFE40,0x23C0,0x2240,0x45C0,0x8840,0x0000,0x7BC0,0x0840,0x7840,0x4040,0x7840},{0xFE40,0x23C0,0x2240,0x45C0,0x8840,0x0000,0x7BC0,0x0A40,0x7A40,0x4240,0x7BC0},{0xFE40,0x23C0,0x2240,0x45C0,0x8840,0x0000,0x7A40,0x0A40,0x7BC0,0x4240,0x7BC0},
{0xFE40,0x23C0,0x2240,0x45C0,0x8840,0x0000,0x7900,0x0900,0x7900,0x4280,0x7C40},{0xFE40,0x23C0,0x2240,0x45C0,0x8840,0x0000,0x7BC0,0x0A00,0x7BC0,0x4200,0x7BC0},{0xFE40,0x23C0,0x2240,0x45C0,0x8840,0x0000,0x7FC0,0x0A80,0x7A80,0x4280,0x7FC0},{0xFE40,0x23C0,0x2240,0x45C0,0x8840,0x0040,0x7900,0x0FC0,0x7B80,0x4440,0x7B80},
{0xFE40,0x23C0,0x2240,0x45C0,0x4440,0x8840,0x0000,0x7FC0,0x4040,0x4040,0x7FC0},{0xFE40,0x23C0,0x2240,0x45C0,0x4440,0x8840,0x0000,0x4040,0x7FC0,0x4040,0x7FC0},{0xFE40,0x23C0,0x2240,0x45C0,0x4440,0x8840,0x0040,0x4900,0x7900,0x4A80,0x7C40},{0xFE40,0x2240,0x23C0,0x4440,0x45C0,0x8840,0x0040,0x0440,0x0400,0x1B00,0x60C0},
{0xFE40,0x23C0,0x2240,0x45C0,0x4440,0x8840,0x0040,0x1100,0x1100,0x2A80,0x4440},{0xFE40,0x23C0,0x2240,0x45C0,0x4440,0x8840,0x0000,0x3F80,0x4040,0x4040,0x3F80},{0xFE40,0x23C0,0x2240,0x45C0,0x4440,0x8840,0x0000,0x7FC0,0x0400,0x1B00,0x60C0},{0xFE40,0x23C0,0x2240,0x45C0,0x4440,0x8840,0x0040,0x0400,0x7FC0,0x1B00,0x60C0},
{0xFE40,0x23C0,0x2240,0x45C0,0x4440,0x8840,0x0000,0x7FC0,0x0040,0x7FC0,0x0040},{0xFE40,0x23C0,0x2240,0x45C0,0x8840,0x0000,0x7FC0,0x4000,0x7FC0,0x4000,0x7FC0},{0xFE40,0x23C0,0x2240,0x45C0,0x4440,0x8840,0x0000,0x7FC0,0x1100,0x1100,0x7FC0},{0xFE40,0x23C0,0x2240,0x45C0,0x4440,0x8840,0x0400,0x7FC0,0x1F00,0x2080,0x1F00},
{0xFD40,0x2540,0x2540,0x2740,0x2540,0x2540,0x4B40,0x4940,0x4940,0x9140,0x0140},{0xFD40,0x2740,0x2540,0x4B40,0x4940,0x9140,0x0000,0x7FC0,0x0040,0x0040,0x0040},{0xFD40,0x2740,0x2540,0x4B40,0x4940,0x9140,0x0000,0x7FC0,0x0440,0x0440,0x0440},{0xFD40,0x2740,0x2540,0x4B40,0x4940,0x9140,0x0000,0x7900,0x0900,0x0A80,0x0C40},
{0xFD40,0x2540,0x2740,0x4940,0x4B40,0x9140,0x0140,0x4140,0x4000,0x4000,0x7FC0},{0xFD40,0x2740,0x2540,0x4B40,0x4940,0x9140,0x0000,0x47C0,0x4100,0x4280,0x7C40},{0xFD40,0x2740,0x2540,0x4B40,0x4940,0x9140,0x0100,0x47C0,0x4380,0x4440,0x7B80},{0xFD40,0x2740,0x2540,0x4B40,0x4940,0x9140,0x0000,0x7FC0,0x4000,0x4000,0x7FC0},
{0xFD40,0x2740,0x2540,0x4B40,0x9140,0x0000,0x7FC0,0x0040,0x7FC0,0x4000,0x7FC0},{0xFD40,0x2740,0x2540,0x4B40,0x9140,0x0000,0x7BC0,0x0840,0x7840,0x4040,0x7840},{0xFD40,0x2740,0x2540,0x4B40,0x9140,0x0000,0x7BC0,0x0A40,0x7A40,0x4240,0x7BC0},{0xFD40,0x2740,0x2540,0x4B40,0x9140,0x0000,0x7A40,0x0A40,0x7BC0,0x4240,0x7BC0},
{0xFD40,0x2740,0x2540,0x4B40,0x9140,0x0000,0x7900,0x0900,0x7900,0x4280,0x7C40},{0xFD40,0x2740,0x2540,0x4B40,0x9140,0x0000,0x7BC0,0x0A00,0x7BC0,0x4200,0x7BC0},{0xFD40,0x2740,0x2540,0x4B40,0x9140,0x0000,0x7FC0,0x0A80,0x7A80,0x4280,0x7FC0},{0xFD40,0x2740,0x2540,0x4B40,0x9140,0x0000,0x7900,0x0FC0,0x7B80,0x4440,0x7B80},
{0xFD40,0x2740,0x2540,0x4B40,0x4940,0x9140,0x0000,0x7FC0,0x4040,0x4040,0x7FC0},{0xFD40,0x2740,0x2540,0x4B40,0x4940,0x9140,0x0000,0x4040,0x7FC0,0x4040,0x7FC0},{0xFD40,0x2740,0x2540,0x4B40,0x4940,0x9140,0x0000,0x4900,0x7900,0x4A80,0x7C40},{0xFD40,0x2540,0x2740,0x4940,0x4B40,0x9140,0x0140,0x0540,0x0400,0x1B00,0x60C0},
{0xFD40,0x2740,0x2540,0x4B40,0x4940,0x9140,0x0000,0x1100,0x1100,0x2A80,0x4440},{0xFD40,0x2740,0x2540,0x4B40,0x4940,0x9140,0x0000,0x3F80,0x4040,0x4040,0x3F80},{0xFD40,0x2740,0x2540,0x4B40,0x4940,0x9140,0x0000,0x7FC0,0x0400,0x1B00,0x60C0},{0xFD40,0x2740,0x2540,0x4B40,0x4940,0x9140,0x0400,0x7FC0,0x0400,0x1B00,0x60C0},
{0xFD40,0x2740,0x2540,0x4B40,0x4940,0x9140,0x0000,0x7FC0,0x0040,0x7FC0,0x0040},{0xFD40,0x2740,0x2540,0x4B40,0x9140,0x0000,0x7FC0,0x4000,0x7FC0,0x4000,0x7FC0},{0xFD40,0x2740,0x2540,0x4B40,0x4940,0x9140,0x0000,0x7FC0,0x1100,0x1100,0x7FC0},{0xFD40,0x2740,0x2540,0x4B40,0x4940,0x9140,0x0400,0x7FC0,0x1F00,0x2080,0x1F00},
{0x7BC0,0x0840,0x0840,0x0840,0x0840,0x0840,0x1480,0x0400,0x0400,0xFFE0,0x0000},{0x7BC0,0x0840,0x0840,0x0C40,0x0400,0xFFE0,0x0000,0x7FC0,0x0040,0x0040,0x0040},{0x7BC0,0x0840,0x0840,0x0C40,0x0400,0xFFE0,0x0000,0x7FC0,0x0440,0x0440,0x0440},{0x7BC0,0x0840,0x0840,0x0C40,0x0400,0xFFE0,0x0000,0x7900,0x0900,0x0A80,0x0C40},
{0x7BC0,0x0840,0x0840,0x0C40,0x0400,0xFFE0,0x0000,0x4000,0x4000,0x4000,0x7FC0},{0x7BC0,0x0840,0x0840,0x0C40,0x0400,0xFFE0,0x0000,0x47C0,0x4100,0x4280,0x7C40},{0x7BC0,0x0840,0x0840,0x0C40,0x0400,0xFFE0,0x0100,0x47C0,0x4380,0x4440,0x7B80},{0x7BC0,0x0840,0x0840,0x0C40,0x0400,0xFFE0,0x0000,0x7FC0,0x4000,0x4000,0x7FC0},
{0x7BC0,0x0840,0x0C40,0x0400,0xFFE0,0x0000,0x7FC0,0x0040,0x7FC0,0x4000,0x7FC0},{0x7BC0,0x0840,0x0C40,0x0400,0xFFE0,0x0000,0x7BC0,0x0840,0x7840,0x4040,0x7840},{0x7BC0,0x0840,0x0C40,0x0400,0xFFE0,0x0000,0x7BC0,0x0A40,0x7A40,0x4240,0x7BC0},{0x7BC0,0x0840,0x0C40,0x0400,0xFFE0,0x0000,0x7A40,0x0A40,0x7BC0,0x4240,0x7BC0},
{0x7BC0,0x0840,0x0C40,0x0400,0xFFE0,0x0000,0x7900,0x0900,0x7900,0x4280,0x7C40},{0x7BC0,0x0840,0x0C40,0x0400,0xFFE0,0x0000,0x7BC0,0x0A00,0x7BC0,0x4200,0x7BC0},{0x7BC0,0x0840,0x0C40,0x0400,0xFFE0,0x0000,0x7FC0,0x0A80,0x7A80,0x4280,0x7FC0},{0x7BC0,0x0840,0x0C40,0x0400,0xFFE0,0x0000,0x7900,0x0FC0,0x7B80,0x4440,0x7B80},
{0x7BC0,0x0840,0x0840,0x0C40,0x0400,0xFFE0,0x0000,0x7FC0,0x4040,0x4040,0x7FC0},{0x7BC0,0x0840,0x0840,0x0C40,0x0400,0xFFE0,0x0000,0x4040,0x7FC0,0x4040,0x7FC0},{0x7BC0,0x0840,0x0840,0x0C40,0x0400,0xFFE0,0x0000,0x4900,0x7900,0x4A80,0x7C40},{0x7BC0,0x0840,0x0840,0x0C40,0x0400,0xFFE0,0x0000,0x0400,0x0400,0x1B00,0x60C0},
{0x7BC0,0x0840,0x0840,0x0C40,0x0400,0xFFE0,0x0000,0x1100,0x1100,0x2A80,0x4440},{0x7BC0,0x0840,0x0840,0x0C40,0x0400,0xFFE0,0x0000,0x3F80,0x4040,0x4040,0x3F80},{0x7BC0,0x0840,0x0840,0x0C40,0x0400,0xFFE0,0x0000,0x7FC0,0x0400,0x1B00,0x60C0},{0x7BC0,0x0840,0x0840,0x0C40,0x0400,0xFFE0,0x0000,0x0400,0x7FC0,0x1B00,0x60C0},
{0x7BC0,0x0840,0x0840,0x0C40,0x0400,0xFFE0,0x0000,0x7FC0,0x0040,0x7FC0,0x0040},{0x7BC0,0x0840,0x0C40,0x0400,0xFFE0,0x0000,0x7FC0,0x4000,0x7FC0,0x4000,0x7FC0},{0x7BC0,0x0840,0x0840,0x0C40,0x0400,0xFFE0,0x0000,0x7FC0,0x1100,0x1100,0x7FC0},{0x7BC0,0x0840,0x0840,0x0C40,0x0400,0xFFE0,0x0400,0x7FC0,0x1F00,0x2080,0x1F00},
{0xEE40,0x2240,0x2240,0x2240,0x2240,0x2260,0x0840,0x0840,0x0840,0xFF40,0x0040},{0xEE40,0x2240,0x2260,0x2A40,0x0840,0xFF40,0x0000,0x7FC0,0x0040,0x0040,0x0040},{0xEE40,0x2240,0x2260,0x2A40,0x0840,0xFF40,0x0000,0x7FC0,0x0440,0x0440,0x0440},{0xEE40,0x2240,0x2260,0x2A40,0x0840,0xFF40,0x0040,0x7900,0x0900,0x0A80,0x0C40},
{0xEE40,0x2240,0x2240,0x2A60,0x0840,0xFF40,0x0040,0x4040,0x4000,0x4000,0x7FC0},{0xEE40,0x2240,0x2260,0x2A40,0x0840,0xFF40,0x0000,0x47C0,0x4100,0x4280,0x7C40},{0xEE40,0x2240,0x2260,0x2A40,0x0840,0xFF40,0x0100,0x47C0,0x4380,0x4440,0x7B80},{0xEE40,0x2240,0x2260,0x2A40,0x0840,0xFF40,0x0000,0x7FC0,0x4000,0x4000,0x7FC0},
{0xEE40,0x2240,0x2A60,0x2A40,0xFF40,0x0000,0x7FC0,0x0040,0x7FC0,0x4000,0x7FC0},{0xEE40,0x2240,0x2A60,0x2A40,0xFF40,0x0000,0x7BC0,0x0840,0x7840,0x4040,0x7840},{0xEE40,0x2240,0x2A60,0x2A40,0xFF40,0x0000,0x7BC0,0x0A40,0x7A40,0x4240,0x7BC0},{0xEE40,0x2240,0x2A60,0x2A40,0xFF40,0x0000,0x7A40,0x0A40,0x7BC0,0x4240,0x7BC0},
{0xEE40,0x2240,0x2A60,0x2A40,0xFF40,0x0040,0x7900,0x0900,0x7900,0x4280,0x7C40},{0xEE40,0x2240,0x2A60,0x2A40,0xFF40,0x0000,0x7BC0,0x0A00,0x7BC0,0x4200,0x7BC0},{0xEE40,0x2240,0x2A60,0x2A40,0xFF40,0x0000,0x7FC0,0x0A80,0x7A80,0x4280,0x7FC0},{0xEE40,0x2240,0x2A60,0x2A40,0xFF40,0x0040,0x7900,0x0FC0,0x7B80,0x4440,0x7B80},
{0xEE40,0x2240,0x2260,0x2A40,0x0840,0xFF40,0x0000,0x7FC0,0x4040,0x4040,0x7FC0},{0xEE40,0x2240,0x2260,0x2A40,0x0840,0xFF40,0x0000,0x4040,0x7FC0,0x4040,0x7FC0},{0xEE40,0x2240,0x2260,0x2A40,0x0840,0xFF40,0x0040,0x4900,0x7900,0x4A80,0x7C40},{0xEE40,0x2240,0x2240,0x2A60,0x0840,0xFF40,0x0040,0x0440,0x0400,0x1B00,0x60C0},
{0xEE40,0x2240,0x2260,0x2A40,0x0840,0xFF40,0x0040,0x1100,0x1100,0x2A80,0x4440},{0xEE40,0x2240,0x2260,0x2A40,0x0840,0xFF40,0x0000,0x3F80,0x4040,0x4040,0x3F80},{0xEE40,0x2240,0x2260,0x2A40,0x0840,0xFF40,0x0000,0x7FC0,0x0400,0x1B00,0x60C0},{0xEE40,0x2240,0x2260,0x2A40,0x0840,0xFF40,0x0040,0x0400,0x7FC0,0x1B00,0x60C0},
{0xEE40,0x2240,0x2260,0x2A40,0x0840,0xFF40,0x0000,0x7FC0,0x0040,0x7FC0,0x0040},{0xEE40,0x2240,0x2A60,0x2A40,0xFF40,0x0000,0x7FC0,0x4000,0x7FC0,0x4000,0x7FC0},{0xEE40,0x2240,0x2260,0x2A40,0x0840,0xFF40,0x0000,0x7FC0,0x1100,0x1100,0x7FC0},{0xEE40,0x2240,0x2260,0x2A40,0x0840,0xFF40,0x0400,0x7FC0,0x1F00,0x2080,0x1F00},
{0xFD40,0x2540,0x2540,0x2540,0x2540,0x25C0,0x1140,0x1140,0x1140,0xFF40,0x0140},{0xFD40,0x2540,0x25C0,0x2540,0x1140,0xFD40,0x0000,0x7FC0,0x0040,0x0040,0x0040},{0xFD40,0x2540,0x25C0,0x2540,0x1140,0xFD40,0x0000,0x7FC0,0x0440,0x0440,0x0440},{0xFD40,0x2540,0x25C0,0x2540,0x1140,0xFD40,0x0000,0x7900,0x0900,0x0A80,0x0C40},
{0xFD40,0x2540,0x2540,0x25C0,0x1140,0xFD40,0x0140,0x4140,0x4000,0x4000,0x7FC0},{0xFD40,0x2540,0x25C0,0x2540,0x1140,0xFD40,0x0000,0x47C0,0x4100,0x4280,0x7C40},{0xFD40,0x2540,0x25C0,0x2540,0x1140,0xFD40,0x0100,0x47C0,0x4380,0x4440,0x7B80},{0xFD40,0x2540,0x25C0,0x2540,0x1140,0xFD40,0x0000,0x7FC0,0x4000,0x4000,0x7FC0},
{0xFD40,0x2540,0x25C0,0x1140,0xFD40,0x0000,0x7FC0,0x0040,0x7FC0,0x4000,0x7FC0},{0xFD40,0x2540,0x25C0,0x1140,0xFD40,0x0000,0x7BC0,0x0840,0x7840,0x4040,0x7840},{0xFD40,0x2540,0x25C0,0x1140,0xFD40,0x0000,0x7BC0,0x0A40,0x7A40,0x4240,0x7BC0},{0xFD40,0x2540,0x25C0,0x1140,0xFD40,0x0000,0x7A40,0x0A40,0x7BC0,0x4240,0x7BC0},
{0xFD40,0x2540,0x25C0,0x1140,0xFD40,0x0000,0x7900,0x0900,0x7900,0x4280,0x7C40},{0xFD40,0x2540,0x25C0,0x1140,0xFD40,0x0000,0x7BC0,0x0A00,0x7BC0,0x4200,0x7BC0},{0xFD40,0x2540,0x25C0,0x1140,0xFD40,0x0000,0x7FC0,0x0A80,0x7A80,0x4280,0x7FC0},{0xFD40,0x2540,0x25C0,0x1140,0xFD40,0x0000,0x7900,0x0FC0,0x7B80,0x4440,0x7B80},
{0xFD40,0x2540,0x25C0,0x2540,0x1140,0xFD40,0x0000,0x7FC0,0x4040,0x4040,0x7FC0},{0xFD40,0x2540,0x25C0,0x2540,0x1140,0xFD40,0x0000,0x4040,0x7FC0,0x4040,0x7FC0},{0xFD40,0x2540,0x25C0,0x2540,0x1140,0xFD40,0x0000,0x4900,0x7900,0x4A80,0x7C40},{0xFD40,0x2540,0x2540,0x25C0,0x1140,0xFD40,0x0140,0x0540,0x0400,0x1B00,0x60C0},
{0xFD40,0x2540,0x25C0,0x2540,0x1140,0xFD40,0x0000,0x1100,0x1100,0x2A80,0x4440},{0xFD40,0x2540,0x25C0,0x2540,0x1140,0xFD40,0x0000,0x3F80,0x4040,0x4040,0x3F80},{0xFD40,0x2540,0x25C0,0x2540,0x1140,0xFD40,0x0000,0x7FC0,0x0400,0x1B00,0x60C0},{0xFD40,0x2540,0x25C0,0x2540,0x1140,0xFD40,0x0140,0x0400,0x7FC0,0x1B00,0x60C0},
{0xFD40,0x2540,0x25C0,0x2540,0x1140,0xFD40,0x0000,0x7FC0,0x0040,0x7FC0,0x0040},{0xFD40,0x2540,0x25C0,0x1140,0xFD40,0x0000,0x7FC0,0x4000,0x7FC0,0x4000,0x7FC0},{0xFD40,0x2540,0x25C0,0x2540,0x1140,0xFD40,0x0000,0x7FC0,0x1100,0x1100,0x7FC0},{0xFD40,0x2540,0x25C0,0x2540,0x1140,0xFD40,0x0400,0x7FC0,0x1F00,0x2080,0x1F00},
{0xEE40,0x2240,0x2240,0x2240,0x2240,0x2A40,0x0840,0x0840,0xFF40,0x0040,0x0040},{0xEE40,0x2240,0x2240,0x2A40,0x0840,0xFF40,0x0000,0x7FC0,0x0040,0x0040,0x0040},{0xEE40,0x2240,0x2240,0x2A40,0x0840,0xFF40,0x0000,0x7FC0,0x0440,0x0440,0x0440},{0xEE40,0x2240,0x2240,0x2A40,0x0840,0xFF40,0x0040,0x7900,0x0900,0x0A80,0x0C40},
{0xEE40,0x2240,0x2240,0x2A40,0x0840,0xFF40,0x0040,0x4040,0x4000,0x4000,0x7FC0},{0xEE40,0x2240,0x2240,0x2A40,0x0840,0xFF40,0x0000,0x47C0,0x4100,0x4280,0x7C40},{0xEE40,0x2240,0x2240,0x2A40,0x0840,0xFF40,0x0100,0x47C0,0x4380,0x4440,0x7B80},{0xEE40,0x2240,0x2240,0x2A40,0x0840,0xFF40,0x0000,0x7FC0,0x4000,0x4000,0x7FC0},
{0xEE40,0x2240,0x2A40,0x2A40,0xFF40,0x0000,0x7FC0,0x0040,0x7FC0,0x4000,0x7FC0},{0xEE40,0x2240,0x2A40,0x2A40,0xFF40,0x0000,0x7BC0,0x0840,0x7840,0x4040,0x7840},{0xEE40,0x2240,0x2A40,0x2A40,0xFF40,0x0000,0x7BC0,0x0A40,0x7A40,0x4240,0x7BC0},{0xEE40,0x2240,0x2A40,0x2A40,0xFF40,0x0000,0x7A40,0x0A40,0x7BC0,0x4240,0x7BC0},
{0xEE40,0x2240,0x2A40,0x2A40,0xFF40,0x0040,0x7900,0x0900,0x7900,0x4280,0x7C40},{0xEE40,0x2240,0x2A40,0x2A40,0xFF40,0x0000,0x7BC0,0x0A00,0x7BC0,0x4200,0x7BC0},{0xEE40,0x2240,0x2A40,0x2A40,0xFF40,0x0000,0x7FC0,0x0A80,0x7A80,0x4280,0x7FC0},{0xEE40,0x2240,0x2A40,0x2A40,0xFF40,0x0040,0x7900,0x0FC0,0x7B80,0x4440,0x7B80},
{0xEE40,0x2240,0x2240,0x2A40,0x0840,0xFF40,0x0000,0x7FC0,0x4040,0x4040,0x7FC0},{0xEE40,0x2240,0x2240,0x2A40,0x0840,0xFF40,0x0000,0x4040,0x7FC0,0x4040,0x7FC0},{0xEE40,0x2240,0x2240,0x2A40,0x0840,0xFF40,0x0040,0x4900,0x7900,0x4A80,0x7C40},{0xEE40,0x2240,0x2240,0x2A40,0x0840,0xFF40,0x0040,0x0440,0x0400,0x1B00,0x60C0},
{0xEE40,0x2240,0x2240,0x2A40,0x0840,0xFF40,0x0040,0x1100,0x1100,0x2A80,0x4440},{0xEE40,0x2240,0x2240,0x2A40,0x0840,0xFF40,0x0000,0x3F80,0x4040,0x4040,0x3F80},{0xEE40,0x2240,0x2240,0x2A40,0x0840,0xFF40,0x0000,0x7FC0,0x0400,0x1B00,0x60C0},{0xEE40,0x2240,0x2240,0x2A40,0x0840,0xFF40,0x0040,0x0400,0x7FC0,0x1B00,0x60C0},
{0xEE40,0x2240,0x2240,0x2A40,0x0840,0xFF40,0x0000,0x7FC0,0x0040,0x7FC0,0x0040},{0xEE40,0x2240,0x2A40,0x2A40,0xFF40,0x0000,0x7FC0,0x4000,0x7FC0,0x4000,0x7FC0},{0xEE40,0x2240,0x2240,0x2A40,0x0840,0xFF40,0x0000,0x7FC0,0x1100,0x1100,0x7FC0},{0xEE40,0x2240,0x2240,0x2A40,0x0840,0xFF40,0x0400,0x7FC0,0x1F00,0x2080,0x1F00},
{0x7BC0,0x0840,0x0840,0x0840,0x0840,0x1080,0x0000,0x1100,0x1100,0xFFE0,0x0000},{0x7BC0,0x0840,0x0840,0x2940,0x2100,0xFFE0,0x0000,0x7FC0,0x0040,0x0040,0x0040},{0x7BC0,0x0840,0x0840,0x2940,0x2100,0xFFE0,0x0000,0x7FC0,0x0440,0x0440,0x0440},{0x7BC0,0x0840,0x0840,0x2940,0x2100,0xFFE0,0x0000,0x7900,0x0900,0x0A80,0x0C40},
{0x7BC0,0x0840,0x0840,0x2940,0x2100,0xFFE0,0x0000,0x4000,0x4000,0x4000,0x7FC0},{0x7BC0,0x0840,0x0840,0x2940,0x2100,0xFFE0,0x0000,0x47C0,0x4100,0x4280,0x7C40},{0x7BC0,0x0840,0x0840,0x2940,0x2100,0xFFE0,0x0100,0x47C0,0x4380,0x4440,0x7B80},{0x7BC0,0x0840,0x0840,0x2940,0x2100,0xFFE0,0x0000,0x7FC0,0x4000,0x4000,0x7FC0},
{0x7BC0,0x0840,0x2940,0x2100,0xFFE0,0x0000,0x7FC0,0x0040,0x7FC0,0x4000,0x7FC0},{0x7BC0,0x0840,0x2940,0x2100,0xFFE0,0x0000,0x7BC0,0x0840,0x7840,0x4040,0x7840},{0x7BC0,0x0840,0x2940,0x2100,0xFFE0,0x0000,0x7BC0,0x0A40,0x7A40,0x4240,0x7BC0},{0x7BC0,0x0840,0x2940,0x2100,0xFFE0,0x0000,0x7A40,0x0A40,0x7BC0,0x4240,0x7BC0},
{0x7BC0,0x0840,0x2940,0x2100,0xFFE0,0x0000,0x7900,0x0900,0x7900,0x4280,0x7C40},{0x7BC0,0x0840,0x2940,0x2100,0xFFE0,0x0000,0x7BC0,0x0A00,0x7BC0,0x4200,0x7BC0},{0x7BC0,0x0840,0x2940,0x2100,0xFFE0,0x0000,0x7FC0,0x0A80,0x7A80,0x4280,0x7FC0},{0x7BC0,0x0840,0x2940,0x2100,0xFFE0,0x0000,0x7900,0x0FC0,0x7B80,0x4440,0x7B80},
{0x7BC0,0x0840,0x0840,0x2940,0x2100,0xFFE0,0x0000,0x7FC0,0x4040,0x4040,0x7FC0},{0x7BC0,0x0840,0x0840,0x2940,0x2100,0xFFE0,0x0000,0x4040,0x7FC0,0x4040,0x7FC0},{0x7BC0,0x0840,0x0840,0x2940,0x2100,0xFFE0,0x0000,0x4900,0x7900,0x4A80,0x7C40},{0x7BC0,0x0840,0x0840,0x2940,0x2100,0xFFE0,0x0000,0x0400,0x0400,0x1B00,0x60C0},
{0x7BC0,0x0840,0x0840,0x2940,0x2100,0xFFE0,0x0000,0x1100,0x1100,0x2A80,0x4440},{0x7BC0,0x0840,0x0840,0x2940,0x2100,0xFFE0,0x0000,0x3F80,0x4040,0x4040,0x3F80},{0x7BC0,0x0840,0x0840,0x2940,0x2100,0xFFE0,0x0000,0x7FC0,0x0400,0x1B00,0x60C0},{0x7BC0,0x0840,0x0840,0x2940,0x2100,0xFFE0,0x0000,0x0400,0x7FC0,0x1B00,0x60C0},
{0x7BC0,0x0840,0x0840,0x2940,0x2100,0xFFE0,0x0000,0x7FC0,0x0040,0x7FC0,0x0040},{0x7BC0,0x0840,0x2940,0x2100,0xFFE0,0x0000,0x7FC0,0x4000,0x7FC0,0x4000,0x7FC0},{0x7BC0,0x0840,0x0840,0x2940,0x2100,0xFFE0,0x0000,0x7FC0,0x1100,0x1100,0x7FC0},{0x7BC0,0x0840,0x0840,0x2940,0x2100,0xFFE0,0x0400,0x7FC0,0x1F00,0x2080,0x1F00},
{0x7BC0,0x0840,0x0840,0x0840,0x1080,0x0000,0xFFE0,0x0400,0x0400,0x0400,0x0400},{0x7BC0,0x0840,0x0840,0x0840,0xFFE0,0x0400,0x0400,0x7FC0,0x0040,0x0040,0x0040},{0x7BC0,0x0840,0x0840,0x0840,0xFFE0,0x0400,0x0400,0x7FC0,0x0440,0x0440,0x0440},{0x7BC0,0x0840,0x0840,0x0840,0xFFE0,0x0400,0x0400,0x7900,0x0900,0x0A80,0x0C40},
{0x7BC0,0x0840,0x0840,0x0840,0xFFE0,0x0400,0x0400,0x4400,0x4000,0x4000,0x7FC0},{0x7BC0,0x0840,0x0840,0x0840,0xFFE0,0x0400,0x0400,0x47C0,0x4100,0x4280,0x7C40},{0x7BC0,0x0840,0x0840,0x0840,0xFFE0,0x0400,0x0500,0x47C0,0x4380,0x4440,0x7B80},{0x7BC0,0x0840,0x0840,0x0840,0xFFE0,0x0400,0x0400,0x7FC0,0x4000,0x4000,0x7FC0},
{0x7BC0,0x0840,0x0840,0x0840,0xFFE0,0x0400,0x7FC0,0x0040,0x7FC0,0x4000,0x7FC0},{0x7BC0,0x0840,0x0840,0x0840,0xFFE0,0x0400,0x7BC0,0x0840,0x7840,0x4040,0x7840},{0x7BC0,0x0840,0x0840,0x0840,0xFFE0,0x0400,0x7BC0,0x0A40,0x7A40,0x4240,0x7BC0},{0x7BC0,0x0840,0x0840,0x0840,0xFFE0,0x0400,0x7A40,0x0A40,0x7BC0,0x4240,0x7BC0},
{0x7BC0,0x0840,0x0840,0x0840,0xFFE0,0x0400,0x7900,0x0900,0x7900,0x4280,0x7C40},{0x7BC0,0x0840,0x0840,0x0840,0xFFE0,0x0400,0x7BC0,0x0A00,0x7BC0,0x4200,0x7BC0},{0x7BC0,0x0840,0x0840,0x0840,0xFFE0,0x0400,0x7FC0,0x0A80,0x7A80,0x4280,0x7FC0},{0x7BC0,0x0840,0x0840,0x0840,0xFFE0,0x0400,0x7900,0x0FC0,0x7B80,0x4440,0x7B80},
{0x7BC0,0x0840,0x0840,0x0840,0xFFE0,0x0400,0x0400,0x7FC0,0x4040,0x4040,0x7FC0},{0x7BC0,0x0840,0x0840,0x0840,0xFFE0,0x0400,0x0400,0x4040,0x7FC0,0x4040,0x7FC0},{0x7BC0,0x0840,0x0840,0x0840,0xFFE0,0x0400,0x0400,0x4900,0x7900,0x4A80,0x7C40},{0x7BC0,0x0840,0x0840,0x0840,0xFFE0,0x0400,0x0400,0x0000,0x0400,0x1B00,0x60C0},
{0x7BC0,0x0840,0x0840,0x0840,0xFFE0,0x0400,0x0400,0x1100,0x1100,0x2A80,0x4440},{0x7BC0,0x0840,0x0840,0x0840,0xFFE0,0x0400,0x0400,0x3F80,0x4040,0x4040,0x3F80},{0x7BC0,0x0840,0x0840,0x0840,0xFFE0,0x0400,0x0400,0x7FC0,0x0400,0x1B00,0x60C0},{0x7BC0,0x0840,0x0840,0x0840,0xFFE0,0x0400,0x0000,0x0400,0x7FC0,0x1B00,0x60C0},
{0x7BC0,0x0840,0x0840,0x0840,0xFFE0,0x0400,0x0400,0x7FC0,0x0040,0x7FC0,0x0040},{0x7BC0,0x0840,0x0840,0x0840,0xFFE0,0x0400,0x7FC0,0x4000,0x7FC0,0x4000,0x7FC0},{0x7BC0,0x0840,0x0840,0x0840,0xFFE0,0x0400,0x0400,0x7FC0,0x1100,0x1100,0x7FC0},{0x7BC0,0x0840,0x0840,0x0840,0xFFE0,0x0400,0x0400,0x7FC0,0x1F00,0x2080,0x1F00},
{0xEE40,0x2240,0x2240,0x2240,0x0040,0xFF40,0x1040,0x13C0,0x1040,0x1040,0x1040},{0xEE40,0x2240,0x2240,0x2240,0xFF40,0x11C0,0x1040,0x0000,0x7FC0,0x0040,0x0040},{0xEE40,0x2240,0x2240,0x2240,0xFF40,0x11C0,0x1040,0x0000,0x7FC0,0x0440,0x0440},{0xEE40,0x2240,0x2240,0x2240,0xFF40,0x11C0,0x1040,0x0000,0x7900,0x0A80,0x0C40},
{0xEE40,0x2240,0x2240,0x2240,0xFF40,0x0840,0x09C0,0x4840,0x4000,0x4000,0x7FC0},{0xEE40,0x2240,0x2240,0x2240,0xFF40,0x11C0,0x1040,0x47C0,0x4100,0x4280,0x7C40},{0xEE40,0x2240,0x2240,0x2240,0xFF40,0x11C0,0x1140,0x47C0,0x4380,0x4440,0x7B80},{0xEE40,0x2240,0x2240,0xFF40,0x11C0,0x1040,0x0000,0x7FC0,0x4000,0x4000,0x7FC0},
{0xEE40,0x2240,0x2240,0xFF40,0x11C0,0x1040,0x7FC0,0x0040,0x7FC0,0x4000,0x7FC0},{0xEE40,0x2240,0x2240,0xFF40,0x11C0,0x1040,0x7BC0,0x0840,0x7840,0x4040,0x7840},{0xEE40,0x2240,0x2240,0xFF40,0x11C0,0x1040,0x7BC0,0x0A40,0x7A40,0x4240,0x7BC0},{0xEE40,0x2240,0x2240,0xFF40,0x11C0,0x1040,0x7A40,0x0A40,0x7BC0,0x4240,0x7BC0},
{0xEE40,0x2240,0x2240,0xFF40,0x11C0,0x1040,0x7900,0x0900,0x7900,0x4280,0x7C40},{0xEE40,0x2240,0x2240,0xFF40,0x11C0,0x1040,0x7BC0,0x0A00,0x7BC0,0x4200,0x7BC0},{0xEE40,0x2240,0x2240,0xFF40,0x11C0,0x1040,0x7FC0,0x0A80,0x7A80,0x4280,0x7FC0},{0xEE40,0x2240,0x2240,0xFF40,0x11C0,0x1040,0x7900,0x0FC0,0x7B80,0x4440,0x7B80},
{0xEE40,0x2240,0x2240,0xFF40,0x11C0,0x1040,0x0000,0x7FC0,0x4040,0x4040,0x7FC0},{0xEE40,0x2240,0x2240,0x2240,0xFF40,0x11C0,0x1040,0x4040,0x7FC0,0x4040,0x7FC0},{0xEE40,0x2240,0x2240,0x2240,0xFF40,0x11C0,0x1040,0x4900,0x7900,0x4A80,0x7C40},{0xEE40,0x2240,0x2240,0x2240,0xFF40,0x1040,0x11C0,0x1440,0x0400,0x1B00,0x60C0},
{0xEE40,0x2240,0x2240,0x2240,0xFF40,0x11C0,0x1040,0x0000,0x1100,0x2A80,0x4440},{0xEE40,0x2240,0x2240,0x2240,0xFF40,0x11C0,0x1040,0x3F80,0x4040,0x4040,0x3F80},{0xEE40,0x2240,0x2240,0xFF40,0x11C0,0x1040,0x0000,0x7FC0,0x0400,0x1B00,0x60C0},{0xEE40,0x2240,0x2240,0xFF40,0x11C0,0x1040,0x0400,0x7FC0,0x0400,0x1B00,0x60C0},
{0xEE40,0x2240,0x2240,0xFF40,0x11C0,0x1040,0x0000,0x7FC0,0x0040,0x7FC0,0x0040},{0xEE40,0x2240,0x2240,0xFF40,0x11C0,0x1040,0x7FC0,0x4000,0x7FC0,0x4000,0x7FC0},{0xEE40,0x2240,0x2240,0xFF40,0x11C0,0x1040,0x0000,0x7FC0,0x1100,0x1100,0x7FC0},{0xEE40,0x2240,0x2240,0xFF40,0x11C0,0x1040,0x0400,0x7FC0,0x1F00,0x2080,0x1F00},
{0xFD40,0x2540,0x2540,0x2540,0x2540,0xFF40,0x1140,0x1740,0x1140,0x1140,0x1140},{0xFD40,0x2540,0x2540,0x2540,0xFD40,0x1740,0x1140,0x0000,0x7FC0,0x0040,0x0040},{0xFD40,0x2540,0x2540,0x2540,0xFD40,0x1740,0x1140,0x0000,0x7FC0,0x0440,0x0440},{0xFD40,0x2540,0x2540,0x2540,0xFD40,0x1740,0x1140,0x0000,0x7900,0x0A80,0x0C40},
{0xFD40,0x2540,0x2540,0x2540,0xFF40,0x1140,0x1740,0x5140,0x4000,0x4000,0x7FC0},{0xFD40,0x2540,0x2540,0x2540,0xFD40,0x1740,0x1140,0x47C0,0x4100,0x4280,0x7C40},{0xFD40,0x2540,0x2540,0x2540,0xFD40,0x1740,0x1140,0x47C0,0x4380,0x4440,0x7B80},{0xFD40,0x2540,0x2540,0xFD40,0x1740,0x1140,0x0000,0x7FC0,0x4000,0x4000,0x7FC0},
{0xFD40,0x2540,0x2540,0xFD40,0x1740,0x1140,0x7FC0,0x0040,0x7FC0,0x4000,0x7FC0},{0xFD40,0x2540,0x2540,0xFD40,0x1740,0x1140,0x7BC0,0x0840,0x7840,0x4040,0x7840},{0xFD40,0x2540,0x2540,0xFD40,0x1740,0x1140,0x7BC0,0x0A40,0x7A40,0x4240,0x7BC0},{0xFD40,0x2540,0x2540,0xFD40,0x1740,0x1140,0x7A40,0x0A40,0x7BC0,0x4240,0x7BC0},
{0xFD40,0x2540,0x2540,0xFD40,0x1740,0x1140,0x7800,0x0900,0x7900,0x4280,0x7C40},{0xFD40,0x2540,0x2540,0xFD40,0x1740,0x1140,0x7BC0,0x0A00,0x7BC0,0x4200,0x7BC0},{0xFD40,0x2540,0x2540,0xFD40,0x1740,0x1140,0x7FC0,0x0A80,0x7A80,0x4280,0x7FC0},{0xFD40,0x2540,0x2540,0xFD40,0x1740,0x1140,0x7900,0x0FC0,0x7B80,0x4440,0x7B80},
{0xFD40,0x2540,0x2540,0xFD40,0x1740,0x1140,0x0000,0x7FC0,0x4040,0x4040,0x7FC0},{0xFD40,0x2540,0x2540,0x2540,0xFD40,0x1740,0x1140,0x4040,0x7FC0,0x4040,0x7FC0},{0xFD40,0x2540,0x2540,0x2540,0xFD40,0x1740,0x1140,0x4800,0x7900,0x4A80,0x7C40},{0xFD40,0x2540,0x2540,0x2540,0xFD40,0x1740,0x1140,0x1540,0x0400,0x1B00,0x60C0},
{0xFD40,0x2540,0x2540,0x2540,0xFD40,0x1740,0x1140,0x0000,0x1100,0x2A80,0x4440},{0xFD40,0x2540,0x2540,0x2540,0xFD40,0x1740,0x1140,0x3F80,0x4040,0x4040,0x3F80},{0xFD40,0x2540,0x2540,0xFD40,0x1740,0x1140,0x0000,0x7FC0,0x0400,0x1B00,0x60C0},{0xFD40,0x2540,0x2540,0xFD40,0x1740,0x1140,0x0400,0x7FC0,0x0400,0x1B00,0x60C0},
{0xFD40,0x2540,0x2540,0xFD40,0x1740,0x1140,0x0000,0x7FC0,0x0040,0x7FC0,0x0040},{0xFD40,0x2540,0x2540,0xFD40,0x1740,0x1140,0x7FC0,0x4000,0x7FC0,0x4000,0x7FC0},{0xFD40,0x2540,0x2540,0xFD40,0x1740,0x1140,0x0000,0x7FC0,0x1100,0x1100,0x7FC0},{0xFD40,0x2540,0x2540,0xFD40,0x1740,0x1140,0x0400,0x7FC0,0x1F00,0x2080,0x1F00},
{0xEE40,0x2240,0x2240,0x2240,0x2240,0x0040,0xFF40,0x0840,0x0840,0x0840,0x0840},{0xEE40,0x2240,0x2240,0x2240,0xFF40,0x0840,0x0800,0x7FC0,0x0040,0x0040,0x0040},{0xEE40,0x2240,0x2240,0x2240,0xFF40,0x0840,0x0800,0x7FC0,0x0440,0x0440,0x0440},{0xEE40,0x2240,0x2240,0x2240,0xFF40,0x1040,0x1040,0x7900,0x0900,0x0A80,0x0C40},
{0xEE40,0x2240,0x2240,0x2240,0xFF40,0x0840,0x0840,0x4840,0x4000,0x4000,0x7FC0},{0xEE40,0x2240,0x2240,0x2240,0xFF40,0x1040,0x1000,0x47C0,0x4100,0x4280,0x7C40},{0xEE40,0x2240,0x2240,0x2240,0xFF40,0x1040,0x1100,0x47C0,0x4380,0x4440,0x7B80},{0xEE40,0x2240,0x2240,0x2240,0xFF40,0x0840,0x0800,0x7FC0,0x4000,0x4000,0x7FC0},
{0xEE40,0x2240,0x2240,0x2240,0xFF40,0x0800,0x7FC0,0x0040,0x7FC0,0x4000,0x7FC0},{0xEE40,0x2240,0x2240,0x2240,0xFF40,0x1000,0x7BC0,0x0840,0x7840,0x4040,0x7840},{0xEE40,0x2240,0x2240,0x2240,0xFF40,0x1000,0x7BC0,0x0A40,0x7A40,0x4240,0x7BC0},{0xEE40,0x2240,0x2240,0x2240,0xFF40,0x1000,0x7A40,0x0A40,0x7BC0,0x4240,0x7BC0},
{0xEE40,0x2240,0x2240,0x2240,0xFF40,0x1040,0x7900,0x0900,0x7900,0x4280,0x7C40},{0xEE40,0x2240,0x2240,0x2240,0xFF40,0x1000,0x7BC0,0x0A00,0x7BC0,0x4200,0x7BC0},{0xEE40,0x2240,0x2240,0x2240,0xFF40,0x1000,0x7FC0,0x0A80,0x7A80,0x4280,0x7FC0},{0xEE40,0x2240,0x2240,0x2240,0xFF40,0x1040,0x7900,0x0FC0,0x7B80,0x4440,0x7B80},
{0xEE40,0x2240,0x2240,0x2240,0xFF40,0x0840,0x0800,0x7FC0,0x4040,0x4040,0x7FC0},{0xEE40,0x2240,0x2240,0x2240,0xFF40,0x0840,0x0800,0x4040,0x7FC0,0x4040,0x7FC0},{0xEE40,0x2240,0x2240,0x2240,0xFF40,0x1040,0x1040,0x4900,0x7900,0x4A80,0x7C40},{0xEE40,0x2240,0x2240,0x2240,0xFF40,0x1040,0x1040,0x1440,0x0400,0x1B00,0x60C0},
{0xEE40,0x2240,0x2240,0x2240,0xFF40,0x0840,0x0840,0x1100,0x1100,0x2A80,0x4440},{0xEE40,0x2240,0x2240,0x2240,0xFF40,0x0840,0x0800,0x3F80,0x4040,0x4040,0x3F80},{0xEE40,0x2240,0x2240,0x2240,0xFF40,0x0840,0x0800,0x7FC0,0x0400,0x1B00,0x60C0},{0xEE40,0x2240,0x2240,0x2240,0xFF40,0x1040,0x1400,0x7FC0,0x0400,0x1B00,0x60C0},
{0xEE40,0x2240,0x2240,0x2240,0xFF40,0x0840,0x0800,0x7FC0,0x0040,0x7FC0,0x0040},{0xEE40,0x2240,0x2240,0x2240,0xFF40,0x0800,0x7FC0,0x4000,0x7FC0,0x4000,0x7FC0},{0xEE40,0x2240,0x2240,0x2240,0xFF40,0x0840,0x0800,0x7FC0,0x1100,0x1100,0x7FC0},{0xEE40,0x2240,0x2240,0x2240,0xFF40,0x1040,0x1400,0x7FC0,0x1F00,0x2080,0x1F00},
{0x7BC0,0x0840,0x0840,0x0840,0x1080,0x0000,0xFFE0,0x1100,0x1100,0x1100,0x1100},{0x7BC0,0x0840,0x0840,0x0840,0xFFE0,0x1100,0x1100,0x7FC0,0x0040,0x0040,0x0040},{0x7BC0,0x0840,0x0840,0x0840,0xFFE0,0x1100,0x1100,0x7FC0,0x0440,0x0440,0x0440},{0x7BC0,0x0840,0x0840,0x0840,0xFFE0,0x1100,0x1100,0x7800,0x0900,0x0A80,0x0C40},
{0x7BC0,0x0840,0x0840,0x0840,0xFFE0,0x1100,0x1100,0x5100,0x4000,0x4000,0x7FC0},{0x7BC0,0x0840,0x0840,0x0840,0xFFE0,0x1100,0x1100,0x57C0,0x4100,0x4280,0x7C40},{0x7BC0,0x0840,0x0840,0x0840,0xFFE0,0x1100,0x1100,0x57C0,0x4380,0x4440,0x7B80},{0x7BC0,0x0840,0x0840,0x0840,0xFFE0,0x1100,0x1100,0x7FC0,0x4000,0x4000,0x7FC0},
{0x7BC0,0x0840,0x0840,0x0840,0xFFE0,0x1100,0x7FC0,0x0040,0x7FC0,0x4000,0x7FC0},{0x7BC0,0x0840,0x0840,0x0840,0xFFE0,0x1100,0x7BC0,0x0840,0x7840,0x4040,0x7840},{0x7BC0,0x0840,0x0840,0x0840,0xFFE0,0x1100,0x7BC0,0x0A40,0x7A40,0x4240,0x7BC0},{0x7BC0,0x0840,0x0840,0x0840,0xFFE0,0x1100,0x7A40,0x0A40,0x7BC0,0x4240,0x7BC0},
{0x7BC0,0x0840,0x0840,0x0840,0xFFE0,0x1100,0x7900,0x0800,0x7900,0x4280,0x7C40},{0x7BC0,0x0840,0x0840,0x0840,0xFFE0,0x1100,0x7BC0,0x0A00,0x7BC0,0x4200,0x7BC0},{0x7BC0,0x0840,0x0840,0x0840,0xFFE0,0x1100,0x7FC0,0x0A80,0x7A80,0x4280,0x7FC0},{0x7BC0,0x0840,0x0840,0x0840,0xFFE0,0x1100,0x7900,0x0FC0,0x7B80,0x4440,0x7B80},
{0x7BC0,0x0840,0x0840,0x0840,0xFFE0,0x1100,0x1100,0x7FC0,0x4040,0x4040,0x7FC0},{0x7BC0,0x0840,0x0840,0x0840,0xFFE0,0x1100,0x1100,0x4040,0x7FC0,0x4040,0x7FC0},{0x7BC0,0x0840,0x0840,0x0840,0xFFE0,0x1100,0x1100,0x4800,0x7900,0x4A80,0x7C40},{0x7BC0,0x0840,0x0840,0x0840,0xFFE0,0x1100,0x1100,0x0400,0x0400,0x1B00,0x60C0},
{0x7BC0,0x0840,0x0840,0x0840,0xFFE0,0x1100,0x1100,0x0000,0x1100,0x2A80,0x4440},{0x7BC0,0x0840,0x0840,0x0840,0xFFE0,0x1100,0x1100,0x3F80,0x4040,0x4040,0x3F80},{0x7BC0,0x0840,0x0840,0x0840,0xFFE0,0x1100,0x1100,0x7FC0,0x0400,0x1B00,0x60C0},{0x7BC0,0x0840,0x0840,0x0840,0xFFE0,0x1100,0x1500,0x7FC0,0x0400,0x1B00,0x60C0},
{0x7BC0,0x0840,0x0840,0x0840,0xFFE0,0x1100,0x1100,0x7FC0,0x0040,0x7FC0,0x0040},{0x7BC0,0x0840,0x0840,0x0840,0xFFE0,0x1100,0x7FC0,0x4000,0x7FC0,0x4000,0x7FC0},{0x7BC0,0x0840,0x0840,0x0840,0xFFE0,0x1100,0x1100,0x7FC0,0x1100,0x1100,0x7FC0},{0x7BC0,0x0840,0x0840,0x0840,0xFFE0,0x1100,0x1500,0x7FC0,0x1F00,0x2080,0x1F00},
{0x7BC0,0x0840,0x0840,0x0840,0x0840,0x0840,0x1080,0x1080,0x0000,0xFFE0,0x0000},{0x7BC0,0x0840,0x0840,0x0840,0x0000,0xFFE0,0x0000,0x7FC0,0x0040,0x0040,0x0040},{0x7BC0,0x0840,0x0840,0x0840,0x0000,0xFFE0,0x0000,0x7FC0,0x0440,0x0440,0x0440},{0x7BC0,0x0840,0x0840,0x0840,0x0000,0xFFE0,0x0000,0x7900,0x0900,0x0A80,0x0C40},
{0x7BC0,0x0840,0x0840,0x0840,0x0000,0xFFE0,0x0000,0x4000,0x4000,0x4000,0x7FC0},{0x7BC0,0x0840,0x0840,0x0840,0x0000,0xFFE0,0x0000,0x47C0,0x4100,0x4280,0x7C40},{0x7BC0,0x0840,0x0840,0x0840,0x0000,0xFFE0,0x0100,0x47C0,0x4380,0x4440,0x7B80},{0x7BC0,0x0840,0x0840,0x0840,0x0000,0xFFE0,0x0000,0x7FC0,0x4000,0x4000,0x7FC0},
{0x7BC0,0x0840,0x0840,0x0840,0xFFE0,0x0000,0x7FC0,0x0040,0x7FC0,0x4000,0x7FC0},{0x7BC0,0x0840,0x0840,0x0840,0xFFE0,0x0000,0x7BC0,0x0840,0x7840,0x4040,0x7840},{0x7BC0,0x0840,0x0840,0x0840,0xFFE0,0x0000,0x7BC0,0x0A40,0x7A40,0x4240,0x7BC0},{0x7BC0,0x0840,0x0840,0x0840,0xFFE0,0x0000,0x7A40,0x0A40,0x7BC0,0x4240,0x7BC0},
{0x7BC0,0x0840,0x0840,0x0840,0xFFE0,0x0000,0x7900,0x0900,0x7900,0x4280,0x7C40},{0x7BC0,0x0840,0x0840,0x0840,0xFFE0,0x0000,0x7BC0,0x0A00,0x7BC0,0x4200,0x7BC0},{0x7BC0,0x0840,0x0840,0x0840,0xFFE0,0x0000,0x7FC0,0x0A80,0x7A80,0x4280,0x7FC0},{0x7BC0,0x0840,0x0840,0x0840,0xFFE0,0x0000,0x7900,0x0FC0,0x7B80,0x4440,0x7B80},
{0x7BC0,0x0840,0x0840,0x0840,0x0000,0xFFE0,0x0000,0x7FC0,0x4040,0x4040,0x7FC0},{0x7BC0,0x0840,0x0840,0x0840,0x0000,0xFFE0,0x0000,0x4040,0x7FC0,0x4040,0x7FC0},{0x7BC0,0x0840,0x0840,0x0840,0x0000,0xFFE0,0x0000,0x4900,0x7900,0x4A80,0x7C40},{0x7BC0,0x0840,0x0840,0x0840,0x0000,0xFFE0,0x0000,0x0400,0x0400,0x1B00,0x60C0},
{0x7BC0,0x0840,0x0840,0x0840,0x0000,0xFFE0,0x0000,0x1100,0x1100,0x2A80,0x4440},{0x7BC0,0x0840,0x0840,0x0840,0x0000,0xFFE0,0x0000,0x3F80,0x4040,0x4040,0x3F80},{0x7BC0,0x0840,0x0840,0x0840,0x0000,0xFFE0,0x0000,0x7FC0,0x0400,0x1B00,0x60C0},{0x7BC0,0x0840,0x0840,0x0840,0x0000,0xFFE0,0x0000,0x0400,0x7FC0,0x1B00,0x60C0},
{0x7BC0,0x0840,0x0840,0x0840,0x0000,0xFFE0,0x0000,0x7FC0,0x0040,0x7FC0,0x0040},{0x7BC0,0x0840,0x0840,0x0840,0xFFE0,0x0000,0x7FC0,0x4000,0x7FC0,0x4000,0x7FC0},{0x7BC0,0x0840,0x0840,0x0840,0x0000,0xFFE0,0x0000,0x7FC0,0x1100,0x1100,0x7FC0},{0x7BC0,0x0840,0x0840,0x0840,0x0000,0xFFE0,0x0400,0x7FC0,0x1F00,0x2080,0x1F00},
{0xEE40,0x2240,0x2240,0x2240,0x2240,0x2240,0x2240,0x0040,0xFF40,0x0040,0x0040},{0xEE40,0x2240,0x2240,0x2240,0x0040,0xFF40,0x0000,0x7FC0,0x0040,0x0040,0x0040},{0xEE40,0x2240,0x2240,0x2240,0x0040,0xFF40,0x0000,0x7FC0,0x0440,0x0440,0x0440},{0xEE40,0x2240,0x2240,0x2240,0x0040,0xFF40,0x0040,0x7900,0x0900,0x0A80,0x0C40},
{0xEE40,0x2240,0x2240,0x2240,0x0040,0xFF40,0x0040,0x4040,0x4000,0x4000,0x7FC0},{0xEE40,0x2240,0x2240,0x2240,0x0040,0xFF40,0x0000,0x47C0,0x4100,0x4280,0x7C40},{0xEE40,0x2240,0x2240,0x2240,0x0040,0xFF40,0x0100,0x47C0,0x4380,0x4440,0x7B80},{0xEE40,0x2240,0x2240,0x2240,0x0040,0xFF40,0x0000,0x7FC0,0x4000,0x4000,0x7FC0},
{0xEE40,0x2240,0x2240,0x2240,0xFF40,0x0000,0x7FC0,0x0040,0x7FC0,0x4000,0x7FC0},{0xEE40,0x2240,0x2240,0x2240,0xFF40,0x0000,0x7BC0,0x0840,0x7840,0x4040,0x7840},{0xEE40,0x2240,0x2240,0x2240,0xFF40,0x0000,0x7BC0,0x0A40,0x7A40,0x4240,0x7BC0},{0xEE40,0x2240,0x2240,0x2240,0xFF40,0x0000,0x7A40,0x0A40,0x7BC0,0x4240,0x7BC0},
{0xEE40,0x2240,0x2240,0x2240,0xFF40,0x0040,0x7900,0x0900,0x7900,0x4280,0x7C40},{0xEE40,0x2240,0x2240,0x2240,0xFF40,0x0000,0x7BC0,0x0A00,0x7BC0,0x4200,0x7BC0},{0xEE40,0x2240,0x2240,0x2240,0xFF40,0x0000,0x7FC0,0x0A80,0x7A80,0x4280,0x7FC0},{0xEE40,0x2240,0x2240,0x2240,0xFF40,0x0040,0x7900,0x0FC0,0x7B80,0x4440,0x7B80},
{0xEE40,0x2240,0x2240,0x2240,0x0040,0xFF40,0x0000,0x7FC0,0x4040,0x4040,0x7FC0},{0xEE40,0x2240,0x2240,0x2240,0x0040,0xFF40,0x0000,0x4040,0x7FC0,0x4040,0x7FC0},{0xEE40,0x2240,0x2240,0x2240,0x0040,0xFF40,0x0040,0x4900,0x7900,0x4A80,0x7C40},{0xEE40,0x2240,0x2240,0x2240,0x0040,0xFF40,0x0040,0x0440,0x0400,0x1B00,0x60C0},
{0xEE40,0x2240,0x2240,0x2240,0x0040,0xFF40,0x0040,0x1100,0x1100,0x2A80,0x4440},{0xEE40,0x2240,0x2240,0x2240,0x0040,0xFF40,0x0000,0x3F80,0x4040,0x4040,0x3F80},{0xEE40,0x2240,0x2240,0x2240,0x0040,0xFF40,0x0000,0x7FC0,0x0400,0x1B00,0x60C0},{0xEE40,0x2240,0x2240,0x2240,0x0040,0xFF40,0x0000,0x0400,0x7FC0,0x1B00,0x60C0},
{0xEE40,0x2240,0x2240,0x2240,0x0040,0xFF40,0x0000,0x7FC0,0x0040,0x7FC0,0x0040},{0xEE40,0x2240,0x2240,0x2240,0xFF40,0x0000,0x7FC0,0x4000,0x7FC0,0x4000,0x7FC0},{0xEE40,0x2240,0x2240,0x2240,0x0040,0xFF40,0x0000,0x7FC0,0x1100,0x1100,0x7FC0},{0xEE40,0x2240,0x2240,0x2240,0x0040,0xFF40,0x0400,0x7FC0,0x1F00,0x2080,0x1F00},
{0xFE40,0x2240,0x2240,0x2240,0x2240,0x2240,0x4440,0x4440,0x4440,0x8840,0x0040},{0xFE40,0x2240,0x2240,0x4440,0x4440,0x8840,0x0000,0x7FC0,0x0040,0x0040,0x0040},{0xFE40,0x2240,0x2240,0x4440,0x4440,0x8840,0x0000,0x7FC0,0x0440,0x0440,0x0440},{0xFE40,0x2240,0x2240,0x4440,0x4440,0x8840,0x0040,0x7900,0x0900,0x0A80,0x0C40},
{0xFE40,0x2240,0x2240,0x4440,0x4440,0x8840,0x0040,0x4040,0x4000,0x4000,0x7FC0},{0xFE40,0x2240,0x2240,0x4440,0x4440,0x8840,0x0000,0x47C0,0x4100,0x4280,0x7C40},{0xFE40,0x2240,0x2240,0x4440,0x4440,0x8840,0x0100,0x47C0,0x4380,0x4440,0x7B80},{0xFE40,0x2240,0x2240,0x4440,0x4440,0x8840,0x0000,0x7FC0,0x4000,0x4000,0x7FC0},
{0xFE40,0x2240,0x2240,0x4440,0x8840,0x0000,0x7FC0,0x0040,0x7FC0,0x4000,0x7FC0},{0xFE40,0x2240,0x2240,0x4440,0x8840,0x0000,0x7BC0,0x0840,0x7840,0x4040,0x7840},{0xFE40,0x2240,0x2240,0x4440,0x8840,0x0000,0x7BC0,0x0A40,0x7A40,0x4240,0x7BC0},{0xFE40,0x2240,0x2240,0x4440,0x8840,0x0000,0x7A40,0x0A40,0x7BC0,0x4240,0x7BC0},
{0xFE40,0x2240,0x2240,0x4440,0x8840,0x0040,0x7900,0x0900,0x7900,0x4280,0x7C40},{0xFE40,0x2240,0x2240,0x4440,0x8840,0x0000,0x7BC0,0x0A00,0x7BC0,0x4200,0x7BC0},{0xFE40,0x2240,0x2240,0x4440,0x8840,0x0000,0x7FC0,0x0A80,0x7A80,0x4280,0x7FC0},{0xFE40,0x2240,0x2240,0x4440,0x8840,0x0040,0x7900,0x0FC0,0x7B80,0x4440,0x7B80},
{0xFE40,0x2240,0x2240,0x4440,0x4440,0x8840,0x0000,0x7FC0,0x4040,0x4040,0x7FC0},{0xFE40,0x2240,0x2240,0x4440,0x4440,0x8840,0x0000,0x4040,0x7FC0,0x4040,0x7FC0},{0xFE40,0x2240,0x2240,0x4440,0x4440,0x8840,0x0040,0x4900,0x7900,0x4A80,0x7C40},{0xFE40,0x2240,0x2240,0x4440,0x4440,0x8840,0x0040,0x0440,0x0400,0x1B00,0x60C0},
{0xFE40,0x2240,0x2240,0x4440,0x4440,0x8840,0x0040,0x1100,0x1100,0x2A80,0x4440},{0xFE40,0x2240,0x2240,0x4440,0x4440,0x8840,0x0000,0x3F80,0x4040,0x4040,0x3F80},{0xFE40,0x2240,0x2240,0x4440,0x4440,0x8840,0x0000,0x7FC0,0x0400,0x1B00,0x60C0},{0xFE40,0x2240,0x2240,0x4440,0x4440,0x8840,0x0040,0x0400,0x7FC0,0x1B00,0x60C0},
{0xFE40,0x2240,0x2240,0x4440,0x4440,0x8840,0x0000,0x7FC0,0x0040,0x7FC0,0x0040},{0xFE40,0x2240,0x2240,0x4440,0x8840,0x0000,0x7FC0,0x4000,0x7FC0,0x4000,0x7FC0},{0xFE40,0x2240,0x2240,0x4440,0x4440,0x8840,0x0000,0x7FC0,0x1100,0x1100,0x7FC0},{0xFE40,0x2240,0x2240,0x4440,0x4440,0x8840,0x0400,0x7FC0,0x1F00,0x2080,0x1F00},
{0x8040,0x8040,0x8040,0x8040,0x8040,0x8060,0x8040,0x8040,0x8040,0xFE40,0x0040},{0x8040,0x8040,0x8060,0x8040,0x8040,0xFE40,0x0000,0x7FC0,0x0040,0x0040,0x0040},{0x8040,0x8040,0x8060,0x8040,0x8040,0xFE40,0x0000,0x7FC0,0x0440,0x0440,0x0440},{0x8040,0x8040,0x8040,0x8060,0x8040,0xFE40,0x0040,0x7900,0x0900,0x0A80,0x0C40},
{0x8040,0x8040,0x8040,0x8060,0x8040,0xFE40,0x0040,0x4040,0x4000,0x4000,0x7FC0},{0x8040,0x8040,0x8060,0x8040,0x8040,0xFE40,0x0000,0x47C0,0x4100,0x4280,0x7C40},{0x8040,0x8040,0x8060,0x8040,0x8040,0xFE40,0x0100,0x47C0,0x4380,0x4440,0x7B80},{0x8040,0x8040,0x8060,0x8040,0x8040,0xFE40,0x0000,0x7FC0,0x4000,0x4000,0x7FC0},
{0x8040,0x8040,0x8060,0x8040,0xFE40,0x0000,0x7FC0,0x0040,0x7FC0,0x4000,0x7FC0},{0x8040,0x8040,0x8060,0x8040,0xFE40,0x0000,0x7BC0,0x0840,0x7840,0x4040,0x7840},{0x8040,0x8040,0x8060,0x8040,0xFE40,0x0000,0x7BC0,0x0A40,0x7A40,0x4240,0x7BC0},{0x8040,0x8040,0x8060,0x8040,0xFE40,0x0000,0x7A40,0x0A40,0x7BC0,0x4240,0x7BC0},
{0x8040,0x8040,0x8060,0x8040,0xFE40,0x0040,0x7900,0x0900,0x7900,0x4280,0x7C40},{0x8040,0x8040,0x8060,0x8040,0xFE40,0x0000,0x7BC0,0x0A00,0x7BC0,0x4200,0x7BC0},{0x8040,0x8040,0x8060,0x8040,0xFE40,0x0000,0x7FC0,0x0A80,0x7A80,0x4280,0x7FC0},{0x8040,0x8040,0x8060,0x8040,0xFE40,0x0040,0x7900,0x0FC0,0x7B80,0x4440,0x7B80},
{0x8040,0x8040,0x8060,0x8040,0x8040,0xFE40,0x0000,0x7FC0,0x4040,0x4040,0x7FC0},{0x8040,0x8040,0x8060,0x8040,0x8040,0xFE40,0x0000,0x4040,0x7FC0,0x4040,0x7FC0},{0x8040,0x8040,0x8040,0x8060,0x8040,0xFE40,0x0040,0x4900,0x7900,0x4A80,0x7C40},{0x8040,0x8040,0x8040,0x8060,0x8040,0xFE40,0x0040,0x0440,0x0400,0x1B00,0x60C0},
{0x8040,0x8040,0x8060,0x8040,0x8040,0xFE40,0x0040,0x1100,0x1100,0x2A80,0x4440},{0x8040,0x8040,0x8060,0x8040,0x8040,0xFE40,0x0000,0x3F80,0x4040,0x4040,0x3F80},{0x8040,0x8040,0x8060,0x8040,0x8040,0xFE40,0x0000,0x7FC0,0x0400,0x1B00,0x60C0},{0x8040,0x8040,0x8040,0x8060,0x8040,0xFE40,0x0040,0x0400,0x7FC0,0x1B00,0x60C0},
{0x8040,0x8040,0x8060,0x8040,0x8040,0xFE40,0x0000,0x7FC0,0x0040,0x7FC0,0x0040},{0x8040,0x8040,0x8060,0x8040,0xFE40,0x0000,0x7FC0,0x4000,0x7FC0,0x4000,0x7FC0},{0x8040,0x8040,0x8060,0x8040,0x8040,0xFE40,0x0000,0x7FC0,0x1100,0x1100,0x7FC0},{0x8040,0x8040,0x8060,0x8040,0x8040,0xFE40,0x0400,0x7FC0,0x1F00,0x2080,0x1F00},
{0x8140,0x8140,0x8140,0x8140,0x8140,0x81C0,0x8140,0x8140,0x8140,0xFD40,0x0140},{0x8140,0x8140,0x81C0,0x8140,0x8140,0xFD40,0x0000,0x7FC0,0x0040,0x0040,0x0040},{0x8140,0x8140,0x81C0,0x8140,0x8140,0xFD40,0x0000,0x7FC0,0x0440,0x0440,0x0440},{0x8140,0x8140,0x81C0,0x8140,0x8140,0xFD40,0x0000,0x7900,0x0900,0x0A80,0x0C40},
{0x8140,0x8140,0x8140,0x81C0,0x8140,0xFD40,0x0140,0x4140,0x4000,0x4000,0x7FC0},{0x8140,0x8140,0x81C0,0x8140,0x8140,0xFD40,0x0000,0x47C0,0x4100,0x4280,0x7C40},{0x8140,0x8140,0x81C0,0x8140,0x8140,0xFD40,0x0100,0x47C0,0x4380,0x4440,0x7B80},{0x8140,0x8140,0x81C0,0x8140,0x8140,0xFD40,0x0000,0x7FC0,0x4000,0x4000,0x7FC0},
{0x8140,0x8140,0x81C0,0x8140,0xFD40,0x0000,0x7FC0,0x0040,0x7FC0,0x4000,0x7FC0},{0x8140,0x8140,0x81C0,0x8140,0xFD40,0x0000,0x7BC0,0x0840,0x7840,0x4040,0x7840},{0x8140,0x8140,0x81C0,0x8140,0xFD40,0x0000,0x7BC0,0x0A40,0x7A40,0x4240,0x7BC0},{0x8140,0x8140,0x81C0,0x8140,0xFD40,0x0000,0x7A40,0x0A40,0x7BC0,0x4240,0x7BC0},
{0x8140,0x8140,0x81C0,0x8140,0xFD40,0x0000,0x7900,0x0900,0x7900,0x4280,0x7C40},{0x8140,0x8140,0x81C0,0x8140,0xFD40,0x0000,0x7BC0,0x0A00,0x7BC0,0x4200,0x7BC0},{0x8140,0x8140,0x81C0,0x8140,0xFD40,0x0000,0x7FC0,0x0A80,0x7A80,0x4280,0x7FC0},{0x8140,0x8140,0x81C0,0x8140,0xFD40,0x0000,0x7900,0x0FC0,0x7B80,0x4440,0x7B80},
{0x8140,0x8140,0x81C0,0x8140,0x8140,0xFD40,0x0000,0x7FC0,0x4040,0x4040,0x7FC0},{0x8140,0x8140,0x81C0,0x8140,0x8140,0xFD40,0x0000,0x4040,0x7FC0,0x4040,0x7FC0},{0x8140,0x8140,0x81C0,0x8140,0x8140,0xFD40,0x0000,0x4900,0x7900,0x4A80,0x7C40},{0x8140,0x8140,0x8140,0x81C0,0x8140,0xFD40,0x0140,0x0540,0x0400,0x1B00,0x60C0},
{0x8140,0x8140,0x81C0,0x8140,0x8140,0xFD40,0x0000,0x1100,0x1100,0x2A80,0x4440},{0x8140,0x8140,0x81C0,0x8140,0x8140,0xFD40,0x0000,0x3F80,0x4040,0x4040,0x3F80},{0x8140,0x8140,0x81C0,0x8140,0x8140,0xFD40,0x0000,0x7FC0,0x0400,0x1B00,0x60C0},{0x8140,0x8140,0x81C0,0x8140,0x8140,0xFD40,0x0140,0x0400,0x7FC0,0x1B00,0x60C0},
{0x8140,0x8140,0x81C0,0x8140,0x8140,0xFD40,0x0000,0x7FC0,0x0040,0x7FC0,0x0040},{0x8140,0x8140,0x81C0,0x8140,0xFD40,0x0000,0x7FC0,0x4000,0x7FC0,0x4000,0x7FC0},{0x8140,0x8140,0x81C0,0x8140,0x8140,0xFD40,0x0000,0x7FC0,0x1100,0x1100,0x7FC0},{0x8140,0x8140,0x81C0,0x8140,0x8140,0xFD40,0x0400,0x7FC0,0x1F00,0x2080,0x1F00},
{0x8040,0x8040,0x8040,0x8060,0x8040,0x8040,0x8040,0x8060,0x8040,0xFE40,0x0040},{0x8040,0x8060,0x8040,0x8060,0x8040,0xFE40,0x0000,0x7FC0,0x0040,0x0040,0x0040},{0x8040,0x8060,0x8040,0x8060,0x8040,0xFE40,0x0000,0x7FC0,0x0440,0x0440,0x0440},{0x8040,0x8060,0x8040,0x8060,0x8040,0xFE40,0x0040,0x7900,0x0900,0x0A80,0x0C40},
{0x8040,0x8040,0x8060,0x8040,0x8060,0xFE40,0x0040,0x4040,0x4000,0x4000,0x7FC0},{0x8040,0x8060,0x8040,0x8060,0x8040,0xFE40,0x0000,0x47C0,0x4100,0x4280,0x7C40},{0x8040,0x8060,0x8040,0x8060,0x8040,0xFE40,0x0100,0x47C0,0x4380,0x4440,0x7B80},{0x8040,0x8060,0x8040,0x8060,0x8040,0xFE40,0x0000,0x7FC0,0x4000,0x4000,0x7FC0},
{0x8040,0x8060,0x8040,0x8060,0xFE40,0x0000,0x7FC0,0x0040,0x7FC0,0x4000,0x7FC0},{0x8040,0x8060,0x8040,0x8060,0xFE40,0x0000,0x7BC0,0x0840,0x7840,0x4040,0x7840},{0x8040,0x8060,0x8040,0x8060,0xFE40,0x0000,0x7BC0,0x0A40,0x7A40,0x4240,0x7BC0},{0x8040,0x8060,0x8040,0x8060,0xFE40,0x0000,0x7A40,0x0A40,0x7BC0,0x4240,0x7BC0},
{0x8040,0x8060,0x8040,0x8060,0xFE40,0x0040,0x7900,0x0900,0x7900,0x4280,0x7C40},{0x8040,0x8060,0x8040,0x8060,0xFE40,0x0000,0x7BC0,0x0A00,0x7BC0,0x4200,0x7BC0},{0x8040,0x8060,0x8040,0x8060,0xFE40,0x0000,0x7FC0,0x0A80,0x7A80,0x4280,0x7FC0},{0x8040,0x8060,0x8040,0x8060,0xFE40,0x0040,0x7900,0x0FC0,0x7B80,0x4440,0x7B80},
{0x8040,0x8060,0x8040,0x8060,0x8040,0xFE40,0x0000,0x7FC0,0x4040,0x4040,0x7FC0},{0x8040,0x8060,0x8040,0x8060,0x8040,0xFE40,0x0000,0x4040,0x7FC0,0x4040,0x7FC0},{0x8040,0x8060,0x8040,0x8060,0x8040,0xFE40,0x0040,0x4900,0x7900,0x4A80,0x7C40},{0x8040,0x8040,0x8060,0x8040,0x8060,0xFE40,0x0040,0x0440,0x0400,0x1B00,0x60C0},
{0x8040,0x8060,0x8040,0x8060,0x8040,0xFE40,0x0040,0x1100,0x1100,0x2A80,0x4440},{0x8040,0x8060,0x8040,0x8060,0x8040,0xFE40,0x0000,0x3F80,0x4040,0x4040,0x3F80},{0x8040,0x8060,0x8040,0x8060,0x8040,0xFE40,0x0000,0x7FC0,0x0400,0x1B00,0x60C0},{0x8040,0x8060,0x8040,0x8060,0x8040,0xFE40,0x0040,0x0400,0x7FC0,0x1B00,0x60C0},
{0x8040,0x8060,0x8040,0x8060,0x8040,0xFE40,0x0000,0x7FC0,0x0040,0x7FC0,0x0040},{0x8040,0x8060,0x8040,0x8060,0xFE40,0x0000,0x7FC0,0x4000,0x7FC0,0x4000,0x7FC0},{0x8040,0x8060,0x8040,0x8060,0x8040,0xFE40,0x0000,0x7FC0,0x1100,0x1100,0x7FC0},{0x8040,0x8060,0x8040,0x8060,0x8040,0xFE40,0x0400,0x7FC0,0x1F00,0x2080,0x1F00},
{0x8140,0x8140,0x8140,0x81C0,0x8140,0x8140,0x8140,0x81C0,0x8140,0xFD40,0x0140},{0x8140,0x81C0,0x8140,0x81C0,0x8140,0xFD40,0x0000,0x7FC0,0x0040,0x0040,0x0040},{0x8140,0x81C0,0x8140,0x81C0,0x8140,0xFD40,0x0000,0x7FC0,0x0440,0x0440,0x0440},{0x8140,0x81C0,0x8140,0x81C0,0x8140,0xFD40,0x0000,0x7900,0x0900,0x0A80,0x0C40},
{0x8140,0x8140,0x81C0,0x8140,0x81C0,0xFD40,0x0140,0x4140,0x4000,0x4000,0x7FC0},{0x8140,0x81C0,0x8140,0x81C0,0x8140,0xFD40,0x0000,0x47C0,0x4100,0x4280,0x7C40},{0x8140,0x81C0,0x8140,0x81C0,0x8140,0xFD40,0x0100,0x47C0,0x4380,0x4440,0x7B80},{0x8140,0x81C0,0x8140,0x81C0,0x8140,0xFD40,0x0000,0x7FC0,0x4000,0x4000,0x7FC0},
{0x8140,0x81C0,0x8140,0x81C0,0xFD40,0x0000,0x7FC0,0x0040,0x7FC0,0x4000,0x7FC0},{0x8140,0x81C0,0x8140,0x81C0,0xFD40,0x0000,0x7BC0,0x0840,0x7840,0x4040,0x7840},{0x8140,0x81C0,0x8140,0x81C0,0xFD40,0x0000,0x7BC0,0x0A40,0x7A40,0x4240,0x7BC0},{0x8140,0x81C0,0x8140,0x81C0,0xFD40,0x0000,0x7A40,0x0A40,0x7BC0,0x4240,0x7BC0},
{0x8140,0x81C0,0x8140,0x81C0,0xFD40,0x0000,0x7900,0x0900,0x7900,0x4280,0x7C40},{0x8140,0x81C0,0x8140,0x81C0,0xFD40,0x0000,0x7BC0,0x0A00,0x7BC0,0x4200,0x7BC0},{0x8140,0x81C0,0x8140,0x81C0,0xFD40,0x0000,0x7FC0,0x0A80,0x7A80,0x4280,0x7FC0},{0x8140,0x81C0,0x8140,0x81C0,0xFD40,0x0000,0x7900,0x0FC0,0x7B80,0x4440,0x7B80},
{0x8140,0x81C0,0x8140,0x81C0,0x8140,0xFD40,0x0000,0x7FC0,0x4040,0x4040,0x7FC0},{0x8140,0x81C0,0x8140,0x81C0,0x8140,0xFD40,0x0000,0x4040,0x7FC0,0x4040,0x7FC0},{0x8140,0x81C0,0x8140,0x81C0,0x8140,0xFD40,0x0000,0x4900,0x7900,0x4A80,0x7C40},{0x8140,0x8140,0x81C0,0x8140,0x81C0,0xFD40,0x0140,0x0540,0x0400,0x1B00,0x60C0},
{0x8140,0x81C0,0x8140,0x81C0,0x8140,0xFD40,0x0000,0x1100,0x1100,0x2A80,0x4440},{0x8140,0x81C0,0x8140,0x81C0,0x8140,0xFD40,0x0000,0x3F80,0x4040,0x4040,0x3F80},{0x8140,0x81C0,0x8140,0x81C0,0x8140,0xFD40,0x0000,0x7FC0,0x0400,0x1B00,0x60C0},{0x8140,0x81C0,0x8140,0x81C0,0x8140,0xFD40,0x0140,0x0400,0x7FC0,0x1B00,0x60C0},
{0x8140,0x81C0,0x8140,0x81C0,0x8140,0xFD40,0x0000,0x7FC0,0x0040,0x7FC0,0x0040},{0x8140,0x81C0,0x8140,0x81C0,0xFD40,0x0000,0x7FC0,0x4000,0x7FC0,0x4000,0x7FC0},{0x8140,0x81C0,0x8140,0x81C0,0x8140,0xFD40,0x0000,0x7FC0,0x1100,0x1100,0x7FC0},{0x8140,0x81C0,0x8140,0x81C0,0x8140,0xFD40,0x0400,0x7FC0,0x1F00,0x2080,0x1F00},
{0x8040,0x8040,0x8040,0x8040,0x87C0,0x8040,0x8040,0x8040,0x8040,0xFE40,0x0040},{0x8040,0x8040,0x87C0,0x8040,0x8040,0xFE40,0x0000,0x7FC0,0x0040,0x0040,0x0040},{0x8040,0x8040,0x87C0,0x8040,0x8040,0xFE40,0x0000,0x7FC0,0x0440,0x0440,0x0440},{0x8040,0x8040,0x87C0,0x8040,0x8040,0xFE40,0x0040,0x7900,0x0900,0x0A80,0x0C40},
{0x8040,0x8040,0x87C0,0x8040,0x8040,0xFE40,0x0040,0x4040,0x4000,0x4000,0x7FC0},{0x8040,0x8040,0x87C0,0x8040,0x8040,0xFE40,0x0000,0x47C0,0x4100,0x4280,0x7C40},{0x8040,0x8040,0x87C0,0x8040,0x8040,0xFE40,0x0100,0x47C0,0x4380,0x4440,0x7B80},{0x8040,0x8040,0x87C0,0x8040,0x8040,0xFE40,0x0000,0x7FC0,0x4000,0x4000,0x7FC0},
{0x8040,0x8040,0x87C0,0x8040,0xFE40,0x0000,0x7FC0,0x0040,0x7FC0,0x4000,0x7FC0},{0x8040,0x8040,0x87C0,0x8040,0xFE40,0x0000,0x7BC0,0x0840,0x7840,0x4040,0x7840},{0x8040,0x8040,0x87C0,0x8040,0xFE40,0x0000,0x7BC0,0x0A40,0x7A40,0x4240,0x7BC0},{0x8040,0x8040,0x87C0,0x8040,0xFE40,0x0000,0x7A40,0x0A40,0x7BC0,0x4240,0x7BC0},
{0x8040,0x8040,0x87C0,0x8040,0xFE40,0x0040,0x7900,0x0900,0x7900,0x4280,0x7C40},{0x8040,0x8040,0x87C0,0x8040,0xFE40,0x0000,0x7BC0,0x0A00,0x7BC0,0x4200,0x7BC0},{0x8040,0x8040,0x87C0,0x8040,0xFE40,0x0000,0x7FC0,0x0A80,0x7A80,0x4280,0x7FC0},{0x8040,0x8040,0x87C0,0x8040,0xFE40,0x0040,0x7900,0x0FC0,0x7B80,0x4440,0x7B80},
{0x8040,0x8040,0x87C0,0x8040,0x8040,0xFE40,0x0000,0x7FC0,0x4040,0x4040,0x7FC0},{0x8040,0x8040,0x87C0,0x8040,0x8040,0xFE40,0x0000,0x4040,0x7FC0,0x4040,0x7FC0},{0x8040,0x8040,0x87C0,0x8040,0x8040,0xFE40,0x0040,0x4900,0x7900,0x4A80,0x7C40},{0x8040,0x8040,0x87C0,0x8040,0x8040,0xFE40,0x0040,0x0440,0x0400,0x1B00,0x60C0},
{0x8040,0x8040,0x87C0,0x8040,0x8040,0xFE40,0x0040,0x1100,0x1100,0x2A80,0x4440},{0x8040,0x8040,0x87C0,0x8040,0x8040,0xFE40,0x0000,0x3F80,0x4040,0x4040,0x3F80},{0x8040,0x8040,0x87C0,0x8040,0x8040,0xFE40,0x0000,0x7FC0,0x0400,0x1B00,0x60C0},{0x8040,0x8040,0x87C0,0x8040,0x8040,0xFE40,0x0040,0x0400,0x7FC0,0x1B00,0x60C0},
{0x8040,0x8040,0x87C0,0x8040,0x8040,0xFE40,0x0000,0x7FC0,0x0040,0x7FC0,0x0040},{0x8040,0x8040,0x87C0,0x8040,0xFE40,0x0000,0x7FC0,0x4000,0x7FC0,0x4000,0x7FC0},{0x8040,0x8040,0x87C0,0x8040,0x8040,0xFE40,0x0000,0x7FC0,0x1100,0x1100,0x7FC0},{0x8040,0x8040,0x87C0,0x8040,0x8040,0xFE40,0x0400,0x7FC0,0x1F00,0x2080,0x1F00},
{0x8140,0x8140,0x8140,0x8140,0x8F40,0x8140,0x8140,0x8140,0x8140,0xFD40,0x0140},{0x8140,0x8140,0x8F40,0x8140,0x8140,0xF940,0x0000,0x7FC0,0x0040,0x0040,0x0040},{0x8140,0x8140,0x8F40,0x8140,0x8140,0xF940,0x0000,0x7FC0,0x0440,0x0440,0x0440},{0x8140,0x8140,0x8F40,0x8140,0x8140,0xF940,0x0000,0x7900,0x0900,0x0A80,0x0C40},
{0x8140,0x8140,0x8F40,0x8140,0x8140,0xF940,0x0140,0x4140,0x4000,0x4000,0x7FC0},{0x8140,0x8140,0x8F40,0x8140,0x8140,0xF940,0x0000,0x47C0,0x4100,0x4280,0x7C40},{0x8140,0x8140,0x8F40,0x8140,0x8140,0xF940,0x0100,0x47C0,0x4380,0x4440,0x7B80},{0x8140,0x8140,0x8F40,0x8140,0x8140,0xF940,0x0000,0x7FC0,0x4000,0x4000,0x7FC0},
{0x8140,0x8140,0x8F40,0x8140,0xF940,0x0000,0x7FC0,0x0040,0x7FC0,0x4000,0x7FC0},{0x8140,0x8140,0x8F40,0x8140,0xF940,0x0000,0x7BC0,0x0840,0x7840,0x4040,0x7840},{0x8140,0x8140,0x8F40,0x8140,0xF940,0x0000,0x7BC0,0x0A40,0x7A40,0x4240,0x7BC0},{0x8140,0x8140,0x8F40,0x8140,0xF940,0x0000,0x7A40,0x0A40,0x7BC0,0x4240,0x7BC0},
{0x8140,0x8140,0x8F40,0x8140,0xF940,0x0000,0x7900,0x0900,0x7900,0x4280,0x7C40},{0x8140,0x8140,0x8F40,0x8140,0xF940,0x0000,0x7BC0,0x0A00,0x7BC0,0x4200,0x7BC0},{0x8140,0x8140,0x8F40,0x8140,0xF940,0x0000,0x7FC0,0x0A80,0x7A80,0x4280,0x7FC0},{0x8140,0x8140,0x8F40,0x8140,0xF940,0x0000,0x7900,0x0FC0,0x7B80,0x4440,0x7B80},
{0x8140,0x8140,0x8F40,0x8140,0x8140,0xF940,0x0000,0x7FC0,0x4040,0x4040,0x7FC0},{0x8140,0x8140,0x8F40,0x8140,0x8140,0xF940,0x0000,0x4040,0x7FC0,0x4040,0x7FC0},{0x8140,0x8140,0x8F40,0x8140,0x8140,0xF940,0x0000,0x4900,0x7900,0x4A80,0x7C40},{0x8140,0x8140,0x8F40,0x8140,0x8140,0xF940,0x0140,0x0540,0x0400,0x1B00,0x60C0},
{0x8140,0x8140,0x8F40,0x8140,0x8140,0xF940,0x0000,0x1100,0x1100,0x2A80,0x4440},{0x8140,0x8140,0x8F40,0x8140,0x8140,0xF940,0x0000,0x3F80,0x4040,0x4040,0x3F80},{0x8140,0x8140,0x8F40,0x8140,0x8140,0xF940,0x0000,0x7FC0,0x0400,0x1B00,0x60C0},{0x8140,0x8140,0x8F40,0x8140,0x8140,0xF940,0x0140,0x0400,0x7FC0,0x1B00,0x60C0},
{0x8140,0x8140,0x8F40,0x8140,0x8140,0xF940,0x0000,0x7FC0,0x0040,0x7FC0,0x0040},{0x8140,0x8140,0x8F40,0x8140,0xF940,0x0000,0x7FC0,0x4000,0x7FC0,0x4000,0x7FC0},{0x8140,0x8140,0x8F40,0x8140,0x8140,0xF940,0x0000,0x7FC0,0x1100,0x1100,0x7FC0},{0x8140,0x8140,0x8F40,0x8140,0x8140,0xF940,0x0400,0x7FC0,0x1F00,0x2080,0x1F00},
{0x8040,0x8040,0x8040,0x87C0,0x8040,0x8040,0x87C0,0x8040,0x8040,0xFE40,0x0040},{0x8040,0x83C0,0x8040,0x83C0,0x8040,0xFE40,0x0000,0x7FC0,0x0040,0x0040,0x0040},{0x8040,0x83C0,0x8040,0x83C0,0x8040,0xFE40,0x0000,0x7FC0,0x0440,0x0440,0x0440},{0x8040,0x83C0,0x8040,0x83C0,0x8040,0xFE40,0x0040,0x7900,0x0900,0x0A80,0x0C40},
{0x8040,0x83C0,0x8040,0x83C0,0x8040,0xFE40,0x0040,0x4040,0x4000,0x4000,0x7FC0},{0x8040,0x83C0,0x8040,0x83C0,0x8040,0xFE40,0x0000,0x47C0,0x4100,0x4280,0x7C40},{0x8040,0x83C0,0x8040,0x83C0,0x8040,0xFE40,0x0100,0x47C0,0x4380,0x4440,0x7B80},{0x8040,0x83C0,0x8040,0x83C0,0x8040,0xFE40,0x0000,0x7FC0,0x4000,0x4000,0x7FC0},
{0x8040,0x83C0,0x8040,0x83C0,0xFC40,0x0000,0x7FC0,0x0040,0x7FC0,0x4000,0x7FC0},{0x8040,0x83C0,0x8040,0x83C0,0xFC40,0x0000,0x7BC0,0x0840,0x7840,0x4040,0x7840},{0x8040,0x83C0,0x8040,0x83C0,0xFC40,0x0000,0x7BC0,0x0A40,0x7A40,0x4240,0x7BC0},{0x8040,0x83C0,0x8040,0x83C0,0xFC40,0x0000,0x7A40,0x0A40,0x7BC0,0x4240,0x7BC0},
{0x8040,0x83C0,0x8040,0x83C0,0xFC40,0x0040,0x7900,0x0900,0x7900,0x4280,0x7C40},{0x8040,0x83C0,0x8040,0x83C0,0xFC40,0x0000,0x7BC0,0x0A00,0x7BC0,0x4200,0x7BC0},{0x8040,0x83C0,0x8040,0x83C0,0xFC40,0x0000,0x7FC0,0x0A80,0x7A80,0x4280,0x7FC0},{0x8040,0x83C0,0x8040,0x83C0,0xFC40,0x0000,0x7900,0x0FC0,0x7B80,0x4440,0x7B80},
{0x8040,0x83C0,0x8040,0x83C0,0x8040,0xFE40,0x0000,0x7FC0,0x4040,0x4040,0x7FC0},{0x8040,0x83C0,0x8040,0x83C0,0x8040,0xFE40,0x0000,0x4040,0x7FC0,0x4040,0x7FC0},{0x8040,0x83C0,0x8040,0x83C0,0x8040,0xFE40,0x0040,0x4900,0x7900,0x4A80,0x7C40},{0x8040,0x83C0,0x8040,0x83C0,0x8040,0xFE40,0x0040,0x0440,0x0400,0x1B00,0x60C0},
{0x8040,0x83C0,0x8040,0x83C0,0x8040,0xFE40,0x0040,0x1100,0x1100,0x2A80,0x4440},{0x8040,0x83C0,0x8040,0x83C0,0x8040,0xFE40,0x0000,0x3F80,0x4040,0x4040,0x3F80},{0x8040,0x83C0,0x8040,0x83C0,0x8040,0xFE40,0x0000,0x7FC0,0x0400,0x1B00,0x60C0},{0x8040,0x83C0,0x8040,0x83C0,0x8040,0xFE40,0x0040,0x0400,0x7FC0,0x1B00,0x60C0},
{0x8040,0x83C0,0x8040,0x83C0,0x8040,0xFE40,0x0000,0x7FC0,0x0040,0x7FC0,0x0040},{0x8040,0x83C0,0x8040,0x83C0,0xFC40,0x0000,0x7FC0,0x4000,0x7FC0,0x4000,0x7FC0},{0x8040,0x83C0,0x8040,0x83C0,0x8040,0xFE40,0x0000,0x7FC0,0x1100,0x1100,0x7FC0},{0x8040,0x83C0,0x8040,0x83C0,0x8040,0xFE40,0x0400,0x7FC0,0x1F00,0x2080,0x1F00},
{0x8140,0x8140,0x8140,0x8F40,0x8140,0x8140,0x8F40,0x8140,0x8140,0xFD40,0x0140},{0x8140,0x8F40,0x8140,0x8F40,0x8140,0xF940,0x0000,0x7FC0,0x0040,0x0040,0x0040},{0x8140,0x8F40,0x8140,0x8F40,0x8140,0xF940,0x0000,0x7FC0,0x0440,0x0440,0x0440},{0x8140,0x8F40,0x8140,0x8F40,0x8140,0xF940,0x0000,0x7900,0x0900,0x0A80,0x0C40},
{0x8140,0x8F40,0x8140,0x8F40,0x8140,0xF940,0x0140,0x4140,0x4000,0x4000,0x7FC0},{0x8140,0x8F40,0x8140,0x8F40,0x8140,0xF940,0x0000,0x47C0,0x4100,0x4280,0x7C40},{0x8140,0x8F40,0x8140,0x8F40,0x8140,0xF940,0x0100,0x47C0,0x4380,0x4440,0x7B80},{0x8140,0x8F40,0x8140,0x8F40,0x8140,0xF940,0x0000,0x7FC0,0x4000,0x4000,0x7FC0},
{0x8140,0x8740,0x8140,0x8740,0xF940,0x0000,0x7FC0,0x0040,0x7FC0,0x4000,0x7FC0},{0x8140,0x8740,0x8140,0x8740,0xF940,0x0000,0x7BC0,0x0840,0x7840,0x4040,0x7840},{0x8140,0x8740,0x8140,0x8740,0xF940,0x0000,0x7BC0,0x0A40,0x7A40,0x4240,0x7BC0},{0x8140,0x8740,0x8140,0x8740,0xF940,0x0000,0x7A40,0x0A40,0x7BC0,0x4240,0x7BC0},
{0x8140,0x8740,0x8140,0x8740,0xF940,0x0000,0x7900,0x0900,0x7900,0x4280,0x7C40},{0x8140,0x8740,0x8140,0x8740,0xF940,0x0000,0x7BC0,0x0A00,0x7BC0,0x4200,0x7BC0},{0x8140,0x8740,0x8140,0x8740,0xF940,0x0000,0x7FC0,0x0A80,0x7A80,0x4280,0x7FC0},{0x8140,0x8740,0x8140,0x8740,0xF940,0x0000,0x7900,0x0FC0,0x7B80,0x4440,0x7B80},
{0x8140,0x8F40,0x8140,0x8F40,0x8140,0xF940,0x0000,0x7FC0,0x4040,0x4040,0x7FC0},{0x8140,0x8F40,0x8140,0x8F40,0x8140,0xF940,0x0000,0x4040,0x7FC0,0x4040,0x7FC0},{0x8140,0x8F40,0x8140,0x8F40,0x8140,0xF940,0x0000,0x4900,0x7900,0x4A80,0x7C40},{0x8140,0x8F40,0x8140,0x8F40,0x8140,0xF940,0x0140,0x0540,0x0400,0x1B00,0x60C0},
{0x8140,0x8F40,0x8140,0x8F40,0x8140,0xF940,0x0000,0x1100,0x1100,0x2A80,0x4440},{0x8140,0x8F40,0x8140,0x8F40,0x8140,0xF940,0x0000,0x3F80,0x4040,0x4040,0x3F80},{0x8140,0x8F40,0x8140,0x8F40,0x8140,0xF940,0x0000,0x7FC0,0x0400,0x1B00,0x60C0},{0x8140,0x8F40,0x8140,0x8F40,0x8140,0xF940,0x0140,0x0400,0x7FC0,0x1B00,0x60C0},
{0x8140,0x8F40,0x8140,0x8F40,0x8140,0xF940,0x0000,0x7FC0,0x0040,0x7FC0,0x0040},{0x8140,0x8740,0x8140,0x8740,0xF940,0x0000,0x7FC0,0x4000,0x7FC0,0x4000,0x7FC0},{0x8140,0x8F40,0x8140,0x8F40,0x8140,0xF940,0x0000,0x7FC0,0x1100,0x1100,0x7FC0},{0x8140,0x8F40,0x8140,0x8F40,0x8140,0xF940,0x0400,0x7FC0,0x1F00,0x2080,0x1F00},
{0x4000,0x4000,0x4000,0x4000,0x4000,0x4000,0x7FC0,0x0400,0x0400,0xFFE0,0x0000},{0x4000,0x4000,0x4000,0x7FC0,0x0400,0xFFE0,0x0000,0x7FC0,0x0040,0x0040,0x0040},{0x4000,0x4000,0x4000,0x7FC0,0x0400,0xFFE0,0x0000,0x7FC0,0x0440,0x0440,0x0440},{0x4000,0x4000,0x4000,0x7FC0,0x0400,0xFFE0,0x0000,0x7900,0x0900,0x0A80,0x0C40},
{0x4000,0x4000,0x4000,0x7FC0,0x0400,0xFFE0,0x0000,0x4000,0x4000,0x4000,0x7FC0},{0x4000,0x4000,0x4000,0x7FC0,0x0400,0xFFE0,0x0000,0x47C0,0x4100,0x4280,0x7C40},{0x4000,0x4000,0x4000,0x7FC0,0x0400,0xFFE0,0x0100,0x47C0,0x4380,0x4440,0x7B80},{0x4000,0x4000,0x4000,0x7FC0,0x0400,0xFFE0,0x0000,0x7FC0,0x4000,0x4000,0x7FC0},
{0x4000,0x4000,0x7FC0,0x0400,0xFFE0,0x0000,0x7FC0,0x0040,0x7FC0,0x4000,0x7FC0},{0x4000,0x4000,0x7FC0,0x0400,0xFFE0,0x0000,0x7BC0,0x0840,0x7840,0x4040,0x7840},{0x4000,0x4000,0x7FC0,0x0400,0xFFE0,0x0000,0x7BC0,0x0A40,0x7A40,0x4240,0x7BC0},{0x4000,0x4000,0x7FC0,0x0400,0xFFE0,0x0000,0x7A40,0x0A40,0x7BC0,0x4240,0x7BC0},
{0x4000,0x4000,0x7FC0,0x0400,0xFFE0,0x0000,0x7900,0x0900,0x7900,0x4280,0x7C40},{0x4000,0x4000,0x7FC0,0x0400,0xFFE0,0x0000,0x7BC0,0x0A00,0x7BC0,0x4200,0x7BC0},{0x4000,0x4000,0x7FC0,0x0400,0xFFE0,0x0000,0x7FC0,0x0A80,0x7A80,0x4280,0x7FC0},{0x4000,0x4000,0x7FC0,0x0400,0xFFE0,0x0000,0x7900,0x0FC0,0x7B80,0x4440,0x7B80},
{0x4000,0x4000,0x4000,0x7FC0,0x0400,0xFFE0,0x0000,0x7FC0,0x4040,0x4040,0x7FC0},{0x4000,0x4000,0x4000,0x7FC0,0x0400,0xFFE0,0x0000,0x4040,0x7FC0,0x4040,0x7FC0},{0x4000,0x4000,0x4000,0x7FC0,0x0400,0xFFE0,0x0000,0x4900,0x7900,0x4A80,0x7C40},{0x4000,0x4000,0x4000,0x7FC0,0x0400,0xFFE0,0x0000,0x0400,0x0400,0x1B00,0x60C0},
{0x4000,0x4000,0x4000,0x7FC0,0x0400,0xFFE0,0x0000,0x1100,0x1100,0x2A80,0x4440},{0x4000,0x4000,0x4000,0x7FC0,0x0400,0xFFE0,0x0000,0x3F80,0x4040,0x4040,0x3F80},{0x4000,0x4000,0x4000,0x7FC0,0x0400,0xFFE0,0x0000,0x7FC0,0x0400,0x1B00,0x60C0},{0x4000,0x4000,0x4000,0x7FC0,0x0400,0xFFE0,0x0000,0x0400,0x7FC0,0x1B00,0x60C0},
{0x4000,0x4000,0x4000,0x7FC0,0x0400,0xFFE0,0x0000,0x7FC0,0x0040,0x7FC0,0x0040},{0x4000,0x4000,0x7FC0,0x0400,0xFFE0,0x0000,0x7FC0,0x4000,0x7FC0,0x4000,0x7FC0},{0x4000,0x4000,0x4000,0x7FC0,0x0400,0xFFE0,0x0000,0x7FC0,0x1100,0x1100,0x7FC0},{0x4000,0x4000,0x4000,0x7FC0,0x0400,0xFFE0,0x0400,0x7FC0,0x1F00,0x2080,0x1F00},
{0x4040,0x4040,0x4040,0x4040,0x4040,0x7E60,0x0840,0x0840,0xFF40,0x0040,0x0040},{0x4040,0x4040,0x4060,0x7E40,0x0840,0xFF40,0x0000,0x7FC0,0x0040,0x0040,0x0040},{0x4040,0x4040,0x4060,0x7E40,0x0840,0xFF40,0x0000,0x7FC0,0x0440,0x0440,0x0440},{0x4040,0x4040,0x4060,0x7E40,0x0840,0xFF40,0x0040,0x7900,0x0900,0x0A80,0x0C40},
{0x4040,0x4040,0x4040,0x7E60,0x0840,0xFF40,0x0040,0x4040,0x4000,0x4000,0x7FC0},{0x4040,0x4040,0x4060,0x7E40,0x0840,0xFF40,0x0000,0x47C0,0x4100,0x4280,0x7C40},{0x4040,0x4040,0x4060,0x7E40,0x0840,0xFF40,0x0100,0x47C0,0x4380,0x4440,0x7B80},{0x4040,0x4040,0x4060,0x7E40,0x0840,0xFF40,0x0000,0x7FC0,0x4000,0x4000,0x7FC0},
{0x4040,0x4040,0x7E60,0x0840,0xFF40,0x0000,0x7FC0,0x0040,0x7FC0,0x4000,0x7FC0},{0x4040,0x4040,0x7E60,0x0840,0xFF40,0x0000,0x7BC0,0x0840,0x7840,0x4040,0x7840},{0x4040,0x4040,0x7E60,0x0840,0xFF40,0x0000,0x7BC0,0x0A40,0x7A40,0x4240,0x7BC0},{0x4040,0x4040,0x7E60,0x0840,0xFF40,0x0000,0x7A40,0x0A40,0x7BC0,0x4240,0x7BC0},
{0x4040,0x4040,0x7E60,0x0840,0xFF40,0x0040,0x7900,0x0900,0x7900,0x4280,0x7C40},{0x4040,0x4040,0x7E60,0x0840,0xFF40,0x0000,0x7BC0,0x0A00,0x7BC0,0x4200,0x7BC0},{0x4040,0x4040,0x7E60,0x0840,0xFF40,0x0000,0x7FC0,0x0A80,0x7A80,0x4280,0x7FC0},{0x4040,0x4040,0x7E60,0x0840,0xFF40,0x0040,0x7900,0x0FC0,0x7B80,0x4440,0x7B80},
{0x4040,0x4040,0x4060,0x7E40,0x0840,0xFF40,0x0000,0x7FC0,0x4040,0x4040,0x7FC0},{0x4040,0x4040,0x4060,0x7E40,0x0840,0xFF40,0x0000,0x4040,0x7FC0,0x4040,0x7FC0},{0x4040,0x4040,0x4060,0x7E40,0x0840,0xFF40,0x0040,0x4900,0x7900,0x4A80,0x7C40},{0x4040,0x4040,0x4040,0x7E60,0x0840,0xFF40,0x0040,0x0440,0x0400,0x1B00,0x60C0},
{0x4040,0x4040,0x4060,0x7E40,0x0840,0xFF40,0x0040,0x1100,0x1100,0x2A80,0x4440},{0x4040,0x4040,0x4060,0x7E40,0x0840,0xFF40,0x0000,0x3F80,0x4040,0x4040,0x3F80},{0x4040,0x4040,0x4060,0x7E40,0x0840,0xFF40,0x0000,0x7FC0,0x0400,0x1B00,0x60C0},{0x4040,0x4040,0x4060,0x7E40,0x0840,0xFF40,0x0040,0x0400,0x7FC0,0x1B00,0x60C0},
{0x4040,0x4040,0x4060,0x7E40,0x0840,0xFF40,0x0000,0x7FC0,0x0040,0x7FC0,0x0040},{0x4040,0x4040,0x7E60,0x0840,0xFF40,0x0000,0x7FC0,0x4000,0x7FC0,0x4000,0x7FC0},{0x4040,0x4040,0x4060,0x7E40,0x0840,0xFF40,0x0000,0x7FC0,0x1100,0x1100,0x7FC0},{0x4040,0x4040,0x4060,0x7E40,0x0840,0xFF40,0x0400,0x7FC0,0x1F00,0x2080,0x1F00},
{0x8140,0x8140,0x8140,0x8140,0x8140,0xFDC0,0x1140,0x1140,0x1140,0xFD40,0x0140},{0x8140,0x8140,0x81C0,0xFD40,0x1140,0xFD40,0x0000,0x7FC0,0x0040,0x0040,0x0040},{0x8140,0x8140,0x81C0,0xFD40,0x1140,0xFD40,0x0000,0x7FC0,0x0440,0x0440,0x0440},{0x8140,0x8140,0x81C0,0xFD40,0x1140,0xFD40,0x0000,0x7900,0x0900,0x0A80,0x0C40},
{0x8140,0x8140,0x8140,0xFDC0,0x1140,0xFD40,0x0140,0x4140,0x4000,0x4000,0x7FC0},{0x8140,0x8140,0x81C0,0xFD40,0x1140,0xFD40,0x0000,0x47C0,0x4100,0x4280,0x7C40},{0x8140,0x8140,0x81C0,0xFD40,0x1140,0xFD40,0x0100,0x47C0,0x4380,0x4440,0x7B80},{0x8140,0x8140,0x81C0,0xFD40,0x1140,0xFD40,0x0000,0x7FC0,0x4000,0x4000,0x7FC0},
{0x8140,0x8140,0xFDC0,0x1140,0xFD40,0x0000,0x7FC0,0x0040,0x7FC0,0x4000,0x7FC0},{0x8140,0x8140,0xFDC0,0x1140,0xFD40,0x0000,0x7BC0,0x0840,0x7840,0x4040,0x7840},{0x8140,0x8140,0xFDC0,0x1140,0xFD40,0x0000,0x7BC0,0x0A40,0x7A40,0x4240,0x7BC0},{0x8140,0x8140,0xFDC0,0x1140,0xFD40,0x0000,0x7A40,0x0A40,0x7BC0,0x4240,0x7BC0},
{0x8140,0x8140,0xFDC0,0x1140,0xFD40,0x0000,0x7900,0x0900,0x7900,0x4280,0x7C40},{0x8140,0x8140,0xFDC0,0x1140,0xFD40,0x0000,0x7BC0,0x0A00,0x7BC0,0x4200,0x7BC0},{0x8140,0x8140,0xFDC0,0x1140,0xFD40,0x0000,0x7FC0,0x0A80,0x7A80,0x4280,0x7FC0},{0x8140,0x8140,0xFDC0,0x1140,0xFD40,0x0000,0x7900,0x0FC0,0x7B80,0x4440,0x7B80},
{0x8140,0x8140,0x81C0,0xFD40,0x1140,0xFD40,0x0000,0x7FC0,0x4040,0x4040,0x7FC0},{0x8140,0x8140,0x81C0,0xFD40,0x1140,0xFD40,0x0000,0x4040,0x7FC0,0x4040,0x7FC0},{0x8140,0x8140,0x81C0,0xFD40,0x1140,0xFD40,0x0000,0x4900,0x7900,0x4A80,0x7C40},{0x8140,0x8140,0x8140,0xFDC0,0x1140,0xFD40,0x0140,0x0540,0x0400,0x1B00,0x60C0},
{0x8140,0x8140,0x8140,0xFDC0,0x1140,0xFD40,0x0000,0x1100,0x1100,0x2A80,0x4440},{0x8140,0x8140,0x81C0,0xFD40,0x1140,0xFD40,0x0000,0x3F80,0x4040,0x4040,0x3F80},{0x8140,0x8140,0x81C0,0xFD40,0x1140,0xFD40,0x0000,0x7FC0,0x0400,0x1B00,0x60C0},{0x8140,0x8140,0x81C0,0xFD40,0x1140,0xFD40,0x0140,0x0400,0x7FC0,0x1B00,0x60C0},
{0x8140,0x8140,0x81C0,0xFD40,0x1140,0xFD40,0x0000,0x7FC0,0x0040,0x7FC0,0x0040},{0x8140,0x8140,0xFDC0,0x1140,0xFD40,0x0000,0x7FC0,0x4000,0x7FC0,0x4000,0x7FC0},{0x8140,0x8140,0x81C0,0xFD40,0x1140,0xFD40,0x0000,0x7FC0,0x1100,0x1100,0x7FC0},{0x8140,0x8140,0x81C0,0xFD40,0x1140,0xFD40,0x0400,0x7FC0,0x1F00,0x2080,0x1F00},
{0x8040,0x8040,0x8040,0x8040,0x8040,0xFE40,0x1040,0x1040,0x1040,0xFF40,0x0040},{0x4040,0x4040,0x4040,0x7E40,0x0840,0xFF40,0x0000,0x7FC0,0x0040,0x0040,0x0040},{0x4040,0x4040,0x4040,0x7E40,0x0840,0xFF40,0x0000,0x7FC0,0x0440,0x0440,0x0440},{0x4040,0x4040,0x4040,0x7E40,0x0840,0xFF40,0x0040,0x7900,0x0900,0x0A80,0x0C40},
{0x4040,0x4040,0x4040,0x7E40,0x0840,0xFF40,0x0040,0x4040,0x4000,0x4000,0x7FC0},{0x4040,0x4040,0x4040,0x7E40,0x0840,0xFF40,0x0000,0x47C0,0x4100,0x4280,0x7C40},{0x4040,0x4040,0x4040,0x7E40,0x0840,0xFF40,0x0100,0x47C0,0x4380,0x4440,0x7B80},{0x4040,0x4040,0x4040,0x7E40,0x0840,0xFF40,0x0000,0x7FC0,0x4000,0x4000,0x7FC0},
{0x4040,0x4040,0x7E40,0x0840,0xFF40,0x0000,0x7FC0,0x0040,0x7FC0,0x4000,0x7FC0},{0x4040,0x4040,0x7E40,0x0840,0xFF40,0x0000,0x7BC0,0x0840,0x7840,0x4040,0x7840},{0x4040,0x4040,0x7E40,0x0840,0xFF40,0x0000,0x7BC0,0x0A40,0x7A40,0x4240,0x7BC0},{0x4040,0x4040,0x7E40,0x0840,0xFF40,0x0000,0x7A40,0x0A40,0x7BC0,0x4240,0x7BC0},
{0x4040,0x4040,0x7E40,0x0840,0xFF40,0x0040,0x7900,0x0900,0x7900,0x4280,0x7C40},{0x4040,0x4040,0x7E40,0x0840,0xFF40,0x0000,0x7BC0,0x0A00,0x7BC0,0x4200,0x7BC0},{0x4040,0x4040,0x7E40,0x0840,0xFF40,0x0000,0x7FC0,0x0A80,0x7A80,0x4280,0x7FC0},{0x4040,0x4040,0x7E40,0x0840,0xFF40,0x0040,0x7900,0x0FC0,0x7B80,0x4440,0x7B80},
{0x4040,0x4040,0x4040,0x7E40,0x0840,0xFF40,0x0000,0x7FC0,0x4040,0x4040,0x7FC0},{0x4040,0x4040,0x4040,0x7E40,0x0840,0xFF40,0x0000,0x4040,0x7FC0,0x4040,0x7FC0},{0x4040,0x4040,0x4040,0x7E40,0x0840,0xFF40,0x0040,0x4900,0x7900,0x4A80,0x7C40},{0x4040,0x4040,0x4040,0x7E40,0x0840,0xFF40,0x0040,0x0440,0x0400,0x1B00,0x60C0},
{0x4040,0x4040,0x4040,0x7E40,0x0840,0xFF40,0x0040,0x1100,0x1100,0x2A80,0x4440},{0x4040,0x4040,0x4040,0x7E40,0x0840,0xFF40,0x0000,0x3F80,0x4040,0x4040,0x3F80},{0x4040,0x4040,0x4040,0x7E40,0x0840,0xFF40,0x0000,0x7FC0,0x0400,0x1B00,0x60C0},{0x4040,0x4040,0x4040,0x7E40,0x0840,0xFF40,0x0040,0x0400,0x7FC0,0x1B00,0x60C0},
{0x4040,0x4040,0x4040,0x7E40,0x0840,0xFF40,0x0000,0x7FC0,0x0040,0x7FC0,0x0040},{0x4040,0x4040,0x7E40,0x0840,0xFF40,0x0000,0x7FC0,0x4000,0x7FC0,0x4000,0x7FC0},{0x4040,0x4040,0x4040,0x7E40,0x0840,0xFF40,0x0000,0x7FC0,0x1100,0x1100,0x7FC0},{0x4040,0x4040,0x4040,0x7E40,0x0840,0xFF40,0x0400,0x7FC0,0x1F00,0x2080,0x1F00},
{0x4000,0x4000,0x4000,0x4000,0x4000,0x4000,0x7FC0,0x1100,0x1100,0xFFE0,0x0000},{0x4000,0x4000,0x4000,0x7FC0,0x1100,0xFFE0,0x0000,0x7FC0,0x0040,0x0040,0x0040},{0x4000,0x4000,0x4000,0x7FC0,0x1100,0xFFE0,0x0000,0x7FC0,0x0440,0x0440,0x0440},{0x4000,0x4000,0x4000,0x7FC0,0x1100,0xFFE0,0x0000,0x7900,0x0900,0x0A80,0x0C40},
{0x4000,0x4000,0x4000,0x7FC0,0x1100,0xFFE0,0x0000,0x4000,0x4000,0x4000,0x7FC0},{0x4000,0x4000,0x4000,0x7FC0,0x1100,0xFFE0,0x0000,0x47C0,0x4100,0x4280,0x7C40},{0x4000,0x4000,0x4000,0x7FC0,0x1100,0xFFE0,0x0100,0x47C0,0x4380,0x4440,0x7B80},{0x4000,0x4000,0x4000,0x7FC0,0x1100,0xFFE0,0x0000,0x7FC0,0x4000,0x4000,0x7FC0},
{0x4000,0x4000,0x7FC0,0x1100,0xFFE0,0x0000,0x7FC0,0x0040,0x7FC0,0x4000,0x7FC0},{0x4000,0x4000,0x7FC0,0x1100,0xFFE0,0x0000,0x7BC0,0x0840,0x7840,0x4040,0x7840},{0x4000,0x4000,0x7FC0,0x1100,0xFFE0,0x0000,0x7BC0,0x0A40,0x7A40,0x4240,0x7BC0},{0x4000,0x4000,0x7FC0,0x1100,0xFFE0,0x0000,0x7A40,0x0A40,0x7BC0,0x4240,0x7BC0},
{0x4000,0x4000,0x7FC0,0x1100,0xFFE0,0x0000,0x7900,0x0900,0x7900,0x4280,0x7C40},{0x4000,0x4000,0x7FC0,0x1100,0xFFE0,0x0000,0x7BC0,0x0A00,0x7BC0,0x4200,0x7BC0},{0x4000,0x4000,0x7FC0,0x1100,0xFFE0,0x0000,0x7FC0,0x0A80,0x7A80,0x4280,0x7FC0},{0x4000,0x4000,0x7FC0,0x1100,0xFFE0,0x0000,0x7900,0x0FC0,0x7B80,0x4440,0x7B80},
{0x4000,0x4000,0x4000,0x7FC0,0x1100,0xFFE0,0x0000,0x7FC0,0x4040,0x4040,0x7FC0},{0x4000,0x4000,0x4000,0x7FC0,0x1100,0xFFE0,0x0000,0x4040,0x7FC0,0x4040,0x7FC0},{0x4000,0x4000,0x4000,0x7FC0,0x1100,0xFFE0,0x0000,0x4900,0x7900,0x4A80,0x7C40},{0x4000,0x4000,0x4000,0x7FC0,0x1100,0xFFE0,0x0000,0x0400,0x0400,0x1B00,0x60C0},
{0x4000,0x4000,0x4000,0x7FC0,0x1100,0xFFE0,0x0000,0x1100,0x1100,0x2A80,0x4440},{0x4000,0x4000,0x4000,0x7FC0,0x1100,0xFFE0,0x0000,0x3F80,0x4040,0x4040,0x3F80},{0x4000,0x4000,0x4000,0x7FC0,0x1100,0xFFE0,0x0000,0x7FC0,0x0400,0x1B00,0x60C0},{0x4000,0x4000,0x4000,0x7FC0,0x1100,0xFFE0,0x0000,0x0400,0x7FC0,0x1B00,0x60C0},
{0x4000,0x4000,0x4000,0x7FC0,0x1100,0xFFE0,0x0000,0x7FC0,0x0040,0x7FC0,0x0040},{0x4000,0x4000,0x7FC0,0x1100,0xFFE0,0x0000,0x7FC0,0x4000,0x7FC0,0x4000,0x7FC0},{0x4000,0x4000,0x4000,0x7FC0,0x1100,0xFFE0,0x0000,0x7FC0,0x1100,0x1100,0x7FC0},{0x4000,0x4000,0x4000,0x7FC0,0x1100,0xFFE0,0x0400,0x7FC0,0x1F00,0x2080,0x1F00},
{0x4000,0x4000,0x4000,0x4000,0x7FC0,0x0000,0xFFE0,0x0400,0x0400,0x0400,0x0400},{0x4000,0x4000,0x4000,0x7FC0,0x0000,0xFFE0,0x0400,0x7FC0,0x0040,0x0040,0x0040},{0x4000,0x4000,0x4000,0x7FC0,0x0000,0xFFE0,0x0400,0x7FC0,0x0440,0x0440,0x0440},{0x4000,0x4000,0x4000,0x7FC0,0x0000,0xFFE0,0x0400,0x7900,0x0900,0x0A80,0x0C40},
{0x4000,0x4000,0x4000,0x7FC0,0x0000,0xFFE0,0x0400,0x4400,0x4000,0x4000,0x7FC0},{0x4000,0x4000,0x4000,0x7FC0,0x0000,0xFFE0,0x0400,0x47C0,0x4100,0x4280,0x7C40},{0x4000,0x4000,0x4000,0x7FC0,0x0000,0xFFE0,0x0500,0x47C0,0x4380,0x4440,0x7B80},{0x4000,0x4000,0x4000,0x7FC0,0x0000,0xFFE0,0x0400,0x7FC0,0x4000,0x4000,0x7FC0},
{0x4000,0x4000,0x7FC0,0x0000,0xFFE0,0x0400,0x7FC0,0x0040,0x7FC0,0x4000,0x7FC0},{0x4000,0x4000,0x7FC0,0x0000,0xFFE0,0x0400,0x7BC0,0x0840,0x7840,0x4040,0x7840},{0x4000,0x4000,0x7FC0,0x0000,0xFFE0,0x0400,0x7BC0,0x0A40,0x7A40,0x4240,0x7BC0},{0x4000,0x4000,0x7FC0,0x0000,0xFFE0,0x0400,0x7A40,0x0A40,0x7BC0,0x4240,0x7BC0},
{0x4000,0x4000,0x7FC0,0x0000,0xFFE0,0x0400,0x7900,0x0900,0x7900,0x4280,0x7C40},{0x4000,0x4000,0x7FC0,0x0000,0xFFE0,0x0400,0x7BC0,0x0A00,0x7BC0,0x4200,0x7BC0},{0x4000,0x4000,0x7FC0,0x0000,0xFFE0,0x0400,0x7FC0,0x0A80,0x7A80,0x4280,0x7FC0},{0x4000,0x4000,0x7FC0,0x0000,0xFFE0,0x0400,0x7900,0x0FC0,0x7B80,0x4440,0x7B80},
{0x4000,0x4000,0x4000,0x7FC0,0x0000,0xFFE0,0x0400,0x7FC0,0x4040,0x4040,0x7FC0},{0x4000,0x4000,0x4000,0x7FC0,0x0000,0xFFE0,0x0400,0x4040,0x7FC0,0x4040,0x7FC0},{0x4000,0x4000,0x4000,0x7FC0,0x0000,0xFFE0,0x0400,0x4900,0x7900,0x4A80,0x7C40},{0x4000,0x4000,0x4000,0x7FC0,0x0000,0xFFE0,0x0400,0x0000,0x0400,0x1B00,0x60C0},
{0x4000,0x4000,0x4000,0x7FC0,0x0000,0xFFE0,0x0400,0x1500,0x1100,0x2A80,0x4440},{0x4000,0x4000,0x4000,0x7FC0,0x0000,0xFFE0,0x0400,0x3F80,0x4040,0x4040,0x3F80},{0x4000,0x4000,0x4000,0x7FC0,0x0000,0xFFE0,0x0400,0x7FC0,0x0400,0x1B00,0x60C0},{0x4000,0x4000,0x7FC0,0x0000,0xFFE0,0x0400,0x0000,0x0400,0x7FC0,0x1B00,0x60C0},
{0x4000,0x4000,0x4000,0x7FC0,0x0000,0xFFE0,0x0400,0x7FC0,0x0040,0x7FC0,0x0040},{0x4000,0x4000,0x7FC0,0x0000,0xFFE0,0x0400,0x7FC0,0x4000,0x7FC0,0x4000,0x7FC0},{0x4000,0x4000,0x4000,0x7FC0,0x0000,0xFFE0,0x0400,0x7FC0,0x1100,0x1100,0x7FC0},{0x4000,0x4000,0x7FC0,0x0000,0xFFE0,0x0400,0x0400,0x7FC0,0x1F00,0x2080,0x1F00},
{0x4040,0x4040,0x4040,0x4040,0x7E40,0x0040,0xFF40,0x1040,0x13C0,0x1040,0x1040},{0x4040,0x4040,0x7E40,0x0040,0xFF40,0x11C0,0x1040,0x7FC0,0x0040,0x0040,0x0040},{0x4040,0x4040,0x7E40,0x0040,0xFF40,0x11C0,0x1040,0x7FC0,0x0440,0x0440,0x0440},{0x4040,0x4040,0x7E40,0x0040,0xFF40,0x11C0,0x1040,0x7900,0x0900,0x0A80,0x0C40},
{0x4040,0x4040,0x7E40,0x0040,0xFF40,0x1040,0x11C0,0x5040,0x4000,0x4000,0x7FC0},{0x4040,0x4040,0x7E40,0x0040,0xFF40,0x11C0,0x1040,0x47C0,0x4100,0x4280,0x7C40},{0x4040,0x4040,0x7E40,0x0040,0xFF40,0x11C0,0x1140,0x47C0,0x4380,0x4440,0x7B80},{0x4040,0x4040,0x7E40,0x0040,0xFF40,0x11C0,0x1040,0x7FC0,0x4000,0x4000,0x7FC0},
{0x4040,0x7E40,0x0040,0xFF40,0x11C0,0x1040,0x7FC0,0x0040,0x7FC0,0x4000,0x7FC0},{0x4040,0x7E40,0x0040,0xFF40,0x11C0,0x1040,0x7BC0,0x0840,0x7840,0x4040,0x7840},{0x4040,0x7E40,0x0040,0xFF40,0x11C0,0x1040,0x7BC0,0x0A40,0x7A40,0x4240,0x7BC0},{0x4040,0x7E40,0x0040,0xFF40,0x11C0,0x1040,0x7A40,0x0A40,0x7BC0,0x4240,0x7BC0},
{0x4040,0x7E40,0x0040,0xFF40,0x11C0,0x1040,0x7900,0x0900,0x7900,0x4280,0x7C40},{0x4040,0x7E40,0x0040,0xFF40,0x11C0,0x1040,0x7BC0,0x0A00,0x7BC0,0x4200,0x7BC0},{0x4040,0x7E40,0x0040,0xFF40,0x11C0,0x1040,0x7FC0,0x0A80,0x7A80,0x4280,0x7FC0},{0x4040,0x7E40,0x0040,0xFF40,0x11C0,0x1040,0x7900,0x0FC0,0x7B80,0x4440,0x7B80},
{0x4040,0x4040,0x7E40,0x0040,0xFF40,0x11C0,0x1040,0x7FC0,0x4040,0x4040,0x7FC0},{0x4040,0x4040,0x7E40,0x0040,0xFF40,0x11C0,0x1040,0x4040,0x7FC0,0x4040,0x7FC0},{0x4040,0x4040,0x7E40,0x0040,0xFF40,0x11C0,0x1040,0x4900,0x7900,0x4A80,0x7C40},{0x4040,0x4040,0x7E40,0x0040,0xFF40,0x1040,0x11C0,0x1440,0x0400,0x1B00,0x60C0},
{0x4040,0x4040,0x7E40,0x0040,0xFF40,0x11C0,0x1040,0x0000,0x1100,0x2A80,0x4440},{0x4040,0x4040,0x7E40,0x0040,0xFF40,0x11C0,0x1040,0x3F80,0x4040,0x4040,0x3F80},{0x4040,0x4040,0x7E40,0x0040,0xFF40,0x11C0,0x1040,0x7FC0,0x0400,0x1B00,0x60C0},{0x4040,0x4040,0x7E40,0x0040,0xFF40,0x11C0,0x1040,0x0400,0x7FC0,0x1B00,0x60C0},
{0x4040,0x4040,0x7E40,0x0040,0xFF40,0x11C0,0x1040,0x7FC0,0x0040,0x7FC0,0x0040},{0x4040,0x7E40,0x0040,0xFF40,0x11C0,0x1040,0x7FC0,0x4000,0x7FC0,0x4000,0x7FC0},{0x4040,0x4040,0x7E40,0x0040,0xFF40,0x11C0,0x1040,0x7FC0,0x1100,0x1100,0x7FC0},{0x4040,0x4040,0x7E40,0x0040,0xFF40,0x11C0,0x1440,0x7FC0,0x1F00,0x2080,0x1F00},
{0x4140,0x4140,0x4140,0x4140,0x7D40,0x0140,0xFD40,0x1140,0x1740,0x1140,0x1140},{0x8140,0x8140,0xFD40,0x0140,0xFD40,0x1740,0x1140,0x7FC0,0x0040,0x0040,0x0040},{0x8140,0x8140,0xFD40,0x0140,0xFD40,0x1740,0x1140,0x7FC0,0x0440,0x0440,0x0440},{0x8140,0x8140,0xFD40,0x0140,0xFD40,0x1740,0x1140,0x7800,0x0900,0x0A80,0x0C40},
{0x8140,0x8140,0xFD40,0x0140,0xFD40,0x1140,0x1740,0x5140,0x4000,0x4000,0x7FC0},{0x8140,0x8140,0xFD40,0x0140,0xFD40,0x1740,0x1140,0x47C0,0x4100,0x4280,0x7C40},{0x8140,0x8140,0xFD40,0x0140,0xFD40,0x1740,0x1140,0x47C0,0x4380,0x4440,0x7B80},{0x8140,0x8140,0xFD40,0x0140,0xFD40,0x1740,0x1140,0x7FC0,0x4000,0x4000,0x7FC0},
{0x8140,0xFD40,0x0140,0xFD40,0x1740,0x1140,0x7FC0,0x0040,0x7FC0,0x4000,0x7FC0},{0x8140,0xFD40,0x0140,0xFD40,0x1740,0x1140,0x7BC0,0x0840,0x7840,0x4040,0x7840},{0x8140,0xFD40,0x0140,0xFD40,0x1740,0x1140,0x7BC0,0x0A40,0x7A40,0x4240,0x7BC0},{0x8140,0xFD40,0x0140,0xFD40,0x1740,0x1140,0x7A40,0x0A40,0x7BC0,0x4240,0x7BC0},
{0x8140,0xFD40,0x0140,0xFD40,0x1740,0x1140,0x7800,0x0900,0x7900,0x4280,0x7C40},{0x8140,0xFD40,0x0140,0xFD40,0x1740,0x1140,0x7BC0,0x0A00,0x7BC0,0x4200,0x7BC0},{0x8140,0xFD40,0x0140,0xFD40,0x1740,0x1140,0x7FC0,0x0A80,0x7A80,0x4280,0x7FC0},{0x8140,0xFD40,0x0140,0xFD40,0x1740,0x1140,0x7900,0x0FC0,0x7B80,0x4440,0x7B80},
{0x8140,0x8140,0xFD40,0x0140,0xFD40,0x1740,0x1140,0x7FC0,0x4040,0x4040,0x7FC0},{0x8140,0x8140,0xFD40,0x0140,0xFD40,0x1740,0x1140,0x4040,0x7FC0,0x4040,0x7FC0},{0x8140,0x8140,0xFD40,0x0140,0xFD40,0x1740,0x1140,0x4800,0x7900,0x4A80,0x7C40},{0x8140,0x8140,0xFD40,0x0140,0xFD40,0x1740,0x1140,0x1540,0x0400,0x1B00,0x60C0},
{0x8140,0x8140,0xFD40,0x0140,0xFD40,0x1740,0x1140,0x0000,0x1100,0x2A80,0x4440},{0x8140,0x8140,0xFD40,0x0140,0xFD40,0x1740,0x1140,0x3F80,0x4040,0x4040,0x3F80},{0x8140,0x8140,0xFD40,0x0140,0xFD40,0x1740,0x1140,0x7FC0,0x0400,0x1B00,0x60C0},{0x8140,0x8140,0xFD40,0x0140,0xFD40,0x1740,0x1140,0x0400,0x7FC0,0x1B00,0x60C0},
{0x8140,0x8140,0xFD40,0x0140,0xFD40,0x1740,0x1140,0x7FC0,0x0040,0x7FC0,0x0040},{0x8140,0xFD40,0x0140,0xFD40,0x1740,0x1140,0x7FC0,0x4000,0x7FC0,0x4000,0x7FC0},{0x8140,0x8140,0xFD40,0x0140,0xFD40,0x1740,0x1140,0x7FC0,0x1100,0x1100,0x7FC0},{0x8140,0x8140,0xFD40,0x0140,0xFD40,0x1740,0x1540,0x7FC0,0x1F00,0x2080,0x1F00},
{0x4040,0x4040,0x4040,0x4040,0x7E40,0x0040,0xFF40,0x0840,0x0840,0x0840,0x0840},{0x4040,0x4040,0x4040,0x7E40,0x0040,0xFF40,0x0800,0x7FC0,0x0040,0x0040,0x0040},{0x4040,0x4040,0x4040,0x7E40,0x0040,0xFF40,0x0800,0x7FC0,0x0440,0x0440,0x0440},{0x4040,0x4040,0x4040,0x7E40,0x0040,0xFF40,0x1040,0x7900,0x0900,0x0A80,0x0C40},
{0x4040,0x4040,0x4040,0x7E40,0x0040,0xFF40,0x0840,0x4840,0x4000,0x4000,0x7FC0},{0x4040,0x4040,0x4040,0x7E40,0x0040,0xFF40,0x1000,0x57C0,0x4100,0x4280,0x7C40},{0x4040,0x4040,0x4040,0x7E40,0x0040,0xFF40,0x1100,0x57C0,0x4380,0x4440,0x7B80},{0x4040,0x4040,0x4040,0x7E40,0x0040,0xFF40,0x0800,0x7FC0,0x4000,0x4000,0x7FC0},
{0x4040,0x4040,0x7E40,0x0040,0xFF40,0x0800,0x7FC0,0x0040,0x7FC0,0x4000,0x7FC0},{0x4040,0x4040,0x7E40,0x0040,0xFF40,0x1000,0x7BC0,0x0840,0x7840,0x4040,0x7840},{0x4040,0x4040,0x7E40,0x0040,0xFF40,0x1000,0x7BC0,0x0A40,0x7A40,0x4240,0x7BC0},{0x4040,0x4040,0x7E40,0x0040,0xFF40,0x1000,0x7A40,0x0A40,0x7BC0,0x4240,0x7BC0},
{0x4040,0x4040,0x7E40,0x0040,0xFF40,0x1040,0x7900,0x0900,0x7900,0x4280,0x7C40},{0x4040,0x4040,0x7E40,0x0040,0xFF40,0x1000,0x7BC0,0x0A00,0x7BC0,0x4200,0x7BC0},{0x4040,0x4040,0x7E40,0x0040,0xFF40,0x1000,0x7FC0,0x0A80,0x7A80,0x4280,0x7FC0},{0x4040,0x4040,0x7E40,0x0040,0xFF40,0x1040,0x7900,0x0FC0,0x7B80,0x4440,0x7B80},
{0x4040,0x4040,0x4040,0x7E40,0x0040,0xFF40,0x0800,0x7FC0,0x4040,0x4040,0x7FC0},{0x4040,0x4040,0x4040,0x7E40,0x0040,0xFF40,0x0800,0x4040,0x7FC0,0x4040,0x7FC0},{0x4040,0x4040,0x4040,0x7E40,0x0040,0xFF40,0x1040,0x4900,0x7900,0x4A80,0x7C40},{0x4040,0x4040,0x4040,0x7E40,0x0040,0xFF40,0x1040,0x1440,0x0400,0x1B00,0x60C0},
{0x4040,0x4040,0x4040,0x7E40,0x0040,0xFF40,0x0840,0x0840,0x1100,0x2A80,0x4440},{0x4040,0x4040,0x4040,0x7E40,0x0040,0xFF40,0x0800,0x3F80,0x4040,0x4040,0x3F80},{0x4040,0x4040,0x4040,0x7E40,0x0040,0xFF40,0x0800,0x7FC0,0x0400,0x1B00,0x60C0},{0x4040,0x4040,0x4040,0x7E40,0x0040,0xFF40,0x1040,0x0400,0x7FC0,0x1B00,0x60C0},
{0x4040,0x4040,0x4040,0x7E40,0x0040,0xFF40,0x0800,0x7FC0,0x0040,0x7FC0,0x0040},{0x4040,0x4040,0x7E40,0x0040,0xFF40,0x0800,0x7FC0,0x4000,0x7FC0,0x4000,0x7FC0},{0x4040,0x4040,0x4040,0x7E40,0x0040,0xFF40,0x0800,0x7FC0,0x1100,0x1100,0x7FC0},{0x4040,0x4040,0x7E40,0x0040,0xFF40,0x1040,0x0400,0x7FC0,0x1F00,0x2080,0x1F00},
{0x4000,0x4000,0x4000,0x4000,0x7FC0,0x0000,0xFFE0,0x1100,0x1100,0x1100,0x1100},{0x4000,0x4000,0x4000,0x7FC0,0x0000,0xFFE0,0x1100,0x7FC0,0x0040,0x0040,0x0040},{0x4000,0x4000,0x4000,0x7FC0,0x0000,0xFFE0,0x1100,0x7FC0,0x0440,0x0440,0x0440},{0x4000,0x4000,0x4000,0x7FC0,0x0000,0xFFE0,0x1100,0x7800,0x0900,0x0A80,0x0C40},
{0x4000,0x4000,0x4000,0x7FC0,0x0000,0xFFE0,0x1100,0x5100,0x4000,0x4000,0x7FC0},{0x4000,0x4000,0x4000,0x7FC0,0x0000,0xFFE0,0x1100,0x57C0,0x4100,0x4280,0x7C40},{0x4000,0x4000,0x4000,0x7FC0,0x0000,0xFFE0,0x1100,0x57C0,0x4380,0x4440,0x7B80},{0x4000,0x4000,0x4000,0x7FC0,0x0000,0xFFE0,0x1100,0x7FC0,0x4000,0x4000,0x7FC0},
{0x4000,0x4000,0x7FC0,0x0000,0xFFE0,0x1100,0x7FC0,0x0040,0x7FC0,0x4000,0x7FC0},{0x4000,0x4000,0x7FC0,0x0000,0xFFE0,0x1100,0x7BC0,0x0840,0x7840,0x4040,0x7840},{0x4000,0x4000,0x7FC0,0x0000,0xFFE0,0x1100,0x7BC0,0x0A40,0x7A40,0x4240,0x7BC0},{0x4000,0x4000,0x7FC0,0x0000,0xFFE0,0x1100,0x7A40,0x0A40,0x7BC0,0x4240,0x7BC0},
{0x4000,0x4000,0x7FC0,0x0000,0xFFE0,0x1100,0x7800,0x0900,0x7900,0x4280,0x7C40},{0x4000,0x4000,0x7FC0,0x0000,0xFFE0,0x1100,0x7BC0,0x0A00,0x7BC0,0x4200,0x7BC0},{0x4000,0x4000,0x7FC0,0x0000,0xFFE0,0x1100,0x7FC0,0x0A80,0x7A80,0x4280,0x7FC0},{0x4000,0x4000,0x7FC0,0x0000,0xFFE0,0x1100,0x7900,0x0FC0,0x7B80,0x4440,0x7B80},
{0x4000,0x4000,0x4000,0x7FC0,0x0000,0xFFE0,0x1100,0x7FC0,0x4040,0x4040,0x7FC0},{0x4000,0x4000,0x4000,0x7FC0,0x0000,0xFFE0,0x1100,0x4040,0x7FC0,0x4040,0x7FC0},{0x4000,0x4000,0x4000,0x7FC0,0x0000,0xFFE0,0x1100,0x4800,0x7900,0x4A80,0x7C40},{0x4000,0x4000,0x4000,0x7FC0,0x0000,0xFFE0,0x1100,0x1500,0x0400,0x1B00,0x60C0},
{0x4000,0x4000,0x4000,0x7FC0,0x0000,0xFFE0,0x1100,0x0000,0x1100,0x2A80,0x4440},{0x4000,0x4000,0x4000,0x7FC0,0x0000,0xFFE0,0x1100,0x3F80,0x4040,0x4040,0x3F80},{0x4000,0x4000,0x4000,0x7FC0,0x0000,0xFFE0,0x1100,0x7FC0,0x0400,0x1B00,0x60C0},{0x4000,0x4000,0x4000,0x7FC0,0x0000,0xFFE0,0x1100,0x0400,0x7FC0,0x1B00,0x60C0},
{0x4000,0x4000,0x4000,0x7FC0,0x0000,0xFFE0,0x1100,0x7FC0,0x0040,0x7FC0,0x0040},{0x4000,0x4000,0x7FC0,0x0000,0xFFE0,0x1100,0x7FC0,0x4000,0x7FC0,0x4000,0x7FC0},{0x4000,0x4000,0x4000,0x7FC0,0x0000,0xFFE0,0x1100,0x7FC0,0x1100,0x1100,0x7FC0},{0x4000,0x4000,0x7FC0,0x0000,0xFFE0,0x1100,0x0400,0x7FC0,0x1F00,0x2080,0x1F00},
{0x4000,0x4000,0x4000,0x4000,0x4000,0x4000,0x7FC0,0x0000,0x0000,0xFFE0,0x0000},{0x4000,0x4000,0x4000,0x7FC0,0x0000,0xFFE0,0x0000,0x7FC0,0x0040,0x0040,0x0040},{0x4000,0x4000,0x4000,0x7FC0,0x0000,0xFFE0,0x0000,0x7FC0,0x0440,0x0440,0x0440},{0x4000,0x4000,0x4000,0x7FC0,0x0000,0xFFE0,0x0000,0x7900,0x0900,0x0A80,0x0C40},
{0x4000,0x4000,0x4000,0x7FC0,0x0000,0xFFE0,0x0000,0x4000,0x4000,0x4000,0x7FC0},{0x4000,0x4000,0x4000,0x7FC0,0x0000,0xFFE0,0x0000,0x47C0,0x4100,0x4280,0x7C40},{0x4000,0x4000,0x4000,0x7FC0,0x0000,0xFFE0,0x0100,0x47C0,0x4380,0x4440,0x7B80},{0x4000,0x4000,0x4000,0x7FC0,0x0000,0xFFE0,0x0000,0x7FC0,0x4000,0x4000,0x7FC0},
{0x4000,0x4000,0x7FC0,0x0000,0xFFE0,0x0000,0x7FC0,0x0040,0x7FC0,0x4000,0x7FC0},{0x4000,0x4000,0x7FC0,0x0000,0xFFE0,0x0000,0x7BC0,0x0840,0x7840,0x4040,0x7840},{0x4000,0x4000,0x7FC0,0x0000,0xFFE0,0x0000,0x7BC0,0x0A40,0x7A40,0x4240,0x7BC0},{0x4000,0x4000,0x7FC0,0x0000,0xFFE0,0x0000,0x7A40,0x0A40,0x7BC0,0x4240,0x7BC0},
{0x4000,0x4000,0x7FC0,0x0000,0xFFE0,0x0000,0x7900,0x0900,0x7900,0x4280,0x7C40},{0x4000,0x4000,0x7FC0,0x0000,0xFFE0,0x0000,0x7BC0,0x0A00,0x7BC0,0x4200,0x7BC0},{0x4000,0x4000,0x7FC0,0x0000,0xFFE0,0x0000,0x7FC0,0x0A80,0x7A80,0x4280,0x7FC0},{0x4000,0x4000,0x7FC0,0x0000,0xFFE0,0x0000,0x7900,0x0FC0,0x7B80,0x4440,0x7B80},
{0x4000,0x4000,0x4000,0x7FC0,0x0000,0xFFE0,0x0000,0x7FC0,0x4040,0x4040,0x7FC0},{0x4000,0x4000,0x4000,0x7FC0,0x0000,0xFFE0,0x0000,0x4040,0x7FC0,0x4040,0x7FC0},{0x4000,0x4000,0x4000,0x7FC0,0x0000,0xFFE0,0x0000,0x4900,0x7900,0x4A80,0x7C40},{0x4000,0x4000,0x4000,0x7FC0,0x0000,0xFFE0,0x0000,0x0400,0x0400,0x1B00,0x60C0},
{0x4000,0x4000,0x4000,0x7FC0,0x0000,0xFFE0,0x0000,0x1100,0x1100,0x2A80,0x4440},{0x4000,0x4000,0x4000,0x7FC0,0x0000,0xFFE0,0x0000,0x3F80,0x4040,0x4040,0x3F80},{0x4000,0x4000,0x4000,0x7FC0,0x0000,0xFFE0,0x0000,0x7FC0,0x0400,0x1B00,0x60C0},{0x4000,0x4000,0x4000,0x7FC0,0x0000,0xFFE0,0x0000,0x0400,0x7FC0,0x1B00,0x60C0},
{0x4000,0x4000,0x4000,0x7FC0,0x0000,0xFFE0,0x0000,0x7FC0,0x0040,0x7FC0,0x0040},{0x4000,0x4000,0x7FC0,0x0000,0xFFE0,0x0000,0x7FC0,0x4000,0x7FC0,0x4000,0x7FC0},{0x4000,0x4000,0x4000,0x7FC0,0x0000,0xFFE0,0x0000,0x7FC0,0x1100,0x1100,0x7FC0},{0x4000,0x4000,0x4000,0x7FC0,0x0000,0xFFE0,0x0400,0x7FC0,0x1F00,0x2080,0x1F00},
{0x8040,0x8040,0x8040,0x8040,0x8040,0xFE40,0x0040,0x0040,0xFF40,0x0040,0x0040},{0x4040,0x4040,0x4040,0x7E40,0x0040,0xFF40,0x0000,0x7FC0,0x0040,0x0040,0x0040},{0x4040,0x4040,0x4040,0x7E40,0x0040,0xFF40,0x0000,0x7FC0,0x0440,0x0440,0x0440},{0x4040,0x4040,0x4040,0x7E40,0x0040,0xFF40,0x0040,0x7900,0x0900,0x0A80,0x0C40},
{0x4040,0x4040,0x4040,0x7E40,0x0040,0xFF40,0x0040,0x4040,0x4000,0x4000,0x7FC0},{0x4040,0x4040,0x4040,0x7E40,0x0040,0xFF40,0x0000,0x47C0,0x4100,0x4280,0x7C40},{0x4040,0x4040,0x4040,0x7E40,0x0040,0xFF40,0x0100,0x47C0,0x4380,0x4440,0x7B80},{0x4040,0x4040,0x4040,0x7E40,0x0040,0xFF40,0x0000,0x7FC0,0x4000,0x4000,0x7FC0},
{0x4040,0x4040,0x7E40,0x0040,0xFF40,0x0000,0x7FC0,0x0040,0x7FC0,0x4000,0x7FC0},{0x4040,0x4040,0x7E40,0x0040,0xFF40,0x0000,0x7BC0,0x0840,0x7840,0x4040,0x7840},{0x4040,0x4040,0x7E40,0x0040,0xFF40,0x0000,0x7BC0,0x0A40,0x7A40,0x4240,0x7BC0},{0x4040,0x4040,0x7E40,0x0040,0xFF40,0x0000,0x7A40,0x0A40,0x7BC0,0x4240,0x7BC0},
{0x4040,0x4040,0x7E40,0x0040,0xFF40,0x0040,0x7900,0x0900,0x7900,0x4280,0x7C40},{0x4040,0x4040,0x7E40,0x0040,0xFF40,0x0000,0x7BC0,0x0A00,0x7BC0,0x4200,0x7BC0},{0x4040,0x4040,0x7E40,0x0040,0xFF40,0x0000,0x7FC0,0x0A80,0x7A80,0x4280,0x7FC0},{0x4040,0x4040,0x7E40,0x0040,0xFF40,0x0040,0x7900,0x0FC0,0x7B80,0x4440,0x7B80},
{0x4040,0x4040,0x4040,0x7E40,0x0040,0xFF40,0x0000,0x7FC0,0x4040,0x4040,0x7FC0},{0x4040,0x4040,0x4040,0x7E40,0x0040,0xFF40,0x0000,0x4040,0x7FC0,0x4040,0x7FC0},{0x4040,0x4040,0x4040,0x7E40,0x0040,0xFF40,0x0040,0x4900,0x7900,0x4A80,0x7C40},{0x4040,0x4040,0x4040,0x7E40,0x0040,0xFF40,0x0040,0x0440,0x0400,0x1B00,0x60C0},
{0x4040,0x4040,0x4040,0x7E40,0x0040,0xFF40,0x0040,0x1100,0x1100,0x2A80,0x4440},{0x4040,0x4040,0x4040,0x7E40,0x0040,0xFF40,0x0000,0x3F80,0x4040,0x4040,0x3F80},{0x4040,0x4040,0x4040,0x7E40,0x0040,0xFF40,0x0000,0x7FC0,0x0400,0x1B00,0x60C0},{0x4040,0x4040,0x4040,0x7E40,0x0040,0xFF40,0x0040,0x0400,0x7FC0,0x1B00,0x60C0},
{0x4040,0x4040,0x4040,0x7E40,0x0040,0xFF40,0x0000,0x7FC0,0x0040,0x7FC0,0x0040},{0x4040,0x4040,0x7E40,0x0040,0xFF40,0x0000,0x7FC0,0x4000,0x7FC0,0x4000,0x7FC0},{0x4040,0x4040,0x4040,0x7E40,0x0040,0xFF40,0x0000,0x7FC0,0x1100,0x1100,0x7FC0},{0x4040,0x4040,0x4040,0x7E40,0x0040,0xFF40,0x0400,0x7FC0,0x1F00,0x2080,0x1F00},
{0x8040,0x8040,0x8040,0x8040,0x8040,0x8040,0x8040,0x8040,0x8040,0xFE40,0x0040},{0x8040,0x8040,0x8040,0x8040,0x8040,0xFE40,0x0000,0x7FC0,0x0040,0x0040,0x0040},{0x8040,0x8040,0x8040,0x8040,0x8040,0xFE40,0x0000,0x7FC0,0x0440,0x0440,0x0440},{0x8040,0x8040,0x8040,0x8040,0x8040,0xFE40,0x0040,0x7900,0x0900,0x0A80,0x0C40},
{0x8040,0x8040,0x8040,0x8040,0x8040,0xFE40,0x0040,0x4040,0x4000,0x4000,0x7FC0},{0x8040,0x8040,0x8040,0x8040,0x8040,0xFE40,0x0000,0x47C0,0x4100,0x4280,0x7C40},{0x8040,0x8040,0x8040,0x8040,0x8040,0xFE40,0x0100,0x47C0,0x4380,0x4440,0x7B80},{0x8040,0x8040,0x8040,0x8040,0x8040,0xFE40,0x0000,0x7FC0,0x4000,0x4000,0x7FC0},
{0x8040,0x8040,0x8040,0x8040,0xFE40,0x0000,0x7FC0,0x0040,0x7FC0,0x4000,0x7FC0},{0x8040,0x8040,0x8040,0x8040,0xFE40,0x0000,0x7BC0,0x0840,0x7840,0x4040,0x7840},{0x8040,0x8040,0x8040,0x8040,0xFE40,0x0000,0x7BC0,0x0A40,0x7A40,0x4240,0x7BC0},{0x8040,0x8040,0x8040,0x8040,0xFE40,0x0000,0x7A40,0x0A40,0x7BC0,0x4240,0x7BC0},
{0x8040,0x8040,0x8040,0x8040,0xFE40,0x0040,0x7900,0x0900,0x7900,0x4280,0x7C40},{0x8040,0x8040,0x8040,0x8040,0xFE40,0x0000,0x7BC0,0x0A00,0x7BC0,0x4200,0x7BC0},{0x8040,0x8040,0x8040,0x8040,0xFE40,0x0000,0x7FC0,0x0A80,0x7A80,0x4280,0x7FC0},{0x8040,0x8040,0x8040,0x8040,0xFE40,0x0040,0x7900,0x0FC0,0x7B80,0x4440,0x7B80},
{0x8040,0x8040,0x8040,0x8040,0x8040,0xFE40,0x0000,0x7FC0,0x4040,0x4040,0x7FC0},{0x8040,0x8040,0x8040,0x8040,0x8040,0xFE40,0x0000,0x4040,0x7FC0,0x4040,0x7FC0},{0x8040,0x8040,0x8040,0x8040,0x8040,0xFE40,0x0040,0x4900,0x7900,0x4A80,0x7C40},{0x8040,0x8040,0x8040,0x8040,0x8040,0xFE40,0x0040,0x0440,0x0400,0x1B00,0x60C0},
{0x8040,0x8040,0x8040,0x8040,0x8040,0xFE40,0x0040,0x1100,0x1100,0x2A80,0x4440},{0x8040,0x8040,0x8040,0x8040,0x8040,0xFE40,0x0000,0x3F80,0x4040,0x4040,0x3F80},{0x8040,0x8040,0x8040,0x8040,0x8040,0xFE40,0x0000,0x7FC0,0x0400,0x1B00,0x60C0},{0x8040,0x8040,0x8040,0x8040,0x8040,0xFE40,0x0040,0x0400,0x7FC0,0x1B00,0x60C0},
{0x8040,0x8040,0x8040,0x8040,0x8040,0xFE40,0x0000,0x7FC0,0x0040,0x7FC0,0x0040},{0x8040,0x8040,0x8040,0x8040,0xFE40,0x0000,0x7FC0,0x4000,0x7FC0,0x4000,0x7FC0},{0x8040,0x8040,0x8040,0x8040,0x8040,0xFE40,0x0000,0x7FC0,0x1100,0x1100,0x7FC0},{0x8040,0x8040,0x8040,0x8040,0x8040,0xFE40,0x0400,0x7FC0,0x1F00,0x2080,0x1F00},
{0xFE40,0x8040,0x8040,0x8040,0x8040,0x8060,0x8040,0x8040,0x8040,0xFE40,0x0040},{0xFC40,0x8040,0x8060,0x8040,0x8040,0xFC40,0x0000,0x7FC0,0x0040,0x0040,0x0040},{0xFC40,0x8040,0x8060,0x8040,0x8040,0xFC40,0x0000,0x7FC0,0x0440,0x0440,0x0440},{0xFC40,0x8040,0x8060,0x8040,0x8040,0xFC40,0x0040,0x7900,0x0900,0x0A80,0x0C40},
{0xFC40,0x8040,0x8040,0x8060,0x8040,0xFC40,0x0040,0x4040,0x4000,0x4000,0x7FC0},{0xFC40,0x8040,0x8060,0x8040,0x8040,0xFC40,0x0000,0x47C0,0x4100,0x4280,0x7C40},{0xFC40,0x8040,0x8060,0x8040,0x8040,0xFC40,0x0100,0x47C0,0x4380,0x4440,0x7B80},{0xFC40,0x8040,0x8060,0x8040,0x8040,0xFC40,0x0000,0x7FC0,0x4000,0x4000,0x7FC0},
{0xFC40,0x8040,0x8060,0x8040,0xFC40,0x0000,0x7FC0,0x0040,0x7FC0,0x4000,0x7FC0},{0xFC40,0x8040,0x8060,0x8040,0xFC40,0x0000,0x7BC0,0x0840,0x7840,0x4040,0x7840},{0xFC40,0x8040,0x8060,0x8040,0xFC40,0x0000,0x7BC0,0x0A40,0x7A40,0x4240,0x7BC0},{0xFC40,0x8040,0x8060,0x8040,0xFC40,0x0000,0x7A40,0x0A40,0x7BC0,0x4240,0x7BC0},
{0xFC40,0x8040,0x8060,0x8040,0xFC40,0x0040,0x7900,0x0900,0x7900,0x4280,0x7C40},{0xFC40,0x8040,0x8060,0x8040,0xFC40,0x0000,0x7BC0,0x0A00,0x7BC0,0x4200,0x7BC0},{0xFC40,0x8040,0x8060,0x8040,0xFC40,0x0000,0x7FC0,0x0A80,0x7A80,0x4280,0x7FC0},{0xFC40,0x8040,0x8060,0x8040,0xFC40,0x0040,0x7900,0x0FC0,0x7B80,0x4440,0x7B80},
{0xFC40,0x8040,0x8060,0x8040,0x8040,0xFC40,0x0000,0x7FC0,0x4040,0x4040,0x7FC0},{0xFC40,0x8040,0x8060,0x8040,0x8040,0xFC40,0x0000,0x4040,0x7FC0,0x4040,0x7FC0},{0xFC40,0x8040,0x8060,0x8040,0x8040,0xFC40,0x0040,0x4900,0x7900,0x4A80,0x7C40},{0xFC40,0x8040,0x8040,0x8060,0x8040,0xFC40,0x0040,0x0440,0x0400,0x1B00,0x60C0},
{0xFC40,0x8040,0x8060,0x8040,0x8040,0xFC40,0x0040,0x1100,0x1100,0x2A80,0x4440},{0xFC40,0x8040,0x8060,0x8040,0x8040,0xFC40,0x0000,0x3F80,0x4040,0x4040,0x3F80},{0xFC40,0x8040,0x8060,0x8040,0x8040,0xFC40,0x0000,0x7FC0,0x0400,0x1B00,0x60C0},{0xFC40,0x8040,0x8040,0x8060,0x8040,0xFC40,0x0040,0x0400,0x7FC0,0x1B00,0x60C0},
{0xFC40,0x8040,0x8060,0x8040,0x8040,0xFC40,0x0000,0x7FC0,0x0040,0x7FC0,0x0040},{0xFC40,0x8040,0x8060,0x8040,0xFC40,0x0000,0x7FC0,0x4000,0x7FC0,0x4000,0x7FC0},{0xFC40,0x8040,0x8060,0x8040,0x8040,0xFC40,0x0000,0x7FC0,0x1100,0x1100,0x7FC0},{0xFC40,0x8040,0x8060,0x8040,0x8040,0xFC40,0x0400,0x7FC0,0x1F00,0x2080,0x1F00},
{0xFD40,0x8140,0x8140,0x8140,0x8140,0x81C0,0x8140,0x8140,0x8140,0xFD40,0x0140},{0xFD40,0x8140,0x81C0,0x8140,0x8140,0xFD40,0x0000,0x7FC0,0x0040,0x0040,0x0040},{0xFD40,0x8140,0x81C0,0x8140,0x8140,0xFD40,0x0000,0x7FC0,0x0440,0x0440,0x0440},{0xFD40,0x8140,0x81C0,0x8140,0x8140,0xFD40,0x0000,0x7900,0x0900,0x0A80,0x0C40},
{0xFD40,0x8140,0x8140,0x81C0,0x8140,0xFD40,0x0140,0x4140,0x4000,0x4000,0x7FC0},{0xFD40,0x8140,0x81C0,0x8140,0x8140,0xFD40,0x0000,0x47C0,0x4100,0x4280,0x7C40},{0xFD40,0x8140,0x81C0,0x8140,0x8140,0xFD40,0x0100,0x47C0,0x4380,0x4440,0x7B80},{0xFD40,0x8140,0x81C0,0x8140,0x8140,0xFD40,0x0000,0x7FC0,0x4000,0x4000,0x7FC0},
{0xFD40,0x8140,0x81C0,0x8140,0xFD40,0x0000,0x7FC0,0x0040,0x7FC0,0x4000,0x7FC0},{0xFD40,0x8140,0x81C0,0x8140,0xFD40,0x0000,0x7BC0,0x0840,0x7840,0x4040,0x7840},{0xFD40,0x8140,0x81C0,0x8140,0xFD40,0x0000,0x7BC0,0x0A40,0x7A40,0x4240,0x7BC0},{0xFD40,0x8140,0x81C0,0x8140,0xFD40,0x0000,0x7A40,0x0A40,0x7BC0,0x4240,0x7BC0},
{0xFD40,0x8140,0x81C0,0x8140,0xFD40,0x0000,0x7900,0x0900,0x7900,0x4280,0x7C40},{0xFD40,0x8140,0x81C0,0x8140,0xFD40,0x0000,0x7BC0,0x0A00,0x7BC0,0x4200,0x7BC0},{0xFD40,0x8140,0x81C0,0x8140,0xFD40,0x0000,0x7FC0,0x0A80,0x7A80,0x4280,0x7FC0},{0xFD40,0x8140,0x81C0,0x8140,0xFD40,0x0000,0x7900,0x0FC0,0x7B80,0x4440,0x7B80},
{0xFD40,0x8140,0x81C0,0x8140,0x8140,0xFD40,0x0000,0x7FC0,0x4040,0x4040,0x7FC0},{0xFD40,0x8140,0x81C0,0x8140,0x8140,0xFD40,0x0000,0x4040,0x7FC0,0x4040,0x7FC0},{0xFD40,0x8140,0x81C0,0x8140,0x8140,0xFD40,0x0000,0x4900,0x7900,0x4A80,0x7C40},{0xFD40,0x8140,0x8140,0x81C0,0x8140,0xFD40,0x0140,0x0540,0x0400,0x1B00,0x60C0},
{0xFD40,0x8140,0x81C0,0x8140,0x8140,0xFD40,0x0000,0x1100,0x1100,0x2A80,0x4440},{0xFD40,0x8140,0x81C0,0x8140,0x8140,0xFD40,0x0000,0x3F80,0x4040,0x4040,0x3F80},{0xFD40,0x8140,0x81C0,0x8140,0x8140,0xFD40,0x0000,0x7FC0,0x0400,0x1B00,0x60C0},{0xFD40,0x8140,0x81C0,0x8140,0x8140,0xFD40,0x0140,0x0400,0x7FC0,0x1B00,0x60C0},
{0xFD40,0x8140,0x81C0,0x8140,0x8140,0xFD40,0x0000,0x7FC0,0x0040,0x7FC0,0x0040},{0xFD40,0x8140,0x81C0,0x8140,0xFD40,0x0000,0x7FC0,0x4000,0x7FC0,0x4000,0x7FC0},{0xFD40,0x8140,0x81C0,0x8140,0x8140,0xFD40,0x0000,0x7FC0,0x1100,0x1100,0x7FC0},{0xFD40,0x8140,0x81C0,0x8140,0x8140,0xFD40,0x0400,0x7FC0,0x1F00,0x2080,0x1F00},
{0xFE40,0x8040,0x8040,0x8060,0x8040,0x8040,0x8040,0x8060,0x8040,0xFE40,0x0040},{0xFC40,0x8060,0x8040,0x8060,0x8040,0xFC40,0x0000,0x7FC0,0x0040,0x0040,0x0040},{0xFC40,0x8060,0x8040,0x8060,0x8040,0xFC40,0x0000,0x7FC0,0x0440,0x0440,0x0440},{0xFC40,0x8060,0x8040,0x8060,0x8040,0xFC40,0x0040,0x7900,0x0900,0x0A80,0x0C40},
{0xFC40,0x8040,0x8060,0x8040,0x8060,0xFC40,0x0040,0x4040,0x4000,0x4000,0x7FC0},{0xFC40,0x8060,0x8040,0x8060,0x8040,0xFC40,0x0000,0x47C0,0x4100,0x4280,0x7C40},{0xFC40,0x8060,0x8040,0x8060,0x8040,0xFC40,0x0100,0x47C0,0x4380,0x4440,0x7B80},{0xFC40,0x8060,0x8040,0x8060,0x8040,0xFC40,0x0000,0x7FC0,0x4000,0x4000,0x7FC0},
{0xFC40,0x8060,0x8040,0x8060,0xFC40,0x0000,0x7FC0,0x0040,0x7FC0,0x4000,0x7FC0},{0xFC40,0x8060,0x8040,0x8060,0xFC40,0x0000,0x7BC0,0x0840,0x7840,0x4040,0x7840},{0xFC40,0x8060,0x8040,0x8060,0xFC40,0x0000,0x7BC0,0x0A40,0x7A40,0x4240,0x7BC0},{0xFC40,0x8060,0x8040,0x8060,0xFC40,0x0000,0x7A40,0x0A40,0x7BC0,0x4240,0x7BC0},
{0xFC40,0x8060,0x8040,0x8060,0xFC40,0x0040,0x7900,0x0900,0x7900,0x4280,0x7C40},{0xFC40,0x8060,0x8040,0x8060,0xFC40,0x0000,0x7BC0,0x0A00,0x7BC0,0x4200,0x7BC0},{0xFC40,0x8060,0x8040,0x8060,0xFC40,0x0000,0x7FC0,0x0A80,0x7A80,0x4280,0x7FC0},{0xFC40,0x8060,0x8040,0x8060,0xFC40,0x0040,0x7900,0x0FC0,0x7B80,0x4440,0x7B80},
{0xFC40,0x8060,0x8040,0x8060,0x8040,0xFC40,0x0000,0x7FC0,0x4040,0x4040,0x7FC0},{0xFC40,0x8060,0x8040,0x8060,0x8040,0xFC40,0x0000,0x4040,0x7FC0,0x4040,0x7FC0},{0xFC40,0x8060,0x8040,0x8060,0x8040,0xFC40,0x0040,0x4900,0x7900,0x4A80,0x7C40},{0xFC40,0x8040,0x8060,0x8040,0x8060,0xFC40,0x0040,0x0440,0x0400,0x1B00,0x60C0},
{0xFC40,0x8060,0x8040,0x8060,0x8040,0xFC40,0x0040,0x1100,0x1100,0x2A80,0x4440},{0xFC40,0x8060,0x8040,0x8060,0x8040,0xFC40,0x0000,0x3F80,0x4040,0x4040,0x3F80},{0xFC40,0x8060,0x8040,0x8060,0x8040,0xFC40,0x0000,0x7FC0,0x0400,0x1B00,0x60C0},{0xFC40,0x8060,0x8040,0x8060,0x8040,0xFC40,0x0040,0x0400,0x7FC0,0x1B00,0x60C0},
{0xFC40,0x8060,0x8040,0x8060,0x8040,0xFC40,0x0000,0x7FC0,0x0040,0x7FC0,0x0040},{0xFC40,0x8060,0x8040,0x8060,0xFC40,0x0000,0x7FC0,0x4000,0x7FC0,0x4000,0x7FC0},{0xFC40,0x8060,0x8040,0x8060,0x8040,0xFC40,0x0000,0x7FC0,0x1100,0x1100,0x7FC0},{0xFC40,0x8060,0x8040,0x8060,0x8040,0xFC40,0x0400,0x7FC0,0x1F00,0x2080,0x1F00},
{0xFD40,0x8140,0x8140,0x81C0,0x8140,0x8140,0x8140,0x81C0,0x8140,0xFD40,0x0140},{0xFD40,0x81C0,0x8140,0x81C0,0x8140,0xFD40,0x0000,0x7FC0,0x0040,0x0040,0x0040},{0xFD40,0x81C0,0x8140,0x81C0,0x8140,0xFD40,0x0000,0x7FC0,0x0440,0x0440,0x0440},{0xFD40,0x81C0,0x8140,0x81C0,0x8140,0xFD40,0x0000,0x7900,0x0900,0x0A80,0x0C40},
{0xFD40,0x8140,0x81C0,0x8140,0x81C0,0xFD40,0x0140,0x4140,0x4000,0x4000,0x7FC0},{0xFD40,0x81C0,0x8140,0x81C0,0x8140,0xFD40,0x0000,0x47C0,0x4100,0x4280,0x7C40},{0xFD40,0x81C0,0x8140,0x81C0,0x8140,0xFD40,0x0100,0x47C0,0x4380,0x4440,0x7B80},{0xFD40,0x81C0,0x8140,0x81C0,0x8140,0xFD40,0x0000,0x7FC0,0x4000,0x4000,0x7FC0},
{0xFD40,0x81C0,0x8140,0x81C0,0xFD40,0x0000,0x7FC0,0x0040,0x7FC0,0x4000,0x7FC0},{0xFD40,0x81C0,0x8140,0x81C0,0xFD40,0x0000,0x7BC0,0x0840,0x7840,0x4040,0x7840},{0xFD40,0x81C0,0x8140,0x81C0,0xFD40,0x0000,0x7BC0,0x0A40,0x7A40,0x4240,0x7BC0},{0xFD40,0x81C0,0x8140,0x81C0,0xFD40,0x0000,0x7A40,0x0A40,0x7BC0,0x4240,0x7BC0},
{0xFD40,0x81C0,0x8140,0x81C0,0xFD40,0x0000,0x7900,0x0900,0x7900,0x4280,0x7C40},{0xFD40,0x81C0,0x8140,0x81C0,0xFD40,0x0000,0x7BC0,0x0A00,0x7BC0,0x4200,0x7BC0},{0xFD40,0x81C0,0x8140,0x81C0,0xFD40,0x0000,0x7FC0,0x0A80,0x7A80,0x4280,0x7FC0},{0xFD40,0x81C0,0x8140,0x81C0,0xFD40,0x0000,0x7900,0x0FC0,0x7B80,0x4440,0x7B80},
{0xFD40,0x81C0,0x8140,0x81C0,0x8140,0xFD40,0x0000,0x7FC0,0x4040,0x4040,0x7FC0},{0xFD40,0x81C0,0x8140,0x81C0,0x8140,0xFD40,0x0000,0x4040,0x7FC0,0x4040,0x7FC0},{0xFD40,0x81C0,0x8140,0x81C0,0x8140,0xFD40,0x0000,0x4900,0x7900,0x4A80,0x7C40},{0xFD40,0x8140,0x81C0,0x8140,0x81C0,0xFD40,0x0140,0x0540,0x0400,0x1B00,0x60C0},
{0xFD40,0x81C0,0x8140,0x81C0,0x8140,0xFD40,0x0000,0x1100,0x1100,0x2A80,0x4440},{0xFD40,0x81C0,0x8140,0x81C0,0x8140,0xFD40,0x0000,0x3F80,0x4040,0x4040,0x3F80},{0xFD40,0x81C0,0x8140,0x81C0,0x8140,0xFD40,0x0000,0x7FC0,0x0400,0x1B00,0x60C0},{0xFD40,0x81C0,0x8140,0x81C0,0x8140,0xFD40,0x0140,0x0400,0x7FC0,0x1B00,0x60C0},
{0xFD40,0x81C0,0x8140,0x81C0,0x8140,0xFD40,0x0000,0x7FC0,0x0040,0x7FC0,0x0040},{0xFD40,0x81C0,0x8140,0x81C0,0xFD40,0x0000,0x7FC0,0x4000,0x7FC0,0x4000,0x7FC0},{0xFD40,0x81C0,0x8140,0x81C0,0x8140,0xFD40,0x0000,0x7FC0,0x1100,0x1100,0x7FC0},{0xFD40,0x81C0,0x8140,0x81C0,0x8140,0xFD40,0x0400,0x7FC0,0x1F00,0x2080,0x1F00},
{0xFE40,0x8040,0x8040,0x8040,0x83C0,0x8040,0x8040,0x8040,0x8040,0xFE40,0x0040},{0xFC40,0x8040,0x83C0,0x8040,0x8040,0xFC40,0x0000,0x7FC0,0x0040,0x0040,0x0040},{0xFC40,0x8040,0x83C0,0x8040,0x8040,0xFC40,0x0000,0x7FC0,0x0440,0x0440,0x0440},{0xFC40,0x8040,0x83C0,0x8040,0x8040,0xFC40,0x0040,0x7900,0x0900,0x0A80,0x0C40},
{0xFC40,0x8040,0x8040,0x83C0,0x8040,0xFC40,0x0040,0x4040,0x4000,0x4000,0x7FC0},{0xFC40,0x8040,0x83C0,0x8040,0x8040,0xFC40,0x0000,0x47C0,0x4100,0x4280,0x7C40},{0xFC40,0x8040,0x83C0,0x8040,0x8040,0xFC40,0x0100,0x47C0,0x4380,0x4440,0x7B80},{0xFC40,0x8040,0x83C0,0x8040,0x8040,0xFC40,0x0000,0x7FC0,0x4000,0x4000,0x7FC0},
{0xFC40,0x8040,0x83C0,0x8040,0xFC40,0x0000,0x7FC0,0x0040,0x7FC0,0x4000,0x7FC0},{0xFC40,0x8040,0x83C0,0x8040,0xFC40,0x0000,0x7BC0,0x0840,0x7840,0x4040,0x7840},{0xFC40,0x8040,0x83C0,0x8040,0xFC40,0x0000,0x7BC0,0x0A40,0x7A40,0x4240,0x7BC0},{0xFC40,0x8040,0x83C0,0x8040,0xFC40,0x0000,0x7A40,0x0A40,0x7BC0,0x4240,0x7BC0},
{0xFC40,0x8040,0x83C0,0x8040,0xFC40,0x0040,0x7900,0x0900,0x7900,0x4280,0x7C40},{0xFC40,0x8040,0x83C0,0x8040,0xFC40,0x0000,0x7BC0,0x0A00,0x7BC0,0x4200,0x7BC0},{0xFC40,0x8040,0x83C0,0x8040,0xFC40,0x0000,0x7FC0,0x0A80,0x7A80,0x4280,0x7FC0},{0xFC40,0x8040,0x83C0,0x8040,0xFC40,0x0040,0x7900,0x0FC0,0x7B80,0x4440,0x7B80},
{0xFC40,0x8040,0x83C0,0x8040,0x8040,0xFC40,0x0000,0x7FC0,0x4040,0x4040,0x7FC0},{0xFC40,0x8040,0x83C0,0x8040,0x8040,0xFC40,0x0000,0x4040,0x7FC0,0x4040,0x7FC0},{0xFC40,0x8040,0x83C0,0x8040,0x8040,0xFC40,0x0040,0x4900,0x7900,0x4A80,0x7C40},{0xFC40,0x8040,0x8040,0x83C0,0x8040,0xFC40,0x0040,0x0440,0x0400,0x1B00,0x60C0},
{0xFC40,0x8040,0x83C0,0x8040,0x8040,0xFC40,0x0040,0x1100,0x1100,0x2A80,0x4440},{0xFC40,0x8040,0x83C0,0x8040,0x8040,0xFC40,0x0000,0x3F80,0x4040,0x4040,0x3F80},{0xFC40,0x8040,0x83C0,0x8040,0x8040,0xFC40,0x0000,0x7FC0,0x0400,0x1B00,0x60C0},{0xFC40,0x8040,0x83C0,0x8040,0x8040,0xFC40,0x0040,0x0400,0x7FC0,0x1B00,0x60C0},
{0xFC40,0x8040,0x83C0,0x8040,0x8040,0xFC40,0x0000,0x7FC0,0x0040,0x7FC0,0x0040},{0xFC40,0x8040,0x83C0,0x8040,0xFC40,0x0000,0x7FC0,0x4000,0x7FC0,0x4000,0x7FC0},{0xFC40,0x8040,0x83C0,0x8040,0x8040,0xFC40,0x0000,0x7FC0,0x1100,0x1100,0x7FC0},{0xFC40,0x8040,0x83C0,0x8040,0x8040,0xFC40,0x0400,0x7FC0,0x1F00,0x2080,0x1F00},
{0xF940,0x8140,0x8140,0x8140,0x8F40,0x8140,0x8140,0x8140,0x8140,0xF940,0x0140},{0xF940,0x8140,0x8F40,0x8140,0x8140,0xF940,0x0000,0x7FC0,0x0040,0x0040,0x0040},{0xF940,0x8140,0x8F40,0x8140,0x8140,0xF940,0x0000,0x7FC0,0x0440,0x0440,0x0440},{0xF940,0x8140,0x8F40,0x8140,0x8140,0xF940,0x0000,0x7900,0x0900,0x0A80,0x0C40},
{0xF940,0x8140,0x8F40,0x8140,0x8140,0xF940,0x0140,0x4140,0x4000,0x4000,0x7FC0},{0xF940,0x8140,0x8F40,0x8140,0x8140,0xF940,0x0000,0x47C0,0x4100,0x4280,0x7C40},{0xF940,0x8140,0x8F40,0x8140,0x8140,0xF940,0x0100,0x47C0,0x4380,0x4440,0x7B80},{0xF940,0x8140,0x8F40,0x8140,0x8140,0xF940,0x0000,0x7FC0,0x4000,0x4000,0x7FC0},
{0xF940,0x8140,0x8F40,0x8140,0xF940,0x0000,0x7FC0,0x0040,0x7FC0,0x4000,0x7FC0},{0xF940,0x8140,0x8F40,0x8140,0xF940,0x0000,0x7BC0,0x0840,0x7840,0x4040,0x7840},{0xF940,0x8140,0x8F40,0x8140,0xF940,0x0000,0x7BC0,0x0A40,0x7A40,0x4240,0x7BC0},{0xF940,0x8140,0x8F40,0x8140,0xF940,0x0000,0x7A40,0x0A40,0x7BC0,0x4240,0x7BC0},
{0xF940,0x8140,0x8F40,0x8140,0xF940,0x0000,0x7900,0x0900,0x7900,0x4280,0x7C40},{0xF940,0x8140,0x8F40,0x8140,0xF940,0x0000,0x7BC0,0x0A00,0x7BC0,0x4200,0x7BC0},{0xF940,0x8140,0x8F40,0x8140,0xF940,0x0000,0x7FC0,0x0A80,0x7A80,0x4280,0x7FC0},{0xF940,0x8140,0x8F40,0x8140,0xF940,0x0000,0x7900,0x0FC0,0x7B80,0x4440,0x7B80},
{0xF940,0x8140,0x8F40,0x8140,0x8140,0xF940,0x0000,0x7FC0,0x4040,0x4040,0x7FC0},{0xF940,0x8140,0x8F40,0x8140,0x8140,0xF940,0x0000,0x4040,0x7FC0,0x4040,0x7FC0},{0xF940,0x8140,0x8F40,0x8140,0x8140,0xF940,0x0000,0x4900,0x7900,0x4A80,0x7C40},{0xF940,0x8140,0x8140,0x8F40,0x8140,0xF940,0x0140,0x0540,0x0400,0x1B00,0x60C0},
{0xF940,0x8140,0x8F40,0x8140,0x8140,0xF940,0x0000,0x1100,0x1100,0x2A80,0x4440},{0xF940,0x8140,0x8F40,0x8140,0x8140,0xF940,0x0000,0x3F80,0x4040,0x4040,0x3F80},{0xF940,0x8140,0x8F40,0x8140,0x8140,0xF940,0x0000,0x7FC0,0x0400,0x1B00,0x60C0},{0xF940,0x8140,0x8F40,0x8140,0x8140,0xF940,0x0140,0x0400,0x7FC0,0x1B00,0x60C0},
{0xF940,0x8140,0x8F40,0x8140,0x8140,0xF940,0x0000,0x7FC0,0x0040,0x7FC0,0x0040},{0xF940,0x8140,0x8F40,0x8140,0xF940,0x0000,0x7FC0,0x4000,0x7FC0,0x4000,0x7FC0},{0xF940,0x8140,0x8F40,0x8140,0x8140,0xF940,0x0000,0x7FC0,0x1100,0x1100,0x7FC0},{0xF940,0x8140,0x8F40,0x8140,0x8140,0xF940,0x0400,0x7FC0,0x1F00,0x2080,0x1F00},
{0xFE40,0x8040,0x8040,0x83C0,0x8040,0x8040,0x83C0,0x8040,0x8040,0xFE40,0x0040},{0xFC40,0x83C0,0x8040,0x83C0,0x8040,0xFC40,0x0000,0x7FC0,0x0040,0x0040,0x0040},{0xFC40,0x83C0,0x8040,0x83C0,0x8040,0xFC40,0x0000,0x7FC0,0x0440,0x0440,0x0440},{0xFC40,0x83C0,0x8040,0x83C0,0x8040,0xFC40,0x0040,0x7900,0x0900,0x0A80,0x0C40},
{0xFC40,0x8040,0x83C0,0x8040,0x83C0,0xFC40,0x0040,0x4040,0x4000,0x4000,0x7FC0},{0xFC40,0x83C0,0x8040,0x83C0,0x8040,0xFC40,0x0000,0x47C0,0x4100,0x4280,0x7C40},{0xFC40,0x83C0,0x8040,0x83C0,0x8040,0xFC40,0x0100,0x47C0,0x4380,0x4440,0x7B80},{0xFC40,0x83C0,0x8040,0x83C0,0x8040,0xFC40,0x0000,0x7FC0,0x4000,0x4000,0x7FC0},
{0xFC40,0x83C0,0x8040,0x83C0,0xFC40,0x0000,0x7FC0,0x0040,0x7FC0,0x4000,0x7FC0},{0xFC40,0x83C0,0x8040,0x83C0,0xFC40,0x0000,0x7BC0,0x0840,0x7840,0x4040,0x7840},{0xFC40,0x83C0,0x8040,0x83C0,0xFC40,0x0000,0x7BC0,0x0A40,0x7A40,0x4240,0x7BC0},{0xFC40,0x83C0,0x8040,0x83C0,0xFC40,0x0000,0x7A40,0x0A40,0x7BC0,0x4240,0x7BC0},
{0xFC40,0x83C0,0x8040,0x83C0,0xFC40,0x0040,0x7900,0x0900,0x7900,0x4280,0x7C40},{0xFC40,0x83C0,0x8040,0x83C0,0xFC40,0x0000,0x7BC0,0x0A00,0x7BC0,0x4200,0x7BC0},{0xFC40,0x83C0,0x8040,0x83C0,0xFC40,0x0000,0x7FC0,0x0A80,0x7A80,0x4280,0x7FC0},{0xFC40,0x83C0,0x8040,0x83C0,0xFC40,0x0040,0x7900,0x0FC0,0x7B80,0x4440,0x7B80},
{0xFC40,0x83C0,0x8040,0x83C0,0x8040,0xFC40,0x0000,0x7FC0,0x4040,0x4040,0x7FC0},{0xFC40,0x83C0,0x8040,0x83C0,0x8040,0xFC40,0x0000,0x4040,0x7FC0,0x4040,0x7FC0},{0xFC40,0x83C0,0x8040,0x83C0,0x8040,0xFC40,0x0040,0x4900,0x7900,0x4A80,0x7C40},{0xFC40,0x8040,0x83C0,0x8040,0x83C0,0xFC40,0x0040,0x0440,0x0400,0x1B00,0x60C0},
{0xFC40,0x83C0,0x8040,0x83C0,0x8040,0xFC40,0x0040,0x1100,0x1100,0x2A80,0x4440},{0xFC40,0x83C0,0x8040,0x83C0,0x8040,0xFC40,0x0000,0x3F80,0x4040,0x4040,0x3F80},{0xFC40,0x83C0,0x8040,0x83C0,0x8040,0xFC40,0x0000,0x7FC0,0x0400,0x1B00,0x60C0},{0xFC40,0x83C0,0x8040,0x83C0,0x8040,0xFC40,0x0040,0x0400,0x7FC0,0x1B00,0x60C0},
{0xFC40,0x83C0,0x8040,0x83C0,0x8040,0xFC40,0x0000,0x7FC0,0x0040,0x7FC0,0x0040},{0xFC40,0x83C0,0x8040,0x83C0,0xFC40,0x0000,0x7FC0,0x4000,0x7FC0,0x4000,0x7FC0},{0xFC40,0x83C0,0x8040,0x83C0,0x8040,0xFC40,0x0000,0x7FC0,0x1100,0x1100,0x7FC0},{0xFC40,0x83C0,0x8040,0x83C0,0x8040,0xFC40,0x0400,0x7FC0,0x1F00,0x2080,0x1F00},
{0xF940,0x8140,0x8140,0x8F40,0x8140,0x8140,0x8F40,0x8140,0x8140,0xF940,0x0140},{0xF940,0x8740,0x8140,0x8740,0x8140,0xF940,0x0000,0x7FC0,0x0040,0x0040,0x0040},{0xF940,0x8740,0x8140,0x8740,0x8140,0xF940,0x0000,0x7FC0,0x0440,0x0440,0x0440},{0xF940,0x8740,0x8140,0x8740,0x8140,0xF940,0x0000,0x7900,0x0900,0x0A80,0x0C40},
{0xF940,0x8140,0x8740,0x8140,0x8740,0xF940,0x0140,0x4140,0x4000,0x4000,0x7FC0},{0xF940,0x8740,0x8140,0x8740,0x8140,0xF940,0x0000,0x47C0,0x4100,0x4280,0x7C40},{0xF940,0x8740,0x8140,0x8740,0x8140,0xF940,0x0100,0x47C0,0x4380,0x4440,0x7B80},{0xF940,0x8740,0x8140,0x8740,0x8140,0xF940,0x0000,0x7FC0,0x4000,0x4000,0x7FC0},
{0xF940,0x8740,0x8140,0x8740,0xF940,0x0000,0x7FC0,0x0040,0x7FC0,0x4000,0x7FC0},{0xF940,0x8740,0x8140,0x8740,0xF940,0x0000,0x7BC0,0x0840,0x7840,0x4040,0x7840},{0xF940,0x8740,0x8140,0x8740,0xF940,0x0000,0x7BC0,0x0A40,0x7A40,0x4240,0x7BC0},{0xF940,0x8740,0x8140,0x8740,0xF940,0x0000,0x7A40,0x0A40,0x7BC0,0x4240,0x7BC0},
{0xF940,0x8740,0x8140,0x8740,0xF940,0x0000,0x7900,0x0900,0x7900,0x4280,0x7C40},{0xF940,0x8740,0x8140,0x8740,0xF940,0x0000,0x7BC0,0x0A00,0x7BC0,0x4200,0x7BC0},{0xF940,0x8740,0x8140,0x8740,0xF940,0x0000,0x7FC0,0x0A80,0x7A80,0x4280,0x7FC0},{0xF940,0x8740,0x8140,0x8740,0xF940,0x0000,0x7900,0x0FC0,0x7B80,0x4440,0x7B80},
{0xF940,0x8740,0x8140,0x8740,0x8140,0xF940,0x0000,0x7FC0,0x4040,0x4040,0x7FC0},{0xF940,0x8740,0x8140,0x8740,0x8140,0xF940,0x0000,0x4040,0x7FC0,0x4040,0x7FC0},{0xF940,0x8740,0x8140,0x8740,0x8140,0xF940,0x0000,0x4900,0x7900,0x4A80,0x7C40},{0xF940,0x8140,0x8740,0x8140,0x8740,0xF940,0x0140,0x0540,0x0400,0x1B00,0x60C0},
{0xF940,0x8740,0x8140,0x8740,0x8140,0xF940,0x0000,0x1100,0x1100,0x2A80,0x4440},{0xF940,0x8740,0x8140,0x8740,0x8140,0xF940,0x0000,0x3F80,0x4040,0x4040,0x3F80},{0xF940,0x8740,0x8140,0x8740,0x8140,0xF940,0x0000,0x7FC0,0x0400,0x1B00,0x60C0},{0xF940,0x8740,0x8140,0x8740,0x8140,0xF940,0x0140,0x0400,0x7FC0,0x1B00,0x60C0},
{0xF940,0x8740,0x8140,0x8740,0x8140,0xF940,0x0000,0x7FC0,0x0040,0x7FC0,0x0040},{0xF940,0x8740,0x8140,0x8740,0xF940,0x0000,0x7FC0,0x4000,0x7FC0,0x4000,0x7FC0},{0xF940,0x8740,0x8140,0x8740,0x8140,0xF940,0x0000,0x7FC0,0x1100,0x1100,0x7FC0},{0xF940,0x8740,0x8140,0x8740,0x8140,0xF940,0x0400,0x7FC0,0x1F00,0x2080,0x1F00},
{0x7FC0,0x4000,0x4000,0x4000,0x4000,0x4000,0x7FC0,0x0400,0x0400,0xFFE0,0x0000},{0x7FC0,0x4000,0x4000,0x7FC0,0x0400,0xFFE0,0x0000,0x7FC0,0x0040,0x0040,0x0040},{0x7FC0,0x4000,0x4000,0x7FC0,0x0400,0xFFE0,0x0000,0x7FC0,0x0440,0x0440,0x0440},{0x7FC0,0x4000,0x4000,0x7FC0,0x0400,0xFFE0,0x0000,0x7900,0x0900,0x0A80,0x0C40},
{0x7FC0,0x4000,0x4000,0x7FC0,0x0400,0xFFE0,0x0000,0x4000,0x4000,0x4000,0x7FC0},{0x7FC0,0x4000,0x4000,0x7FC0,0x0400,0xFFE0,0x0000,0x47C0,0x4100,0x4280,0x7C40},{0x7FC0,0x4000,0x4000,0x7FC0,0x0400,0xFFE0,0x0100,0x47C0,0x4380,0x4440,0x7B80},{0x7FC0,0x4000,0x4000,0x7FC0,0x0400,0xFFE0,0x0000,0x7FC0,0x4000,0x4000,0x7FC0},
{0x7FC0,0x4000,0x7FC0,0x0400,0xFFE0,0x0000,0x7FC0,0x0040,0x7FC0,0x4000,0x7FC0},{0x7FC0,0x4000,0x7FC0,0x0400,0xFFE0,0x0000,0x7BC0,0x0840,0x7840,0x4040,0x7840},{0x7FC0,0x4000,0x7FC0,0x0400,0xFFE0,0x0000,0x7BC0,0x0A40,0x7A40,0x4240,0x7BC0},{0x7FC0,0x4000,0x7FC0,0x0400,0xFFE0,0x0000,0x7A40,0x0A40,0x7BC0,0x4240,0x7BC0},
{0x7FC0,0x4000,0x7FC0,0x0400,0xFFE0,0x0000,0x7900,0x0900,0x7900,0x4280,0x7C40},{0x7FC0,0x4000,0x7FC0,0x0400,0xFFE0,0x0000,0x7BC0,0x0A00,0x7BC0,0x4200,0x7BC0},{0x7FC0,0x4000,0x7FC0,0x0400,0xFFE0,0x0000,0x7FC0,0x0A80,0x7A80,0x4280,0x7FC0},{0x7FC0,0x4000,0x7FC0,0x0400,0xFFE0,0x0000,0x7900,0x0FC0,0x7B80,0x4440,0x7B80},
{0x7FC0,0x4000,0x4000,0x7FC0,0x0400,0xFFE0,0x0000,0x7FC0,0x4040,0x4040,0x7FC0},{0x7FC0,0x4000,0x4000,0x7FC0,0x0400,0xFFE0,0x0000,0x4040,0x7FC0,0x4040,0x7FC0},{0x7FC0,0x4000,0x4000,0x7FC0,0x0400,0xFFE0,0x0000,0x4900,0x7900,0x4A80,0x7C40},{0x7FC0,0x4000,0x4000,0x7FC0,0x0400,0xFFE0,0x0000,0x0400,0x0400,0x1B00,0x60C0},
{0x7FC0,0x4000,0x4000,0x7FC0,0x0400,0xFFE0,0x0000,0x1100,0x1100,0x2A80,0x4440},{0x7FC0,0x4000,0x4000,0x7FC0,0x0400,0xFFE0,0x0000,0x3F80,0x4040,0x4040,0x3F80},{0x7FC0,0x4000,0x4000,0x7FC0,0x0400,0xFFE0,0x0000,0x7FC0,0x0400,0x1B00,0x60C0},{0x7FC0,0x4000,0x4000,0x7FC0,0x0400,0xFFE0,0x0000,0x0400,0x7FC0,0x1B00,0x60C0},
{0x7FC0,0x4000,0x4000,0x7FC0,0x0400,0xFFE0,0x0000,0x7FC0,0x0040,0x7FC0,0x0040},{0x7FC0,0x4000,0x7FC0,0x0400,0xFFE0,0x0000,0x7FC0,0x4000,0x7FC0,0x4000,0x7FC0},{0x7FC0,0x4000,0x4000,0x7FC0,0x0400,0xFFE0,0x0000,0x7FC0,0x1100,0x1100,0x7FC0},{0x7FC0,0x4000,0x4000,0x7FC0,0x0400,0xFFE0,0x0400,0x7FC0,0x1F00,0x2080,0x1F00},
{0xFE40,0x8040,0x8040,0x8040,0x8040,0xFE60,0x1040,0x1040,0x1040,0xFF40,0x0040},{0x7E40,0x4040,0x4060,0x7E40,0x0840,0xFF40,0x0000,0x7FC0,0x0040,0x0040,0x0040},{0x7E40,0x4040,0x4060,0x7E40,0x0840,0xFF40,0x0000,0x7FC0,0x0440,0x0440,0x0440},{0x7E40,0x4040,0x4060,0x7E40,0x0840,0xFF40,0x0040,0x7900,0x0900,0x0A80,0x0C40},
{0x7E40,0x4040,0x4040,0x7E60,0x0840,0xFF40,0x0040,0x4040,0x4000,0x4000,0x7FC0},{0x7E40,0x4040,0x4060,0x7E40,0x0840,0xFF40,0x0000,0x47C0,0x4100,0x4280,0x7C40},{0x7E40,0x4040,0x4060,0x7E40,0x0840,0xFF40,0x0100,0x47C0,0x4380,0x4440,0x7B80},{0x7E40,0x4040,0x4060,0x7E40,0x0840,0xFF40,0x0000,0x7FC0,0x4000,0x4000,0x7FC0},
{0x7E40,0x4040,0x7E60,0x0840,0xFF40,0x0000,0x7FC0,0x0040,0x7FC0,0x4000,0x7FC0},{0x7E40,0x4040,0x7E60,0x0840,0xFF40,0x0000,0x7BC0,0x0840,0x7840,0x4040,0x7840},{0x7E40,0x4040,0x7E60,0x0840,0xFF40,0x0000,0x7BC0,0x0A40,0x7A40,0x4240,0x7BC0},{0x7E40,0x4040,0x7E60,0x0840,0xFF40,0x0000,0x7A40,0x0A40,0x7BC0,0x4240,0x7BC0},
{0x7E40,0x4040,0x7E60,0x0840,0xFF40,0x0040,0x7900,0x0900,0x7900,0x4280,0x7C40},{0x7E40,0x4040,0x7E60,0x0840,0xFF40,0x0000,0x7BC0,0x0A00,0x7BC0,0x4200,0x7BC0},{0x7E40,0x4040,0x7E60,0x0840,0xFF40,0x0000,0x7FC0,0x0A80,0x7A80,0x4280,0x7FC0},{0x7E40,0x4040,0x7E60,0x0840,0xFF40,0x0040,0x7900,0x0FC0,0x7B80,0x4440,0x7B80},
{0x7E40,0x4040,0x4060,0x7E40,0x0840,0xFF40,0x0000,0x7FC0,0x4040,0x4040,0x7FC0},{0x7E40,0x4040,0x4060,0x7E40,0x0840,0xFF40,0x0000,0x4040,0x7FC0,0x4040,0x7FC0},{0x7E40,0x4040,0x4060,0x7E40,0x0840,0xFF40,0x0040,0x4900,0x7900,0x4A80,0x7C40},{0x7E40,0x4040,0x4040,0x7E60,0x0840,0xFF40,0x0040,0x0440,0x0400,0x1B00,0x60C0},
{0x7E40,0x4040,0x4060,0x7E40,0x0840,0xFF40,0x0040,0x1100,0x1100,0x2A80,0x4440},{0x7E40,0x4040,0x4060,0x7E40,0x0840,0xFF40,0x0000,0x3F80,0x4040,0x4040,0x3F80},{0x7E40,0x4040,0x4060,0x7E40,0x0840,0xFF40,0x0000,0x7FC0,0x0400,0x1B00,0x60C0},{0x7E40,0x4040,0x4060,0x7E40,0x0840,0xFF40,0x0040,0x0400,0x7FC0,0x1B00,0x60C0},
{0x7E40,0x4040,0x4060,0x7E40,0x0840,0xFF40,0x0000,0x7FC0,0x0040,0x7FC0,0x0040},{0x7E40,0x4040,0x7E60,0x0840,0xFF40,0x0000,0x7FC0,0x4000,0x7FC0,0x4000,0x7FC0},{0x7E40,0x4040,0x4060,0x7E40,0x0840,0xFF40,0x0000,0x7FC0,0x1100,0x1100,0x7FC0},{0x7E40,0x4040,0x4060,0x7E40,0x0840,0xFF40,0x0400,0x7FC0,0x1F00,0x2080,0x1F00},
{0xFD40,0x8140,0x8140,0x8140,0x8140,0xFDC0,0x1140,0x1140,0x1140,0xFD40,0x0140},{0xFD40,0x8140,0x81C0,0xFD40,0x1140,0xFD40,0x0000,0x7FC0,0x0040,0x0040,0x0040},{0xFD40,0x8140,0x81C0,0xFD40,0x1140,0xFD40,0x0000,0x7FC0,0x0440,0x0440,0x0440},{0xFD40,0x8140,0x81C0,0xFD40,0x1140,0xFD40,0x0000,0x7900,0x0900,0x0A80,0x0C40},
{0xFD40,0x8140,0x8140,0xFDC0,0x1140,0xFD40,0x0140,0x4140,0x4000,0x4000,0x7FC0},{0xFD40,0x8140,0x81C0,0xFD40,0x1140,0xFD40,0x0000,0x47C0,0x4100,0x4280,0x7C40},{0xFD40,0x8140,0x81C0,0xFD40,0x1140,0xFD40,0x0100,0x47C0,0x4380,0x4440,0x7B80},{0xFD40,0x8140,0x81C0,0xFD40,0x1140,0xFD40,0x0000,0x7FC0,0x4000,0x4000,0x7FC0},
{0xFD40,0x8140,0xFDC0,0x1140,0xFD40,0x0000,0x7FC0,0x0040,0x7FC0,0x4000,0x7FC0},{0xFD40,0x8140,0xFDC0,0x1140,0xFD40,0x0000,0x7BC0,0x0840,0x7840,0x4040,0x7840},{0xFD40,0x8140,0xFDC0,0x1140,0xFD40,0x0000,0x7BC0,0x0A40,0x7A40,0x4240,0x7BC0},{0xFD40,0x8140,0xFDC0,0x1140,0xFD40,0x0000,0x7A40,0x0A40,0x7BC0,0x4240,0x7BC0},
{0xFD40,0x8140,0xFDC0,0x1140,0xFD40,0x0000,0x7900,0x0900,0x7900,0x4280,0x7C40},{0xFD40,0x8140,0xFDC0,0x1140,0xFD40,0x0000,0x7BC0,0x0A00,0x7BC0,0x4200,0x7BC0},{0xFD40,0x8140,0xFDC0,0x1140,0xFD40,0x0000,0x7FC0,0x0A80,0x7A80,0x4280,0x7FC0},{0xFD40,0x8140,0xFDC0,0x1140,0xFD40,0x0000,0x7900,0x0FC0,0x7B80,0x4440,0x7B80},
{0xFD40,0x8140,0x81C0,0xFD40,0x1140,0xFD40,0x0000,0x7FC0,0x4040,0x4040,0x7FC0},{0xFD40,0x8140,0x81C0,0xFD40,0x1140,0xFD40,0x0000,0x4040,0x7FC0,0x4040,0x7FC0},{0xFD40,0x8140,0x81C0,0xFD40,0x1140,0xFD40,0x0000,0x4900,0x7900,0x4A80,0x7C40},{0xFD40,0x8140,0x8140,0xFDC0,0x1140,0xFD40,0x0140,0x0540,0x0400,0x1B00,0x60C0},
{0xFD40,0x8140,0x81C0,0xFD40,0x1140,0xFD40,0x0000,0x1100,0x1100,0x2A80,0x4440},{0xFD40,0x8140,0x81C0,0xFD40,0x1140,0xFD40,0x0000,0x3F80,0x4040,0x4040,0x3F80},{0xFD40,0x8140,0x81C0,0xFD40,0x1140,0xFD40,0x0000,0x7FC0,0x0400,0x1B00,0x60C0},{0xFD40,0x8140,0x81C0,0xFD40,0x1140,0xFD40,0x0140,0x0400,0x7FC0,0x1B00,0x60C0},
{0xFD40,0x8140,0x81C0,0xFD40,0x1140,0xFD40,0x0000,0x7FC0,0x0040,0x7FC0,0x0040},{0xFD40,0x8140,0xFDC0,0x1140,0xFD40,0x0000,0x7FC0,0x4000,0x7FC0,0x4000,0x7FC0},{0xFD40,0x8140,0x81C0,0xFD40,0x1140,0xFD40,0x0000,0x7FC0,0x1100,0x1100,0x7FC0},{0xFD40,0x8140,0x81C0,0xFD40,0x1140,0xFD40,0x0400,0x7FC0,0x1F00,0x2080,0x1F00},
{0xFE40,0x8040,0x8040,0x8040,0x8040,0xFE40,0x1040,0x1040,0x1040,0xFF40,0x0040},{0x7E40,0x4040,0x4040,0x7E40,0x0840,0xFF40,0x0000,0x7FC0,0x0040,0x0040,0x0040},{0x7E40,0x4040,0x4040,0x7E40,0x0840,0xFF40,0x0000,0x7FC0,0x0440,0x0440,0x0440},{0x7E40,0x4040,0x4040,0x7E40,0x0840,0xFF40,0x0040,0x7900,0x0900,0x0A80,0x0C40},
{0x7E40,0x4040,0x4040,0x7E40,0x0840,0xFF40,0x0040,0x4040,0x4000,0x4000,0x7FC0},{0x7E40,0x4040,0x4040,0x7E40,0x0840,0xFF40,0x0000,0x47C0,0x4100,0x4280,0x7C40},{0x7E40,0x4040,0x4040,0x7E40,0x0840,0xFF40,0x0100,0x47C0,0x4380,0x4440,0x7B80},{0x7E40,0x4040,0x4040,0x7E40,0x0840,0xFF40,0x0000,0x7FC0,0x4000,0x4000,0x7FC0},
{0x7E40,0x4040,0x7E40,0x0840,0xFF40,0x0000,0x7FC0,0x0040,0x7FC0,0x4000,0x7FC0},{0x7E40,0x4040,0x7E40,0x0840,0xFF40,0x0000,0x7BC0,0x0840,0x7840,0x4040,0x7840},{0x7E40,0x4040,0x7E40,0x0840,0xFF40,0x0000,0x7BC0,0x0A40,0x7A40,0x4240,0x7BC0},{0x7E40,0x4040,0x7E40,0x0840,0xFF40,0x0000,0x7A40,0x0A40,0x7BC0,0x4240,0x7BC0},
{0x7E40,0x4040,0x7E40,0x0840,0xFF40,0x0040,0x7900,0x0900,0x7900,0x4280,0x7C40},{0x7E40,0x4040,0x7E40,0x0840,0xFF40,0x0000,0x7BC0,0x0A00,0x7BC0,0x4200,0x7BC0},{0x7E40,0x4040,0x7E40,0x0840,0xFF40,0x0000,0x7FC0,0x0A80,0x7A80,0x4280,0x7FC0},{0x7E40,0x4040,0x7E40,0x0840,0xFF40,0x0040,0x7900,0x0FC0,0x7B80,0x4440,0x7B80},
{0x7E40,0x4040,0x4040,0x7E40,0x0840,0xFF40,0x0000,0x7FC0,0x4040,0x4040,0x7FC0},{0x7E40,0x4040,0x4040,0x7E40,0x0840,0xFF40,0x0000,0x4040,0x7FC0,0x4040,0x7FC0},{0x7E40,0x4040,0x4040,0x7E40,0x0840,0xFF40,0x0040,0x4900,0x7900,0x4A80,0x7C40},{0x7E40,0x4040,0x4040,0x7E40,0x0840,0xFF40,0x0040,0x0440,0x0400,0x1B00,0x60C0},
{0x7E40,0x4040,0x4040,0x7E40,0x0840,0xFF40,0x0040,0x1100,0x1100,0x2A80,0x4440},{0x7E40,0x4040,0x4040,0x7E40,0x0840,0xFF40,0x0000,0x3F80,0x4040,0x4040,0x3F80},{0x7E40,0x4040,0x4040,0x7E40,0x0840,0xFF40,0x0000,0x7FC0,0x0400,0x1B00,0x60C0},{0x7E40,0x4040,0x4040,0x7E40,0x0840,0xFF40,0x0040,0x0400,0x7FC0,0x1B00,0x60C0},
{0x7E40,0x4040,0x4040,0x7E40,0x0840,0xFF40,0x0000,0x7FC0,0x0040,0x7FC0,0x0040},{0x7E40,0x4040,0x7E40,0x0840,0xFF40,0x0000,0x7FC0,0x4000,0x7FC0,0x4000,0x7FC0},{0x7E40,0x4040,0x4040,0x7E40,0x0840,0xFF40,0x0000,0x7FC0,0x1100,0x1100,0x7FC0},{0x7E40,0x4040,0x4040,0x7E40,0x0840,0xFF40,0x0400,0x7FC0,0x1F00,0x2080,0x1F00},
{0x7FC0,0x4000,0x4000,0x4000,0x4000,0x4000,0x7FC0,0x1100,0x1100,0xFFE0,0x0000},{0x7FC0,0x4000,0x4000,0x7FC0,0x1100,0xFFE0,0x0000,0x7FC0,0x0040,0x0040,0x0040},{0x7FC0,0x4000,0x4000,0x7FC0,0x1100,0xFFE0,0x0000,0x7FC0,0x0440,0x0440,0x0440},{0x7FC0,0x4000,0x4000,0x7FC0,0x1100,0xFFE0,0x0000,0x7900,0x0900,0x0A80,0x0C40},
{0x7FC0,0x4000,0x4000,0x7FC0,0x1100,0xFFE0,0x0000,0x4000,0x4000,0x4000,0x7FC0},{0x7FC0,0x4000,0x4000,0x7FC0,0x1100,0xFFE0,0x0000,0x47C0,0x4100,0x4280,0x7C40},{0x7FC0,0x4000,0x4000,0x7FC0,0x1100,0xFFE0,0x0100,0x47C0,0x4380,0x4440,0x7B80},{0x7FC0,0x4000,0x4000,0x7FC0,0x1100,0xFFE0,0x0000,0x7FC0,0x4000,0x4000,0x7FC0},
{0x7FC0,0x4000,0x7FC0,0x1100,0xFFE0,0x0000,0x7FC0,0x0040,0x7FC0,0x4000,0x7FC0},{0x7FC0,0x4000,0x7FC0,0x1100,0xFFE0,0x0000,0x7BC0,0x0840,0x7840,0x4040,0x7840},{0x7FC0,0x4000,0x7FC0,0x1100,0xFFE0,0x0000,0x7BC0,0x0A40,0x7A40,0x4240,0x7BC0},{0x7FC0,0x4000,0x7FC0,0x1100,0xFFE0,0x0000,0x7A40,0x0A40,0x7BC0,0x4240,0x7BC0},
{0x7FC0,0x4000,0x7FC0,0x1100,0xFFE0,0x0000,0x7900,0x0900,0x7900,0x4280,0x7C40},{0x7FC0,0x4000,0x7FC0,0x1100,0xFFE0,0x0000,0x7BC0,0x0A00,0x7BC0,0x4200,0x7BC0},{0x7FC0,0x4000,0x7FC0,0x1100,0xFFE0,0x0000,0x7FC0,0x0A80,0x7A80,0x4280,0x7FC0},{0x7FC0,0x4000,0x7FC0,0x1100,0xFFE0,0x0000,0x7900,0x0FC0,0x7B80,0x4440,0x7B80},
{0x7FC0,0x4000,0x4000,0x7FC0,0x1100,0xFFE0,0x0000,0x7FC0,0x4040,0x4040,0x7FC0},{0x7FC0,0x4000,0x4000,0x7FC0,0x1100,0xFFE0,0x0000,0x4040,0x7FC0,0x4040,0x7FC0},{0x7FC0,0x4000,0x4000,0x7FC0,0x1100,0xFFE0,0x0000,0x4900,0x7900,0x4A80,0x7C40},{0x7FC0,0x4000,0x4000,0x7FC0,0x1100,0xFFE0,0x0000,0x0400,0x0400,0x1B00,0x60C0},
{0x7FC0,0x4000,0x4000,0x7FC0,0x1100,0xFFE0,0x0000,0x1100,0x1100,0x2A80,0x4440},{0x7FC0,0x4000,0x4000,0x7FC0,0x1100,0xFFE0,0x0000,0x3F80,0x4040,0x4040,0x3F80},{0x7FC0,0x4000,0x4000,0x7FC0,0x1100,0xFFE0,0x0000,0x7FC0,0x0400,0x1B00,0x60C0},{0x7FC0,0x4000,0x4000,0x7FC0,0x1100,0xFFE0,0x0000,0x0400,0x7FC0,0x1B00,0x60C0},
{0x7FC0,0x4000,0x4000,0x7FC0,0x1100,0xFFE0,0x0000,0x7FC0,0x0040,0x7FC0,0x0040},{0x7FC0,0x4000,0x7FC0,0x1100,0xFFE0,0x0000,0x7FC0,0x4000,0x7FC0,0x4000,0x7FC0},{0x7FC0,0x4000,0x4000,0x7FC0,0x1100,0xFFE0,0x0000,0x7FC0,0x1100,0x1100,0x7FC0},{0x7FC0,0x4000,0x4000,0x7FC0,0x1100,0xFFE0,0x0400,0x7FC0,0x1F00,0x2080,0x1F00},
{0x7FC0,0x4000,0x4000,0x4000,0x7FC0,0x0000,0xFFE0,0x0400,0x0400,0x0400,0x0400},{0x7FC0,0x4000,0x4000,0x7FC0,0x0000,0xFFE0,0x0400,0x7FC0,0x0040,0x0040,0x0040},{0x7FC0,0x4000,0x4000,0x7FC0,0x0000,0xFFE0,0x0400,0x7FC0,0x0440,0x0440,0x0440},{0x7FC0,0x4000,0x4000,0x7FC0,0x0000,0xFFE0,0x0400,0x7900,0x0900,0x0A80,0x0C40},
{0x7FC0,0x4000,0x4000,0x7FC0,0x0000,0xFFE0,0x0400,0x4400,0x4000,0x4000,0x7FC0},{0x7FC0,0x4000,0x4000,0x7FC0,0x0000,0xFFE0,0x0400,0x47C0,0x4100,0x4280,0x7C40},{0x7FC0,0x4000,0x4000,0x7FC0,0x0000,0xFFE0,0x0500,0x47C0,0x4380,0x4440,0x7B80},{0x7FC0,0x4000,0x4000,0x7FC0,0x0000,0xFFE0,0x0400,0x7FC0,0x4000,0x4000,0x7FC0},
{0x7FC0,0x4000,0x7FC0,0x0000,0xFFE0,0x0400,0x7FC0,0x0040,0x7FC0,0x4000,0x7FC0},{0x7FC0,0x4000,0x7FC0,0x0000,0xFFE0,0x0400,0x7BC0,0x0840,0x7840,0x4040,0x7840},{0x7FC0,0x4000,0x7FC0,0x0000,0xFFE0,0x0400,0x7BC0,0x0A40,0x7A40,0x4240,0x7BC0},{0x7FC0,0x4000,0x7FC0,0x0000,0xFFE0,0x0400,0x7A40,0x0A40,0x7BC0,0x4240,0x7BC0},
{0x7FC0,0x4000,0x7FC0,0x0000,0xFFE0,0x0400,0x7900,0x0900,0x7900,0x4280,0x7C40},{0x7FC0,0x4000,0x7FC0,0x0000,0xFFE0,0x0400,0x7BC0,0x0A00,0x7BC0,0x4200,0x7BC0},{0x7FC0,0x4000,0x7FC0,0x0000,0xFFE0,0x0400,0x7FC0,0x0A80,0x7A80,0x4280,0x7FC0},{0x7FC0,0x4000,0x7FC0,0x0000,0xFFE0,0x0400,0x7900,0x0FC0,0x7B80,0x4440,0x7B80},
{0x7FC0,0x4000,0x4000,0x7FC0,0x0000,0xFFE0,0x0400,0x7FC0,0x4040,0x4040,0x7FC0},{0x7FC0,0x4000,0x4000,0x7FC0,0x0000,0xFFE0,0x0400,0x4040,0x7FC0,0x4040,0x7FC0},{0x7FC0,0x4000,0x4000,0x7FC0,0x0000,0xFFE0,0x0400,0x4900,0x7900,0x4A80,0x7C40},{0x7FC0,0x4000,0x4000,0x7FC0,0x0000,0xFFE0,0x0400,0x0000,0x0400,0x1B00,0x60C0},
{0x7FC0,0x4000,0x4000,0x7FC0,0x0000,0xFFE0,0x0400,0x1500,0x1100,0x2A80,0x4440},{0x7FC0,0x4000,0x4000,0x7FC0,0x0000,0xFFE0,0x0400,0x3F80,0x4040,0x4040,0x3F80},{0x7FC0,0x4000,0x4000,0x7FC0,0x0000,0xFFE0,0x0400,0x7FC0,0x0400,0x1B00,0x60C0},{0x7FC0,0x4000,0x7FC0,0x0000,0xFFE0,0x0400,0x0000,0x0400,0x7FC0,0x1B00,0x60C0},
{0x7FC0,0x4000,0x4000,0x7FC0,0x0000,0xFFE0,0x0400,0x7FC0,0x0040,0x7FC0,0x0040},{0x7FC0,0x4000,0x7FC0,0x0000,0xFFE0,0x0400,0x7FC0,0x4000,0x7FC0,0x4000,0x7FC0},{0x7FC0,0x4000,0x4000,0x7FC0,0x0000,0xFFE0,0x0400,0x7FC0,0x1100,0x1100,0x7FC0},{0x7FC0,0x4000,0x7FC0,0x0000,0xFFE0,0x0400,0x0400,0x7FC0,0x1F00,0x2080,0x1F00},
{0x7E40,0x4040,0x4040,0x4040,0x7E40,0x0040,0xFF40,0x1040,0x13C0,0x1040,0x1040},{0x7E40,0x4040,0x7E40,0x0040,0xFF40,0x11C0,0x1040,0x7FC0,0x0040,0x0040,0x0040},{0x7E40,0x4040,0x7E40,0x0040,0xFF40,0x11C0,0x1040,0x7FC0,0x0440,0x0440,0x0440},{0x7E40,0x4040,0x7E40,0x0040,0xFF40,0x11C0,0x1040,0x7900,0x0900,0x0A80,0x0C40},
{0x7E40,0x4040,0x7E40,0x0040,0xFF40,0x1040,0x11C0,0x5040,0x4000,0x4000,0x7FC0},{0x7E40,0x4040,0x7E40,0x0040,0xFF40,0x11C0,0x1040,0x47C0,0x4100,0x4280,0x7C40},{0x7E40,0x4040,0x7E40,0x0040,0xFF40,0x11C0,0x1140,0x47C0,0x4380,0x4440,0x7B80},{0x7E40,0x4040,0x7E40,0x0040,0xFF40,0x11C0,0x1040,0x7FC0,0x4000,0x4000,0x7FC0},
{0x7E40,0x4040,0x7E40,0xFF40,0x11C0,0x1040,0x7FC0,0x0040,0x7FC0,0x4000,0x7FC0},{0x7E40,0x4040,0x7E40,0xFF40,0x11C0,0x1040,0x7BC0,0x0840,0x7840,0x4040,0x7840},{0x7E40,0x4040,0x7E40,0xFF40,0x11C0,0x1040,0x7BC0,0x0A40,0x7A40,0x4240,0x7BC0},{0x7E40,0x4040,0x7E40,0xFF40,0x11C0,0x1040,0x7A40,0x0A40,0x7BC0,0x4240,0x7BC0},
{0x7E40,0x4040,0x7E40,0xFF40,0x11C0,0x1040,0x7900,0x0900,0x7900,0x4280,0x7C40},{0x7E40,0x4040,0x7E40,0xFF40,0x11C0,0x1040,0x7BC0,0x0A00,0x7BC0,0x4200,0x7BC0},{0x7E40,0x4040,0x7E40,0xFF40,0x11C0,0x1040,0x7FC0,0x0A80,0x7A80,0x4280,0x7FC0},{0x7E40,0x4040,0x7E40,0xFF40,0x11C0,0x1040,0x7900,0x0FC0,0x7B80,0x4440,0x7B80},
{0x7E40,0x4040,0x7E40,0x0040,0xFF40,0x11C0,0x1040,0x7FC0,0x4040,0x4040,0x7FC0},{0x7E40,0x4040,0x7E40,0x0040,0xFF40,0x11C0,0x1040,0x4040,0x7FC0,0x4040,0x7FC0},{0x7E40,0x4040,0x7E40,0x0040,0xFF40,0x11C0,0x1040,0x4900,0x7900,0x4A80,0x7C40},{0x7E40,0x4040,0x7E40,0x0040,0xFF40,0x1040,0x11C0,0x1440,0x0400,0x1B00,0x60C0},
{0x7E40,0x4040,0x7E40,0x0040,0xFF40,0x11C0,0x1040,0x0000,0x1100,0x2A80,0x4440},{0x7E40,0x4040,0x7E40,0x0040,0xFF40,0x11C0,0x1040,0x3F80,0x4040,0x4040,0x3F80},{0x7E40,0x4040,0x7E40,0x0040,0xFF40,0x11C0,0x1040,0x7FC0,0x0400,0x1B00,0x60C0},{0x7E40,0x4040,0x7E40,0x0040,0xFF40,0x11C0,0x1440,0x7FC0,0x0400,0x1B00,0x60C0},
{0x7E40,0x4040,0x7E40,0x0040,0xFF40,0x11C0,0x1040,0x7FC0,0x0040,0x7FC0,0x0040},{0x7E40,0x4040,0x7E40,0xFF40,0x11C0,0x1040,0x7FC0,0x4000,0x7FC0,0x4000,0x7FC0},{0x7E40,0x4040,0x7E40,0x0040,0xFF40,0x11C0,0x1040,0x7FC0,0x1100,0x1100,0x7FC0},{0x7E40,0x4040,0x7E40,0x0040,0xFF40,0x11C0,0x1440,0x7FC0,0x1F00,0x2080,0x1F00},
{0xFD40,0x8140,0x8140,0x8140,0xFD40,0x0140,0xFD40,0x1140,0x1740,0x1140,0x1140},{0xFD40,0x8140,0xFD40,0x0140,0xFD40,0x1740,0x1140,0x7FC0,0x0040,0x0040,0x0040},{0xFD40,0x8140,0xFD40,0x0140,0xFD40,0x1740,0x1140,0x7FC0,0x0440,0x0440,0x0440},{0xFD40,0x8140,0xFD40,0x0140,0xFD40,0x1740,0x1140,0x7800,0x0900,0x0A80,0x0C40},
{0xFD40,0x8140,0xFD40,0x0140,0xFD40,0x1140,0x1740,0x5140,0x4000,0x4000,0x7FC0},{0xFD40,0x8140,0xFD40,0x0140,0xFD40,0x1740,0x1140,0x47C0,0x4100,0x4280,0x7C40},{0xFD40,0x8140,0xFD40,0x0140,0xFD40,0x1740,0x1140,0x47C0,0x4380,0x4440,0x7B80},{0xFD40,0x8140,0xFD40,0x0140,0xFD40,0x1740,0x1140,0x7FC0,0x4000,0x4000,0x7FC0},
{0x7D40,0x4140,0x7D40,0xFD40,0x1740,0x1140,0x7FC0,0x0040,0x7FC0,0x4000,0x7FC0},{0x7D40,0x4140,0x7D40,0xFD40,0x1740,0x1140,0x7BC0,0x0840,0x7840,0x4040,0x7840},{0x7D40,0x4140,0x7D40,0xFD40,0x1740,0x1140,0x7BC0,0x0A40,0x7A40,0x4240,0x7BC0},{0x7D40,0x4140,0x7D40,0xFD40,0x1740,0x1140,0x7A40,0x0A40,0x7BC0,0x4240,0x7BC0},
{0x7D40,0x4140,0x7D40,0xFD40,0x1740,0x1140,0x7800,0x0900,0x7900,0x4280,0x7C40},{0x7D40,0x4140,0x7D40,0xFD40,0x1740,0x1140,0x7BC0,0x0A00,0x7BC0,0x4200,0x7BC0},{0x7D40,0x4140,0x7D40,0xFD40,0x1740,0x1140,0x7FC0,0x0A80,0x7A80,0x4280,0x7FC0},{0x7D40,0x4140,0x7D40,0xFD40,0x1740,0x1140,0x7900,0x0FC0,0x7B80,0x4440,0x7B80},
{0xFD40,0x8140,0xFD40,0x0140,0xFD40,0x1740,0x1140,0x7FC0,0x4040,0x4040,0x7FC0},{0xFD40,0x8140,0xFD40,0x0140,0xFD40,0x1740,0x1140,0x4040,0x7FC0,0x4040,0x7FC0},{0xFD40,0x8140,0xFD40,0x0140,0xFD40,0x1740,0x1140,0x4800,0x7900,0x4A80,0x7C40},{0xFD40,0x8140,0xFD40,0x0140,0xFD40,0x1740,0x1140,0x1540,0x0400,0x1B00,0x60C0},
{0xFD40,0x8140,0xFD40,0x0140,0xFD40,0x1740,0x1140,0x0000,0x1100,0x2A80,0x4440},{0xFD40,0x8140,0xFD40,0x0140,0xFD40,0x1740,0x1140,0x3F80,0x4040,0x4040,0x3F80},{0xFD40,0x8140,0xFD40,0x0140,0xFD40,0x1740,0x1140,0x7FC0,0x0400,0x1B00,0x60C0},{0xFD40,0x8140,0xFD40,0x0140,0xFD40,0x1740,0x1140,0x0400,0x7FC0,0x1B00,0x60C0},
{0xFD40,0x8140,0xFD40,0x0140,0xFD40,0x1740,0x1140,0x7FC0,0x0040,0x7FC0,0x0040},{0x7D40,0x4140,0x7D40,0xFD40,0x1740,0x1140,0x7FC0,0x4000,0x7FC0,0x4000,0x7FC0},{0xFD40,0x8140,0xFD40,0x0140,0xFD40,0x1740,0x1140,0x7FC0,0x1100,0x1100,0x7FC0},{0xFD40,0x8140,0xFD40,0x0140,0xFD40,0x1740,0x1540,0x7FC0,0x1F00,0x2080,0x1F00},
{0x7E40,0x4040,0x4040,0x4040,0x7E40,0x0040,0xFF40,0x0840,0x0840,0x0840,0x0840},{0x7E40,0x4040,0x4040,0x7E40,0x0040,0xFF40,0x0800,0x7FC0,0x0040,0x0040,0x0040},{0x7E40,0x4040,0x4040,0x7E40,0x0040,0xFF40,0x0800,0x7FC0,0x0440,0x0440,0x0440},{0x7E40,0x4040,0x4040,0x7E40,0x0040,0xFF40,0x1040,0x7900,0x0900,0x0A80,0x0C40},
{0x7E40,0x4040,0x4040,0x7E40,0x0040,0xFF40,0x0840,0x4840,0x4000,0x4000,0x7FC0},{0x7E40,0x4040,0x4040,0x7E40,0x0040,0xFF40,0x1000,0x57C0,0x4100,0x4280,0x7C40},{0x7E40,0x4040,0x4040,0x7E40,0x0040,0xFF40,0x1100,0x57C0,0x4380,0x4440,0x7B80},{0x7E40,0x4040,0x4040,0x7E40,0x0040,0xFF40,0x0800,0x7FC0,0x4000,0x4000,0x7FC0},
{0x7E40,0x4040,0x7E40,0x0040,0xFF40,0x0800,0x7FC0,0x0040,0x7FC0,0x4000,0x7FC0},{0x7E40,0x4040,0x7E40,0x0040,0xFF40,0x1000,0x7BC0,0x0840,0x7840,0x4040,0x7840},{0x7E40,0x4040,0x7E40,0x0040,0xFF40,0x1000,0x7BC0,0x0A40,0x7A40,0x4240,0x7BC0},{0x7E40,0x4040,0x7E40,0x0040,0xFF40,0x1000,0x7A40,0x0A40,0x7BC0,0x4240,0x7BC0},
{0x7E40,0x4040,0x7E40,0x0040,0xFF40,0x1040,0x7900,0x0900,0x7900,0x4280,0x7C40},{0x7E40,0x4040,0x7E40,0x0040,0xFF40,0x1000,0x7BC0,0x0A00,0x7BC0,0x4200,0x7BC0},{0x7E40,0x4040,0x7E40,0x0040,0xFF40,0x1000,0x7FC0,0x0A80,0x7A80,0x4280,0x7FC0},{0x7E40,0x4040,0x7E40,0x0040,0xFF40,0x1040,0x7900,0x0FC0,0x7B80,0x4440,0x7B80},
{0x7E40,0x4040,0x4040,0x7E40,0x0040,0xFF40,0x0800,0x7FC0,0x4040,0x4040,0x7FC0},{0x7E40,0x4040,0x4040,0x7E40,0x0040,0xFF40,0x0800,0x4040,0x7FC0,0x4040,0x7FC0},{0x7E40,0x4040,0x4040,0x7E40,0x0040,0xFF40,0x1040,0x4900,0x7900,0x4A80,0x7C40},{0x7E40,0x4040,0x4040,0x7E40,0x0040,0xFF40,0x1040,0x1440,0x0400,0x1B00,0x60C0},
{0x7E40,0x4040,0x4040,0x7E40,0x0040,0xFF40,0x0840,0x0840,0x1100,0x2A80,0x4440},{0x7E40,0x4040,0x4040,0x7E40,0x0040,0xFF40,0x0800,0x3F80,0x4040,0x4040,0x3F80},{0x7E40,0x4040,0x4040,0x7E40,0x0040,0xFF40,0x0800,0x7FC0,0x0400,0x1B00,0x60C0},{0x7E40,0x4040,0x4040,0x7E40,0x0040,0xFF40,0x1040,0x0400,0x7FC0,0x1B00,0x60C0},
{0x7E40,0x4040,0x4040,0x7E40,0x0040,0xFF40,0x0800,0x7FC0,0x0040,0x7FC0,0x0040},{0x7E40,0x4040,0x7E40,0x0040,0xFF40,0x0800,0x7FC0,0x4000,0x7FC0,0x4000,0x7FC0},{0x7E40,0x4040,0x4040,0x7E40,0x0040,0xFF40,0x0800,0x7FC0,0x1100,0x1100,0x7FC0},{0x7E40,0x4040,0x7E40,0x0040,0xFF40,0x1040,0x0400,0x7FC0,0x1F00,0x2080,0x1F00},
{0x7FC0,0x4000,0x4000,0x4000,0x7FC0,0x0000,0xFFE0,0x1100,0x1100,0x1100,0x1100},{0x7FC0,0x4000,0x4000,0x7FC0,0x0000,0xFFE0,0x1100,0x7FC0,0x0040,0x0040,0x0040},{0x7FC0,0x4000,0x4000,0x7FC0,0x0000,0xFFE0,0x1100,0x7FC0,0x0440,0x0440,0x0440},{0x7FC0,0x4000,0x4000,0x7FC0,0x0000,0xFFE0,0x1100,0x7800,0x0900,0x0A80,0x0C40},
{0x7FC0,0x4000,0x4000,0x7FC0,0x0000,0xFFE0,0x1100,0x5100,0x4000,0x4000,0x7FC0},{0x7FC0,0x4000,0x4000,0x7FC0,0x0000,0xFFE0,0x1100,0x57C0,0x4100,0x4280,0x7C40},{0x7FC0,0x4000,0x4000,0x7FC0,0x0000,0xFFE0,0x1100,0x57C0,0x4380,0x4440,0x7B80},{0x7FC0,0x4000,0x4000,0x7FC0,0x0000,0xFFE0,0x1100,0x7FC0,0x4000,0x4000,0x7FC0},
{0x7FC0,0x4000,0x7FC0,0x0000,0xFFE0,0x1100,0x7FC0,0x0040,0x7FC0,0x4000,0x7FC0},{0x7FC0,0x4000,0x7FC0,0x0000,0xFFE0,0x1100,0x7BC0,0x0840,0x7840,0x4040,0x7840},{0x7FC0,0x4000,0x7FC0,0x0000,0xFFE0,0x1100,0x7BC0,0x0A40,0x7A40,0x4240,0x7BC0},{0x7FC0,0x4000,0x7FC0,0x0000,0xFFE0,0x1100,0x7A40,0x0A40,0x7BC0,0x4240,0x7BC0},
{0x7FC0,0x4000,0x7FC0,0x0000,0xFFE0,0x1100,0x7800,0x0900,0x7900,0x4280,0x7C40},{0x7FC0,0x4000,0x7FC0,0x0000,0xFFE0,0x1100,0x7BC0,0x0A00,0x7BC0,0x4200,0x7BC0},{0x7FC0,0x4000,0x7FC0,0x0000,0xFFE0,0x1100,0x7FC0,0x0A80,0x7A80,0x4280,0x7FC0},{0x7FC0,0x4000,0x7FC0,0x0000,0xFFE0,0x1100,0x7900,0x0FC0,0x7B80,0x4440,0x7B80},
{0x7FC0,0x4000,0x4000,0x7FC0,0x0000,0xFFE0,0x1100,0x7FC0,0x4040,0x4040,0x7FC0},{0x7FC0,0x4000,0x4000,0x7FC0,0x0000,0xFFE0,0x1100,0x4040,0x7FC0,0x4040,0x7FC0},{0x7FC0,0x4000,0x4000,0x7FC0,0x0000,0xFFE0,0x1100,0x4800,0x7900,0x4A80,0x7C40},{0x7FC0,0x4000,0x4000,0x7FC0,0x0000,0xFFE0,0x1100,0x1500,0x0400,0x1B00,0x60C0},
{0x7FC0,0x4000,0x4000,0x7FC0,0x0000,0xFFE0,0x1100,0x0000,0x1100,0x2A80,0x4440},{0x7FC0,0x4000,0x4000,0x7FC0,0x0000,0xFFE0,0x1100,0x3F80,0x4040,0x4040,0x3F80},{0x7FC0,0x4000,0x4000,0x7FC0,0x0000,0xFFE0,0x1100,0x7FC0,0x0400,0x1B00,0x60C0},{0x7FC0,0x4000,0x4000,0x7FC0,0x0000,0xFFE0,0x1100,0x0400,0x7FC0,0x1B00,0x60C0},
{0x7FC0,0x4000,0x4000,0x7FC0,0x0000,0xFFE0,0x1100,0x7FC0,0x0040,0x7FC0,0x0040},{0x7FC0,0x4000,0x7FC0,0x0000,0xFFE0,0x1100,0x7FC0,0x4000,0x7FC0,0x4000,0x7FC0},{0x7FC0,0x4000,0x4000,0x7FC0,0x0000,0xFFE0,0x1100,0x7FC0,0x1100,0x1100,0x7FC0},{0x7FC0,0x4000,0x7FC0,0x0000,0xFFE0,0x1100,0x0400,0x7FC0,0x1F00,0x2080,0x1F00},
{0x7FC0,0x4000,0x4000,0x4000,0x4000,0x4000,0x7FC0,0x0000,0x0000,0xFFE0,0x0000},{0x7FC0,0x4000,0x4000,0x7FC0,0x0000,0xFFE0,0x0000,0x7FC0,0x0040,0x0040,0x0040},{0x7FC0,0x4000,0x4000,0x7FC0,0x0000,0xFFE0,0x0000,0x7FC0,0x0440,0x0440,0x0440},{0x7FC0,0x4000,0x4000,0x7FC0,0x0000,0xFFE0,0x0000,0x7900,0x0900,0x0A80,0x0C40},
{0x7FC0,0x4000,0x4000,0x7FC0,0x0000,0xFFE0,0x0000,0x4000,0x4000,0x4000,0x7FC0},{0x7FC0,0x4000,0x4000,0x7FC0,0x0000,0xFFE0,0x0000,0x47C0,0x4100,0x4280,0x7C40},{0x7FC0,0x4000,0x4000,0x7FC0,0x0000,0xFFE0,0x0100,0x47C0,0x4380,0x4440,0x7B80},{0x7FC0,0x4000,0x4000,0x7FC0,0x0000,0xFFE0,0x0000,0x7FC0,0x4000,0x4000,0x7FC0},
{0x7FC0,0x4000,0x7FC0,0x0000,0xFFE0,0x0000,0x7FC0,0x0040,0x7FC0,0x4000,0x7FC0},{0x7FC0,0x4000,0x7FC0,0x0000,0xFFE0,0x0000,0x7BC0,0x0840,0x7840,0x4040,0x7840},{0x7FC0,0x4000,0x7FC0,0x0000,0xFFE0,0x0000,0x7BC0,0x0A40,0x7A40,0x4240,0x7BC0},{0x7FC0,0x4000,0x7FC0,0x0000,0xFFE0,0x0000,0x7A40,0x0A40,0x7BC0,0x4240,0x7BC0},
{0x7FC0,0x4000,0x7FC0,0x0000,0xFFE0,0x0000,0x7900,0x0900,0x7900,0x4280,0x7C40},{0x7FC0,0x4000,0x7FC0,0x0000,0xFFE0,0x0000,0x7BC0,0x0A00,0x7BC0,0x4200,0x7BC0},{0x7FC0,0x4000,0x7FC0,0x0000,0xFFE0,0x0000,0x7FC0,0x0A80,0x7A80,0x4280,0x7FC0},{0x7FC0,0x4000,0x7FC0,0x0000,0xFFE0,0x0000,0x7900,0x0FC0,0x7B80,0x4440,0x7B80},
{0x7FC0,0x4000,0x4000,0x7FC0,0x0000,0xFFE0,0x0000,0x7FC0,0x4040,0x4040,0x7FC0},{0x7FC0,0x4000,0x4000,0x7FC0,0x0000,0xFFE0,0x0000,0x4040,0x7FC0,0x4040,0x7FC0},{0x7FC0,0x4000,0x4000,0x7FC0,0x0000,0xFFE0,0x0000,0x4900,0x7900,0x4A80,0x7C40},{0x7FC0,0x4000,0x4000,0x7FC0,0x0000,0xFFE0,0x0000,0x0400,0x0400,0x1B00,0x60C0},
{0x7FC0,0x4000,0x4000,0x7FC0,0x0000,0xFFE0,0x0000,0x1100,0x1100,0x2A80,0x4440},{0x7FC0,0x4000,0x4000,0x7FC0,0x0000,0xFFE0,0x0000,0x3F80,0x4040,0x4040,0x3F80},{0x7FC0,0x4000,0x4000,0x7FC0,0x0000,0xFFE0,0x0000,0x7FC0,0x0400,0x1B00,0x60C0},{0x7FC0,0x4000,0x4000,0x7FC0,0x0000,0xFFE0,0x0000,0x0400,0x7FC0,0x1B00,0x60C0},
{0x7FC0,0x4000,0x4000,0x7FC0,0x0000,0xFFE0,0x0000,0x7FC0,0x0040,0x7FC0,0x0040},{0x7FC0,0x4000,0x7FC0,0x0000,0xFFE0,0x0000,0x7FC0,0x4000,0x7FC0,0x4000,0x7FC0},{0x7FC0,0x4000,0x4000,0x7FC0,0x0000,0xFFE0,0x0000,0x7FC0,0x1100,0x1100,0x7FC0},{0x7FC0,0x4000,0x4000,0x7FC0,0x0000,0xFFE0,0x0400,0x7FC0,0x1F00,0x2080,0x1F00},
{0xFE40,0x8040,0x8040,0x8040,0x8040,0x8040,0xFE40,0x0040,0x0040,0xFF40,0x0040},{0x7E40,0x4040,0x4040,0x7E40,0x0040,0xFF40,0x0000,0x7FC0,0x0040,0x0040,0x0040},{0x7E40,0x4040,0x4040,0x7E40,0x0040,0xFF40,0x0000,0x7FC0,0x0440,0x0440,0x0440},{0x7E40,0x4040,0x4040,0x7E40,0x0040,0xFF40,0x0040,0x7900,0x0900,0x0A80,0x0C40},
{0x7E40,0x4040,0x4040,0x7E40,0x0040,0xFF40,0x0040,0x4040,0x4000,0x4000,0x7FC0},{0x7E40,0x4040,0x4040,0x7E40,0x0040,0xFF40,0x0000,0x47C0,0x4100,0x4280,0x7C40},{0x7E40,0x4040,0x4040,0x7E40,0x0040,0xFF40,0x0100,0x47C0,0x4380,0x4440,0x7B80},{0x7E40,0x4040,0x4040,0x7E40,0x0040,0xFF40,0x0000,0x7FC0,0x4000,0x4000,0x7FC0},
{0x7E40,0x4040,0x7E40,0x0040,0xFF40,0x0000,0x7FC0,0x0040,0x7FC0,0x4000,0x7FC0},{0x7E40,0x4040,0x7E40,0x0040,0xFF40,0x0000,0x7BC0,0x0840,0x7840,0x4040,0x7840},{0x7E40,0x4040,0x7E40,0x0040,0xFF40,0x0000,0x7BC0,0x0A40,0x7A40,0x4240,0x7BC0},{0x7E40,0x4040,0x7E40,0x0040,0xFF40,0x0000,0x7A40,0x0A40,0x7BC0,0x4240,0x7BC0},
{0x7E40,0x4040,0x7E40,0x0040,0xFF40,0x0040,0x7900,0x0900,0x7900,0x4280,0x7C40},{0x7E40,0x4040,0x7E40,0x0040,0xFF40,0x0000,0x7BC0,0x0A00,0x7BC0,0x4200,0x7BC0},{0x7E40,0x4040,0x7E40,0x0040,0xFF40,0x0000,0x7FC0,0x0A80,0x7A80,0x4280,0x7FC0},{0x7E40,0x4040,0x7E40,0x0040,0xFF40,0x0040,0x7900,0x0FC0,0x7B80,0x4440,0x7B80},
{0x7E40,0x4040,0x4040,0x7E40,0x0040,0xFF40,0x0000,0x7FC0,0x4040,0x4040,0x7FC0},{0x7E40,0x4040,0x4040,0x7E40,0x0040,0xFF40,0x0000,0x4040,0x7FC0,0x4040,0x7FC0},{0x7E40,0x4040,0x4040,0x7E40,0x0040,0xFF40,0x0040,0x4900,0x7900,0x4A80,0x7C40},{0x7E40,0x4040,0x4040,0x7E40,0x0040,0xFF40,0x0040,0x0440,0x0400,0x1B00,0x60C0},
{0x7E40,0x4040,0x4040,0x7E40,0x0040,0xFF40,0x0040,0x1100,0x1100,0x2A80,0x4440},{0x7E40,0x4040,0x4040,0x7E40,0x0040,0xFF40,0x0000,0x3F80,0x4040,0x4040,0x3F80},{0x7E40,0x4040,0x4040,0x7E40,0x0040,0xFF40,0x0000,0x7FC0,0x0400,0x1B00,0x60C0},{0x7E40,0x4040,0x4040,0x7E40,0x0040,0xFF40,0x0040,0x0400,0x7FC0,0x1B00,0x60C0},
{0x7E40,0x4040,0x4040,0x7E40,0x0040,0xFF40,0x0000,0x7FC0,0x0040,0x7FC0,0x0040},{0x7E40,0x4040,0x7E40,0x0040,0xFF40,0x0000,0x7FC0,0x4000,0x7FC0,0x4000,0x7FC0},{0x7E40,0x4040,0x4040,0x7E40,0x0040,0xFF40,0x0000,0x7FC0,0x1100,0x1100,0x7FC0},{0x7E40,0x4040,0x4040,0x7E40,0x0040,0xFF40,0x0400,0x7FC0,0x1F00,0x2080,0x1F00},
{0xFE40,0x8040,0x8040,0x8040,0x8040,0x8040,0x8040,0x8040,0x8040,0xFE40,0x0040},{0xFE40,0x8040,0x8040,0x8040,0x8040,0xFE40,0x0000,0x7FC0,0x0040,0x0040,0x0040},{0xFE40,0x8040,0x8040,0x8040,0x8040,0xFE40,0x0000,0x7FC0,0x0440,0x0440,0x0440},{0xFE40,0x8040,0x8040,0x8040,0x8040,0xFE40,0x0040,0x7900,0x0900,0x0A80,0x0C40},
{0xFE40,0x8040,0x8040,0x8040,0x8040,0xFE40,0x0040,0x4040,0x4000,0x4000,0x7FC0},{0xFE40,0x8040,0x8040,0x8040,0x8040,0xFE40,0x0000,0x47C0,0x4100,0x4280,0x7C40},{0xFE40,0x8040,0x8040,0x8040,0x8040,0xFE40,0x0100,0x47C0,0x4380,0x4440,0x7B80},{0xFE40,0x8040,0x8040,0x8040,0x8040,0xFE40,0x0000,0x7FC0,0x4000,0x4000,0x7FC0},
{0xFE40,0x8040,0x8040,0x8040,0xFE40,0x0000,0x7FC0,0x0040,0x7FC0,0x4000,0x7FC0},{0xFE40,0x8040,0x8040,0x8040,0xFE40,0x0000,0x7BC0,0x0840,0x7840,0x4040,0x7840},{0xFE40,0x8040,0x8040,0x8040,0xFE40,0x0000,0x7BC0,0x0A40,0x7A40,0x4240,0x7BC0},{0xFE40,0x8040,0x8040,0x8040,0xFE40,0x0000,0x7A40,0x0A40,0x7BC0,0x4240,0x7BC0},
{0xFE40,0x8040,0x8040,0x8040,0xFE40,0x0040,0x7900,0x0900,0x7900,0x4280,0x7C40},{0xFE40,0x8040,0x8040,0x8040,0xFE40,0x0000,0x7BC0,0x0A00,0x7BC0,0x4200,0x7BC0},{0xFE40,0x8040,0x8040,0x8040,0xFE40,0x0000,0x7FC0,0x0A80,0x7A80,0x4280,0x7FC0},{0xFE40,0x8040,0x8040,0x8040,0xFE40,0x0040,0x7900,0x0FC0,0x7B80,0x4440,0x7B80},
{0xFE40,0x8040,0x8040,0x8040,0x8040,0xFE40,0x0000,0x7FC0,0x4040,0x4040,0x7FC0},{0xFE40,0x8040,0x8040,0x8040,0x8040,0xFE40,0x0000,0x4040,0x7FC0,0x4040,0x7FC0},{0xFE40,0x8040,0x8040,0x8040,0x8040,0xFE40,0x0040,0x4900,0x7900,0x4A80,0x7C40},{0xFE40,0x8040,0x8040,0x8040,0x8040,0xFE40,0x0040,0x0440,0x0400,0x1B00,0x60C0},
{0xFE40,0x8040,0x8040,0x8040,0x8040,0xFE40,0x0040,0x1100,0x1100,0x2A80,0x4440},{0xFE40,0x8040,0x8040,0x8040,0x8040,0xFE40,0x0000,0x3F80,0x4040,0x4040,0x3F80},{0xFE40,0x8040,0x8040,0x8040,0x8040,0xFE40,0x0000,0x7FC0,0x0400,0x1B00,0x60C0},{0xFE40,0x8040,0x8040,0x8040,0x8040,0xFE40,0x0040,0x0400,0x7FC0,0x1B00,0x60C0},
{0xFE40,0x8040,0x8040,0x8040,0x8040,0xFE40,0x0000,0x7FC0,0x0040,0x7FC0,0x0040},{0xFE40,0x8040,0x8040,0x8040,0xFE40,0x0000,0x7FC0,0x4000,0x7FC0,0x4000,0x7FC0},{0xFE40,0x8040,0x8040,0x8040,0x8040,0xFE40,0x0000,0x7FC0,0x1100,0x1100,0x7FC0},{0xFE40,0x8040,0x8040,0x8040,0x8040,0xFE40,0x0400,0x7FC0,0x1F00,0x2080,0x1F00},
{0xFE40,0x9040,0x9040,0x9040,0x9040,0x9060,0x9040,0x9040,0x9040,0xFE40,0x0040},{0xFE40,0x9040,0x9060,0x9040,0x9040,0xFE40,0x0000,0x7FC0,0x0040,0x0040,0x0040},{0xFE40,0x9040,0x9060,0x9040,0x9040,0xFE40,0x0000,0x7FC0,0x0440,0x0440,0x0440},{0xFE40,0x9040,0x9060,0x9040,0x9040,0xFE40,0x0040,0x7900,0x0900,0x0A80,0x0C40},
{0xFE40,0x9040,0x9040,0x9060,0x9040,0xFE40,0x0040,0x4040,0x4000,0x4000,0x7FC0},{0xFE40,0x9040,0x9060,0x9040,0x9040,0xFE40,0x0000,0x47C0,0x4100,0x4280,0x7C40},{0xFE40,0x9040,0x9060,0x9040,0x9040,0xFE40,0x0100,0x47C0,0x4380,0x4440,0x7B80},{0xFE40,0x9040,0x9060,0x9040,0x9040,0xFE40,0x0000,0x7FC0,0x4000,0x4000,0x7FC0},
{0xFE40,0x9040,0x9060,0x9040,0xFE40,0x0000,0x7FC0,0x0040,0x7FC0,0x4000,0x7FC0},{0xFE40,0x9040,0x9060,0x9040,0xFE40,0x0000,0x7BC0,0x0840,0x7840,0x4040,0x7840},{0xFE40,0x9040,0x9060,0x9040,0xFE40,0x0000,0x7BC0,0x0A40,0x7A40,0x4240,0x7BC0},{0xFE40,0x9040,0x9060,0x9040,0xFE40,0x0000,0x7A40,0x0A40,0x7BC0,0x4240,0x7BC0},
{0xFE40,0x9040,0x9060,0x9040,0xFE40,0x0040,0x7900,0x0900,0x7900,0x4280,0x7C40},{0xFE40,0x9040,0x9060,0x9040,0xFE40,0x0000,0x7BC0,0x0A00,0x7BC0,0x4200,0x7BC0},{0xFE40,0x9040,0x9060,0x9040,0xFE40,0x0000,0x7FC0,0x0A80,0x7A80,0x4280,0x7FC0},{0xFE40,0x9040,0x9060,0x9040,0xFE40,0x0040,0x7900,0x0FC0,0x7B80,0x4440,0x7B80},
{0xFE40,0x9040,0x9060,0x9040,0x9040,0xFE40,0x0000,0x7FC0,0x4040,0x4040,0x7FC0},{0xFE40,0x9040,0x9060,0x9040,0x9040,0xFE40,0x0000,0x4040,0x7FC0,0x4040,0x7FC0},{0xFE40,0x9040,0x9060,0x9040,0x9040,0xFE40,0x0040,0x4900,0x7900,0x4A80,0x7C40},{0xFE40,0x9040,0x9040,0x9060,0x9040,0xFE40,0x0040,0x0440,0x0400,0x1B00,0x60C0},
{0xFE40,0x9040,0x9060,0x9040,0x9040,0xFE40,0x0040,0x1100,0x1100,0x2A80,0x4440},{0xFE40,0x9040,0x9060,0x9040,0x9040,0xFE40,0x0000,0x3F80,0x4040,0x4040,0x3F80},{0xFE40,0x9040,0x9060,0x9040,0x9040,0xFE40,0x0000,0x7FC0,0x0400,0x1B00,0x60C0},{0xFE40,0x9040,0x9060,0x9040,0x9040,0xFE40,0x0040,0x0400,0x7FC0,0x1B00,0x60C0},
{0xFE40,0x9040,0x9060,0x9040,0x9040,0xFE40,0x0000,0x7FC0,0x0040,0x7FC0,0x0040},{0xFE40,0x9040,0x9060,0x9040,0xFE40,0x0000,0x7FC0,0x4000,0x7FC0,0x4000,0x7FC0},{0xFE40,0x9040,0x9060,0x9040,0x9040,0xFE40,0x0000,0x7FC0,0x1100,0x1100,0x7FC0},{0xFE40,0x9040,0x9060,0x9040,0x9040,0xFE40,0x0400,0x7FC0,0x1F00,0x2080,0x1F00},
{0xFD40,0x9140,0x9140,0x9140,0x9140,0x91C0,0x9140,0x9140,0x9140,0xFD40,0x0140},{0xFD40,0x9140,0x91C0,0x9140,0x9140,0xFD40,0x0000,0x7FC0,0x0040,0x0040,0x0040},{0xFD40,0x9140,0x91C0,0x9140,0x9140,0xFD40,0x0000,0x7FC0,0x0440,0x0440,0x0440},{0xFD40,0x9140,0x91C0,0x9140,0x9140,0xFD40,0x0000,0x7900,0x0900,0x0A80,0x0C40},
{0xFD40,0x9140,0x9140,0x91C0,0x9140,0xFD40,0x0140,0x4140,0x4000,0x4000,0x7FC0},{0xFD40,0x9140,0x91C0,0x9140,0x9140,0xFD40,0x0000,0x47C0,0x4100,0x4280,0x7C40},{0xFD40,0x9140,0x91C0,0x9140,0x9140,0xFD40,0x0100,0x47C0,0x4380,0x4440,0x7B80},{0xFD40,0x9140,0x91C0,0x9140,0x9140,0xFD40,0x0000,0x7FC0,0x4000,0x4000,0x7FC0},
{0xFD40,0x9140,0x91C0,0x9140,0xFD40,0x0000,0x7FC0,0x0040,0x7FC0,0x4000,0x7FC0},{0xFD40,0x9140,0x91C0,0x9140,0xFD40,0x0000,0x7BC0,0x0840,0x7840,0x4040,0x7840},{0xFD40,0x9140,0x91C0,0x9140,0xFD40,0x0000,0x7BC0,0x0A40,0x7A40,0x4240,0x7BC0},{0xFD40,0x9140,0x91C0,0x9140,0xFD40,0x0000,0x7A40,0x0A40,0x7BC0,0x4240,0x7BC0},
{0xFD40,0x9140,0x91C0,0x9140,0xFD40,0x0000,0x7900,0x0900,0x7900,0x4280,0x7C40},{0xFD40,0x9140,0x91C0,0x9140,0xFD40,0x0000,0x7BC0,0x0A00,0x7BC0,0x4200,0x7BC0},{0xFD40,0x9140,0x91C0,0x9140,0xFD40,0x0000,0x7FC0,0x0A80,0x7A80,0x4280,0x7FC0},{0xFD40,0x9140,0x91C0,0x9140,0xFD40,0x0000,0x7900,0x0FC0,0x7B80,0x4440,0x7B80},
{0xFD40,0x9140,0x91C0,0x9140,0x9140,0xFD40,0x0000,0x7FC0,0x4040,0x4040,0x7FC0},{0xFD40,0x9140,0x91C0,0x9140,0x9140,0xFD40,0x0000,0x4040,0x7FC0,0x4040,0x7FC0},{0xFD40,0x9140,0x91C0,0x9140,0x9140,0xFD40,0x0000,0x4900,0x7900,0x4A80,0x7C40},{0xFD40,0x9140,0x9140,0x91C0,0x9140,0xFD40,0x0140,0x0540,0x0400,0x1B00,0x60C0},
{0xFD40,0x9140,0x91C0,0x9140,0x9140,0xFD40,0x0000,0x1100,0x1100,0x2A80,0x4440},{0xFD40,0x9140,0x91C0,0x9140,0x9140,0xFD40,0x0000,0x3F80,0x4040,0x4040,0x3F80},{0xFD40,0x9140,0x91C0,0x9140,0x9140,0xFD40,0x0000,0x7FC0,0x0400,0x1B00,0x60C0},{0xFD40,0x9140,0x91C0,0x9140,0x9140,0xFD40,0x0140,0x0400,0x7FC0,0x1B00,0x60C0},
{0xFD40,0x9140,0x91C0,0x9140,0x9140,0xFD40,0x0000,0x7FC0,0x0040,0x7FC0,0x0040},{0xFD40,0x9140,0x91C0,0x9140,0xFD40,0x0000,0x7FC0,0x4000,0x7FC0,0x4000,0x7FC0},{0xFD40,0x9140,0x91C0,0x9140,0x9140,0xFD40,0x0000,0x7FC0,0x1100,0x1100,0x7FC0},{0xFD40,0x9140,0x91C0,0x9140,0x9140,0xFD40,0x0400,0x7FC0,0x1F00,0x2080,0x1F00},
{0xFE40,0x9040,0x9040,0x9060,0x9040,0x9040,0x9040,0x9060,0x9040,0xFE40,0x0040},{0xFE40,0x9060,0x9040,0x9060,0x9040,0xFE40,0x0000,0x7FC0,0x0040,0x0040,0x0040},{0xFE40,0x9060,0x9040,0x9060,0x9040,0xFE40,0x0000,0x7FC0,0x0440,0x0440,0x0440},{0xFE40,0x9060,0x9040,0x9060,0x9040,0xFE40,0x0040,0x7900,0x0900,0x0A80,0x0C40},
{0xFE40,0x9040,0x9060,0x9040,0x9060,0xFE40,0x0040,0x4040,0x4000,0x4000,0x7FC0},{0xFE40,0x9060,0x9040,0x9060,0x9040,0xFE40,0x0000,0x47C0,0x4100,0x4280,0x7C40},{0xFE40,0x9060,0x9040,0x9060,0x9040,0xFE40,0x0100,0x47C0,0x4380,0x4440,0x7B80},{0xFE40,0x9060,0x9040,0x9060,0x9040,0xFE40,0x0000,0x7FC0,0x4000,0x4000,0x7FC0},
{0xFE40,0x9060,0x9040,0x9060,0xFE40,0x0000,0x7FC0,0x0040,0x7FC0,0x4000,0x7FC0},{0xFE40,0x9060,0x9040,0x9060,0xFE40,0x0000,0x7BC0,0x0840,0x7840,0x4040,0x7840},{0xFE40,0x9060,0x9040,0x9060,0xFE40,0x0000,0x7BC0,0x0A40,0x7A40,0x4240,0x7BC0},{0xFE40,0x9060,0x9040,0x9060,0xFE40,0x0000,0x7A40,0x0A40,0x7BC0,0x4240,0x7BC0},
{0xFE40,0x9060,0x9040,0x9060,0xFE40,0x0040,0x7900,0x0900,0x7900,0x4280,0x7C40},{0xFE40,0x9060,0x9040,0x9060,0xFE40,0x0000,0x7BC0,0x0A00,0x7BC0,0x4200,0x7BC0},{0xFE40,0x9060,0x9040,0x9060,0xFE40,0x0000,0x7FC0,0x0A80,0x7A80,0x4280,0x7FC0},{0xFE40,0x9060,0x9040,0x9060,0xFE40,0x0040,0x7900,0x0FC0,0x7B80,0x4440,0x7B80},
{0xFE40,0x9060,0x9040,0x9060,0x9040,0xFE40,0x0000,0x7FC0,0x4040,0x4040,0x7FC0},{0xFE40,0x9060,0x9040,0x9060,0x9040,0xFE40,0x0000,0x4040,0x7FC0,0x4040,0x7FC0},{0xFE40,0x9060,0x9040,0x9060,0x9040,0xFE40,0x0040,0x4900,0x7900,0x4A80,0x7C40},{0xFE40,0x9040,0x9060,0x9040,0x9060,0xFE40,0x0040,0x0440,0x0400,0x1B00,0x60C0},
{0xFE40,0x9060,0x9040,0x9060,0x9040,0xFE40,0x0040,0x1100,0x1100,0x2A80,0x4440},{0xFE40,0x9060,0x9040,0x9060,0x9040,0xFE40,0x0000,0x3F80,0x4040,0x4040,0x3F80},{0xFE40,0x9060,0x9040,0x9060,0x9040,0xFE40,0x0000,0x7FC0,0x0400,0x1B00,0x60C0},{0xFE40,0x9060,0x9040,0x9060,0x9040,0xFE40,0x0040,0x0400,0x7FC0,0x1B00,0x60C0},
{0xFE40,0x9060,0x9040,0x9060,0x9040,0xFE40,0x0000,0x7FC0,0x0040,0x7FC0,0x0040},{0xFE40,0x9060,0x9040,0x9060,0xFE40,0x0000,0x7FC0,0x4000,0x7FC0,0x4000,0x7FC0},{0xFE40,0x9060,0x9040,0x9060,0x9040,0xFE40,0x0000,0x7FC0,0x1100,0x1100,0x7FC0},{0xFE40,0x9060,0x9040,0x9060,0x9040,0xFE40,0x0400,0x7FC0,0x1F00,0x2080,0x1F00},
{0xFD40,0x9140,0x9140,0x91C0,0x9140,0x9140,0x9140,0x91C0,0x9140,0xFD40,0x0140},{0xFD40,0x91C0,0x9140,0x91C0,0x9140,0xFD40,0x0000,0x7FC0,0x0040,0x0040,0x0040},{0xFD40,0x91C0,0x9140,0x91C0,0x9140,0xFD40,0x0000,0x7FC0,0x0440,0x0440,0x0440},{0xFD40,0x91C0,0x9140,0x91C0,0x9140,0xFD40,0x0000,0x7900,0x0900,0x0A80,0x0C40},
{0xFD40,0x9140,0x91C0,0x9140,0x91C0,0xFD40,0x0140,0x4140,0x4000,0x4000,0x7FC0},{0xFD40,0x91C0,0x9140,0x91C0,0x9140,0xFD40,0x0000,0x47C0,0x4100,0x4280,0x7C40},{0xFD40,0x91C0,0x9140,0x91C0,0x9140,0xFD40,0x0100,0x47C0,0x4380,0x4440,0x7B80},{0xFD40,0x91C0,0x9140,0x91C0,0x9140,0xFD40,0x0000,0x7FC0,0x4000,0x4000,0x7FC0},
{0xFD40,0x91C0,0x9140,0x91C0,0xFD40,0x0000,0x7FC0,0x0040,0x7FC0,0x4000,0x7FC0},{0xFD40,0x91C0,0x9140,0x91C0,0xFD40,0x0000,0x7BC0,0x0840,0x7840,0x4040,0x7840},{0xFD40,0x91C0,0x9140,0x91C0,0xFD40,0x0000,0x7BC0,0x0A40,0x7A40,0x4240,0x7BC0},{0xFD40,0x91C0,0x9140,0x91C0,0xFD40,0x0000,0x7A40,0x0A40,0x7BC0,0x4240,0x7BC0},
{0xFD40,0x91C0,0x9140,0x91C0,0xFD40,0x0000,0x7900,0x0900,0x7900,0x4280,0x7C40},{0xFD40,0x91C0,0x9140,0x91C0,0xFD40,0x0000,0x7BC0,0x0A00,0x7BC0,0x4200,0x7BC0},{0xFD40,0x91C0,0x9140,0x91C0,0xFD40,0x0000,0x7FC0,0x0A80,0x7A80,0x4280,0x7FC0},{0xFD40,0x91C0,0x9140,0x91C0,0xFD40,0x0000,0x7900,0x0FC0,0x7B80,0x4440,0x7B80},
{0xFD40,0x91C0,0x9140,0x91C0,0x9140,0xFD40,0x0000,0x7FC0,0x4040,0x4040,0x7FC0},{0xFD40,0x91C0,0x9140,0x91C0,0x9140,0xFD40,0x0000,0x4040,0x7FC0,0x4040,0x7FC0},{0xFD40,0x91C0,0x9140,0x91C0,0x9140,0xFD40,0x0000,0x4900,0x7900,0x4A80,0x7C40},{0xFD40,0x9140,0x91C0,0x9140,0x91C0,0xFD40,0x0140,0x0540,0x0400,0x1B00,0x60C0},
{0xFD40,0x91C0,0x9140,0x91C0,0x9140,0xFD40,0x0000,0x1100,0x1100,0x2A80,0x4440},{0xFD40,0x91C0,0x9140,0x91C0,0x9140,0xFD40,0x0000,0x3F80,0x4040,0x4040,0x3F80},{0xFD40,0x91C0,0x9140,0x91C0,0x9140,0xFD40,0x0000,0x7FC0,0x0400,0x1B00,0x60C0},{0xFD40,0x91C0,0x9140,0x91C0,0x9140,0xFD40,0x0140,0x0400,0x7FC0,0x1B00,0x60C0},
{0xFD40,0x91C0,0x9140,0x91C0,0x9140,0xFD40,0x0000,0x7FC0,0x0040,0x7FC0,0x0040},{0xFD40,0x91C0,0x9140,0x91C0,0xFD40,0x0000,0x7FC0,0x4000,0x7FC0,0x4000,0x7FC0},{0xFD40,0x91C0,0x9140,0x91C0,0x9140,0xFD40,0x0000,0x7FC0,0x1100,0x1100,0x7FC0},{0xFD40,0x91C0,0x9140,0x91C0,0x9140,0xFD40,0x0400,0x7FC0,0x1F00,0x2080,0x1F00},
{0xFF40,0x8840,0x8840,0x8840,0x8BC0,0x8840,0x8840,0x8840,0x8840,0xFF40,0x0040},{0xFE40,0x9040,0x93C0,0x9040,0x9040,0xFE40,0x0000,0x7FC0,0x0040,0x0040,0x0040},{0xFE40,0x9040,0x93C0,0x9040,0x9040,0xFE40,0x0000,0x7FC0,0x0440,0x0440,0x0440},{0xFE40,0x9040,0x93C0,0x9040,0x9040,0xFE40,0x0040,0x7900,0x0900,0x0A80,0x0C40},
{0xFE40,0x9040,0x93C0,0x9040,0x9040,0xFE40,0x0040,0x4040,0x4000,0x4000,0x7FC0},{0xFE40,0x9040,0x93C0,0x9040,0x9040,0xFE40,0x0000,0x47C0,0x4100,0x4280,0x7C40},{0xFE40,0x9040,0x93C0,0x9040,0x9040,0xFE40,0x0100,0x47C0,0x4380,0x4440,0x7B80},{0xFE40,0x9040,0x93C0,0x9040,0x9040,0xFE40,0x0000,0x7FC0,0x4000,0x4000,0x7FC0},
{0xFE40,0x9040,0x93C0,0x9040,0xFE40,0x0000,0x7FC0,0x0040,0x7FC0,0x4000,0x7FC0},{0xFE40,0x9040,0x93C0,0x9040,0xFE40,0x0000,0x7BC0,0x0840,0x7840,0x4040,0x7840},{0xFE40,0x9040,0x93C0,0x9040,0xFE40,0x0000,0x7BC0,0x0A40,0x7A40,0x4240,0x7BC0},{0xFE40,0x9040,0x93C0,0x9040,0xFE40,0x0000,0x7A40,0x0A40,0x7BC0,0x4240,0x7BC0},
{0xFE40,0x9040,0x93C0,0x9040,0xFE40,0x0040,0x7900,0x0900,0x7900,0x4280,0x7C40},{0xFE40,0x9040,0x93C0,0x9040,0xFE40,0x0000,0x7BC0,0x0A00,0x7BC0,0x4200,0x7BC0},{0xFE40,0x9040,0x93C0,0x9040,0xFE40,0x0000,0x7FC0,0x0A80,0x7A80,0x4280,0x7FC0},{0xFE40,0x9040,0x93C0,0x9040,0xFE40,0x0040,0x7900,0x0FC0,0x7B80,0x4440,0x7B80},
{0xFE40,0x9040,0x93C0,0x9040,0x9040,0xFE40,0x0000,0x7FC0,0x4040,0x4040,0x7FC0},{0xFE40,0x9040,0x93C0,0x9040,0x9040,0xFE40,0x0000,0x4040,0x7FC0,0x4040,0x7FC0},{0xFE40,0x9040,0x93C0,0x9040,0x9040,0xFE40,0x0040,0x4900,0x7900,0x4A80,0x7C40},{0xFE40,0x9040,0x93C0,0x9040,0x9040,0xFE40,0x0040,0x0440,0x0400,0x1B00,0x60C0},
{0xFE40,0x9040,0x93C0,0x9040,0x9040,0xFE40,0x0040,0x1100,0x1100,0x2A80,0x4440},{0xFE40,0x9040,0x93C0,0x9040,0x9040,0xFE40,0x0000,0x3F80,0x4040,0x4040,0x3F80},{0xFE40,0x9040,0x93C0,0x9040,0x9040,0xFE40,0x0000,0x7FC0,0x0400,0x1B00,0x60C0},{0xFE40,0x9040,0x93C0,0x9040,0x9040,0xFE40,0x0040,0x0400,0x7FC0,0x1B00,0x60C0},
{0xFE40,0x9040,0x93C0,0x9040,0x9040,0xFE40,0x0000,0x7FC0,0x0040,0x7FC0,0x0040},{0xFE40,0x9040,0x93C0,0x9040,0xFE40,0x0000,0x7FC0,0x4000,0x7FC0,0x4000,0x7FC0},{0xFE40,0x9040,0x93C0,0x9040,0x9040,0xFE40,0x0000,0x7FC0,0x1100,0x1100,0x7FC0},{0xFE40,0x9040,0x93C0,0x9040,0x9040,0xFE40,0x0400,0x7FC0,0x1F00,0x2080,0x1F00},
{0xFD40,0x9140,0x9140,0x9140,0x9740,0x9140,0x9140,0x9140,0x9140,0xFD40,0x0140},{0xFD40,0x9140,0x9740,0x9140,0x9140,0xFD40,0x0000,0x7FC0,0x0040,0x0040,0x0040},{0xFD40,0x9140,0x9740,0x9140,0x9140,0xFD40,0x0000,0x7FC0,0x0440,0x0440,0x0440},{0xFD40,0x9140,0x9740,0x9140,0x9140,0xFD40,0x0000,0x7900,0x0900,0x0A80,0x0C40},
{0xFD40,0x9140,0x9740,0x9140,0x9140,0xFD40,0x0140,0x4140,0x4000,0x4000,0x7FC0},{0xFD40,0x9140,0x9740,0x9140,0x9140,0xFD40,0x0000,0x47C0,0x4100,0x4280,0x7C40},{0xFD40,0x9140,0x9740,0x9140,0x9140,0xFD40,0x0100,0x47C0,0x4380,0x4440,0x7B80},{0xFD40,0x9140,0x9740,0x9140,0x9140,0xFD40,0x0000,0x7FC0,0x4000,0x4000,0x7FC0},
{0xFD40,0x9140,0x9740,0x9140,0xFD40,0x0000,0x7FC0,0x0040,0x7FC0,0x4000,0x7FC0},{0xFD40,0x9140,0x9740,0x9140,0xFD40,0x0000,0x7BC0,0x0840,0x7840,0x4040,0x7840},{0xFD40,0x9140,0x9740,0x9140,0xFD40,0x0000,0x7BC0,0x0A40,0x7A40,0x4240,0x7BC0},{0xFD40,0x9140,0x9740,0x9140,0xFD40,0x0000,0x7A40,0x0A40,0x7BC0,0x4240,0x7BC0},
{0xFD40,0x9140,0x9740,0x9140,0xFD40,0x0000,0x7900,0x0900,0x7900,0x4280,0x7C40},{0xFD40,0x9140,0x9740,0x9140,0xFD40,0x0000,0x7BC0,0x0A00,0x7BC0,0x4200,0x7BC0},{0xFD40,0x9140,0x9740,0x9140,0xFD40,0x0000,0x7FC0,0x0A80,0x7A80,0x4280,0x7FC0},{0xFD40,0x9140,0x9740,0x9140,0xFD40,0x0000,0x7900,0x0FC0,0x7B80,0x4440,0x7B80},
{0xFD40,0x9140,0x9740,0x9140,0x9140,0xFD40,0x0000,0x7FC0,0x4040,0x4040,0x7FC0},{0xFD40,0x9140,0x9740,0x9140,0x9140,0xFD40,0x0000,0x4040,0x7FC0,0x4040,0x7FC0},{0xFD40,0x9140,0x9740,0x9140,0x9140,0xFD40,0x0000,0x4900,0x7900,0x4A80,0x7C40},{0xFD40,0x9140,0x9740,0x9140,0x9140,0xFD40,0x0140,0x0540,0x0400,0x1B00,0x60C0},
{0xFD40,0x9140,0x9740,0x9140,0x9140,0xFD40,0x0000,0x1100,0x1100,0x2A80,0x4440},{0xFD40,0x9140,0x9740,0x9140,0x9140,0xFD40,0x0000,0x3F80,0x4040,0x4040,0x3F80},{0xFD40,0x9140,0x9740,0x9140,0x9140,0xFD40,0x0000,0x7FC0,0x0400,0x1B00,0x60C0},{0xFD40,0x9140,0x9740,0x9140,0x9140,0xFD40,0x0140,0x0400,0x7FC0,0x1B00,0x60C0},
{0xFD40,0x9140,0x9740,0x9140,0x9140,0xFD40,0x0000,0x7FC0,0x0040,0x7FC0,0x0040},{0xFD40,0x9140,0x9740,0x9140,0xFD40,0x0000,0x7FC0,0x4000,0x7FC0,0x4000,0x7FC0},{0xFD40,0x9140,0x9740,0x9140,0x9140,0xFD40,0x0000,0x7FC0,0x1100,0x1100,0x7FC0},{0xFD40,0x9140,0x9740,0x9140,0x9140,0xFD40,0x0400,0x7FC0,0x1F00,0x2080,0x1F00},
{0xFE40,0x9040,0x9040,0x93C0,0x9040,0x9040,0x93C0,0x9040,0x9040,0xFE40,0x0040},{0xFE40,0x91C0,0x9040,0x91C0,0x9040,0xFE40,0x0000,0x7FC0,0x0040,0x0040,0x0040},{0xFE40,0x91C0,0x9040,0x91C0,0x9040,0xFE40,0x0000,0x7FC0,0x0440,0x0440,0x0440},{0xFE40,0x91C0,0x9040,0x91C0,0x9040,0xFE40,0x0040,0x7900,0x0900,0x0A80,0x0C40},
{0xFE40,0x91C0,0x9040,0x91C0,0x9040,0xFE40,0x0040,0x4040,0x4000,0x4000,0x7FC0},{0xFE40,0x91C0,0x9040,0x91C0,0x9040,0xFE40,0x0000,0x47C0,0x4100,0x4280,0x7C40},{0xFE40,0x91C0,0x9040,0x91C0,0x9040,0xFE40,0x0100,0x47C0,0x4380,0x4440,0x7B80},{0xFE40,0x91C0,0x9040,0x91C0,0x9040,0xFE40,0x0000,0x7FC0,0x4000,0x4000,0x7FC0},
{0xFE40,0x91C0,0x9040,0x91C0,0xFE40,0x0000,0x7FC0,0x0040,0x7FC0,0x4000,0x7FC0},{0xFE40,0x91C0,0x9040,0x91C0,0xFE40,0x0000,0x7BC0,0x0840,0x7840,0x4040,0x7840},{0xFE40,0x91C0,0x9040,0x91C0,0xFE40,0x0000,0x7BC0,0x0A40,0x7A40,0x4240,0x7BC0},{0xFE40,0x91C0,0x9040,0x91C0,0xFE40,0x0000,0x7A40,0x0A40,0x7BC0,0x4240,0x7BC0},
{0xFE40,0x91C0,0x9040,0x91C0,0xFE40,0x0040,0x7900,0x0900,0x7900,0x4280,0x7C40},{0xFE40,0x91C0,0x9040,0x91C0,0xFE40,0x0000,0x7BC0,0x0A00,0x7BC0,0x4200,0x7BC0},{0xFE40,0x91C0,0x9040,0x91C0,0xFE40,0x0000,0x7FC0,0x0A80,0x7A80,0x4280,0x7FC0},{0xFE40,0x91C0,0x9040,0x91C0,0xFE40,0x0040,0x7900,0x0FC0,0x7B80,0x4440,0x7B80},
{0xFE40,0x91C0,0x9040,0x91C0,0x9040,0xFE40,0x0000,0x7FC0,0x4040,0x4040,0x7FC0},{0xFE40,0x91C0,0x9040,0x91C0,0x9040,0xFE40,0x0000,0x4040,0x7FC0,0x4040,0x7FC0},{0xFE40,0x91C0,0x9040,0x91C0,0x9040,0xFE40,0x0040,0x4900,0x7900,0x4A80,0x7C40},{0xFE40,0x91C0,0x9040,0x91C0,0x9040,0xFE40,0x0040,0x0440,0x0400,0x1B00,0x60C0},
{0xFE40,0x91C0,0x9040,0x91C0,0x9040,0xFE40,0x0040,0x1100,0x1100,0x2A80,0x4440},{0xFE40,0x91C0,0x9040,0x91C0,0x9040,0xFE40,0x0000,0x3F80,0x4040,0x4040,0x3F80},{0xFE40,0x91C0,0x9040,0x91C0,0x9040,0xFE40,0x0000,0x7FC0,0x0400,0x1B00,0x60C0},{0xFE40,0x91C0,0x9040,0x91C0,0x9040,0xFE40,0x0040,0x0400,0x7FC0,0x1B00,0x60C0},
{0xFE40,0x91C0,0x9040,0x91C0,0x9040,0xFE40,0x0000,0x7FC0,0x0040,0x7FC0,0x0040},{0xFE40,0x91C0,0x9040,0x91C0,0xFE40,0x0000,0x7FC0,0x4000,0x7FC0,0x4000,0x7FC0},{0xFE40,0x91C0,0x9040,0x91C0,0x9040,0xFE40,0x0000,0x7FC0,0x1100,0x1100,0x7FC0},{0xFE40,0x91C0,0x9040,0x91C0,0x9040,0xFE40,0x0400,0x7FC0,0x1F00,0x2080,0x1F00},
{0xFD40,0x9140,0x9140,0x9740,0x9140,0x9140,0x9740,0x9140,0x9140,0xFD40,0x0140},{0xF940,0x9740,0x9140,0x9740,0x9140,0xF940,0x0000,0x7FC0,0x0040,0x0040,0x0040},{0xF940,0x9740,0x9140,0x9740,0x9140,0xF940,0x0000,0x7FC0,0x0440,0x0440,0x0440},{0xF940,0x9740,0x9140,0x9740,0x9140,0xF940,0x0000,0x7900,0x0900,0x0A80,0x0C40},
{0xF940,0x9740,0x9140,0x9740,0x9140,0xF940,0x0140,0x4140,0x4000,0x4000,0x7FC0},{0xF940,0x9740,0x9140,0x9740,0x9140,0xF940,0x0000,0x47C0,0x4100,0x4280,0x7C40},{0xF940,0x9740,0x9140,0x9740,0x9140,0xF940,0x0100,0x47C0,0x4380,0x4440,0x7B80},{0xF940,0x9740,0x9140,0x9740,0x9140,0xF940,0x0000,0x7FC0,0x4000,0x4000,0x7FC0},
{0xF940,0x9740,0x9140,0x9740,0xF940,0x0000,0x7FC0,0x0040,0x7FC0,0x4000,0x7FC0},{0xF940,0x9740,0x9140,0x9740,0xF940,0x0000,0x7BC0,0x0840,0x7840,0x4040,0x7840},{0xF940,0x9740,0x9140,0x9740,0xF940,0x0000,0x7BC0,0x0A40,0x7A40,0x4240,0x7BC0},{0xF940,0x9740,0x9140,0x9740,0xF940,0x0000,0x7A40,0x0A40,0x7BC0,0x4240,0x7BC0},
{0xF940,0x9740,0x9140,0x9740,0xF940,0x0000,0x7900,0x0900,0x7900,0x4280,0x7C40},{0xF940,0x9740,0x9140,0x9740,0xF940,0x0000,0x7BC0,0x0A00,0x7BC0,0x4200,0x7BC0},{0xF940,0x9740,0x9140,0x9740,0xF940,0x0000,0x7FC0,0x0A80,0x7A80,0x4280,0x7FC0},{0xF940,0x9740,0x9140,0x9740,0xF940,0x0000,0x7900,0x0FC0,0x7B80,0x4440,0x7B80},
{0xF940,0x9740,0x9140,0x9740,0x9140,0xF940,0x0000,0x7FC0,0x4040,0x4040,0x7FC0},{0xF940,0x9740,0x9140,0x9740,0x9140,0xF940,0x0000,0x4040,0x7FC0,0x4040,0x7FC0},{0xF940,0x9740,0x9140,0x9740,0x9140,0xF940,0x0000,0x4900,0x7900,0x4A80,0x7C40},{0xF940,0x9740,0x9140,0x9740,0x9140,0xF940,0x0140,0x0540,0x0400,0x1B00,0x60C0},
{0xF940,0x9740,0x9140,0x9740,0x9140,0xF940,0x0000,0x1100,0x1100,0x2A80,0x4440},{0xF940,0x9740,0x9140,0x9740,0x9140,0xF940,0x0000,0x3F80,0x4040,0x4040,0x3F80},{0xF940,0x9740,0x9140,0x9740,0x9140,0xF940,0x0000,0x7FC0,0x0400,0x1B00,0x60C0},{0xF940,0x9740,0x9140,0x9740,0x9140,0xF940,0x0400,0x7FC0,0x0400,0x1B00,0x60C0},
{0xF940,0x9740,0x9140,0x9740,0x9140,0xF940,0x0000,0x7FC0,0x0040,0x7FC0,0x0040},{0xF940,0x9740,0x9140,0x9740,0xF940,0x0000,0x7FC0,0x4000,0x7FC0,0x4000,0x7FC0},{0xF940,0x9740,0x9140,0x9740,0x9140,0xF940,0x0000,0x7FC0,0x1100,0x1100,0x7FC0},{0xF940,0x9740,0x9140,0x9740,0x9140,0xF940,0x0400,0x7FC0,0x1F00,0x2080,0x1F00},
{0x7FC0,0x4400,0x4400,0x4400,0x4400,0x4400,0x7FC0,0x0400,0x0400,0xFFE0,0x0000},{0x7FC0,0x4400,0x4400,0x7FC0,0x0400,0xFFE0,0x0000,0x7FC0,0x0040,0x0040,0x0040},{0x7FC0,0x4400,0x4400,0x7FC0,0x0400,0xFFE0,0x0000,0x7FC0,0x0440,0x0440,0x0440},{0x7FC0,0x4400,0x4400,0x7FC0,0x0400,0xFFE0,0x0000,0x7900,0x0900,0x0A80,0x0C40},
{0x7FC0,0x4400,0x4400,0x7FC0,0x0400,0xFFE0,0x0000,0x4000,0x4000,0x4000,0x7FC0},{0x7FC0,0x4400,0x4400,0x7FC0,0x0400,0xFFE0,0x0000,0x47C0,0x4100,0x4280,0x7C40},{0x7FC0,0x4400,0x4400,0x7FC0,0x0400,0xFFE0,0x0100,0x47C0,0x4380,0x4440,0x7B80},{0x7FC0,0x4400,0x4400,0x7FC0,0x0400,0xFFE0,0x0000,0x7FC0,0x4000,0x4000,0x7FC0},
{0x7FC0,0x4400,0x7FC0,0x0400,0xFFE0,0x0000,0x7FC0,0x0040,0x7FC0,0x4000,0x7FC0},{0x7FC0,0x4400,0x7FC0,0x0400,0xFFE0,0x0000,0x7BC0,0x0840,0x7840,0x4040,0x7840},{0x7FC0,0x4400,0x7FC0,0x0400,0xFFE0,0x0000,0x7BC0,0x0A40,0x7A40,0x4240,0x7BC0},{0x7FC0,0x4400,0x7FC0,0x0400,0xFFE0,0x0000,0x7A40,0x0A40,0x7BC0,0x4240,0x7BC0},
{0x7FC0,0x4400,0x7FC0,0x0400,0xFFE0,0x0000,0x7900,0x0900,0x7900,0x4280,0x7C40},{0x7FC0,0x4400,0x7FC0,0x0400,0xFFE0,0x0000,0x7BC0,0x0A00,0x7BC0,0x4200,0x7BC0},{0x7FC0,0x4400,0x7FC0,0x0400,0xFFE0,0x0000,0x7FC0,0x0A80,0x7A80,0x4280,0x7FC0},{0x7FC0,0x4400,0x7FC0,0x0400,0xFFE0,0x0000,0x7900,0x0FC0,0x7B80,0x4440,0x7B80},
{0x7FC0,0x4400,0x4400,0x7FC0,0x0400,0xFFE0,0x0000,0x7FC0,0x4040,0x4040,0x7FC0},{0x7FC0,0x4400,0x4400,0x7FC0,0x0400,0xFFE0,0x0000,0x4040,0x7FC0,0x4040,0x7FC0},{0x7FC0,0x4400,0x4400,0x7FC0,0x0400,0xFFE0,0x0000,0x4900,0x7900,0x4A80,0x7C40},{0x7FC0,0x4400,0x4400,0x7FC0,0x0400,0xFFE0,0x0000,0x0400,0x0400,0x1B00,0x60C0},
{0x7FC0,0x4400,0x4400,0x7FC0,0x0400,0xFFE0,0x0000,0x1100,0x1100,0x2A80,0x4440},{0x7FC0,0x4400,0x4400,0x7FC0,0x0400,0xFFE0,0x0000,0x3F80,0x4040,0x4040,0x3F80},{0x7FC0,0x4400,0x4400,0x7FC0,0x0400,0xFFE0,0x0000,0x7FC0,0x0400,0x1B00,0x60C0},{0x7FC0,0x4400,0x4400,0x7FC0,0x0400,0xFFE0,0x0000,0x0400,0x7FC0,0x1B00,0x60C0},
{0x7FC0,0x4400,0x4400,0x7FC0,0x0400,0xFFE0,0x0000,0x7FC0,0x0040,0x7FC0,0x0040},{0x7FC0,0x4400,0x7FC0,0x0400,0xFFE0,0x0000,0x7FC0,0x4000,0x7FC0,0x4000,0x7FC0},{0x7FC0,0x4400,0x4400,0x7FC0,0x0400,0xFFE0,0x0000,0x7FC0,0x1100,0x1100,0x7FC0},{0x7FC0,0x4400,0x4400,0x7FC0,0x0400,0xFFE0,0x0400,0x7FC0,0x1F00,0x2080,0x1F00},
{0xFE40,0x9040,0x9040,0x9040,0x9040,0xFE60,0x1040,0x1040,0x1040,0xFF40,0x0040},{0xFE40,0x9040,0x9060,0xFE40,0x1040,0xFF40,0x0000,0x7FC0,0x0040,0x0040,0x0040},{0xFE40,0x9040,0x9060,0xFE40,0x1040,0xFF40,0x0000,0x7FC0,0x0440,0x0440,0x0440},{0xFE40,0x9040,0x9060,0xFE40,0x1040,0xFF40,0x0040,0x7900,0x0900,0x0A80,0x0C40},
{0xFE40,0x9040,0x9040,0xFE60,0x1040,0xFF40,0x0040,0x4040,0x4000,0x4000,0x7FC0},{0xFE40,0x9040,0x9060,0xFE40,0x1040,0xFF40,0x0000,0x47C0,0x4100,0x4280,0x7C40},{0xFE40,0x9040,0x9060,0xFE40,0x1040,0xFF40,0x0100,0x47C0,0x4380,0x4440,0x7B80},{0xFE40,0x9040,0x9060,0xFE40,0x1040,0xFF40,0x0000,0x7FC0,0x4000,0x4000,0x7FC0},
{0xFE40,0x9040,0xFE60,0x1040,0xFF40,0x0000,0x7FC0,0x0040,0x7FC0,0x4000,0x7FC0},{0xFE40,0x9040,0xFE60,0x1040,0xFF40,0x0000,0x7BC0,0x0840,0x7840,0x4040,0x7840},{0xFE40,0x9040,0xFE60,0x1040,0xFF40,0x0000,0x7BC0,0x0A40,0x7A40,0x4240,0x7BC0},{0xFE40,0x9040,0xFE60,0x1040,0xFF40,0x0000,0x7A40,0x0A40,0x7BC0,0x4240,0x7BC0},
{0xFE40,0x9040,0xFE60,0x1040,0xFF40,0x0040,0x7900,0x0900,0x7900,0x4280,0x7C40},{0xFE40,0x9040,0xFE60,0x1040,0xFF40,0x0000,0x7BC0,0x0A00,0x7BC0,0x4200,0x7BC0},{0xFE40,0x9040,0xFE60,0x1040,0xFF40,0x0000,0x7FC0,0x0A80,0x7A80,0x4280,0x7FC0},{0xFE40,0x9040,0xFE60,0x1040,0xFF40,0x0040,0x7900,0x0FC0,0x7B80,0x4440,0x7B80},
{0xFE40,0x9040,0x9060,0xFE40,0x1040,0xFF40,0x0000,0x7FC0,0x4040,0x4040,0x7FC0},{0xFE40,0x9040,0x9060,0xFE40,0x1040,0xFF40,0x0000,0x4040,0x7FC0,0x4040,0x7FC0},{0xFE40,0x9040,0x9060,0xFE40,0x1040,0xFF40,0x0040,0x4900,0x7900,0x4A80,0x7C40},{0xFE40,0x9040,0x9040,0xFE60,0x1040,0xFF40,0x0040,0x0440,0x0400,0x1B00,0x60C0},
{0xFE40,0x9040,0x9060,0xFE40,0x1040,0xFF40,0x0040,0x1100,0x1100,0x2A80,0x4440},{0xFE40,0x9040,0x9040,0xFE60,0x1040,0xFF40,0x0000,0x3F80,0x4040,0x4040,0x3F80},{0xFE40,0x9040,0x9060,0xFE40,0x1040,0xFF40,0x0000,0x7FC0,0x0400,0x1B00,0x60C0},{0xFE40,0x9040,0x9060,0xFE40,0x1040,0xFF40,0x0040,0x0400,0x7FC0,0x1B00,0x60C0},
{0xFE40,0x9040,0x9060,0xFE40,0x1040,0xFF40,0x0000,0x7FC0,0x0040,0x7FC0,0x0040},{0xFE40,0x9040,0xFE60,0x1040,0xFF40,0x0000,0x7FC0,0x4000,0x7FC0,0x4000,0x7FC0},{0xFE40,0x9040,0x9060,0xFE40,0x1040,0xFF40,0x0000,0x7FC0,0x1100,0x1100,0x7FC0},{0xFE40,0x9040,0x9040,0xFE60,0x1040,0xFF40,0x0400,0x7FC0,0x1F00,0x2080,0x1F00},
{0xFD40,0x9140,0x9140,0x9140,0x9140,0xFDC0,0x1140,0x1140,0x1140,0xFF40,0x0140},{0xFD40,0x9140,0x91C0,0xFD40,0x1140,0xFD40,0x0000,0x7FC0,0x0040,0x0040,0x0040},{0xFD40,0x9140,0x91C0,0xFD40,0x1140,0xFD40,0x0000,0x7FC0,0x0440,0x0440,0x0440},{0xFD40,0x9140,0x91C0,0xFD40,0x1140,0xFD40,0x0000,0x7900,0x0900,0x0A80,0x0C40},
{0xFD40,0x9140,0x9140,0xFDC0,0x1140,0xFD40,0x0140,0x4140,0x4000,0x4000,0x7FC0},{0xFD40,0x9140,0x91C0,0xFD40,0x1140,0xFD40,0x0000,0x47C0,0x4100,0x4280,0x7C40},{0xFD40,0x9140,0x91C0,0xFD40,0x1140,0xFD40,0x0100,0x47C0,0x4380,0x4440,0x7B80},{0xFD40,0x9140,0x91C0,0xFD40,0x1140,0xFD40,0x0000,0x7FC0,0x4000,0x4000,0x7FC0},
{0xFD40,0x9140,0xFDC0,0x1140,0xFD40,0x0000,0x7FC0,0x0040,0x7FC0,0x4000,0x7FC0},{0xFD40,0x9140,0xFDC0,0x1140,0xFD40,0x0000,0x7BC0,0x0840,0x7840,0x4040,0x7840},{0xFD40,0x9140,0xFDC0,0x1140,0xFD40,0x0000,0x7BC0,0x0A40,0x7A40,0x4240,0x7BC0},{0xFD40,0x9140,0xFDC0,0x1140,0xFD40,0x0000,0x7A40,0x0A40,0x7BC0,0x4240,0x7BC0},
{0xFD40,0x9140,0xFDC0,0x1140,0xFD40,0x0000,0x7900,0x0900,0x7900,0x4280,0x7C40},{0xFD40,0x9140,0xFDC0,0x1140,0xFD40,0x0000,0x7BC0,0x0A00,0x7BC0,0x4200,0x7BC0},{0xFD40,0x9140,0xFDC0,0x1140,0xFD40,0x0000,0x7FC0,0x0A80,0x7A80,0x4280,0x7FC0},{0xFD40,0x9140,0xFDC0,0x1140,0xFD40,0x0000,0x7900,0x0FC0,0x7B80,0x4440,0x7B80},
{0xFD40,0x9140,0x91C0,0xFD40,0x1140,0xFD40,0x0000,0x7FC0,0x4040,0x4040,0x7FC0},{0xFD40,0x9140,0x91C0,0xFD40,0x1140,0xFD40,0x0000,0x4040,0x7FC0,0x4040,0x7FC0},{0xFD40,0x9140,0x91C0,0xFD40,0x1140,0xFD40,0x0000,0x4900,0x7900,0x4A80,0x7C40},{0xFD40,0x9140,0x9140,0xFDC0,0x1140,0xFD40,0x0140,0x0540,0x0400,0x1B00,0x60C0},
{0xFD40,0x9140,0x91C0,0xFD40,0x1140,0xFD40,0x0000,0x1100,0x1100,0x2A80,0x4440},{0xFD40,0x9140,0x91C0,0xFD40,0x1140,0xFD40,0x0000,0x3F80,0x4040,0x4040,0x3F80},{0xFD40,0x9140,0x91C0,0xFD40,0x1140,0xFD40,0x0000,0x7FC0,0x0400,0x1B00,0x60C0},{0xFD40,0x9140,0x91C0,0xFD40,0x1140,0xFD40,0x0140,0x0400,0x7FC0,0x1B00,0x60C0},
{0xFD40,0x9140,0x91C0,0xFD40,0x1140,0xFD40,0x0000,0x7FC0,0x0040,0x7FC0,0x0040},{0xFD40,0x9140,0xFDC0,0x1140,0xFD40,0x0000,0x7FC0,0x4000,0x7FC0,0x4000,0x7FC0},{0xFD40,0x9140,0x91C0,0xFD40,0x1140,0xFD40,0x0000,0x7FC0,0x1100,0x1100,0x7FC0},{0xFD40,0x9140,0x91C0,0xFD40,0x1140,0xFD40,0x0400,0x7FC0,0x1F00,0x2080,0x1F00},
{0xFE40,0x9040,0x9040,0x9040,0x9040,0xFE40,0x1040,0x1040,0x1040,0xFF40,0x0040},{0xFE40,0x9040,0x9040,0xFE40,0x1040,0xFF40,0x0000,0x7FC0,0x0040,0x0040,0x0040},{0xFE40,0x9040,0x9040,0xFE40,0x1040,0xFF40,0x0000,0x7FC0,0x0440,0x0440,0x0440},{0xFE40,0x9040,0x9040,0xFE40,0x1040,0xFF40,0x0040,0x7900,0x0900,0x0A80,0x0C40},
{0xFE40,0x9040,0x9040,0xFE40,0x1040,0xFF40,0x0040,0x4040,0x4000,0x4000,0x7FC0},{0xFE40,0x9040,0x9040,0xFE40,0x1040,0xFF40,0x0000,0x47C0,0x4100,0x4280,0x7C40},{0xFE40,0x9040,0x9040,0xFE40,0x1040,0xFF40,0x0100,0x47C0,0x4380,0x4440,0x7B80},{0xFE40,0x9040,0x9040,0xFE40,0x1040,0xFF40,0x0000,0x7FC0,0x4000,0x4000,0x7FC0},
{0xFE40,0x9040,0xFE40,0x1040,0xFF40,0x0000,0x7FC0,0x0040,0x7FC0,0x4000,0x7FC0},{0xFE40,0x9040,0xFE40,0x1040,0xFF40,0x0000,0x7BC0,0x0840,0x7840,0x4040,0x7840},{0xFE40,0x9040,0xFE40,0x1040,0xFF40,0x0000,0x7BC0,0x0A40,0x7A40,0x4240,0x7BC0},{0xFE40,0x9040,0xFE40,0x1040,0xFF40,0x0000,0x7A40,0x0A40,0x7BC0,0x4240,0x7BC0},
{0xFE40,0x9040,0xFE40,0x1040,0xFF40,0x0040,0x7900,0x0900,0x7900,0x4280,0x7C40},{0xFE40,0x9040,0xFE40,0x1040,0xFF40,0x0000,0x7BC0,0x0A00,0x7BC0,0x4200,0x7BC0},{0xFE40,0x9040,0xFE40,0x1040,0xFF40,0x0000,0x7FC0,0x0A80,0x7A80,0x4280,0x7FC0},{0xFE40,0x9040,0xFE40,0x1040,0xFF40,0x0040,0x7900,0x0FC0,0x7B80,0x4440,0x7B80},
{0xFE40,0x9040,0x9040,0xFE40,0x1040,0xFF40,0x0000,0x7FC0,0x4040,0x4040,0x7FC0},{0xFE40,0x9040,0x9040,0xFE40,0x1040,0xFF40,0x0000,0x4040,0x7FC0,0x4040,0x7FC0},{0xFE40,0x9040,0x9040,0xFE40,0x1040,0xFF40,0x0040,0x4900,0x7900,0x4A80,0x7C40},{0xFE40,0x9040,0x9040,0xFE40,0x1040,0xFF40,0x0040,0x0440,0x0400,0x1B00,0x60C0},
{0xFE40,0x9040,0x9040,0xFE40,0x1040,0xFF40,0x0040,0x1100,0x1100,0x2A80,0x4440},{0xFE40,0x9040,0x9040,0xFE40,0x1040,0xFF40,0x0000,0x3F80,0x4040,0x4040,0x3F80},{0xFE40,0x9040,0x9040,0xFE40,0x1040,0xFF40,0x0000,0x7FC0,0x0400,0x1B00,0x60C0},{0xFE40,0x9040,0x9040,0xFE40,0x1040,0xFF40,0x0040,0x0400,0x7FC0,0x1B00,0x60C0},
{0xFE40,0x9040,0x9040,0xFE40,0x1040,0xFF40,0x0000,0x7FC0,0x0040,0x7FC0,0x0040},{0xFE40,0x9040,0xFE40,0x1040,0xFF40,0x0000,0x7FC0,0x4000,0x7FC0,0x4000,0x7FC0},{0xFE40,0x9040,0x9040,0xFE40,0x1040,0xFF40,0x0000,0x7FC0,0x1100,0x1100,0x7FC0},{0xFE40,0x9040,0x9040,0xFE40,0x1040,0xFF40,0x0400,0x7FC0,0x1F00,0x2080,0x1F00},
{0x7FC0,0x4400,0x4400,0x4400,0x4400,0x4400,0x7FC0,0x1100,0x1100,0xFFE0,0x0000},{0x7FC0,0x4400,0x4400,0x7FC0,0x1100,0xFFE0,0x0000,0x7FC0,0x0040,0x0040,0x0040},{0x7FC0,0x4400,0x4400,0x7FC0,0x1100,0xFFE0,0x0000,0x7FC0,0x0440,0x0440,0x0440},{0x7FC0,0x4400,0x4400,0x7FC0,0x1100,0xFFE0,0x0000,0x7900,0x0900,0x0A80,0x0C40},
{0x7FC0,0x4400,0x4400,0x7FC0,0x1100,0xFFE0,0x0000,0x4000,0x4000,0x4000,0x7FC0},{0x7FC0,0x4400,0x4400,0x7FC0,0x1100,0xFFE0,0x0000,0x47C0,0x4100,0x4280,0x7C40},{0x7FC0,0x4400,0x4400,0x7FC0,0x1100,0xFFE0,0x0100,0x47C0,0x4380,0x4440,0x7B80},{0x7FC0,0x4400,0x4400,0x7FC0,0x1100,0xFFE0,0x0000,0x7FC0,0x4000,0x4000,0x7FC0},
{0x7FC0,0x4400,0x7FC0,0x1100,0xFFE0,0x0000,0x7FC0,0x0040,0x7FC0,0x4000,0x7FC0},{0x7FC0,0x4400,0x7FC0,0x1100,0xFFE0,0x0000,0x7BC0,0x0840,0x7840,0x4040,0x7840},{0x7FC0,0x4400,0x7FC0,0x1100,0xFFE0,0x0000,0x7BC0,0x0A40,0x7A40,0x4240,0x7BC0},{0x7FC0,0x4400,0x7FC0,0x1100,0xFFE0,0x0000,0x7A40,0x0A40,0x7BC0,0x4240,0x7BC0},
{0x7FC0,0x4400,0x7FC0,0x1100,0xFFE0,0x0000,0x7900,0x0900,0x7900,0x4280,0x7C40},{0x7FC0,0x4400,0x7FC0,0x1100,0xFFE0,0x0000,0x7BC0,0x0A00,0x7BC0,0x4200,0x7BC0},{0x7FC0,0x4400,0x7FC0,0x1100,0xFFE0,0x0000,0x7FC0,0x0A80,0x7A80,0x4280,0x7FC0},{0x7FC0,0x4400,0x7FC0,0x1100,0xFFE0,0x0000,0x7900,0x0FC0,0x7B80,0x4440,0x7B80},
{0x7FC0,0x4400,0x4400,0x7FC0,0x1100,0xFFE0,0x0000,0x7FC0,0x4040,0x4040,0x7FC0},{0x7FC0,0x4400,0x4400,0x7FC0,0x1100,0xFFE0,0x0000,0x4040,0x7FC0,0x4040,0x7FC0},{0x7FC0,0x4400,0x4400,0x7FC0,0x1100,0xFFE0,0x0000,0x4900,0x7900,0x4A80,0x7C40},{0x7FC0,0x4400,0x4400,0x7FC0,0x1100,0xFFE0,0x0000,0x0400,0x0400,0x1B00,0x60C0},
{0x7FC0,0x4400,0x4400,0x7FC0,0x1100,0xFFE0,0x0000,0x1100,0x1100,0x2A80,0x4440},{0x7FC0,0x4400,0x4400,0x7FC0,0x1100,0xFFE0,0x0000,0x3F80,0x4040,0x4040,0x3F80},{0x7FC0,0x4400,0x4400,0x7FC0,0x1100,0xFFE0,0x0000,0x7FC0,0x0400,0x1B00,0x60C0},{0x7FC0,0x4400,0x4400,0x7FC0,0x1100,0xFFE0,0x0000,0x0400,0x7FC0,0x1B00,0x60C0},
{0x7FC0,0x4400,0x4400,0x7FC0,0x1100,0xFFE0,0x0000,0x7FC0,0x0040,0x7FC0,0x0040},{0x7FC0,0x4400,0x7FC0,0x1100,0xFFE0,0x0000,0x7FC0,0x4000,0x7FC0,0x4000,0x7FC0},{0x7FC0,0x4400,0x4400,0x7FC0,0x1100,0xFFE0,0x0000,0x7FC0,0x1100,0x1100,0x7FC0},{0x7FC0,0x4400,0x4400,0x7FC0,0x1100,0xFFE0,0x0400,0x7FC0,0x1F00,0x2080,0x1F00},
{0x7FC0,0x4400,0x4400,0x4400,0x7FC0,0x0000,0xFFE0,0x0400,0x0400,0x0400,0x0400},{0x7FC0,0x4400,0x4400,0x7FC0,0x0000,0xFFE0,0x0400,0x7FC0,0x0040,0x0040,0x0040},{0x7FC0,0x4400,0x4400,0x7FC0,0x0000,0xFFE0,0x0400,0x7FC0,0x0440,0x0440,0x0440},{0x7FC0,0x4400,0x4400,0x7FC0,0x0000,0xFFE0,0x0400,0x7900,0x0900,0x0A80,0x0C40},
{0x7FC0,0x4400,0x4400,0x7FC0,0x0000,0xFFE0,0x0400,0x4400,0x4000,0x4000,0x7FC0},{0x7FC0,0x4400,0x4400,0x7FC0,0x0000,0xFFE0,0x0400,0x47C0,0x4100,0x4280,0x7C40},{0x7FC0,0x4400,0x4400,0x7FC0,0x0000,0xFFE0,0x0500,0x47C0,0x4380,0x4440,0x7B80},{0x7FC0,0x4400,0x4400,0x7FC0,0x0000,0xFFE0,0x0400,0x7FC0,0x4000,0x4000,0x7FC0},
{0x7FC0,0x4400,0x7FC0,0x0000,0xFFE0,0x0400,0x7FC0,0x0040,0x7FC0,0x4000,0x7FC0},{0x7FC0,0x4400,0x7FC0,0x0000,0xFFE0,0x0400,0x7BC0,0x0840,0x7840,0x4040,0x7840},{0x7FC0,0x4400,0x7FC0,0x0000,0xFFE0,0x0400,0x7BC0,0x0A40,0x7A40,0x4240,0x7BC0},{0x7FC0,0x4400,0x7FC0,0x0000,0xFFE0,0x0400,0x7A40,0x0A40,0x7BC0,0x4240,0x7BC0},
{0x7FC0,0x4400,0x7FC0,0x0000,0xFFE0,0x0400,0x7900,0x0900,0x7900,0x4280,0x7C40},{0x7FC0,0x4400,0x7FC0,0x0000,0xFFE0,0x0400,0x7BC0,0x0A00,0x7BC0,0x4200,0x7BC0},{0x7FC0,0x4400,0x7FC0,0x0000,0xFFE0,0x0400,0x7FC0,0x0A80,0x7A80,0x4280,0x7FC0},{0x7FC0,0x4400,0x7FC0,0x0000,0xFFE0,0x0400,0x7900,0x0FC0,0x7B80,0x4440,0x7B80},
{0x7FC0,0x4400,0x4400,0x7FC0,0x0000,0xFFE0,0x0400,0x7FC0,0x4040,0x4040,0x7FC0},{0x7FC0,0x4400,0x4400,0x7FC0,0x0000,0xFFE0,0x0400,0x4040,0x7FC0,0x4040,0x7FC0},{0x7FC0,0x4400,0x4400,0x7FC0,0x0000,0xFFE0,0x0400,0x4900,0x7900,0x4A80,0x7C40},{0x7FC0,0x4400,0x4400,0x7FC0,0x0000,0xFFE0,0x0400,0x0000,0x0400,0x1B00,0x60C0},
{0x7FC0,0x4400,0x4400,0x7FC0,0x0000,0xFFE0,0x0400,0x1500,0x1100,0x2A80,0x4440},{0x7FC0,0x4400,0x4400,0x7FC0,0x0000,0xFFE0,0x0400,0x3F80,0x4040,0x4040,0x3F80},{0x7FC0,0x4400,0x4400,0x7FC0,0x0000,0xFFE0,0x0400,0x7FC0,0x0400,0x1B00,0x60C0},{0x7FC0,0x4400,0x7FC0,0x0000,0xFFE0,0x0400,0x0000,0x0400,0x7FC0,0x1B00,0x60C0},
{0x7FC0,0x4400,0x4400,0x7FC0,0x0000,0xFFE0,0x0400,0x7FC0,0x0040,0x7FC0,0x0040},{0x7FC0,0x4400,0x7FC0,0x0000,0xFFE0,0x0400,0x7FC0,0x4000,0x7FC0,0x4000,0x7FC0},{0x7FC0,0x4400,0x4400,0x7FC0,0x0000,0xFFE0,0x0400,0x7FC0,0x1100,0x1100,0x7FC0},{0x7FC0,0x4400,0x4400,0x7FC0,0x0000,0xFFE0,0x0400,0x7FC0,0x1F00,0x2080,0x1F00},
{0xFE40,0x9040,0x9040,0x9040,0xFE40,0x0040,0xFF40,0x1040,0x13C0,0x1040,0x1040},{0xFE40,0x9040,0xFE40,0x0040,0xFF40,0x11C0,0x1040,0x7FC0,0x0040,0x0040,0x0040},{0xFE40,0x9040,0xFE40,0x0040,0xFF40,0x11C0,0x1040,0x7FC0,0x0440,0x0440,0x0440},{0xFE40,0x9040,0xFE40,0x0040,0xFF40,0x11C0,0x1040,0x7900,0x0900,0x0A80,0x0C40},
{0xFE40,0x9040,0xFE40,0x0040,0xFF40,0x1040,0x11C0,0x5040,0x4000,0x4000,0x7FC0},{0xFE40,0x9040,0xFE40,0x0040,0xFF40,0x11C0,0x1040,0x47C0,0x4100,0x4280,0x7C40},{0xFE40,0x9040,0xFE40,0x0040,0xFF40,0x11C0,0x1140,0x47C0,0x4380,0x4440,0x7B80},{0xFE40,0x9040,0xFE40,0x0040,0xFF40,0x11C0,0x1040,0x7FC0,0x4000,0x4000,0x7FC0},
{0x7E40,0x4840,0x7E40,0xFF40,0x11C0,0x1040,0x7FC0,0x0040,0x7FC0,0x4000,0x7FC0},{0x7E40,0x4840,0x7E40,0xFF40,0x11C0,0x1040,0x7BC0,0x0840,0x7840,0x4040,0x7840},{0x7E40,0x4840,0x7E40,0xFF40,0x11C0,0x1040,0x7BC0,0x0A40,0x7A40,0x4240,0x7BC0},{0x7E40,0x4840,0x7E40,0xFF40,0x11C0,0x1040,0x7A40,0x0A40,0x7BC0,0x4240,0x7BC0},
{0x7E40,0x4840,0x7E40,0xFF40,0x11C0,0x1040,0x7900,0x0900,0x7900,0x4280,0x7C40},{0x7E40,0x4840,0x7E40,0xFF40,0x11C0,0x1040,0x7BC0,0x0A00,0x7BC0,0x4200,0x7BC0},{0x7E40,0x4840,0x7E40,0xFF40,0x11C0,0x1040,0x7FC0,0x0A80,0x7A80,0x4280,0x7FC0},{0x7E40,0x4840,0x7E40,0xFF40,0x11C0,0x1040,0x7900,0x0FC0,0x7B80,0x4440,0x7B80},
{0xFE40,0x9040,0xFE40,0x0040,0xFF40,0x11C0,0x1040,0x7FC0,0x4040,0x4040,0x7FC0},{0xFE40,0x9040,0xFE40,0x0040,0xFF40,0x11C0,0x1040,0x4040,0x7FC0,0x4040,0x7FC0},{0xFE40,0x9040,0xFE40,0x0040,0xFF40,0x11C0,0x1040,0x4900,0x7900,0x4A80,0x7C40},{0xFE40,0x9040,0xFE40,0x0040,0xFF40,0x1040,0x11C0,0x1440,0x0400,0x1B00,0x60C0},
{0xFE40,0x9040,0xFE40,0x0040,0xFF40,0x11C0,0x1040,0x0000,0x1100,0x2A80,0x4440},{0xFE40,0x9040,0xFE40,0x0040,0xFF40,0x11C0,0x1040,0x3F80,0x4040,0x4040,0x3F80},{0xFE40,0x9040,0xFE40,0x0040,0xFF40,0x11C0,0x1040,0x7FC0,0x0400,0x1B00,0x60C0},{0xFE40,0x9040,0xFE40,0x0040,0xFF40,0x11C0,0x1040,0x0400,0x7FC0,0x1B00,0x60C0},
{0xFE40,0x9040,0xFE40,0x0040,0xFF40,0x11C0,0x1040,0x7FC0,0x0040,0x7FC0,0x0040},{0x7E40,0x4840,0x7E40,0xFF40,0x11C0,0x1040,0x7FC0,0x4000,0x7FC0,0x4000,0x7FC0},{0xFE40,0x9040,0xFE40,0x0040,0xFF40,0x11C0,0x1040,0x7FC0,0x1100,0x1100,0x7FC0},{0xFE40,0x9040,0xFE40,0x0040,0xFF40,0x11C0,0x1440,0x7FC0,0x1F00,0x2080,0x1F00},
{0xFD40,0x9140,0x9140,0x9140,0xFD40,0x0140,0xFD40,0x1140,0x1740,0x1140,0x1140},{0xFD40,0x9140,0xFD40,0x0140,0xFD40,0x1740,0x1140,0x7FC0,0x0040,0x0040,0x0040},{0xFD40,0x9140,0xFD40,0x0140,0xFD40,0x1740,0x1140,0x7FC0,0x0440,0x0440,0x0440},{0xFD40,0x9140,0xFD40,0x0140,0xFD40,0x1740,0x1140,0x7800,0x0900,0x0A80,0x0C40},
{0xFD40,0x9140,0xFD40,0x0140,0xFD40,0x1140,0x1740,0x5140,0x4000,0x4000,0x7FC0},{0xFD40,0x9140,0xFD40,0x0140,0xFD40,0x1740,0x1140,0x47C0,0x4100,0x4280,0x7C40},{0xFD40,0x9140,0xFD40,0x0140,0xFD40,0x1740,0x1140,0x47C0,0x4380,0x4440,0x7B80},{0xFD40,0x9140,0xFD40,0x0140,0xFD40,0x1740,0x1140,0x7FC0,0x4000,0x4000,0x7FC0},
{0x7D40,0x5140,0x7D40,0xFD40,0x1740,0x1140,0x7FC0,0x0040,0x7FC0,0x4000,0x7FC0},{0x7D40,0x5140,0x7D40,0xFD40,0x1740,0x1140,0x7BC0,0x0840,0x7840,0x4040,0x7840},{0x7D40,0x5140,0x7D40,0xFD40,0x1740,0x1140,0x7BC0,0x0A40,0x7A40,0x4240,0x7BC0},{0x7D40,0x5140,0x7D40,0xFD40,0x1740,0x1140,0x7A40,0x0A40,0x7BC0,0x4240,0x7BC0},
{0x7D40,0x5140,0x7D40,0xFD40,0x1740,0x1140,0x7800,0x0900,0x7900,0x4280,0x7C40},{0x7D40,0x5140,0x7D40,0xFD40,0x1740,0x1140,0x7BC0,0x0A00,0x7BC0,0x4200,0x7BC0},{0x7D40,0x5140,0x7D40,0xFD40,0x1740,0x1140,0x7FC0,0x0A80,0x7A80,0x4280,0x7FC0},{0x7D40,0x5140,0x7D40,0xFD40,0x1740,0x1140,0x7900,0x0FC0,0x7B80,0x4440,0x7B80},
{0xFD40,0x9140,0xFD40,0x0140,0xFD40,0x1740,0x1140,0x7FC0,0x4040,0x4040,0x7FC0},{0xFD40,0x9140,0xFD40,0x0140,0xFD40,0x1740,0x1140,0x4040,0x7FC0,0x4040,0x7FC0},{0xFD40,0x9140,0xFD40,0x0140,0xFD40,0x1740,0x1140,0x4800,0x7900,0x4A80,0x7C40},{0xFD40,0x9140,0xFD40,0x0140,0xFD40,0x1740,0x1140,0x1540,0x0400,0x1B00,0x60C0},
{0xFD40,0x9140,0xFD40,0x0140,0xFD40,0x1740,0x1140,0x0000,0x1100,0x2A80,0x4440},{0xFD40,0x9140,0xFD40,0x0140,0xFD40,0x1740,0x1140,0x3F80,0x4040,0x4040,0x3F80},{0xFD40,0x9140,0xFD40,0x0140,0xFD40,0x1740,0x1140,0x7FC0,0x0400,0x1B00,0x60C0},{0xFD40,0x9140,0xFD40,0x0140,0xFD40,0x1740,0x1140,0x0400,0x7FC0,0x1B00,0x60C0},
{0xFD40,0x9140,0xFD40,0x0140,0xFD40,0x1740,0x1140,0x7FC0,0x0040,0x7FC0,0x0040},{0x7D40,0x5140,0x7D40,0xFD40,0x1740,0x1140,0x7FC0,0x4000,0x7FC0,0x4000,0x7FC0},{0xFD40,0x9140,0xFD40,0x0140,0xFD40,0x1740,0x1140,0x7FC0,0x1100,0x1100,0x7FC0},{0xFD40,0x9140,0xFD40,0x0140,0xFD40,0x1740,0x1540,0x7FC0,0x1F00,0x2080,0x1F00},
{0xFE40,0x9040,0x9040,0x9040,0xFE40,0x0040,0xFF40,0x1040,0x1040,0x1040,0x1040},{0xFE40,0x9040,0x9040,0xFE40,0x0040,0xFF40,0x1000,0x7FC0,0x0040,0x0040,0x0040},{0xFE40,0x9040,0x9040,0xFE40,0x0040,0xFF40,0x1000,0x7FC0,0x0440,0x0440,0x0440},{0xFE40,0x9040,0x9040,0xFE40,0x0040,0xFF40,0x1040,0x7900,0x0900,0x0A80,0x0C40},
{0xFE40,0x9040,0x9040,0xFE40,0x0040,0xFF40,0x1040,0x5040,0x4000,0x4000,0x7FC0},{0xFE40,0x9040,0x9040,0xFE40,0x0040,0xFF40,0x1000,0x57C0,0x4100,0x4280,0x7C40},{0xFE40,0x9040,0x9040,0xFE40,0x0040,0xFF40,0x1100,0x57C0,0x4380,0x4440,0x7B80},{0xFE40,0x9040,0x9040,0xFE40,0x0040,0xFF40,0x1000,0x7FC0,0x4000,0x4000,0x7FC0},
{0xFE40,0x9040,0xFE40,0x0040,0xFF40,0x1000,0x7FC0,0x0040,0x7FC0,0x4000,0x7FC0},{0xFE40,0x9040,0xFE40,0x0040,0xFF40,0x1000,0x7BC0,0x0840,0x7840,0x4040,0x7840},{0xFE40,0x9040,0xFE40,0x0040,0xFF40,0x1000,0x7BC0,0x0A40,0x7A40,0x4240,0x7BC0},{0xFE40,0x9040,0xFE40,0x0040,0xFF40,0x1000,0x7A40,0x0A40,0x7BC0,0x4240,0x7BC0},
{0xFE40,0x9040,0xFE40,0x0040,0xFF40,0x1040,0x7900,0x0900,0x7900,0x4280,0x7C40},{0xFE40,0x9040,0xFE40,0x0040,0xFF40,0x1000,0x7BC0,0x0A00,0x7BC0,0x4200,0x7BC0},{0xFE40,0x9040,0xFE40,0x0040,0xFF40,0x1000,0x7FC0,0x0A80,0x7A80,0x4280,0x7FC0},{0xFE40,0x9040,0xFE40,0x0040,0xFF40,0x1040,0x7900,0x0FC0,0x7B80,0x4440,0x7B80},
{0xFE40,0x9040,0x9040,0xFE40,0x0040,0xFF40,0x1000,0x7FC0,0x4040,0x4040,0x7FC0},{0xFE40,0x9040,0x9040,0xFE40,0x0040,0xFF40,0x1000,0x4040,0x7FC0,0x4040,0x7FC0},{0xFE40,0x9040,0x9040,0xFE40,0x0040,0xFF40,0x1040,0x4900,0x7900,0x4A80,0x7C40},{0xFE40,0x9040,0x9040,0xFE40,0x0040,0xFF40,0x1040,0x1440,0x0400,0x1B00,0x60C0},
{0xFE40,0x9040,0x9040,0xFE40,0x0040,0xFF40,0x1040,0x0000,0x1100,0x2A80,0x4440},{0xFE40,0x9040,0x9040,0xFE40,0x0040,0xFF40,0x1040,0x3F80,0x4040,0x4040,0x3F80},{0xFE40,0x9040,0x9040,0xFE40,0x0040,0xFF40,0x1000,0x7FC0,0x0400,0x1B00,0x60C0},{0xFE40,0x9040,0x9040,0xFE40,0x0040,0xFF40,0x1040,0x0400,0x7FC0,0x1B00,0x60C0},
{0xFE40,0x9040,0x9040,0xFE40,0x0040,0xFF40,0x1000,0x7FC0,0x0040,0x7FC0,0x0040},{0xFE40,0x9040,0xFE40,0x0040,0xFF40,0x1000,0x7FC0,0x4000,0x7FC0,0x4000,0x7FC0},{0xFE40,0x9040,0x9040,0xFE40,0x0040,0xFF40,0x1000,0x7FC0,0x1100,0x1100,0x7FC0},{0xFE40,0x9040,0xFE40,0x0040,0xFF40,0x1040,0x0400,0x7FC0,0x1F00,0x2080,0x1F00},
{0x7FC0,0x4400,0x4400,0x4400,0x7FC0,0x0000,0xFFE0,0x1100,0x1100,0x1100,0x1100},{0x7FC0,0x4400,0x4400,0x7FC0,0x0000,0xFFE0,0x1100,0x7FC0,0x0040,0x0040,0x0040},{0x7FC0,0x4400,0x4400,0x7FC0,0x0000,0xFFE0,0x1100,0x7FC0,0x0440,0x0440,0x0440},{0x7FC0,0x4400,0x4400,0x7FC0,0x0000,0xFFE0,0x1100,0x7800,0x0900,0x0A80,0x0C40},
{0x7FC0,0x4400,0x4400,0x7FC0,0x0000,0xFFE0,0x1100,0x5100,0x4000,0x4000,0x7FC0},{0x7FC0,0x4400,0x4400,0x7FC0,0x0000,0xFFE0,0x1100,0x57C0,0x4100,0x4280,0x7C40},{0x7FC0,0x4400,0x4400,0x7FC0,0x0000,0xFFE0,0x1100,0x57C0,0x4380,0x4440,0x7B80},{0x7FC0,0x4400,0x4400,0x7FC0,0x0000,0xFFE0,0x1100,0x7FC0,0x4000,0x4000,0x7FC0},
{0x7FC0,0x4400,0x7FC0,0x0000,0xFFE0,0x1100,0x7FC0,0x0040,0x7FC0,0x4000,0x7FC0},{0x7FC0,0x4400,0x7FC0,0x0000,0xFFE0,0x1100,0x7BC0,0x0840,0x7840,0x4040,0x7840},{0x7FC0,0x4400,0x7FC0,0x0000,0xFFE0,0x1100,0x7BC0,0x0A40,0x7A40,0x4240,0x7BC0},{0x7FC0,0x4400,0x7FC0,0x0000,0xFFE0,0x1100,0x7A40,0x0A40,0x7BC0,0x4240,0x7BC0},
{0x7FC0,0x4400,0x7FC0,0x0000,0xFFE0,0x1100,0x7800,0x0900,0x7900,0x4280,0x7C40},{0x7FC0,0x4400,0x7FC0,0x0000,0xFFE0,0x1100,0x7BC0,0x0A00,0x7BC0,0x4200,0x7BC0},{0x7FC0,0x4400,0x7FC0,0x0000,0xFFE0,0x1100,0x7FC0,0x0A80,0x7A80,0x4280,0x7FC0},{0x7FC0,0x4400,0x7FC0,0x0000,0xFFE0,0x1100,0x7900,0x0FC0,0x7B80,0x4440,0x7B80},
{0x7FC0,0x4400,0x4400,0x7FC0,0x0000,0xFFE0,0x1100,0x7FC0,0x4040,0x4040,0x7FC0},{0x7FC0,0x4400,0x4400,0x7FC0,0x0000,0xFFE0,0x1100,0x4040,0x7FC0,0x4040,0x7FC0},{0x7FC0,0x4400,0x4400,0x7FC0,0x0000,0xFFE0,0x1100,0x4800,0x7900,0x4A80,0x7C40},{0x7FC0,0x4400,0x4400,0x7FC0,0x0000,0xFFE0,0x1100,0x1500,0x0400,0x1B00,0x60C0},
{0x7FC0,0x4400,0x4400,0x7FC0,0x0000,0xFFE0,0x1100,0x0000,0x1100,0x2A80,0x4440},{0x7FC0,0x4400,0x4400,0x7FC0,0x0000,0xFFE0,0x1100,0x3F80,0x4040,0x4040,0x3F80},{0x7FC0,0x4400,0x4400,0x7FC0,0x0000,0xFFE0,0x1100,0x7FC0,0x0400,0x1B00,0x60C0},{0x7FC0,0x4400,0x4400,0x7FC0,0x0000,0xFFE0,0x1100,0x0400,0x7FC0,0x1B00,0x60C0},
{0x7FC0,0x4400,0x4400,0x7FC0,0x0000,0xFFE0,0x1100,0x7FC0,0x0040,0x7FC0,0x0040},{0x7FC0,0x4400,0x7FC0,0x0000,0xFFE0,0x1100,0x7FC0,0x4000,0x7FC0,0x4000,0x7FC0},{0x7FC0,0x4400,0x4400,0x7FC0,0x0000,0xFFE0,0x1100,0x7FC0,0x1100,0x1100,0x7FC0},{0x7FC0,0x4400,0x7FC0,0x0000,0xFFE0,0x1100,0x0400,0x7FC0,0x1F00,0x2080,0x1F00},
{0x7FC0,0x4400,0x4400,0x4400,0x4400,0x4400,0x7FC0,0x0000,0x0000,0xFFE0,0x0000},{0x7FC0,0x4400,0x4400,0x7FC0,0x0000,0xFFE0,0x0000,0x7FC0,0x0040,0x0040,0x0040},{0x7FC0,0x4400,0x4400,0x7FC0,0x0000,0xFFE0,0x0000,0x7FC0,0x0440,0x0440,0x0440},{0x7FC0,0x4400,0x4400,0x7FC0,0x0000,0xFFE0,0x0000,0x7900,0x0900,0x0A80,0x0C40},
{0x7FC0,0x4400,0x4400,0x7FC0,0x0000,0xFFE0,0x0000,0x4000,0x4000,0x4000,0x7FC0},{0x7FC0,0x4400,0x4400,0x7FC0,0x0000,0xFFE0,0x0000,0x47C0,0x4100,0x4280,0x7C40},{0x7FC0,0x4400,0x4400,0x7FC0,0x0000,0xFFE0,0x0100,0x47C0,0x4380,0x4440,0x7B80},{0x7FC0,0x4400,0x4400,0x7FC0,0x0000,0xFFE0,0x0000,0x7FC0,0x4000,0x4000,0x7FC0},
{0x7FC0,0x4400,0x7FC0,0x0000,0xFFE0,0x0000,0x7FC0,0x0040,0x7FC0,0x4000,0x7FC0},{0x7FC0,0x4400,0x7FC0,0x0000,0xFFE0,0x0000,0x7BC0,0x0840,0x7840,0x4040,0x7840},{0x7FC0,0x4400,0x7FC0,0x0000,0xFFE0,0x0000,0x7BC0,0x0A40,0x7A40,0x4240,0x7BC0},{0x7FC0,0x4400,0x7FC0,0x0000,0xFFE0,0x0000,0x7A40,0x0A40,0x7BC0,0x4240,0x7BC0},
{0x7FC0,0x4400,0x7FC0,0x0000,0xFFE0,0x0000,0x7900,0x0900,0x7900,0x4280,0x7C40},{0x7FC0,0x4400,0x7FC0,0x0000,0xFFE0,0x0000,0x7BC0,0x0A00,0x7BC0,0x4200,0x7BC0},{0x7FC0,0x4400,0x7FC0,0x0000,0xFFE0,0x0000,0x7FC0,0x0A80,0x7A80,0x4280,0x7FC0},{0x7FC0,0x4400,0x7FC0,0x0000,0xFFE0,0x0000,0x7900,0x0FC0,0x7B80,0x4440,0x7B80},
{0x7FC0,0x4400,0x4400,0x7FC0,0x0000,0xFFE0,0x0000,0x7FC0,0x4040,0x4040,0x7FC0},{0x7FC0,0x4400,0x4400,0x7FC0,0x0000,0xFFE0,0x0000,0x4040,0x7FC0,0x4040,0x7FC0},{0x7FC0,0x4400,0x4400,0x7FC0,0x0000,0xFFE0,0x0000,0x4900,0x7900,0x4A80,0x7C40},{0x7FC0,0x4400,0x4400,0x7FC0,0x0000,0xFFE0,0x0000,0x0400,0x0400,0x1B00,0x60C0},
{0x7FC0,0x4400,0x4400,0x7FC0,0x0000,0xFFE0,0x0000,0x1100,0x1100,0x2A80,0x4440},{0x7FC0,0x4400,0x4400,0x7FC0,0x0000,0xFFE0,0x0000,0x3F80,0x4040,0x4040,0x3F80},{0x7FC0,0x4400,0x4400,0x7FC0,0x0000,0xFFE0,0x0000,0x7FC0,0x0400,0x1B00,0x60C0},{0x7FC0,0x4400,0x4400,0x7FC0,0x0000,0xFFE0,0x0000,0x0400,0x7FC0,0x1B00,0x60C0},
{0x7FC0,0x4400,0x4400,0x7FC0,0x0000,0xFFE0,0x0000,0x7FC0,0x0040,0x7FC0,0x0040},{0x7FC0,0x4400,0x7FC0,0x0000,0xFFE0,0x0000,0x7FC0,0x4000,0x7FC0,0x4000,0x7FC0},{0x7FC0,0x4400,0x4400,0x7FC0,0x0000,0xFFE0,0x0000,0x7FC0,0x1100,0x1100,0x7FC0},{0x7FC0,0x4400,0x4400,0x7FC0,0x0000,0xFFE0,0x0400,0x7FC0,0x1F00,0x2080,0x1F00},
{0xFE40,0x9040,0x9040,0x9040,0x9040,0x9040,0xFE40,0x0040,0x0040,0xFF40,0x0040},{0xFE40,0x9040,0x9040,0xFE40,0x0040,0xFF40,0x0000,0x7FC0,0x0040,0x0040,0x0040},{0xFE40,0x9040,0x9040,0xFE40,0x0040,0xFF40,0x0000,0x7FC0,0x0440,0x0440,0x0440},{0xFE40,0x9040,0x9040,0xFE40,0x0040,0xFF40,0x0040,0x7900,0x0900,0x0A80,0x0C40},
{0xFE40,0x9040,0x9040,0xFE40,0x0040,0xFF40,0x0040,0x4040,0x4000,0x4000,0x7FC0},{0xFE40,0x9040,0x9040,0xFE40,0x0040,0xFF40,0x0000,0x47C0,0x4100,0x4280,0x7C40},{0xFE40,0x9040,0x9040,0xFE40,0x0040,0xFF40,0x0100,0x47C0,0x4380,0x4440,0x7B80},{0xFE40,0x9040,0x9040,0xFE40,0x0040,0xFF40,0x0000,0x7FC0,0x4000,0x4000,0x7FC0},
{0xFE40,0x9040,0xFE40,0x0040,0xFF40,0x0000,0x7FC0,0x0040,0x7FC0,0x4000,0x7FC0},{0xFE40,0x9040,0xFE40,0x0040,0xFF40,0x0000,0x7BC0,0x0840,0x7840,0x4040,0x7840},{0xFE40,0x9040,0xFE40,0x0040,0xFF40,0x0000,0x7BC0,0x0A40,0x7A40,0x4240,0x7BC0},{0xFE40,0x9040,0xFE40,0x0040,0xFF40,0x0000,0x7A40,0x0A40,0x7BC0,0x4240,0x7BC0},
{0xFE40,0x9040,0xFE40,0x0040,0xFF40,0x0040,0x7900,0x0900,0x7900,0x4280,0x7C40},{0xFE40,0x9040,0xFE40,0x0040,0xFF40,0x0000,0x7BC0,0x0A00,0x7BC0,0x4200,0x7BC0},{0xFE40,0x9040,0xFE40,0x0040,0xFF40,0x0000,0x7FC0,0x0A80,0x7A80,0x4280,0x7FC0},{0xFE40,0x9040,0xFE40,0x0040,0xFF40,0x0040,0x7900,0x0FC0,0x7B80,0x4440,0x7B80},
{0xFE40,0x9040,0x9040,0xFE40,0x0040,0xFF40,0x0000,0x7FC0,0x4040,0x4040,0x7FC0},{0xFE40,0x9040,0x9040,0xFE40,0x0040,0xFF40,0x0000,0x4040,0x7FC0,0x4040,0x7FC0},{0xFE40,0x9040,0x9040,0xFE40,0x0040,0xFF40,0x0040,0x4900,0x7900,0x4A80,0x7C40},{0xFE40,0x9040,0x9040,0xFE40,0x0040,0xFF40,0x0040,0x0440,0x0400,0x1B00,0x60C0},
{0xFE40,0x9040,0x9040,0xFE40,0x0040,0xFF40,0x0040,0x1100,0x1100,0x2A80,0x4440},{0xFE40,0x9040,0x9040,0xFE40,0x0040,0xFF40,0x0000,0x3F80,0x4040,0x4040,0x3F80},{0xFE40,0x9040,0x9040,0xFE40,0x0040,0xFF40,0x0000,0x7FC0,0x0400,0x1B00,0x60C0},{0xFE40,0x9040,0x9040,0xFE40,0x0040,0xFF40,0x0040,0x0400,0x7FC0,0x1B00,0x60C0},
{0xFE40,0x9040,0x9040,0xFE40,0x0040,0xFF40,0x0000,0x7FC0,0x0040,0x7FC0,0x0040},{0xFE40,0x9040,0xFE40,0x0040,0xFF40,0x0000,0x7FC0,0x4000,0x7FC0,0x4000,0x7FC0},{0xFE40,0x9040,0x9040,0xFE40,0x0040,0xFF40,0x0000,0x7FC0,0x1100,0x1100,0x7FC0},{0xFE40,0x9040,0x9040,0xFE40,0x0040,0xFF40,0x0400,0x7FC0,0x1F00,0x2080,0x1F00},
{0xFF40,0x8840,0x8840,0x8840,0x8840,0x8840,0x8840,0x8840,0x8840,0xFF40,0x0040},{0xFE40,0x9040,0x9040,0x9040,0x9040,0xFE40,0x0000,0x7FC0,0x0040,0x0040,0x0040},{0xFE40,0x9040,0x9040,0x9040,0x9040,0xFE40,0x0000,0x7FC0,0x0440,0x0440,0x0440},{0xFE40,0x9040,0x9040,0x9040,0x9040,0xFE40,0x0040,0x7900,0x0900,0x0A80,0x0C40},
{0xFE40,0x9040,0x9040,0x9040,0x9040,0xFE40,0x0040,0x4040,0x4000,0x4000,0x7FC0},{0xFE40,0x9040,0x9040,0x9040,0x9040,0xFE40,0x0000,0x47C0,0x4100,0x4280,0x7C40},{0xFE40,0x9040,0x9040,0x9040,0x9040,0xFE40,0x0100,0x47C0,0x4380,0x4440,0x7B80},{0xFE40,0x9040,0x9040,0x9040,0x9040,0xFE40,0x0000,0x7FC0,0x4000,0x4000,0x7FC0},
{0xFE40,0x9040,0x9040,0x9040,0xFE40,0x0000,0x7FC0,0x0040,0x7FC0,0x4000,0x7FC0},{0xFE40,0x9040,0x9040,0x9040,0xFE40,0x0000,0x7BC0,0x0840,0x7840,0x4040,0x7840},{0xFE40,0x9040,0x9040,0x9040,0xFE40,0x0000,0x7BC0,0x0A40,0x7A40,0x4240,0x7BC0},{0xFE40,0x9040,0x9040,0x9040,0xFE40,0x0000,0x7A40,0x0A40,0x7BC0,0x4240,0x7BC0},
{0xFE40,0x9040,0x9040,0x9040,0xFE40,0x0040,0x7900,0x0900,0x7900,0x4280,0x7C40},{0xFE40,0x9040,0x9040,0x9040,0xFE40,0x0000,0x7BC0,0x0A00,0x7BC0,0x4200,0x7BC0},{0xFE40,0x9040,0x9040,0x9040,0xFE40,0x0000,0x7FC0,0x0A80,0x7A80,0x4280,0x7FC0},{0xFE40,0x9040,0x9040,0x9040,0xFE40,0x0040,0x7900,0x0FC0,0x7B80,0x4440,0x7B80},
{0xFE40,0x9040,0x9040,0x9040,0x9040,0xFE40,0x0000,0x7FC0,0x4040,0x4040,0x7FC0},{0xFE40,0x9040,0x9040,0x9040,0x9040,0xFE40,0x0000,0x4040,0x7FC0,0x4040,0x7FC0},{0xFE40,0x9040,0x9040,0x9040,0x9040,0xFE40,0x0040,0x4900,0x7900,0x4A80,0x7C40},{0xFE40,0x9040,0x9040,0x9040,0x9040,0xFE40,0x0040,0x0440,0x0400,0x1B00,0x60C0},
{0xFE40,0x9040,0x9040,0x9040,0x9040,0xFE40,0x0040,0x1100,0x1100,0x2A80,0x4440},{0xFE40,0x9040,0x9040,0x9040,0x9040,0xFE40,0x0000,0x3F80,0x4040,0x4040,0x3F80},{0xFE40,0x9040,0x9040,0x9040,0x9040,0xFE40,0x0000,0x7FC0,0x0400,0x1B00,0x60C0},{0xFE40,0x9040,0x9040,0x9040,0x9040,0xFE40,0x0040,0x0400,0x7FC0,0x1B00,0x60C0},
{0xFE40,0x9040,0x9040,0x9040,0x9040,0xFE40,0x0000,0x7FC0,0x0040,0x7FC0,0x0040},{0xFE40,0x9040,0x9040,0x9040,0xFE40,0x0000,0x7FC0,0x4000,0x7FC0,0x4000,0x7FC0},{0xFE40,0x9040,0x9040,0x9040,0x9040,0xFE40,0x0000,0x7FC0,0x1100,0x1100,0x7FC0},{0xFE40,0x9040,0x9040,0x9040,0x9040,0xFE40,0x0400,0x7FC0,0x1F00,0x2080,0x1F00},
{0xFC40,0x0440,0x0440,0x0440,0xFC40,0x8060,0x8040,0x8040,0x8040,0xFE40,0x0040},{0xFC40,0x0440,0xFC60,0x8040,0x8040,0xFE40,0x0000,0x7FC0,0x0040,0x0040,0x0040},{0xFC40,0x0440,0xFC60,0x8040,0x8040,0xFE40,0x0000,0x7FC0,0x0440,0x0440,0x0440},{0xFC40,0x0440,0xFC60,0x8040,0x8040,0xFE40,0x0040,0x7900,0x0900,0x0A80,0x0C40},
{0xFC40,0x0440,0xFC40,0x8060,0x8040,0xFE40,0x0040,0x4040,0x4000,0x4000,0x7FC0},{0xFC40,0x0440,0xFC60,0x8040,0x8040,0xFE40,0x0000,0x47C0,0x4100,0x4280,0x7C40},{0xFC40,0x0440,0xFC60,0x8040,0x8040,0xFE40,0x0100,0x47C0,0x4380,0x4440,0x7B80},{0xFC40,0x0440,0xFC60,0x8040,0x8040,0xFE40,0x0000,0x7FC0,0x4000,0x4000,0x7FC0},
{0xFC40,0x0440,0xFC60,0x8040,0xFE40,0x0000,0x7FC0,0x0040,0x7FC0,0x4000,0x7FC0},{0xFC40,0x0440,0xFC60,0x8040,0xFE40,0x0000,0x7BC0,0x0840,0x7840,0x4040,0x7840},{0xFC40,0x0440,0xFC60,0x8040,0xFE40,0x0000,0x7BC0,0x0A40,0x7A40,0x4240,0x7BC0},{0xFC40,0x0440,0xFC60,0x8040,0xFE40,0x0000,0x7A40,0x0A40,0x7BC0,0x4240,0x7BC0},
{0xFC40,0x0440,0xFC60,0x8040,0xFE40,0x0040,0x7900,0x0900,0x7900,0x4280,0x7C40},{0xFC40,0x0440,0xFC60,0x8040,0xFE40,0x0000,0x7BC0,0x0A00,0x7BC0,0x4200,0x7BC0},{0xFC40,0x0440,0xFC60,0x8040,0xFE40,0x0000,0x7FC0,0x0A80,0x7A80,0x4280,0x7FC0},{0xFC40,0x0440,0xFC60,0x8040,0xFE40,0x0040,0x7900,0x0FC0,0x7B80,0x4440,0x7B80},
{0xFC40,0x0440,0xFC60,0x8040,0x8040,0xFE40,0x0000,0x7FC0,0x4040,0x4040,0x7FC0},{0xFC40,0x0440,0xFC60,0x8040,0x8040,0xFE40,0x0000,0x4040,0x7FC0,0x4040,0x7FC0},{0xFC40,0x0440,0xFC60,0x8040,0x8040,0xFE40,0x0040,0x4900,0x7900,0x4A80,0x7C40},{0xFC40,0x0440,0xFC40,0x8060,0x8040,0xFE40,0x0040,0x0440,0x0400,0x1B00,0x60C0},
{0xFC40,0x0440,0xFC60,0x8040,0x8040,0xFE40,0x0040,0x1100,0x1100,0x2A80,0x4440},{0xFC40,0x0440,0xFC60,0x8040,0x8040,0xFE40,0x0000,0x3F80,0x4040,0x4040,0x3F80},{0xFC40,0x0440,0xFC60,0x8040,0x8040,0xFE40,0x0000,0x7FC0,0x0400,0x1B00,0x60C0},{0xFC40,0x0440,0xFC40,0x8060,0x8040,0xFE40,0x0040,0x0400,0x7FC0,0x1B00,0x60C0},
{0xFC40,0x0440,0xFC60,0x8040,0x8040,0xFE40,0x0000,0x7FC0,0x0040,0x7FC0,0x0040},{0xFC40,0x0440,0xFC60,0x8040,0xFE40,0x0000,0x7FC0,0x4000,0x7FC0,0x4000,0x7FC0},{0xFC40,0x0440,0xFC60,0x8040,0x8040,0xFE40,0x0000,0x7FC0,0x1100,0x1100,0x7FC0},{0xFC40,0x0440,0xFC60,0x8040,0x8040,0xFE40,0x0400,0x7FC0,0x1F00,0x2080,0x1F00},
{0xFD40,0x0540,0x0540,0x0540,0xFD40,0x81C0,0x8140,0x8140,0x8140,0xFD40,0x0140},{0xFD40,0x0540,0xFDC0,0x8140,0x8140,0xFD40,0x0000,0x7FC0,0x0040,0x0040,0x0040},{0xFD40,0x0540,0xFDC0,0x8140,0x8140,0xFD40,0x0000,0x7FC0,0x0440,0x0440,0x0440},{0xFD40,0x0540,0xFDC0,0x8140,0x8140,0xFD40,0x0000,0x7900,0x0900,0x0A80,0x0C40},
{0xFD40,0x0540,0xFD40,0x81C0,0x8140,0xFD40,0x0140,0x4140,0x4000,0x4000,0x7FC0},{0xFD40,0x0540,0xFDC0,0x8140,0x8140,0xFD40,0x0000,0x47C0,0x4100,0x4280,0x7C40},{0xFD40,0x0540,0xFDC0,0x8140,0x8140,0xFD40,0x0100,0x47C0,0x4380,0x4440,0x7B80},{0xFD40,0x0540,0xFDC0,0x8140,0x8140,0xFD40,0x0000,0x7FC0,0x4000,0x4000,0x7FC0},
{0xFD40,0x0540,0xFDC0,0x8140,0xFD40,0x0000,0x7FC0,0x0040,0x7FC0,0x4000,0x7FC0},{0xFD40,0x0540,0xFDC0,0x8140,0xFD40,0x0000,0x7BC0,0x0840,0x7840,0x4040,0x7840},{0xFD40,0x0540,0xFDC0,0x8140,0xFD40,0x0000,0x7BC0,0x0A40,0x7A40,0x4240,0x7BC0},{0xFD40,0x0540,0xFDC0,0x8140,0xFD40,0x0000,0x7A40,0x0A40,0x7BC0,0x4240,0x7BC0},
{0xFD40,0x0540,0xFDC0,0x8140,0xFD40,0x0000,0x7900,0x0900,0x7900,0x4280,0x7C40},{0xFD40,0x0540,0xFDC0,0x8140,0xFD40,0x0000,0x7BC0,0x0A00,0x7BC0,0x4200,0x7BC0},{0xFD40,0x0540,0xFDC0,0x8140,0xFD40,0x0000,0x7FC0,0x0A80,0x7A80,0x4280,0x7FC0},{0xFD40,0x0540,0xFDC0,0x8140,0xFD40,0x0000,0x7900,0x0FC0,0x7B80,0x4440,0x7B80},
{0xFD40,0x0540,0xFDC0,0x8140,0x8140,0xFD40,0x0000,0x7FC0,0x4040,0x4040,0x7FC0},{0xFD40,0x0540,0xFDC0,0x8140,0x8140,0xFD40,0x0000,0x4040,0x7FC0,0x4040,0x7FC0},{0xFD40,0x0540,0xFDC0,0x8140,0x8140,0xFD40,0x0000,0x4900,0x7900,0x4A80,0x7C40},{0xFD40,0x0540,0xFD40,0x81C0,0x8140,0xFD40,0x0140,0x0540,0x0400,0x1B00,0x60C0},
{0xFD40,0x0540,0xFDC0,0x8140,0x8140,0xFD40,0x0000,0x1100,0x1100,0x2A80,0x4440},{0xFD40,0x0540,0xFDC0,0x8140,0x8140,0xFD40,0x0000,0x3F80,0x4040,0x4040,0x3F80},{0xFD40,0x0540,0xFDC0,0x8140,0x8140,0xFD40,0x0000,0x7FC0,0x0400,0x1B00,0x60C0},{0xFD40,0x0540,0xFDC0,0x8140,0x8140,0xFD40,0x0140,0x0400,0x7FC0,0x1B00,0x60C0},
{0xFD40,0x0540,0xFDC0,0x8140,0x8140,0xFD40,0x0000,0x7FC0,0x0040,0x7FC0,0x0040},{0xFD40,0x0540,0xFDC0,0x8140,0xFD40,0x0000,0x7FC0,0x4000,0x7FC0,0x4000,0x7FC0},{0xFD40,0x0540,0xFDC0,0x8140,0x8140,0xFD40,0x0000,0x7FC0,0x1100,0x1100,0x7FC0},{0xFD40,0x0540,0xFDC0,0x8140,0x8140,0xFD40,0x0400,0x7FC0,0x1F00,0x2080,0x1F00},
{0xFC40,0x0440,0x0440,0x0460,0xFC40,0x8040,0x8040,0x8060,0x8040,0xFE40,0x0040},{0xFC40,0x0460,0xFC40,0x8060,0x8040,0xFE40,0x0000,0x7FC0,0x0040,0x0040,0x0040},{0xFC40,0x0460,0xFC40,0x8060,0x8040,0xFE40,0x0000,0x7FC0,0x0440,0x0440,0x0440},{0xFC40,0x0460,0xFC40,0x8060,0x8040,0xFE40,0x0040,0x7900,0x0900,0x0A80,0x0C40},
{0xFC40,0x0440,0xFC60,0x8040,0x8060,0xFE40,0x0040,0x4040,0x4000,0x4000,0x7FC0},{0xFC40,0x0460,0xFC40,0x8060,0x8040,0xFE40,0x0000,0x47C0,0x4100,0x4280,0x7C40},{0xFC40,0x0460,0xFC40,0x8060,0x8040,0xFE40,0x0100,0x47C0,0x4380,0x4440,0x7B80},{0xFC40,0x0460,0xFC40,0x8060,0x8040,0xFE40,0x0000,0x7FC0,0x4000,0x4000,0x7FC0},
{0xFC40,0x0460,0xFC40,0x8060,0xFE40,0x0000,0x7FC0,0x0040,0x7FC0,0x4000,0x7FC0},{0xFC40,0x0460,0xFC40,0x8060,0xFE40,0x0000,0x7BC0,0x0840,0x7840,0x4040,0x7840},{0xFC40,0x0460,0xFC40,0x8060,0xFE40,0x0000,0x7BC0,0x0A40,0x7A40,0x4240,0x7BC0},{0xFC40,0x0460,0xFC40,0x8060,0xFE40,0x0000,0x7A40,0x0A40,0x7BC0,0x4240,0x7BC0},
{0xFC40,0x0460,0xFC40,0x8060,0xFE40,0x0040,0x7900,0x0900,0x7900,0x4280,0x7C40},{0xFC40,0x0460,0xFC40,0x8060,0xFE40,0x0000,0x7BC0,0x0A00,0x7BC0,0x4200,0x7BC0},{0xFC40,0x0460,0xFC40,0x8060,0xFE40,0x0000,0x7FC0,0x0A80,0x7A80,0x4280,0x7FC0},{0xFC40,0x0460,0xFC40,0x8060,0xFE40,0x0040,0x7900,0x0FC0,0x7B80,0x4440,0x7B80},
{0xFC40,0x0460,0xFC40,0x8060,0x8040,0xFE40,0x0000,0x7FC0,0x4040,0x4040,0x7FC0},{0xFC40,0x0460,0xFC40,0x8060,0x8040,0xFE40,0x0000,0x4040,0x7FC0,0x4040,0x7FC0},{0xFC40,0x0460,0xFC40,0x8060,0x8040,0xFE40,0x0040,0x4900,0x7900,0x4A80,0x7C40},{0xFC40,0x0440,0xFC60,0x8040,0x8060,0xFE40,0x0040,0x0440,0x0400,0x1B00,0x60C0},
{0xFC40,0x0460,0xFC40,0x8060,0x8040,0xFE40,0x0040,0x1100,0x1100,0x2A80,0x4440},{0xFC40,0x0460,0xFC40,0x8060,0x8040,0xFE40,0x0000,0x3F80,0x4040,0x4040,0x3F80},{0xFC40,0x0460,0xFC40,0x8060,0x8040,0xFE40,0x0000,0x7FC0,0x0400,0x1B00,0x60C0},{0xFC40,0x0460,0xFC40,0x8060,0x8040,0xFE40,0x0040,0x0400,0x7FC0,0x1B00,0x60C0},
{0xFC40,0x0460,0xFC40,0x8060,0x8040,0xFE40,0x0000,0x7FC0,0x0040,0x7FC0,0x0040},{0xFC40,0x0460,0xFC40,0x8060,0xFE40,0x0000,0x7FC0,0x4000,0x7FC0,0x4000,0x7FC0},{0xFC40,0x0460,0xFC40,0x8060,0x8040,0xFE40,0x0000,0x7FC0,0x1100,0x1100,0x7FC0},{0xFC40,0x0460,0xFC40,0x8060,0x8040,0xFE40,0x0400,0x7FC0,0x1F00,0x2080,0x1F00},
{0xFD40,0x0540,0x0540,0x05C0,0xFD40,0x8140,0x8140,0x81C0,0x8140,0xFD40,0x0140},{0xFD40,0x05C0,0xFD40,0x81C0,0x8140,0xFD40,0x0000,0x7FC0,0x0040,0x0040,0x0040},{0xFD40,0x05C0,0xFD40,0x81C0,0x8140,0xFD40,0x0000,0x7FC0,0x0440,0x0440,0x0440},{0xFD40,0x05C0,0xFD40,0x81C0,0x8140,0xFD40,0x0000,0x7900,0x0900,0x0A80,0x0C40},
{0xFD40,0x0540,0xFDC0,0x8140,0x81C0,0xFD40,0x0140,0x4140,0x4000,0x4000,0x7FC0},{0xFD40,0x05C0,0xFD40,0x81C0,0x8140,0xFD40,0x0000,0x47C0,0x4100,0x4280,0x7C40},{0xFD40,0x05C0,0xFD40,0x81C0,0x8140,0xFD40,0x0100,0x47C0,0x4380,0x4440,0x7B80},{0xFD40,0x05C0,0xFD40,0x81C0,0x8140,0xFD40,0x0000,0x7FC0,0x4000,0x4000,0x7FC0},
{0xFD40,0x05C0,0xFD40,0x81C0,0xFD40,0x0000,0x7FC0,0x0040,0x7FC0,0x4000,0x7FC0},{0xFD40,0x05C0,0xFD40,0x81C0,0xFD40,0x0000,0x7BC0,0x0840,0x7840,0x4040,0x7840},{0xFD40,0x05C0,0xFD40,0x81C0,0xFD40,0x0000,0x7BC0,0x0A40,0x7A40,0x4240,0x7BC0},{0xFD40,0x05C0,0xFD40,0x81C0,0xFD40,0x0000,0x7A40,0x0A40,0x7BC0,0x4240,0x7BC0},
{0xFD40,0x05C0,0xFD40,0x81C0,0xFD40,0x0000,0x7900,0x0900,0x7900,0x4280,0x7C40},{0xFD40,0x05C0,0xFD40,0x81C0,0xFD40,0x0000,0x7BC0,0x0A00,0x7BC0,0x4200,0x7BC0},{0xFD40,0x05C0,0xFD40,0x81C0,0xFD40,0x0000,0x7FC0,0x0A80,0x7A80,0x4280,0x7FC0},{0xFD40,0x05C0,0xFD40,0x81C0,0xFD40,0x0000,0x7900,0x0FC0,0x7B80,0x4440,0x7B80},
{0xFD40,0x05C0,0xFD40,0x81C0,0x8140,0xFD40,0x0000,0x7FC0,0x4040,0x4040,0x7FC0},{0xFD40,0x05C0,0xFD40,0x81C0,0x8140,0xFD40,0x0000,0x4040,0x7FC0,0x4040,0x7FC0},{0xFD40,0x05C0,0xFD40,0x81C0,0x8140,0xFD40,0x0000,0x4900,0x7900,0x4A80,0x7C40},{0xFD40,0x0540,0xFDC0,0x8140,0x81C0,0xFD40,0x0140,0x0540,0x0400,0x1B00,0x60C0},
{0xFD40,0x05C0,0xFD40,0x81C0,0x8140,0xFD40,0x0000,0x1100,0x1100,0x2A80,0x4440},{0xFD40,0x05C0,0xFD40,0x81C0,0x8140,0xFD40,0x0000,0x3F80,0x4040,0x4040,0x3F80},{0xFD40,0x05C0,0xFD40,0x81C0,0x8140,0xFD40,0x0000,0x7FC0,0x0400,0x1B00,0x60C0},{0xFD40,0x05C0,0xFD40,0x81C0,0x8140,0xFD40,0x0140,0x0400,0x7FC0,0x1B00,0x60C0},
{0xFD40,0x05C0,0xFD40,0x81C0,0x8140,0xFD40,0x0000,0x7FC0,0x0040,0x7FC0,0x0040},{0xFD40,0x05C0,0xFD40,0x81C0,0xFD40,0x0000,0x7FC0,0x4000,0x7FC0,0x4000,0x7FC0},{0xFD40,0x05C0,0xFD40,0x81C0,0x8140,0xFD40,0x0000,0x7FC0,0x1100,0x1100,0x7FC0},{0xFD40,0x05C0,0xFD40,0x81C0,0x8140,0xFD40,0x0400,0x7FC0,0x1F00,0x2080,0x1F00},
{0xFC40,0x0440,0x0440,0x0440,0xFDC0,0x8040,0x8040,0x8040,0x8040,0xFE40,0x0040},{0xFC40,0x0440,0xFDC0,0x8040,0x8040,0xFE40,0x0000,0x7FC0,0x0040,0x0040,0x0040},{0xFC40,0x0440,0xFDC0,0x8040,0x8040,0xFE40,0x0000,0x7FC0,0x0440,0x0440,0x0440},{0xFC40,0x0440,0xFDC0,0x8040,0x8040,0xFE40,0x0040,0x7900,0x0900,0x0A80,0x0C40},
{0xFC40,0x0440,0xFC40,0x81C0,0x8040,0xFE40,0x0040,0x4040,0x4000,0x4000,0x7FC0},{0xFC40,0x0440,0xFDC0,0x8040,0x8040,0xFE40,0x0000,0x47C0,0x4100,0x4280,0x7C40},{0xFC40,0x0440,0xFDC0,0x8040,0x8040,0xFE40,0x0100,0x47C0,0x4380,0x4440,0x7B80},{0xFC40,0x0440,0xFDC0,0x8040,0x8040,0xFE40,0x0000,0x7FC0,0x4000,0x4000,0x7FC0},
{0xFC40,0x0440,0xFDC0,0x8040,0xFE40,0x0000,0x7FC0,0x0040,0x7FC0,0x4000,0x7FC0},{0xFC40,0x0440,0xFDC0,0x8040,0xFE40,0x0000,0x7BC0,0x0840,0x7840,0x4040,0x7840},{0xFC40,0x0440,0xFDC0,0x8040,0xFE40,0x0000,0x7BC0,0x0A40,0x7A40,0x4240,0x7BC0},{0xFC40,0x0440,0xFDC0,0x8040,0xFE40,0x0000,0x7A40,0x0A40,0x7BC0,0x4240,0x7BC0},
{0xFC40,0x0440,0xFDC0,0x8040,0xFE40,0x0040,0x7900,0x0900,0x7900,0x4280,0x7C40},{0xFC40,0x0440,0xFDC0,0x8040,0xFE40,0x0000,0x7BC0,0x0A00,0x7BC0,0x4200,0x7BC0},{0xFC40,0x0440,0xFDC0,0x8040,0xFE40,0x0000,0x7FC0,0x0A80,0x7A80,0x4280,0x7FC0},{0xFC40,0x0440,0xFDC0,0x8040,0xFE40,0x0040,0x7900,0x0FC0,0x7B80,0x4440,0x7B80},
{0xFC40,0x0440,0xFDC0,0x8040,0x8040,0xFE40,0x0000,0x7FC0,0x4040,0x4040,0x7FC0},{0xFC40,0x0440,0xFDC0,0x8040,0x8040,0xFE40,0x0000,0x4040,0x7FC0,0x4040,0x7FC0},{0xFC40,0x0440,0xFDC0,0x8040,0x8040,0xFE40,0x0040,0x4900,0x7900,0x4A80,0x7C40},{0xFC40,0x0440,0xFC40,0x81C0,0x8040,0xFE40,0x0040,0x0440,0x0400,0x1B00,0x60C0},
{0xFC40,0x0440,0xFDC0,0x8040,0x8040,0xFE40,0x0040,0x1100,0x1100,0x2A80,0x4440},{0xFC40,0x0440,0xFDC0,0x8040,0x8040,0xFE40,0x0000,0x3F80,0x4040,0x4040,0x3F80},{0xFC40,0x0440,0xFDC0,0x8040,0x8040,0xFE40,0x0000,0x7FC0,0x0400,0x1B00,0x60C0},{0xFC40,0x0440,0xFDC0,0x8040,0x8040,0xFE40,0x0040,0x0400,0x7FC0,0x1B00,0x60C0},
{0xFC40,0x0440,0xFDC0,0x8040,0x8040,0xFE40,0x0000,0x7FC0,0x0040,0x7FC0,0x0040},{0xFC40,0x0440,0xFDC0,0x8040,0xFE40,0x0000,0x7FC0,0x4000,0x7FC0,0x4000,0x7FC0},{0xFC40,0x0440,0xFDC0,0x8040,0x8040,0xFE40,0x0000,0x7FC0,0x1100,0x1100,0x7FC0},{0xFC40,0x0440,0xFDC0,0x8040,0x8040,0xFE40,0x0400,0x7FC0,0x1F00,0x2080,0x1F00},
{0xF940,0x0940,0x0940,0x0940,0xF940,0x8740,0x8140,0x8140,0x8140,0xF940,0x0140},{0xF940,0x0940,0xF940,0x8740,0x8140,0xF940,0x0000,0x7FC0,0x0040,0x0040,0x0040},{0xF940,0x0940,0xF940,0x8740,0x8140,0xF940,0x0000,0x7FC0,0x0440,0x0440,0x0440},{0xF940,0x0940,0xF940,0x8740,0x8140,0xF940,0x0000,0x7900,0x0900,0x0A80,0x0C40},
{0xF940,0x0940,0xF940,0x8740,0x8140,0xF940,0x0140,0x4140,0x4000,0x4000,0x7FC0},{0xF940,0x0940,0xF940,0x8740,0x8140,0xF940,0x0000,0x47C0,0x4100,0x4280,0x7C40},{0xF940,0x0940,0xF940,0x8740,0x8140,0xF940,0x0100,0x47C0,0x4380,0x4440,0x7B80},{0xF940,0x0940,0xF940,0x8740,0x8140,0xF940,0x0000,0x7FC0,0x4000,0x4000,0x7FC0},
{0xF940,0x0940,0xFB40,0x8140,0xF940,0x0000,0x7FC0,0x0040,0x7FC0,0x4000,0x7FC0},{0xF940,0x0940,0xFB40,0x8140,0xF940,0x0000,0x7BC0,0x0840,0x7840,0x4040,0x7840},{0xF940,0x0940,0xFB40,0x8140,0xF940,0x0000,0x7BC0,0x0A40,0x7A40,0x4240,0x7BC0},{0xF940,0x0940,0xFB40,0x8140,0xF940,0x0000,0x7A40,0x0A40,0x7BC0,0x4240,0x7BC0},
{0xF940,0x0940,0xFB40,0x8140,0xF940,0x0000,0x7900,0x0900,0x7900,0x4280,0x7C40},{0xF940,0x0940,0xFB40,0x8140,0xF940,0x0000,0x7BC0,0x0A00,0x7BC0,0x4200,0x7BC0},{0xF940,0x0940,0xFB40,0x8140,0xF940,0x0000,0x7FC0,0x0A80,0x7A80,0x4280,0x7FC0},{0xF940,0x0940,0xFB40,0x8140,0xF940,0x0000,0x7900,0x0FC0,0x7B80,0x4440,0x7B80},
{0xF940,0x0940,0xF940,0x8740,0x8140,0xF940,0x0000,0x7FC0,0x4040,0x4040,0x7FC0},{0xF940,0x0940,0xF940,0x8740,0x8140,0xF940,0x0000,0x4040,0x7FC0,0x4040,0x7FC0},{0xF940,0x0940,0xF940,0x8740,0x8140,0xF940,0x0000,0x4900,0x7900,0x4A80,0x7C40},{0xF940,0x0940,0xF940,0x8740,0x8140,0xF940,0x0140,0x0540,0x0400,0x1B00,0x60C0},
{0xF940,0x0940,0xF940,0x8740,0x8140,0xF940,0x0000,0x1100,0x1100,0x2A80,0x4440},{0xF940,0x0940,0xF940,0x8740,0x8140,0xF940,0x0000,0x3F80,0x4040,0x4040,0x3F80},{0xF940,0x0940,0xF940,0x8740,0x8140,0xF940,0x0000,0x7FC0,0x0400,0x1B00,0x60C0},{0xF940,0x0940,0xF940,0x8740,0x8140,0xF940,0x0140,0x0400,0x7FC0,0x1B00,0x60C0},
{0xF940,0x0940,0xF940,0x8740,0x8140,0xF940,0x0000,0x7FC0,0x0040,0x7FC0,0x0040},{0xF940,0x0940,0xFB40,0x8140,0xF940,0x0000,0x7FC0,0x4000,0x7FC0,0x4000,0x7FC0},{0xF940,0x0940,0xF940,0x8740,0x8140,0xF940,0x0000,0x7FC0,0x1100,0x1100,0x7FC0},{0xF940,0x0940,0xF940,0x8740,0x8140,0xF940,0x0400,0x7FC0,0x1F00,0x2080,0x1F00},
{0xFC40,0x0440,0x0440,0x05C0,0xFC40,0x8040,0x81C0,0x8040,0x8040,0xFE40,0x0040},{0xFC40,0x05C0,0xFC40,0x81C0,0x8040,0xFE40,0x0000,0x7FC0,0x0040,0x0040,0x0040},{0xFC40,0x05C0,0xFC40,0x81C0,0x8040,0xFE40,0x0000,0x7FC0,0x0440,0x0440,0x0440},{0xFC40,0x05C0,0xFC40,0x81C0,0x8040,0xFE40,0x0040,0x7900,0x0900,0x0A80,0x0C40},
{0xFC40,0x0440,0xFDC0,0x8040,0x81C0,0xFE40,0x0040,0x4040,0x4000,0x4000,0x7FC0},{0xFC40,0x05C0,0xFC40,0x81C0,0x8040,0xFE40,0x0000,0x47C0,0x4100,0x4280,0x7C40},{0xFC40,0x05C0,0xFC40,0x81C0,0x8040,0xFE40,0x0100,0x47C0,0x4380,0x4440,0x7B80},{0xFC40,0x05C0,0xFC40,0x81C0,0x8040,0xFE40,0x0000,0x7FC0,0x4000,0x4000,0x7FC0},
{0xFC40,0x05C0,0xFC40,0x81C0,0xFE40,0x0000,0x7FC0,0x0040,0x7FC0,0x4000,0x7FC0},{0xFC40,0x05C0,0xFC40,0x81C0,0xFE40,0x0000,0x7BC0,0x0840,0x7840,0x4040,0x7840},{0xFC40,0x05C0,0xFC40,0x81C0,0xFE40,0x0000,0x7BC0,0x0A40,0x7A40,0x4240,0x7BC0},{0xFC40,0x05C0,0xFC40,0x81C0,0xFE40,0x0000,0x7A40,0x0A40,0x7BC0,0x4240,0x7BC0},
{0xFC40,0x05C0,0xFC40,0x81C0,0xFE40,0x0040,0x7900,0x0900,0x7900,0x4280,0x7C40},{0xFC40,0x05C0,0xFC40,0x81C0,0xFE40,0x0000,0x7BC0,0x0A00,0x7BC0,0x4200,0x7BC0},{0xFC40,0x05C0,0xFC40,0x81C0,0xFE40,0x0000,0x7FC0,0x0A80,0x7A80,0x4280,0x7FC0},{0xFC40,0x05C0,0xFC40,0x81C0,0xFE40,0x0040,0x7900,0x0FC0,0x7B80,0x4440,0x7B80},
{0xFC40,0x05C0,0xFC40,0x81C0,0x8040,0xFE40,0x0000,0x7FC0,0x4040,0x4040,0x7FC0},{0xFC40,0x05C0,0xFC40,0x81C0,0x8040,0xFE40,0x0000,0x4040,0x7FC0,0x4040,0x7FC0},{0xFC40,0x05C0,0xFC40,0x81C0,0x8040,0xFE40,0x0040,0x4900,0x7900,0x4A80,0x7C40},{0xFC40,0x0440,0xFDC0,0x8040,0x81C0,0xFE40,0x0040,0x0440,0x0400,0x1B00,0x60C0},
{0xFC40,0x05C0,0xFC40,0x81C0,0x8040,0xFE40,0x0040,0x1100,0x1100,0x2A80,0x4440},{0xFC40,0x05C0,0xFC40,0x81C0,0x8040,0xFE40,0x0000,0x3F80,0x4040,0x4040,0x3F80},{0xFC40,0x05C0,0xFC40,0x81C0,0x8040,0xFE40,0x0000,0x7FC0,0x0400,0x1B00,0x60C0},{0xFC40,0x05C0,0xFC40,0x81C0,0x8040,0xFE40,0x0040,0x0400,0x7FC0,0x1B00,0x60C0},
{0xFC40,0x05C0,0xFC40,0x81C0,0x8040,0xFE40,0x0000,0x7FC0,0x0040,0x7FC0,0x0040},{0xFC40,0x05C0,0xFC40,0x81C0,0xFE40,0x0000,0x7FC0,0x4000,0x7FC0,0x4000,0x7FC0},{0xFC40,0x05C0,0xFC40,0x81C0,0x8040,0xFE40,0x0000,0x7FC0,0x1100,0x1100,0x7FC0},{0xFC40,0x05C0,0xFC40,0x81C0,0x8040,0xFE40,0x0400,0x7FC0,0x1F00,0x2080,0x1F00},
{0xF940,0x0940,0x0940,0x0F40,0xF940,0x8140,0x8740,0x8140,0x8140,0xF940,0x0140},{0xF940,0x0F40,0xF940,0x8740,0x8140,0xF940,0x0000,0x7FC0,0x0040,0x0040,0x0040},{0xF940,0x0F40,0xF940,0x8740,0x8140,0xF940,0x0000,0x7FC0,0x0440,0x0440,0x0440},{0xF940,0x0F40,0xF940,0x8740,0x8140,0xF940,0x0000,0x7900,0x0900,0x0A80,0x0C40},
{0xF940,0x0940,0xFF40,0x8140,0x8740,0xF940,0x0140,0x4140,0x4000,0x4000,0x7FC0},{0xF940,0x0F40,0xF940,0x8740,0x8140,0xF940,0x0000,0x47C0,0x4100,0x4280,0x7C40},{0xF940,0x0F40,0xF940,0x8740,0x8140,0xF940,0x0100,0x47C0,0x4380,0x4440,0x7B80},{0xF940,0x0F40,0xF940,0x8740,0x8140,0xF940,0x0000,0x7FC0,0x4000,0x4000,0x7FC0},
{0xF940,0x0F40,0xF940,0x8740,0xF940,0x0000,0x7FC0,0x0040,0x7FC0,0x4000,0x7FC0},{0xF940,0x0F40,0xF940,0x8740,0xF940,0x0000,0x7BC0,0x0840,0x7840,0x4040,0x7840},{0xF940,0x0F40,0xF940,0x8740,0xF940,0x0000,0x7BC0,0x0A40,0x7A40,0x4240,0x7BC0},{0xF940,0x0F40,0xF940,0x8740,0xF940,0x0000,0x7A40,0x0A40,0x7BC0,0x4240,0x7BC0},
{0xF940,0x0F40,0xF940,0x8740,0xF940,0x0000,0x7900,0x0900,0x7900,0x4280,0x7C40},{0xF940,0x0F40,0xF940,0x8740,0xF940,0x0000,0x7BC0,0x0A00,0x7BC0,0x4200,0x7BC0},{0xF940,0x0F40,0xF940,0x8740,0xF940,0x0000,0x7FC0,0x0A80,0x7A80,0x4280,0x7FC0},{0xF940,0x0F40,0xF940,0x8740,0xF940,0x0000,0x7900,0x0FC0,0x7B80,0x4440,0x7B80},
{0xF940,0x0F40,0xF940,0x8740,0x8140,0xF940,0x0000,0x7FC0,0x4040,0x4040,0x7FC0},{0xF940,0x0F40,0xF940,0x8740,0x8140,0xF940,0x0000,0x4040,0x7FC0,0x4040,0x7FC0},{0xF940,0x0F40,0xF940,0x8740,0x8140,0xF940,0x0000,0x4900,0x7900,0x4A80,0x7C40},{0xF940,0x0940,0xFF40,0x8140,0x8740,0xF940,0x0140,0x0540,0x0400,0x1B00,0x60C0},
{0xF940,0x0F40,0xF940,0x8740,0x8140,0xF940,0x0000,0x1100,0x1100,0x2A80,0x4440},{0xF940,0x0F40,0xF940,0x8740,0x8140,0xF940,0x0000,0x3F80,0x4040,0x4040,0x3F80},{0xF940,0x0F40,0xF940,0x8740,0x8140,0xF940,0x0000,0x7FC0,0x0400,0x1B00,0x60C0},{0xF940,0x0F40,0xF940,0x8740,0x8140,0xF940,0x0140,0x0400,0x7FC0,0x1B00,0x60C0},
{0xF940,0x0F40,0xF940,0x8740,0x8140,0xF940,0x0000,0x7FC0,0x0040,0x7FC0,0x0040},{0xF940,0x0F40,0xF940,0x8740,0xF940,0x0000,0x7FC0,0x4000,0x7FC0,0x4000,0x7FC0},{0xF940,0x0F40,0xF940,0x8740,0x8140,0xF940,0x0000,0x7FC0,0x1100,0x1100,0x7FC0},{0xF940,0x0F40,0xF940,0x8740,0x8140,0xF940,0x0400,0x7FC0,0x1F00,0x2080,0x1F00},
{0x7FC0,0x0040,0x0040,0x7FC0,0x4000,0x4000,0x7FC0,0x0400,0x0400,0xFFE0,0x0000},{0x7FC0,0x0040,0x7FC0,0x4000,0x7FC0,0x0400,0xFFE0,0x0000,0x7FC0,0x0040,0x0040},{0x7FC0,0x0040,0x7FC0,0x4000,0x7FC0,0x0400,0xFFE0,0x0000,0x7FC0,0x0440,0x0440},{0x7FC0,0x0040,0x7FC0,0x4000,0x7FC0,0x0400,0xFFE0,0x0000,0x7900,0x0A80,0x0C40},
{0x7FC0,0x0040,0x7FC0,0x4000,0x7FC0,0x0400,0xFFE0,0x0000,0x4000,0x4000,0x7FC0},{0x7FC0,0x0040,0x7FC0,0x4000,0x7FC0,0x0400,0xFFE0,0x0000,0x47C0,0x4280,0x7C40},{0x7FC0,0x0040,0x7FC0,0x4000,0x7FC0,0x0400,0xFFE0,0x0100,0x4FC0,0x4440,0x7B80},{0x7FC0,0x0040,0x7FC0,0x4000,0x7FC0,0x0400,0xFFE0,0x0000,0x7FC0,0x4000,0x7FC0},
{0x7FC0,0x0040,0x7FC0,0x4000,0x7FC0,0x0400,0xFFE0,0x0040,0x7FC0,0x4000,0x7FC0},{0x7FC0,0x0040,0x7FC0,0x4000,0x7FC0,0x0400,0xFFE0,0x0BC0,0x7840,0x4040,0x7840},{0x7FC0,0x0040,0x7FC0,0x4000,0x7FC0,0x0400,0xFFE0,0x0BC0,0x7A40,0x4240,0x7BC0},{0x7FC0,0x0040,0x7FC0,0x4000,0x7FC0,0x0400,0xFFE0,0x0A40,0x7BC0,0x4240,0x7BC0},
{0x7FC0,0x0040,0x7FC0,0x4000,0x7FC0,0x0400,0xFFE0,0x0900,0x7900,0x4280,0x7C40},{0x7FC0,0x0040,0x7FC0,0x4000,0x7FC0,0x0400,0xFFE0,0x0A00,0x7BC0,0x4200,0x7BC0},{0x7FC0,0x0040,0x7FC0,0x4000,0x7FC0,0x0400,0xFFE0,0x0A80,0x7A80,0x4280,0x7FC0},{0x7FC0,0x0040,0x7FC0,0x4000,0x7FC0,0x0400,0xFFE0,0x0900,0x7FC0,0x4440,0x7B80},
{0x7FC0,0x0040,0x7FC0,0x4000,0x7FC0,0x0400,0xFFE0,0x0000,0x7FC0,0x4040,0x7FC0},{0x7FC0,0x0040,0x7FC0,0x4000,0x7FC0,0x0400,0xFFE0,0x4040,0x7FC0,0x4040,0x7FC0},{0x7FC0,0x0040,0x7FC0,0x4000,0x7FC0,0x0400,0xFFE0,0x4900,0x7900,0x4A80,0x7C40},{0x7FC0,0x0040,0x7FC0,0x4000,0x7FC0,0x0400,0xFFE0,0x0000,0x0400,0x1B00,0x60C0},
{0x7FC0,0x0040,0x7FC0,0x4000,0x7FC0,0x0400,0xFFE0,0x0000,0x1100,0x2A80,0x4440},{0x7FC0,0x0040,0x7FC0,0x4000,0x7FC0,0x0400,0xFFE0,0x0000,0x3F80,0x4040,0x3F80},{0x7FC0,0x0040,0x7FC0,0x4000,0x7FC0,0x0400,0xFFE0,0x0000,0x7FC0,0x1B00,0x60C0},{0x7FC0,0x0040,0x7FC0,0x4000,0x7FC0,0x0400,0xFFE0,0x0400,0x7FC0,0x1B00,0x60C0},
{0x7FC0,0x0040,0x7FC0,0x4000,0x7FC0,0x0400,0xFFE0,0x7FC0,0x0040,0x7FC0,0x0040},{0x7FC0,0x0040,0x7FC0,0x4000,0x7FC0,0x0400,0xFFE0,0x4000,0x7FC0,0x4000,0x7FC0},{0x7FC0,0x0040,0x7FC0,0x4000,0x7FC0,0x0400,0xFFE0,0x0000,0x7FC0,0x1100,0x7FC0},{0x7FC0,0x0040,0x7FC0,0x4000,0x7FC0,0x0400,0xFFE0,0x0400,0x7FC0,0x2080,0x1F00},
{0xFE40,0x0240,0x0240,0xFE40,0x8040,0x8060,0xFE40,0x1040,0x1040,0xFF40,0x0040},{0x7E40,0x0240,0x7E40,0x4060,0x7E40,0x0840,0xFF40,0x0000,0x7FC0,0x0040,0x0040},{0x7E40,0x0240,0x7E40,0x4060,0x7E40,0x0840,0xFF40,0x0000,0x7FC0,0x0440,0x0440},{0x7E40,0x0240,0x7E40,0x4060,0x7E40,0x0840,0xFF40,0x0040,0x7900,0x0A80,0x0C40},
{0x7E40,0x0240,0x7E40,0x4060,0x7E40,0x0840,0xFF40,0x0040,0x4000,0x4000,0x7FC0},{0x7E40,0x0240,0x7E40,0x4060,0x7E40,0x0840,0xFF40,0x0000,0x47C0,0x4280,0x7C40},{0x7E40,0x0240,0x7E40,0x4060,0x7E40,0x0840,0xFF40,0x0100,0x4FC0,0x4440,0x7B80},{0x7E40,0x0240,0x7E40,0x4060,0x7E40,0x0840,0xFF40,0x0000,0x7FC0,0x4000,0x7FC0},
{0x7E40,0x0240,0x7E40,0x4060,0x7E40,0x0840,0xFFC0,0x0040,0x7FC0,0x4000,0x7FC0},{0x7E40,0x0240,0x7E40,0x4060,0x7E40,0x0840,0xFF40,0x0BC0,0x7840,0x4040,0x7840},{0x7E40,0x0240,0x7E40,0x4060,0x7E40,0x0840,0xFF40,0x0BC0,0x7A40,0x4240,0x7BC0},{0x7E40,0x0240,0x7E40,0x4060,0x7E40,0x0840,0xFF40,0x0A40,0x7BC0,0x4240,0x7BC0},
{0x7E40,0x0240,0x7E40,0x4060,0x7E40,0x0840,0xFF40,0x0900,0x7900,0x4280,0x7C40},{0x7E40,0x0240,0x7E40,0x4060,0x7E40,0x0840,0xFFC0,0x0A00,0x7BC0,0x4200,0x7BC0},{0x7E40,0x0240,0x7E40,0x4060,0x7E40,0x0840,0xFF40,0x0FC0,0x7A80,0x4280,0x7FC0},{0x7E40,0x0240,0x7E40,0x4060,0x7E40,0x0840,0xFF40,0x0900,0x7FC0,0x4440,0x7B80},
{0x7E40,0x0240,0x7E40,0x4060,0x7E40,0x0840,0xFF40,0x0000,0x7FC0,0x4040,0x7FC0},{0x7E40,0x0240,0x7E40,0x4060,0x7E40,0x0840,0xFF40,0x4040,0x7FC0,0x4040,0x7FC0},{0x7E40,0x0240,0x7E40,0x4060,0x7E40,0x0840,0xFF40,0x4840,0x7900,0x4A80,0x7C40},{0x7E40,0x0240,0x7E40,0x4060,0x7E40,0x0840,0xFF40,0x0040,0x0400,0x1B00,0x60C0},
{0x7E40,0x0240,0x7E40,0x4060,0x7E40,0x0840,0xFF40,0x0000,0x1100,0x2A80,0x4440},{0x7E40,0x0240,0x7E40,0x4060,0x7E40,0x0840,0xFF40,0x0000,0x3F80,0x4040,0x3F80},{0x7E40,0x0240,0x7E40,0x4060,0x7E40,0x0840,0xFF40,0x0000,0x7FC0,0x1B00,0x60C0},{0x7E40,0x0240,0x7E40,0x4060,0x7E40,0x0840,0xFF40,0x0400,0x7FC0,0x1B00,0x60C0},
{0x7E40,0x0240,0x7E40,0x4060,0x7E40,0x0840,0xFF40,0x7FC0,0x0040,0x7FC0,0x0040},{0x7E40,0x0240,0x7E40,0x4060,0x7E40,0x0840,0xFFC0,0x4000,0x7FC0,0x4000,0x7FC0},{0x7E40,0x0240,0x7E40,0x4060,0x7E40,0x0840,0xFF40,0x0000,0x7FC0,0x1100,0x7FC0},{0x7E40,0x0240,0x7E40,0x4060,0x7E40,0x0840,0xFF40,0x0400,0x7FC0,0x2080,0x1F00},
{0xFD40,0x0540,0x0540,0xFD40,0x8140,0x81C0,0xFD40,0x1140,0x1140,0xFD40,0x0140},{0xFD40,0x0540,0xFD40,0x81C0,0xFD40,0x1140,0xFD40,0x0000,0x7FC0,0x0040,0x0040},{0xFD40,0x0540,0xFD40,0x81C0,0xFD40,0x1140,0xFD40,0x0000,0x7FC0,0x0440,0x0440},{0xFD40,0x0540,0xFD40,0x81C0,0xFD40,0x1140,0xFD40,0x0000,0x7900,0x0A80,0x0C40},
{0xFD40,0x0540,0xFD40,0x81C0,0xFD40,0x1140,0xFD40,0x0140,0x4000,0x4000,0x7FC0},{0xFD40,0x0540,0xFD40,0x81C0,0xFD40,0x1140,0xFD40,0x0000,0x47C0,0x4280,0x7C40},{0xFD40,0x0540,0xFD40,0x81C0,0xFD40,0x1140,0xFD40,0x0100,0x4FC0,0x4440,0x7B80},{0xFD40,0x0540,0xFD40,0x81C0,0xFD40,0x1140,0xFD40,0x0000,0x7FC0,0x4000,0x7FC0},
{0xFD40,0x0540,0xFD40,0x81C0,0xFD40,0x1140,0xFFC0,0x0040,0x7FC0,0x4000,0x7FC0},{0xFD40,0x0540,0xFD40,0x81C0,0xFD40,0x1140,0xFD40,0x0BC0,0x7840,0x4040,0x7840},{0xFD40,0x0540,0xFD40,0x81C0,0xFD40,0x1140,0xFD40,0x0BC0,0x7A40,0x4240,0x7BC0},{0xFD40,0x0540,0xFD40,0x81C0,0xFD40,0x1140,0xFD40,0x0A40,0x7BC0,0x4240,0x7BC0},
{0xFD40,0x0540,0xFD40,0x81C0,0xFD40,0x1140,0xFD40,0x0900,0x7900,0x4280,0x7C40},{0xFD40,0x0540,0xFD40,0x81C0,0xFD40,0x1140,0xFFC0,0x0A00,0x7BC0,0x4200,0x7BC0},{0xFD40,0x0540,0xFD40,0x81C0,0xFD40,0x1140,0xFD40,0x0FC0,0x7A80,0x4280,0x7FC0},{0xFD40,0x0540,0xFD40,0x81C0,0xFD40,0x1140,0xFD40,0x0900,0x7FC0,0x4440,0x7B80},
{0xFD40,0x0540,0xFD40,0x81C0,0xFD40,0x1140,0xFD40,0x0000,0x7FC0,0x4040,0x7FC0},{0xFD40,0x0540,0xFD40,0x81C0,0xFD40,0x1140,0xFD40,0x4040,0x7FC0,0x4040,0x7FC0},{0xFD40,0x0540,0xFD40,0x81C0,0xFD40,0x1140,0xFD40,0x4800,0x7900,0x4A80,0x7C40},{0xFD40,0x0540,0xFD40,0x81C0,0xFD40,0x1140,0xFD40,0x0140,0x0400,0x1B00,0x60C0},
{0xFD40,0x0540,0xFD40,0x81C0,0xFD40,0x1140,0xFD40,0x0000,0x1100,0x2A80,0x4440},{0xFD40,0x0540,0xFD40,0x81C0,0xFD40,0x1140,0xFD40,0x0000,0x3F80,0x4040,0x3F80},{0xFD40,0x0540,0xFD40,0x81C0,0xFD40,0x1140,0xFD40,0x0000,0x7FC0,0x1B00,0x60C0},{0xFD40,0x0540,0xFD40,0x81C0,0xFD40,0x1140,0xFD40,0x0400,0x7FC0,0x1B00,0x60C0},
{0xFD40,0x0540,0xFD40,0x81C0,0xFD40,0x1140,0xFD40,0x7FC0,0x0040,0x7FC0,0x0040},{0xFD40,0x0540,0xFD40,0x81C0,0xFD40,0x1140,0xFFC0,0x4000,0x7FC0,0x4000,0x7FC0},{0xFD40,0x0540,0xFD40,0x81C0,0xFD40,0x1140,0xFD40,0x0000,0x7FC0,0x1100,0x7FC0},{0xFD40,0x0540,0xFD40,0x81C0,0xFD40,0x1140,0xFD40,0x0400,0x7FC0,0x2080,0x1F00},
{0xFE40,0x0240,0x0240,0xFE40,0x8040,0x8040,0xFE40,0x1040,0x1040,0xFF40,0x0040},{0x7E40,0x0240,0x7E40,0x4040,0x7E40,0x0840,0xFF40,0x0000,0x7FC0,0x0040,0x0040},{0x7E40,0x0240,0x7E40,0x4040,0x7E40,0x0840,0xFF40,0x0000,0x7FC0,0x0440,0x0440},{0x7E40,0x0240,0x7E40,0x4040,0x7E40,0x0840,0xFF40,0x0040,0x7900,0x0A80,0x0C40},
{0x7E40,0x0240,0x7E40,0x4040,0x7E40,0x0840,0xFF40,0x0040,0x4000,0x4000,0x7FC0},{0x7E40,0x0240,0x7E40,0x4040,0x7E40,0x0840,0xFF40,0x0000,0x47C0,0x4280,0x7C40},{0x7E40,0x0240,0x7E40,0x4040,0x7E40,0x0840,0xFF40,0x0100,0x4FC0,0x4440,0x7B80},{0x7E40,0x0240,0x7E40,0x4040,0x7E40,0x0840,0xFF40,0x0000,0x7FC0,0x4000,0x7FC0},
{0x7E40,0x0240,0x7E40,0x4040,0x7E40,0x0840,0xFFC0,0x0040,0x7FC0,0x4000,0x7FC0},{0x7E40,0x0240,0x7E40,0x4040,0x7E40,0x0840,0xFF40,0x0BC0,0x7840,0x4040,0x7840},{0x7E40,0x0240,0x7E40,0x4040,0x7E40,0x0840,0xFF40,0x0BC0,0x7A40,0x4240,0x7BC0},{0x7E40,0x0240,0x7E40,0x4040,0x7E40,0x0840,0xFF40,0x0A40,0x7BC0,0x4240,0x7BC0},
{0x7E40,0x0240,0x7E40,0x4040,0x7E40,0x0840,0xFF40,0x0900,0x7900,0x4280,0x7C40},{0x7E40,0x0240,0x7E40,0x4040,0x7E40,0x0840,0xFFC0,0x0A00,0x7BC0,0x4200,0x7BC0},{0x7E40,0x0240,0x7E40,0x4040,0x7E40,0x0840,0xFF40,0x0FC0,0x7A80,0x4280,0x7FC0},{0x7E40,0x0240,0x7E40,0x4040,0x7E40,0x0840,0xFF40,0x0900,0x7FC0,0x4440,0x7B80},
{0x7E40,0x0240,0x7E40,0x4040,0x7E40,0x0840,0xFF40,0x0000,0x7FC0,0x4040,0x7FC0},{0x7E40,0x0240,0x7E40,0x4040,0x7E40,0x0840,0xFF40,0x4040,0x7FC0,0x4040,0x7FC0},{0x7E40,0x0240,0x7E40,0x4040,0x7E40,0x0840,0xFF40,0x4840,0x7900,0x4A80,0x7C40},{0x7E40,0x0240,0x7E40,0x4040,0x7E40,0x0840,0xFF40,0x0040,0x0400,0x1B00,0x60C0},
{0x7E40,0x0240,0x7E40,0x4040,0x7E40,0x0840,0xFF40,0x0000,0x1100,0x2A80,0x4440},{0x7E40,0x0240,0x7E40,0x4040,0x7E40,0x0840,0xFF40,0x0000,0x3F80,0x4040,0x3F80},{0x7E40,0x0240,0x7E40,0x4040,0x7E40,0x0840,0xFF40,0x0000,0x7FC0,0x1B00,0x60C0},{0x7E40,0x0240,0x7E40,0x4040,0x7E40,0x0840,0xFF40,0x0400,0x7FC0,0x1B00,0x60C0},
{0x7E40,0x0240,0x7E40,0x4040,0x7E40,0x0840,0xFF40,0x7FC0,0x0040,0x7FC0,0x0040},{0x7E40,0x0240,0x7E40,0x4040,0x7E40,0x0840,0xFFC0,0x4000,0x7FC0,0x4000,0x7FC0},{0x7E40,0x0240,0x7E40,0x4040,0x7E40,0x0840,0xFF40,0x0000,0x7FC0,0x1100,0x7FC0},{0x7E40,0x0240,0x7E40,0x4040,0x7E40,0x0840,0xFF40,0x0400,0x7FC0,0x2080,0x1F00},
{0x7FC0,0x0040,0x0040,0x7FC0,0x4000,0x4000,0x7FC0,0x1100,0x1100,0xFFE0,0x0000},{0x7FC0,0x0040,0x7FC0,0x4000,0x7FC0,0x1100,0xFFE0,0x0000,0x7FC0,0x0040,0x0040},{0x7FC0,0x0040,0x7FC0,0x4000,0x7FC0,0x1100,0xFFE0,0x0000,0x7FC0,0x0440,0x0440},{0x7FC0,0x0040,0x7FC0,0x4000,0x7FC0,0x1100,0xFFE0,0x0000,0x7900,0x0A80,0x0C40},
{0x7FC0,0x0040,0x7FC0,0x4000,0x7FC0,0x1100,0xFFE0,0x0000,0x4000,0x4000,0x7FC0},{0x7FC0,0x0040,0x7FC0,0x4000,0x7FC0,0x1100,0xFFE0,0x0000,0x47C0,0x4280,0x7C40},{0x7FC0,0x0040,0x7FC0,0x4000,0x7FC0,0x1100,0xFFE0,0x0100,0x4FC0,0x4440,0x7B80},{0x7FC0,0x0040,0x7FC0,0x4000,0x7FC0,0x1100,0xFFE0,0x0000,0x7FC0,0x4000,0x7FC0},
{0x7FC0,0x0040,0x7FC0,0x4000,0x7FC0,0x1100,0xFFE0,0x0040,0x7FC0,0x4000,0x7FC0},{0x7FC0,0x0040,0x7FC0,0x4000,0x7FC0,0x1100,0xFFE0,0x0BC0,0x7840,0x4040,0x7840},{0x7FC0,0x0040,0x7FC0,0x4000,0x7FC0,0x1100,0xFFE0,0x0BC0,0x7A40,0x4240,0x7BC0},{0x7FC0,0x0040,0x7FC0,0x4000,0x7FC0,0x1100,0xFFE0,0x0A40,0x7BC0,0x4240,0x7BC0},
{0x7FC0,0x0040,0x7FC0,0x4000,0x7FC0,0x1100,0xFFE0,0x0900,0x7900,0x4280,0x7C40},{0x7FC0,0x0040,0x7FC0,0x4000,0x7FC0,0x1100,0xFFE0,0x0A00,0x7BC0,0x4200,0x7BC0},{0x7FC0,0x0040,0x7FC0,0x4000,0x7FC0,0x1100,0xFFE0,0x0FC0,0x7A80,0x4280,0x7FC0},{0x7FC0,0x0040,0x7FC0,0x4000,0x7FC0,0x1100,0xFFE0,0x0900,0x7FC0,0x4440,0x7B80},
{0x7FC0,0x0040,0x7FC0,0x4000,0x7FC0,0x1100,0xFFE0,0x0000,0x7FC0,0x4040,0x7FC0},{0x7FC0,0x0040,0x7FC0,0x4000,0x7FC0,0x1100,0xFFE0,0x4040,0x7FC0,0x4040,0x7FC0},{0x7FC0,0x0040,0x7FC0,0x4000,0x7FC0,0x1100,0xFFE0,0x4800,0x7900,0x4A80,0x7C40},{0x7FC0,0x0040,0x7FC0,0x4000,0x7FC0,0x1100,0xFFE0,0x0000,0x0400,0x1B00,0x60C0},
{0x7FC0,0x0040,0x7FC0,0x4000,0x7FC0,0x1100,0xFFE0,0x0000,0x1100,0x2A80,0x4440},{0x7FC0,0x0040,0x7FC0,0x4000,0x7FC0,0x1100,0xFFE0,0x0000,0x3F80,0x4040,0x3F80},{0x7FC0,0x0040,0x7FC0,0x4000,0x7FC0,0x1100,0xFFE0,0x0000,0x7FC0,0x1B00,0x60C0},{0x7FC0,0x0040,0x7FC0,0x4000,0x7FC0,0x1100,0xFFE0,0x0400,0x7FC0,0x1B00,0x60C0},
{0x7FC0,0x0040,0x7FC0,0x4000,0x7FC0,0x1100,0xFFE0,0x7FC0,0x0040,0x7FC0,0x0040},{0x7FC0,0x0040,0x7FC0,0x4000,0x7FC0,0x1100,0xFFE0,0x4000,0x7FC0,0x4000,0x7FC0},{0x7FC0,0x0040,0x7FC0,0x4000,0x7FC0,0x1100,0xFFE0,0x0000,0x7FC0,0x1100,0x7FC0},{0x7FC0,0x0040,0x7FC0,0x4000,0x7FC0,0x1100,0xFFE0,0x0400,0x7FC0,0x2080,0x1F00},
{0x7FC0,0x0040,0x7FC0,0x4000,0x7FC0,0x0000,0xFFE0,0x0400,0x0400,0x0400,0x0400},{0x7FC0,0x0040,0x7FC0,0x4000,0x7FC0,0x0000,0xFFE0,0x0400,0x7FC0,0x0040,0x0040},{0x7FC0,0x0040,0x7FC0,0x4000,0x7FC0,0x0000,0xFFE0,0x0400,0x7FC0,0x0440,0x0440},{0x7FC0,0x0040,0x7FC0,0x4000,0x7FC0,0x0000,0xFFE0,0x0400,0x7900,0x0A80,0x0C40},
{0x7FC0,0x0040,0x7FC0,0x4000,0x7FC0,0x0000,0xFFE0,0x0400,0x4400,0x4000,0x7FC0},{0x7FC0,0x0040,0x7FC0,0x4000,0x7FC0,0x0000,0xFFE0,0x0400,0x47C0,0x4280,0x7C40},{0x7FC0,0x0040,0x7FC0,0x4000,0x7FC0,0x0000,0xFFE0,0x0500,0x4FC0,0x4440,0x7B80},{0x7FC0,0x0040,0x7FC0,0x4000,0x7FC0,0x0000,0xFFE0,0x0400,0x7FC0,0x4000,0x7FC0},
{0x7FC0,0x0040,0x7FC0,0x4000,0xFFE0,0x0400,0x7FC0,0x0040,0x7FC0,0x4000,0x7FC0},{0x7FC0,0x0040,0x7FC0,0x4000,0xFFE0,0x0400,0x7BC0,0x0840,0x7840,0x4040,0x7840},{0x7FC0,0x0040,0x7FC0,0x4000,0xFFE0,0x0400,0x7BC0,0x0A40,0x7A40,0x4240,0x7BC0},{0x7FC0,0x0040,0x7FC0,0x4000,0xFFE0,0x0400,0x7A40,0x0A40,0x7BC0,0x4240,0x7BC0},
{0x7FC0,0x0040,0x7FC0,0x4000,0xFFE0,0x0400,0x7900,0x0900,0x7900,0x4280,0x7C40},{0x7FC0,0x0040,0x7FC0,0x4000,0xFFE0,0x0400,0x7BC0,0x0A00,0x7BC0,0x4200,0x7BC0},{0x7FC0,0x0040,0x7FC0,0x4000,0xFFE0,0x0400,0x7FC0,0x0A80,0x7A80,0x4280,0x7FC0},{0x7FC0,0x0040,0x7FC0,0x4000,0xFFE0,0x0400,0x7900,0x0FC0,0x7B80,0x4440,0x7B80},
{0x7FC0,0x0040,0x7FC0,0x4000,0x7FC0,0x0000,0xFFE0,0x0400,0x7FC0,0x4040,0x7FC0},{0x7FC0,0x0040,0x7FC0,0x4000,0x7FC0,0xFFE0,0x0400,0x4040,0x7FC0,0x4040,0x7FC0},{0x7FC0,0x0040,0x7FC0,0x4000,0x7FC0,0xFFE0,0x0400,0x4900,0x7900,0x4A80,0x7C40},{0x7FC0,0x0040,0x7FC0,0x4000,0x7FC0,0xFFE0,0x0400,0x0000,0x0400,0x1B00,0x60C0},
{0x7FC0,0x0040,0x7FC0,0x4000,0x7FC0,0xFFE0,0x0400,0x1500,0x1100,0x2A80,0x4440},{0x7FC0,0x0040,0x7FC0,0x4000,0x7FC0,0x0000,0xFFE0,0x0400,0x3F80,0x4040,0x3F80},{0x7FC0,0x0040,0x7FC0,0x4000,0x7FC0,0xFFE0,0x0400,0x7FC0,0x0400,0x1B00,0x60C0},{0x7FC0,0x0040,0x7FC0,0x4000,0xFFE0,0x0400,0x0000,0x0400,0x7FC0,0x1B00,0x60C0},
{0x7FC0,0x0040,0x7FC0,0x4000,0x7FC0,0xFFE0,0x0400,0x7FC0,0x0040,0x7FC0,0x0040},{0x7FC0,0x0040,0x7FC0,0x4000,0xFFE0,0x0400,0x7FC0,0x4000,0x7FC0,0x4000,0x7FC0},{0x7FC0,0x0040,0x7FC0,0x4000,0x7FC0,0x0000,0xFFE0,0x0400,0x7FC0,0x1100,0x7FC0},{0x7FC0,0x0040,0x7FC0,0x4000,0xFFE0,0x0400,0x0400,0x7FC0,0x1F00,0x2080,0x1F00},
{0x7E40,0x0240,0x7E40,0x4040,0x7E40,0x0040,0xFF40,0x1040,0x13C0,0x1040,0x1040},{0x7E40,0x0240,0x7E40,0x4040,0x7E40,0xFF40,0x11C0,0x1040,0x7FC0,0x0040,0x0040},{0x7E40,0x0240,0x7E40,0x4040,0x7E40,0xFF40,0x11C0,0x1040,0x7FC0,0x0440,0x0440},{0x7E40,0x0240,0x7E40,0x4040,0x7E40,0xFF40,0x11C0,0x1040,0x7900,0x0A80,0x0C40},
{0x7E40,0x0240,0x7E40,0x4040,0x7E40,0xFF40,0x09C0,0x4840,0x4000,0x4000,0x7FC0},{0x7E40,0x0240,0x7E40,0x4040,0x7E40,0xFF40,0x11C0,0x5040,0x47C0,0x4280,0x7C40},{0x7E40,0x0240,0x7E40,0x4040,0x7E40,0xFF40,0x11C0,0x5140,0x4FC0,0x4440,0x7B80},{0x7E40,0x0240,0x7E40,0x4040,0x7E40,0xFF40,0x11C0,0x1040,0x7FC0,0x4000,0x7FC0},
{0x7E40,0x0240,0x7E40,0x4040,0xFF40,0x11C0,0x7FC0,0x0040,0x7FC0,0x4000,0x7FC0},{0x7E40,0x0240,0x7E40,0x4040,0xFF40,0x11C0,0x7BC0,0x0840,0x7840,0x4040,0x7840},{0x7E40,0x0240,0x7E40,0x4040,0xFF40,0x11C0,0x7BC0,0x0A40,0x7A40,0x4240,0x7BC0},{0x7E40,0x0240,0x7E40,0x4040,0xFF40,0x11C0,0x7A40,0x0A40,0x7BC0,0x4240,0x7BC0},
{0x7E40,0x0240,0x7E40,0x4040,0xFF40,0x11C0,0x7840,0x0900,0x7900,0x4280,0x7C40},{0x7E40,0x0240,0x7E40,0x4040,0xFF40,0x11C0,0x7BC0,0x0A00,0x7BC0,0x4200,0x7BC0},{0x7E40,0x0240,0x7E40,0x4040,0xFF40,0x11C0,0x7FC0,0x0A80,0x7A80,0x4280,0x7FC0},{0x7E40,0x0240,0x7E40,0x4040,0xFF40,0x11C0,0x7940,0x0FC0,0x7B80,0x4440,0x7B80},
{0x7E40,0x0240,0x7E40,0x4040,0x7E40,0xFF40,0x11C0,0x1040,0x7FC0,0x4040,0x7FC0},{0x7E40,0x0240,0x7E40,0x4040,0x7E40,0xFF40,0x11C0,0x5040,0x7FC0,0x4040,0x7FC0},{0x7E40,0x0240,0x7E40,0x4040,0x7E40,0xFF40,0x11C0,0x4840,0x7900,0x4A80,0x7C40},{0x7E40,0x0240,0x7E40,0x4040,0x7E40,0xFF40,0x11C0,0x1440,0x0400,0x1B00,0x60C0},
{0x7E40,0x0240,0x7E40,0x4040,0x7E40,0xFF40,0x11C0,0x0040,0x1100,0x2A80,0x4440},{0x7E40,0x0240,0x7E40,0x4040,0x7E40,0xFF40,0x11C0,0x1040,0x3F80,0x4040,0x3F80},{0x7E40,0x0240,0x7E40,0x4040,0x7E40,0xFF40,0x11C0,0x1040,0x7FC0,0x1B00,0x60C0},{0x7E40,0x0240,0x7E40,0x4040,0x7E40,0xFF40,0x11C0,0x1440,0x7FC0,0x1B00,0x60C0},
{0x7E40,0x0240,0x7E40,0x4040,0xFF40,0x11C0,0x1040,0x7FC0,0x0040,0x7FC0,0x0040},{0x7E40,0x0240,0x7E40,0x4040,0xFF40,0x11C0,0x7FC0,0x4000,0x7FC0,0x4000,0x7FC0},{0x7E40,0x0240,0x7E40,0x4040,0x7E40,0xFF40,0x11C0,0x1040,0x7FC0,0x1100,0x7FC0},{0x7E40,0x0240,0x7E40,0x4040,0xFF40,0x11C0,0x1440,0x7FC0,0x1F00,0x2080,0x1F00},
{0xFD40,0x0540,0xFD40,0x8140,0xFD40,0x0140,0xFD40,0x2140,0x2740,0x2140,0x2140},{0x7D40,0x0540,0x7D40,0x4140,0x7D40,0xFD40,0x1740,0x1140,0x7FC0,0x0040,0x0040},{0x7D40,0x0540,0x7D40,0x4140,0x7D40,0xFD40,0x1740,0x1140,0x7FC0,0x0440,0x0440},{0x7D40,0x0540,0x7D40,0x4140,0x7D40,0xFD40,0x1740,0x1140,0x7900,0x0A80,0x0C40},
{0x7D40,0x0540,0x7D40,0x4140,0x7D40,0xFD40,0x1740,0x5140,0x4000,0x4000,0x7FC0},{0x7D40,0x0540,0x7D40,0x4140,0x7D40,0xFD40,0x1740,0x1140,0x47C0,0x4280,0x7C40},{0x7D40,0x0540,0x7D40,0x4140,0x7D40,0xFD40,0x1740,0x1140,0x4FC0,0x4440,0x7B80},{0x7D40,0x0540,0x7D40,0x4140,0x7D40,0xFD40,0x1740,0x1140,0x7FC0,0x4000,0x7FC0},
{0x7D40,0x0540,0x7D40,0x4140,0xFD40,0x1740,0x7FC0,0x0040,0x7FC0,0x4000,0x7FC0},{0x7D40,0x0540,0x7D40,0x4140,0xFD40,0x1740,0x7BC0,0x0840,0x7840,0x4040,0x7840},{0x7D40,0x0540,0x7D40,0x4140,0xFD40,0x1740,0x7BC0,0x0A40,0x7A40,0x4240,0x7BC0},{0x7D40,0x0540,0x7D40,0x4140,0xFD40,0x1740,0x7A40,0x0A40,0x7BC0,0x4240,0x7BC0},
{0x7D40,0x0540,0x7D40,0x4140,0xFD40,0x1740,0x7940,0x0900,0x7900,0x4280,0x7C40},{0x7D40,0x0540,0x7D40,0x4140,0xFD40,0x1740,0x7BC0,0x0A00,0x7BC0,0x4200,0x7BC0},{0x7D40,0x0540,0x7D40,0x4140,0xFD40,0x1740,0x7FC0,0x0A80,0x7A80,0x4280,0x7FC0},{0x7D40,0x0540,0x7D40,0x4140,0xFD40,0x1740,0x7900,0x0FC0,0x7B80,0x4440,0x7B80},
{0x7D40,0x0540,0x7D40,0x4140,0x7D40,0xFD40,0x1740,0x1140,0x7FC0,0x4040,0x7FC0},{0x7D40,0x0540,0x7D40,0x4140,0x7D40,0xFD40,0x1740,0x5140,0x7FC0,0x4040,0x7FC0},{0x7D40,0x0540,0x7D40,0x4140,0x7D40,0xFD40,0x1740,0x4940,0x7900,0x4A80,0x7C40},{0x7D40,0x0540,0x7D40,0x4140,0x7D40,0xFD40,0x1740,0x1140,0x0400,0x1B00,0x60C0},
{0x7D40,0x0540,0x7D40,0x4140,0x7D40,0xFD40,0x1740,0x1140,0x1100,0x2A80,0x4440},{0x7D40,0x0540,0x7D40,0x4140,0x7D40,0xFD40,0x1740,0x1140,0x3F80,0x4040,0x3F80},{0x7D40,0x0540,0x7D40,0x4140,0x7D40,0xFD40,0x1740,0x1140,0x7FC0,0x1B00,0x60C0},{0x7D40,0x0540,0x7D40,0x4140,0x7D40,0xFD40,0x1740,0x1540,0x7FC0,0x1B00,0x60C0},
{0x7D40,0x0540,0x7D40,0x4140,0xFD40,0x1740,0x1140,0x7FC0,0x0040,0x7FC0,0x0040},{0x7D40,0x0540,0x7D40,0x4140,0xFD40,0x1740,0x7FC0,0x4000,0x7FC0,0x4000,0x7FC0},{0x7D40,0x0540,0x7D40,0x4140,0x7D40,0xFD40,0x1740,0x1140,0x7FC0,0x1100,0x7FC0},{0x7D40,0x0540,0x7D40,0x4140,0x7D40,0xFD40,0x1740,0x1540,0x7FC0,0x2080,0x1F00},
{0x7E40,0x0240,0x7E40,0x4040,0x7E40,0x0040,0xFF40,0x0840,0x0840,0x0840,0x0840},{0x7E40,0x0240,0x7E40,0x4040,0x7E40,0x0040,0xFF40,0x0800,0x7FC0,0x0040,0x0040},{0x7E40,0x0240,0x7E40,0x4040,0x7E40,0x0040,0xFF40,0x0800,0x7FC0,0x0440,0x0440},{0x7E40,0x0240,0x7E40,0x4040,0x7E40,0x0040,0xFF40,0x1040,0x7900,0x0A80,0x0C40},
{0x7E40,0x0240,0x7E40,0x4040,0x7E40,0x0040,0xFF40,0x0840,0x4840,0x4000,0x7FC0},{0x7E40,0x0240,0x7E40,0x4040,0x7E40,0x0040,0xFF40,0x1000,0x57C0,0x4280,0x7C40},{0x7E40,0x0240,0x7E40,0x4040,0x7E40,0x0040,0xFF40,0x1100,0x4FC0,0x4440,0x7B80},{0x7E40,0x0240,0x7E40,0x4040,0x7E40,0x0040,0xFF40,0x0800,0x7FC0,0x4000,0x7FC0},
{0x7E40,0x0240,0x7E40,0x4040,0xFF40,0x0800,0x7FC0,0x0040,0x7FC0,0x4000,0x7FC0},{0x7E40,0x0240,0x7E40,0x4040,0xFF40,0x1000,0x7BC0,0x0840,0x7840,0x4040,0x7840},{0x7E40,0x0240,0x7E40,0x4040,0xFF40,0x1000,0x7BC0,0x0A40,0x7A40,0x4240,0x7BC0},{0x7E40,0x0240,0x7E40,0x4040,0xFF40,0x1000,0x7A40,0x0A40,0x7BC0,0x4240,0x7BC0},
{0x7E40,0x0240,0x7E40,0x4040,0xFF40,0x1040,0x7900,0x0900,0x7900,0x4280,0x7C40},{0x7E40,0x0240,0x7E40,0x4040,0xFF40,0x1000,0x7BC0,0x0A00,0x7BC0,0x4200,0x7BC0},{0x7E40,0x0240,0x7E40,0x4040,0xFF40,0x1000,0x7FC0,0x0A80,0x7A80,0x4280,0x7FC0},{0x7E40,0x0240,0x7E40,0x4040,0xFF40,0x1040,0x7900,0x0FC0,0x7B80,0x4440,0x7B80},
{0x7E40,0x0240,0x7E40,0x4040,0x7E40,0x0040,0xFF40,0x0800,0x7FC0,0x4040,0x7FC0},{0x7E40,0x0240,0x7E40,0x4040,0x7E40,0xFF40,0x0800,0x4040,0x7FC0,0x4040,0x7FC0},{0x7E40,0x0240,0x7E40,0x4040,0x7E40,0xFF40,0x1040,0x4900,0x7900,0x4A80,0x7C40},{0x7E40,0x0240,0x7E40,0x4040,0x7E40,0x0040,0xFF40,0x1040,0x0400,0x1B00,0x60C0},
{0x7E40,0x0240,0x7E40,0x4040,0x7E40,0x0040,0xFF40,0x0840,0x1100,0x2A80,0x4440},{0x7E40,0x0240,0x7E40,0x4040,0x7E40,0x0040,0xFF40,0x0800,0x3F80,0x4040,0x3F80},{0x7E40,0x0240,0x7E40,0x4040,0x7E40,0x0040,0xFF40,0x0800,0x7FC0,0x1B00,0x60C0},{0x7E40,0x0240,0x7E40,0x4040,0x7E40,0xFF40,0x1040,0x0400,0x7FC0,0x1B00,0x60C0},
{0x7E40,0x0240,0x7E40,0x4040,0x7E40,0xFF40,0x0800,0x7FC0,0x0040,0x7FC0,0x0040},{0x7E40,0x0240,0x7E40,0x4040,0xFF40,0x0800,0x7FC0,0x4000,0x7FC0,0x4000,0x7FC0},{0x7E40,0x0240,0x7E40,0x4040,0x7E40,0x0040,0xFF40,0x0800,0x7FC0,0x1100,0x7FC0},{0x7E40,0x0240,0x7E40,0x4040,0xFF40,0x1040,0x0400,0x7FC0,0x1F00,0x2080,0x1F00},
{0x7FC0,0x0040,0x7FC0,0x4000,0x7FC0,0x0000,0xFFE0,0x1100,0x1100,0x1100,0x1100},{0x7FC0,0x0040,0x7FC0,0x4000,0x7FC0,0x0000,0xFFE0,0x1100,0x7FC0,0x0040,0x0040},{0x7FC0,0x0040,0x7FC0,0x4000,0x7FC0,0x0000,0xFFE0,0x1100,0x7FC0,0x0440,0x0440},{0x7FC0,0x0040,0x7FC0,0x4000,0x7FC0,0x0000,0xFFE0,0x1100,0x7900,0x0A80,0x0C40},
{0x7FC0,0x0040,0x7FC0,0x4000,0x7FC0,0x0000,0xFFE0,0x1100,0x5100,0x4000,0x7FC0},{0x7FC0,0x0040,0x7FC0,0x4000,0x7FC0,0x0000,0xFFE0,0x1100,0x47C0,0x4280,0x7C40},{0x7FC0,0x0040,0x7FC0,0x4000,0x7FC0,0x0000,0xFFE0,0x1100,0x4FC0,0x4440,0x7B80},{0x7FC0,0x0040,0x7FC0,0x4000,0x7FC0,0x0000,0xFFE0,0x1100,0x7FC0,0x4000,0x7FC0},
{0x7FC0,0x0040,0x7FC0,0x4000,0xFFE0,0x1100,0x7FC0,0x0040,0x7FC0,0x4000,0x7FC0},{0x7FC0,0x0040,0x7FC0,0x4000,0xFFE0,0x1100,0x7BC0,0x0840,0x7840,0x4040,0x7840},{0x7FC0,0x0040,0x7FC0,0x4000,0xFFE0,0x1100,0x7BC0,0x0A40,0x7A40,0x4240,0x7BC0},{0x7FC0,0x0040,0x7FC0,0x4000,0xFFE0,0x1100,0x7A40,0x0A40,0x7BC0,0x4240,0x7BC0},
{0x7FC0,0x0040,0x7FC0,0x4000,0xFFE0,0x1100,0x7800,0x0900,0x7900,0x4280,0x7C40},{0x7FC0,0x0040,0x7FC0,0x4000,0xFFE0,0x1100,0x7BC0,0x0A00,0x7BC0,0x4200,0x7BC0},{0x7FC0,0x0040,0x7FC0,0x4000,0xFFE0,0x1100,0x7FC0,0x0A80,0x7A80,0x4280,0x7FC0},{0x7FC0,0x0040,0x7FC0,0x4000,0xFFE0,0x1100,0x7900,0x0FC0,0x7B80,0x4440,0x7B80},
{0x7FC0,0x0040,0x7FC0,0x4000,0x7FC0,0x0000,0xFFE0,0x1100,0x7FC0,0x4040,0x7FC0},{0x7FC0,0x0040,0x7FC0,0x4000,0x7FC0,0xFFE0,0x1100,0x4040,0x7FC0,0x4040,0x7FC0},{0x7FC0,0x0040,0x7FC0,0x4000,0x7FC0,0xFFE0,0x1100,0x4800,0x7900,0x4A80,0x7C40},{0x7FC0,0x0040,0x7FC0,0x4000,0x7FC0,0x0000,0xFFE0,0x1100,0x0400,0x1B00,0x60C0},
{0x7FC0,0x0040,0x7FC0,0x4000,0x7FC0,0xFFE0,0x1100,0x0000,0x1100,0x2A80,0x4440},{0x7FC0,0x0040,0x7FC0,0x4000,0x7FC0,0x0000,0xFFE0,0x1100,0x3F80,0x4040,0x3F80},{0x7FC0,0x0040,0x7FC0,0x4000,0x7FC0,0x0000,0xFFE0,0x1100,0x7FC0,0x1B00,0x60C0},{0x7FC0,0x0040,0x7FC0,0x4000,0x7FC0,0xFFE0,0x1100,0x0400,0x7FC0,0x1B00,0x60C0},
{0x7FC0,0x0040,0x7FC0,0x4000,0x7FC0,0xFFE0,0x1100,0x7FC0,0x0040,0x7FC0,0x0040},{0x7FC0,0x0040,0x7FC0,0x4000,0xFFE0,0x1100,0x7FC0,0x4000,0x7FC0,0x4000,0x7FC0},{0x7FC0,0x0040,0x7FC0,0x4000,0x7FC0,0x0000,0xFFE0,0x1100,0x7FC0,0x1100,0x7FC0},{0x7FC0,0x0040,0x7FC0,0x4000,0x7FC0,0xFFE0,0x1100,0x0400,0x7FC0,0x2080,0x1F00},
{0x7FC0,0x0040,0x0040,0x7FC0,0x4000,0x4000,0x7FC0,0x0000,0x0000,0xFFE0,0x0000},{0x7FC0,0x0040,0x7FC0,0x4000,0x7FC0,0x0000,0xFFE0,0x0000,0x7FC0,0x0040,0x0040},{0x7FC0,0x0040,0x7FC0,0x4000,0x7FC0,0x0000,0xFFE0,0x0000,0x7FC0,0x0440,0x0440},{0x7FC0,0x0040,0x7FC0,0x4000,0x7FC0,0x0000,0xFFE0,0x0000,0x7900,0x0A80,0x0C40},
{0x7FC0,0x0040,0x7FC0,0x4000,0x7FC0,0x0000,0xFFE0,0x0000,0x4000,0x4000,0x7FC0},{0x7FC0,0x0040,0x7FC0,0x4000,0x7FC0,0x0000,0xFFE0,0x0000,0x47C0,0x4280,0x7C40},{0x7FC0,0x0040,0x7FC0,0x4000,0x7FC0,0x0000,0xFFE0,0x0100,0x4FC0,0x4440,0x7B80},{0x7FC0,0x0040,0x7FC0,0x4000,0x7FC0,0x0000,0xFFE0,0x0000,0x7FC0,0x4000,0x7FC0},
{0x7FC0,0x0040,0x7FC0,0x4000,0xFFE0,0x0000,0x7FC0,0x0040,0x7FC0,0x4000,0x7FC0},{0x7FC0,0x0040,0x7FC0,0x4000,0xFFE0,0x0000,0x7BC0,0x0840,0x7840,0x4040,0x7840},{0x7FC0,0x0040,0x7FC0,0x4000,0xFFE0,0x0000,0x7BC0,0x0A40,0x7A40,0x4240,0x7BC0},{0x7FC0,0x0040,0x7FC0,0x4000,0xFFE0,0x0000,0x7A40,0x0A40,0x7BC0,0x4240,0x7BC0},
{0x7FC0,0x0040,0x7FC0,0x4000,0xFFE0,0x0000,0x7900,0x0900,0x7900,0x4280,0x7C40},{0x7FC0,0x0040,0x7FC0,0x4000,0xFFE0,0x0000,0x7BC0,0x0A00,0x7BC0,0x4200,0x7BC0},{0x7FC0,0x0040,0x7FC0,0x4000,0xFFE0,0x0000,0x7FC0,0x0A80,0x7A80,0x4280,0x7FC0},{0x7FC0,0x0040,0x7FC0,0x4000,0xFFE0,0x0000,0x7900,0x0FC0,0x7B80,0x4440,0x7B80},
{0x7FC0,0x0040,0x7FC0,0x4000,0x7FC0,0x0000,0xFFE0,0x0000,0x7FC0,0x4040,0x7FC0},{0x7FC0,0x0040,0x7FC0,0x4000,0x7FC0,0x0000,0xFFE0,0x4040,0x7FC0,0x4040,0x7FC0},{0x7FC0,0x0040,0x7FC0,0x4000,0x7FC0,0x0000,0xFFE0,0x4900,0x7900,0x4A80,0x7C40},{0x7FC0,0x0040,0x7FC0,0x4000,0x7FC0,0x0000,0xFFE0,0x0000,0x0400,0x1B00,0x60C0},
{0x7FC0,0x0040,0x7FC0,0x4000,0x7FC0,0x0000,0xFFE0,0x0000,0x1100,0x2A80,0x4440},{0x7FC0,0x0040,0x7FC0,0x4000,0x7FC0,0x0000,0xFFE0,0x0000,0x3F80,0x4040,0x3F80},{0x7FC0,0x0040,0x7FC0,0x4000,0x7FC0,0xFFE0,0x0000,0x7FC0,0x0400,0x1B00,0x60C0},{0x7FC0,0x0040,0x7FC0,0x4000,0x7FC0,0xFFE0,0x0000,0x0400,0x7FC0,0x1B00,0x60C0},
{0x7FC0,0x0040,0x7FC0,0x4000,0x7FC0,0xFFE0,0x0000,0x7FC0,0x0040,0x7FC0,0x0040},{0x7FC0,0x0040,0x7FC0,0x4000,0xFFE0,0x0000,0x7FC0,0x4000,0x7FC0,0x4000,0x7FC0},{0x7FC0,0x0040,0x7FC0,0x4000,0x7FC0,0x0000,0xFFE0,0x0000,0x7FC0,0x1100,0x7FC0},{0x7FC0,0x0040,0x7FC0,0x4000,0x7FC0,0xFFE0,0x0400,0x7FC0,0x1F00,0x2080,0x1F00},
{0xFE40,0x0240,0x0240,0xFE40,0x8040,0x8040,0xFE40,0x0040,0x0040,0xFF40,0x0040},{0x7E40,0x0240,0x7E40,0x4040,0x7E40,0x0040,0xFF40,0x0000,0x7FC0,0x0040,0x0040},{0x7E40,0x0240,0x7E40,0x4040,0x7E40,0x0040,0xFF40,0x0000,0x7FC0,0x0440,0x0440},{0x7E40,0x0240,0x7E40,0x4040,0x7E40,0x0040,0xFF40,0x0040,0x7900,0x0A80,0x0C40},
{0x7E40,0x0240,0x7E40,0x4040,0x7E40,0x0040,0xFF40,0x0040,0x4000,0x4000,0x7FC0},{0x7E40,0x0240,0x7E40,0x4040,0x7E40,0x0040,0xFF40,0x0000,0x47C0,0x4280,0x7C40},{0x7E40,0x0240,0x7E40,0x4040,0x7E40,0x0040,0xFF40,0x0100,0x4FC0,0x4440,0x7B80},{0x7E40,0x0240,0x7E40,0x4040,0x7E40,0x0040,0xFF40,0x0000,0x7FC0,0x4000,0x7FC0},
{0x7E40,0x0240,0x7E40,0x4040,0xFF40,0x0000,0x7FC0,0x0040,0x7FC0,0x4000,0x7FC0},{0x7E40,0x0240,0x7E40,0x4040,0xFF40,0x0000,0x7BC0,0x0840,0x7840,0x4040,0x7840},{0x7E40,0x0240,0x7E40,0x4040,0xFF40,0x0000,0x7BC0,0x0A40,0x7A40,0x4240,0x7BC0},{0x7E40,0x0240,0x7E40,0x4040,0xFF40,0x0000,0x7A40,0x0A40,0x7BC0,0x4240,0x7BC0},
{0x7E40,0x0240,0x7E40,0x4040,0xFF40,0x0040,0x7900,0x0900,0x7900,0x4280,0x7C40},{0x7E40,0x0240,0x7E40,0x4040,0xFF40,0x0000,0x7BC0,0x0A00,0x7BC0,0x4200,0x7BC0},{0x7E40,0x0240,0x7E40,0x4040,0xFF40,0x0000,0x7FC0,0x0A80,0x7A80,0x4280,0x7FC0},{0x7E40,0x0240,0x7E40,0x4040,0xFF40,0x0040,0x7900,0x0FC0,0x7B80,0x4440,0x7B80},
{0x7E40,0x0240,0x7E40,0x4040,0x7E40,0x0040,0xFF40,0x0000,0x7FC0,0x4040,0x7FC0},{0x7E40,0x0240,0x7E40,0x4040,0x7E40,0x0040,0xFF40,0x4040,0x7FC0,0x4040,0x7FC0},{0x7E40,0x0240,0x7E40,0x4040,0x7E40,0x0040,0xFF40,0x4900,0x7900,0x4A80,0x7C40},{0x7E40,0x0240,0x7E40,0x4040,0x7E40,0x0040,0xFF40,0x0040,0x0400,0x1B00,0x60C0},
{0x7E40,0x0240,0x7E40,0x4040,0x7E40,0x0040,0xFF40,0x0040,0x1100,0x2A80,0x4440},{0x7E40,0x0240,0x7E40,0x4040,0x7E40,0x0040,0xFF40,0x0000,0x3F80,0x4040,0x3F80},{0x7E40,0x0240,0x7E40,0x4040,0x7E40,0x0040,0xFF40,0x0000,0x7FC0,0x1B00,0x60C0},{0x7E40,0x0240,0x7E40,0x4040,0x7E40,0xFF40,0x0040,0x0400,0x7FC0,0x1B00,0x60C0},
{0x7E40,0x0240,0x7E40,0x4040,0x7E40,0xFF40,0x0000,0x7FC0,0x0040,0x7FC0,0x0040},{0x7E40,0x0240,0x7E40,0x4040,0xFF40,0x0000,0x7FC0,0x4000,0x7FC0,0x4000,0x7FC0},{0x7E40,0x0240,0x7E40,0x4040,0x7E40,0xFF40,0x0000,0x7FC0,0x1100,0x1100,0x7FC0},{0x7E40,0x0240,0x7E40,0x4040,0x7E40,0xFF40,0x0400,0x7FC0,0x1F00,0x2080,0x1F00},
{0xFC40,0x0440,0x0440,0x0440,0xFC40,0x8040,0x8040,0x8040,0x8040,0xFE40,0x0040},{0xFC40,0x0440,0xFC40,0x8040,0x8040,0xFE40,0x0000,0x7FC0,0x0040,0x0040,0x0040},{0xFC40,0x0440,0xFC40,0x8040,0x8040,0xFE40,0x0000,0x7FC0,0x0440,0x0440,0x0440},{0xFC40,0x0440,0xFC40,0x8040,0x8040,0xFE40,0x0040,0x7900,0x0900,0x0A80,0x0C40},
{0xFC40,0x0440,0xFC40,0x8040,0x8040,0xFE40,0x0040,0x4040,0x4000,0x4000,0x7FC0},{0xFC40,0x0440,0xFC40,0x8040,0x8040,0xFE40,0x0000,0x47C0,0x4100,0x4280,0x7C40},{0xFC40,0x0440,0xFC40,0x8040,0x8040,0xFE40,0x0100,0x47C0,0x4380,0x4440,0x7B80},{0xFC40,0x0440,0xFC40,0x8040,0x8040,0xFE40,0x0000,0x7FC0,0x4000,0x4000,0x7FC0},
{0xFC40,0x0440,0xFC40,0x8040,0xFE40,0x0000,0x7FC0,0x0040,0x7FC0,0x4000,0x7FC0},{0xFC40,0x0440,0xFC40,0x8040,0xFE40,0x0000,0x7BC0,0x0840,0x7840,0x4040,0x7840},{0xFC40,0x0440,0xFC40,0x8040,0xFE40,0x0000,0x7BC0,0x0A40,0x7A40,0x4240,0x7BC0},{0xFC40,0x0440,0xFC40,0x8040,0xFE40,0x0000,0x7A40,0x0A40,0x7BC0,0x4240,0x7BC0},
{0xFC40,0x0440,0xFC40,0x8040,0xFE40,0x0040,0x7900,0x0900,0x7900,0x4280,0x7C40},{0xFC40,0x0440,0xFC40,0x8040,0xFE40,0x0000,0x7BC0,0x0A00,0x7BC0,0x4200,0x7BC0},{0xFC40,0x0440,0xFC40,0x8040,0xFE40,0x0000,0x7FC0,0x0A80,0x7A80,0x4280,0x7FC0},{0xFC40,0x0440,0xFC40,0x8040,0xFE40,0x0040,0x7900,0x0FC0,0x7B80,0x4440,0x7B80},
{0xFC40,0x0440,0xFC40,0x8040,0x8040,0xFE40,0x0000,0x7FC0,0x4040,0x4040,0x7FC0},{0xFC40,0x0440,0xFC40,0x8040,0x8040,0xFE40,0x0000,0x4040,0x7FC0,0x4040,0x7FC0},{0xFC40,0x0440,0xFC40,0x8040,0x8040,0xFE40,0x0040,0x4900,0x7900,0x4A80,0x7C40},{0xFC40,0x0440,0xFC40,0x8040,0x8040,0xFE40,0x0040,0x0440,0x0400,0x1B00,0x60C0},
{0xFC40,0x0440,0xFC40,0x8040,0x8040,0xFE40,0x0040,0x1100,0x1100,0x2A80,0x4440},{0xFC40,0x0440,0xFC40,0x8040,0x8040,0xFE40,0x0000,0x3F80,0x4040,0x4040,0x3F80},{0xFC40,0x0440,0xFC40,0x8040,0x8040,0xFE40,0x0000,0x7FC0,0x0400,0x1B00,0x60C0},{0xFC40,0x0440,0xFC40,0x8040,0x8040,0xFE40,0x0040,0x0400,0x7FC0,0x1B00,0x60C0},
{0xFC40,0x0440,0xFC40,0x8040,0x8040,0xFE40,0x0000,0x7FC0,0x0040,0x7FC0,0x0040},{0xFC40,0x0440,0xFC40,0x8040,0xFE40,0x0000,0x7FC0,0x4000,0x7FC0,0x4000,0x7FC0},{0xFC40,0x0440,0xFC40,0x8040,0x8040,0xFE40,0x0000,0x7FC0,0x1100,0x1100,0x7FC0},{0xFC40,0x0440,0xFC40,0x8040,0x8040,0xFE40,0x0400,0x7FC0,0x1F00,0x2080,0x1F00},
{0xFE40,0x8240,0x8240,0x8240,0x8240,0x8260,0x8240,0x8240,0x8240,0xFE40,0x0040},{0xFC40,0x8440,0x8460,0x8440,0x8440,0xFC40,0x0000,0x7FC0,0x0040,0x0040,0x0040},{0xFC40,0x8440,0x8460,0x8440,0x8440,0xFC40,0x0000,0x7FC0,0x0440,0x0440,0x0440},{0xFC40,0x8440,0x8460,0x8440,0x8440,0xFC40,0x0040,0x7900,0x0900,0x0A80,0x0C40},
{0xFC40,0x8440,0x8440,0x8460,0x8440,0xFC40,0x0040,0x4040,0x4000,0x4000,0x7FC0},{0xFC40,0x8440,0x8460,0x8440,0x8440,0xFC40,0x0000,0x47C0,0x4100,0x4280,0x7C40},{0xFC40,0x8440,0x8460,0x8440,0x8440,0xFC40,0x0100,0x47C0,0x4380,0x4440,0x7B80},{0xFC40,0x8440,0x8460,0x8440,0x8440,0xFC40,0x0000,0x7FC0,0x4000,0x4000,0x7FC0},
{0xFC40,0x8440,0x8460,0x8440,0xFC40,0x0000,0x7FC0,0x0040,0x7FC0,0x4000,0x7FC0},{0xFC40,0x8440,0x8460,0x8440,0xFC40,0x0000,0x7BC0,0x0840,0x7840,0x4040,0x7840},{0xFC40,0x8440,0x8460,0x8440,0xFC40,0x0000,0x7BC0,0x0A40,0x7A40,0x4240,0x7BC0},{0xFC40,0x8440,0x8460,0x8440,0xFC40,0x0000,0x7A40,0x0A40,0x7BC0,0x4240,0x7BC0},
{0xFC40,0x8440,0x8460,0x8440,0xFC40,0x0040,0x7900,0x0900,0x7900,0x4280,0x7C40},{0xFC40,0x8440,0x8460,0x8440,0xFC40,0x0000,0x7BC0,0x0A00,0x7BC0,0x4200,0x7BC0},{0xFC40,0x8440,0x8460,0x8440,0xFC40,0x0000,0x7FC0,0x0A80,0x7A80,0x4280,0x7FC0},{0xFC40,0x8440,0x8460,0x8440,0xFC40,0x0040,0x7900,0x0FC0,0x7B80,0x4440,0x7B80},
{0xFC40,0x8440,0x8460,0x8440,0x8440,0xFC40,0x0000,0x7FC0,0x4040,0x4040,0x7FC0},{0xFC40,0x8440,0x8460,0x8440,0x8440,0xFC40,0x0000,0x4040,0x7FC0,0x4040,0x7FC0},{0xFC40,0x8440,0x8460,0x8440,0x8440,0xFC40,0x0040,0x4900,0x7900,0x4A80,0x7C40},{0xFC40,0x8440,0x8440,0x8460,0x8440,0xFC40,0x0040,0x0440,0x0400,0x1B00,0x60C0},
{0xFC40,0x8440,0x8440,0x8460,0x8440,0xFC40,0x0040,0x1100,0x1100,0x2A80,0x4440},{0xFC40,0x8440,0x8460,0x8440,0x8440,0xFC40,0x0000,0x3F80,0x4040,0x4040,0x3F80},{0xFC40,0x8440,0x8460,0x8440,0x8440,0xFC40,0x0000,0x7FC0,0x0400,0x1B00,0x60C0},{0xFC40,0x8440,0x8460,0x8440,0x8440,0xFC40,0x0040,0x0400,0x7FC0,0x1B00,0x60C0},
{0xFC40,0x8440,0x8460,0x8440,0x8440,0xFC40,0x0000,0x7FC0,0x0040,0x7FC0,0x0040},{0xFC40,0x8440,0x8460,0x8440,0xFC40,0x0000,0x7FC0,0x4000,0x7FC0,0x4000,0x7FC0},{0xFC40,0x8440,0x8460,0x8440,0x8440,0xFC40,0x0000,0x7FC0,0x1100,0x1100,0x7FC0},{0xFC40,0x8440,0x8460,0x8440,0x8440,0xFC40,0x0400,0x7FC0,0x1F00,0x2080,0x1F00},
{0xFD40,0x8540,0x8540,0x8540,0x8540,0x85C0,0x8540,0x8540,0x8540,0xFD40,0x0140},{0xFD40,0x8540,0x85C0,0x8540,0x8540,0xFD40,0x0000,0x7FC0,0x0040,0x0040,0x0040},{0xFD40,0x8540,0x85C0,0x8540,0x8540,0xFD40,0x0000,0x7FC0,0x0440,0x0440,0x0440},{0xFD40,0x8540,0x85C0,0x8540,0x8540,0xFD40,0x0000,0x7900,0x0900,0x0A80,0x0C40},
{0xFD40,0x8540,0x8540,0x85C0,0x8540,0xFD40,0x0140,0x4140,0x4000,0x4000,0x7FC0},{0xFD40,0x8540,0x85C0,0x8540,0x8540,0xFD40,0x0000,0x47C0,0x4100,0x4280,0x7C40},{0xFD40,0x8540,0x85C0,0x8540,0x8540,0xFD40,0x0100,0x47C0,0x4380,0x4440,0x7B80},{0xFD40,0x8540,0x85C0,0x8540,0x8540,0xFD40,0x0000,0x7FC0,0x4000,0x4000,0x7FC0},
{0xFD40,0x8540,0x85C0,0x8540,0xFD40,0x0000,0x7FC0,0x0040,0x7FC0,0x4000,0x7FC0},{0xFD40,0x8540,0x85C0,0x8540,0xFD40,0x0000,0x7BC0,0x0840,0x7840,0x4040,0x7840},{0xFD40,0x8540,0x85C0,0x8540,0xFD40,0x0000,0x7BC0,0x0A40,0x7A40,0x4240,0x7BC0},{0xFD40,0x8540,0x85C0,0x8540,0xFD40,0x0000,0x7A40,0x0A40,0x7BC0,0x4240,0x7BC0},
{0xFD40,0x8540,0x85C0,0x8540,0xFD40,0x0000,0x7900,0x0900,0x7900,0x4280,0x7C40},{0xFD40,0x8540,0x85C0,0x8540,0xFD40,0x0000,0x7BC0,0x0A00,0x7BC0,0x4200,0x7BC0},{0xFD40,0x8540,0x85C0,0x8540,0xFD40,0x0000,0x7FC0,0x0A80,0x7A80,0x4280,0x7FC0},{0xFD40,0x8540,0x85C0,0x8540,0xFD40,0x0000,0x7900,0x0FC0,0x7B80,0x4440,0x7B80},
{0xFD40,0x8540,0x85C0,0x8540,0x8540,0xFD40,0x0000,0x7FC0,0x4040,0x4040,0x7FC0},{0xFD40,0x8540,0x85C0,0x8540,0x8540,0xFD40,0x0000,0x4040,0x7FC0,0x4040,0x7FC0},{0xFD40,0x8540,0x85C0,0x8540,0x8540,0xFD40,0x0000,0x4900,0x7900,0x4A80,0x7C40},{0xFD40,0x8540,0x8540,0x85C0,0x8540,0xFD40,0x0140,0x0540,0x0400,0x1B00,0x60C0},
{0xFD40,0x8540,0x85C0,0x8540,0x8540,0xFD40,0x0000,0x1100,0x1100,0x2A80,0x4440},{0xFD40,0x8540,0x85C0,0x8540,0x8540,0xFD40,0x0000,0x3F80,0x4040,0x4040,0x3F80},{0xFD40,0x8540,0x85C0,0x8540,0x8540,0xFD40,0x0000,0x7FC0,0x0400,0x1B00,0x60C0},{0xFD40,0x8540,0x85C0,0x8540,0x8540,0xFD40,0x0140,0x0400,0x7FC0,0x1B00,0x60C0},
{0xFD40,0x8540,0x85C0,0x8540,0x8540,0xFD40,0x0000,0x7FC0,0x0040,0x7FC0,0x0040},{0xFD40,0x8540,0x85C0,0x8540,0xFD40,0x0000,0x7FC0,0x4000,0x7FC0,0x4000,0x7FC0},{0xFD40,0x8540,0x85C0,0x8540,0x8540,0xFD40,0x0000,0x7FC0,0x1100,0x1100,0x7FC0},{0xFD40,0x8540,0x85C0,0x8540,0x8540,0xFD40,0x0400,0x7FC0,0x1F00,0x2080,0x1F00},
{0xFE40,0x8240,0x8240,0x8260,0x8240,0x8240,0x8240,0x8260,0x8240,0xFE40,0x0040},{0xFC40,0x8460,0x8440,0x8460,0x8440,0xFC40,0x0000,0x7FC0,0x0040,0x0040,0x0040},{0xFC40,0x8460,0x8440,0x8460,0x8440,0xFC40,0x0000,0x7FC0,0x0440,0x0440,0x0440},{0xFC40,0x8460,0x8440,0x8460,0x8440,0xFC40,0x0040,0x7900,0x0900,0x0A80,0x0C40},
{0xFC40,0x8440,0x8460,0x8440,0x8460,0xFC40,0x0040,0x4040,0x4000,0x4000,0x7FC0},{0xFC40,0x8460,0x8440,0x8460,0x8440,0xFC40,0x0000,0x47C0,0x4100,0x4280,0x7C40},{0xFC40,0x8460,0x8440,0x8460,0x8440,0xFC40,0x0100,0x47C0,0x4380,0x4440,0x7B80},{0xFC40,0x8460,0x8440,0x8460,0x8440,0xFC40,0x0000,0x7FC0,0x4000,0x4000,0x7FC0},
{0xFC40,0x8460,0x8440,0x8460,0xFC40,0x0000,0x7FC0,0x0040,0x7FC0,0x4000,0x7FC0},{0xFC40,0x8460,0x8440,0x8460,0xFC40,0x0000,0x7BC0,0x0840,0x7840,0x4040,0x7840},{0xFC40,0x8460,0x8440,0x8460,0xFC40,0x0000,0x7BC0,0x0A40,0x7A40,0x4240,0x7BC0},{0xFC40,0x8460,0x8440,0x8460,0xFC40,0x0000,0x7A40,0x0A40,0x7BC0,0x4240,0x7BC0},
{0xFC40,0x8460,0x8440,0x8460,0xFC40,0x0040,0x7900,0x0900,0x7900,0x4280,0x7C40},{0xFC40,0x8460,0x8440,0x8460,0xFC40,0x0000,0x7BC0,0x0A00,0x7BC0,0x4200,0x7BC0},{0xFC40,0x8460,0x8440,0x8460,0xFC40,0x0000,0x7FC0,0x0A80,0x7A80,0x4280,0x7FC0},{0xFC40,0x8460,0x8440,0x8460,0xFC40,0x0040,0x7900,0x0FC0,0x7B80,0x4440,0x7B80},
{0xFC40,0x8460,0x8440,0x8460,0x8440,0xFC40,0x0000,0x7FC0,0x4040,0x4040,0x7FC0},{0xFC40,0x8460,0x8440,0x8460,0x8440,0xFC40,0x0000,0x4040,0x7FC0,0x4040,0x7FC0},{0xFC40,0x8460,0x8440,0x8460,0x8440,0xFC40,0x0040,0x4900,0x7900,0x4A80,0x7C40},{0xFC40,0x8440,0x8460,0x8440,0x8460,0xFC40,0x0040,0x0440,0x0400,0x1B00,0x60C0},
{0xFC40,0x8460,0x8440,0x8460,0x8440,0xFC40,0x0040,0x1100,0x1100,0x2A80,0x4440},{0xFC40,0x8460,0x8440,0x8460,0x8440,0xFC40,0x0000,0x3F80,0x4040,0x4040,0x3F80},{0xFC40,0x8460,0x8440,0x8460,0x8440,0xFC40,0x0000,0x7FC0,0x0400,0x1B00,0x60C0},{0xFC40,0x8460,0x8440,0x8460,0x8440,0xFC40,0x0040,0x0400,0x7FC0,0x1B00,0x60C0},
{0xFC40,0x8460,0x8440,0x8460,0x8440,0xFC40,0x0000,0x7FC0,0x0040,0x7FC0,0x0040},{0xFC40,0x8460,0x8440,0x8460,0xFC40,0x0000,0x7FC0,0x4000,0x7FC0,0x4000,0x7FC0},{0xFC40,0x8460,0x8440,0x8460,0x8440,0xFC40,0x0000,0x7FC0,0x1100,0x1100,0x7FC0},{0xFC40,0x8460,0x8440,0x8460,0x8440,0xFC40,0x0400,0x7FC0,0x1F00,0x2080,0x1F00},
{0xFD40,0x8540,0x8540,0x85C0,0x8540,0x8540,0x8540,0x85C0,0x8540,0xFD40,0x0140},{0xFD40,0x85C0,0x8540,0x85C0,0x8540,0xFD40,0x0000,0x7FC0,0x0040,0x0040,0x0040},{0xFD40,0x85C0,0x8540,0x85C0,0x8540,0xFD40,0x0000,0x7FC0,0x0440,0x0440,0x0440},{0xFD40,0x85C0,0x8540,0x85C0,0x8540,0xFD40,0x0000,0x7900,0x0900,0x0A80,0x0C40},
{0xFD40,0x8540,0x85C0,0x8540,0x85C0,0xFD40,0x0140,0x4140,0x4000,0x4000,0x7FC0},{0xFD40,0x85C0,0x8540,0x85C0,0x8540,0xFD40,0x0000,0x47C0,0x4100,0x4280,0x7C40},{0xFD40,0x85C0,0x8540,0x85C0,0x8540,0xFD40,0x0100,0x47C0,0x4380,0x4440,0x7B80},{0xFD40,0x85C0,0x8540,0x85C0,0x8540,0xFD40,0x0000,0x7FC0,0x4000,0x4000,0x7FC0},
{0xFD40,0x85C0,0x8540,0x85C0,0xFD40,0x0000,0x7FC0,0x0040,0x7FC0,0x4000,0x7FC0},{0xFD40,0x85C0,0x8540,0x85C0,0xFD40,0x0000,0x7BC0,0x0840,0x7840,0x4040,0x7840},{0xFD40,0x85C0,0x8540,0x85C0,0xFD40,0x0000,0x7BC0,0x0A40,0x7A40,0x4240,0x7BC0},{0xFD40,0x85C0,0x8540,0x85C0,0xFD40,0x0000,0x7A40,0x0A40,0x7BC0,0x4240,0x7BC0},
{0xFD40,0x85C0,0x8540,0x85C0,0xFD40,0x0000,0x7900,0x0900,0x7900,0x4280,0x7C40},{0xFD40,0x85C0,0x8540,0x85C0,0xFD40,0x0000,0x7BC0,0x0A00,0x7BC0,0x4200,0x7BC0},{0xFD40,0x85C0,0x8540,0x85C0,0xFD40,0x0000,0x7FC0,0x0A80,0x7A80,0x4280,0x7FC0},{0xFD40,0x85C0,0x8540,0x85C0,0xFD40,0x0000,0x7900,0x0FC0,0x7B80,0x4440,0x7B80},
{0xFD40,0x85C0,0x8540,0x85C0,0x8540,0xFD40,0x0000,0x7FC0,0x4040,0x4040,0x7FC0},{0xFD40,0x85C0,0x8540,0x85C0,0x8540,0xFD40,0x0000,0x4040,0x7FC0,0x4040,0x7FC0},{0xFD40,0x85C0,0x8540,0x85C0,0x8540,0xFD40,0x0000,0x4900,0x7900,0x4A80,0x7C40},{0xFD40,0x8540,0x85C0,0x8540,0x85C0,0xFD40,0x0140,0x0540,0x0400,0x1B00,0x60C0},
{0xFD40,0x85C0,0x8540,0x85C0,0x8540,0xFD40,0x0000,0x1100,0x1100,0x2A80,0x4440},{0xFD40,0x85C0,0x8540,0x85C0,0x8540,0xFD40,0x0000,0x3F80,0x4040,0x4040,0x3F80},{0xFD40,0x85C0,0x8540,0x85C0,0x8540,0xFD40,0x0000,0x7FC0,0x0400,0x1B00,0x60C0},{0xFD40,0x85C0,0x8540,0x85C0,0x8540,0xFD40,0x0140,0x0400,0x7FC0,0x1B00,0x60C0},
{0xFD40,0x85C0,0x8540,0x85C0,0x8540,0xFD40,0x0000,0x7FC0,0x0040,0x7FC0,0x0040},{0xFD40,0x85C0,0x8540,0x85C0,0xFD40,0x0000,0x7FC0,0x4000,0x7FC0,0x4000,0x7FC0},{0xFD40,0x85C0,0x8540,0x85C0,0x8540,0xFD40,0x0000,0x7FC0,0x1100,0x1100,0x7FC0},{0xFD40,0x85C0,0x8540,0x85C0,0x8540,0xFD40,0x0400,0x7FC0,0x1F00,0x2080,0x1F00},
{0xFE40,0x8240,0x8240,0x8240,0x83C0,0x8240,0x8240,0x8240,0x8240,0xFE40,0x0040},{0xFC40,0x8440,0x85C0,0x8440,0x8440,0xFC40,0x0000,0x7FC0,0x0040,0x0040,0x0040},{0xFC40,0x8440,0x85C0,0x8440,0x8440,0xFC40,0x0000,0x7FC0,0x0440,0x0440,0x0440},{0xFC40,0x8440,0x85C0,0x8440,0x8440,0xFC40,0x0040,0x7900,0x0900,0x0A80,0x0C40},
{0xFC40,0x8440,0x8440,0x85C0,0x8440,0xFC40,0x0040,0x4040,0x4000,0x4000,0x7FC0},{0xFC40,0x8440,0x85C0,0x8440,0x8440,0xFC40,0x0000,0x47C0,0x4100,0x4280,0x7C40},{0xFC40,0x8440,0x85C0,0x8440,0x8440,0xFC40,0x0100,0x47C0,0x4380,0x4440,0x7B80},{0xFC40,0x8440,0x85C0,0x8440,0x8440,0xFC40,0x0000,0x7FC0,0x4000,0x4000,0x7FC0},
{0xFC40,0x8440,0x85C0,0x8440,0xFC40,0x0000,0x7FC0,0x0040,0x7FC0,0x4000,0x7FC0},{0xFC40,0x8440,0x85C0,0x8440,0xFC40,0x0000,0x7BC0,0x0840,0x7840,0x4040,0x7840},{0xFC40,0x8440,0x85C0,0x8440,0xFC40,0x0000,0x7BC0,0x0A40,0x7A40,0x4240,0x7BC0},{0xFC40,0x8440,0x85C0,0x8440,0xFC40,0x0000,0x7A40,0x0A40,0x7BC0,0x4240,0x7BC0},
{0xFC40,0x8440,0x85C0,0x8440,0xFC40,0x0040,0x7900,0x0900,0x7900,0x4280,0x7C40},{0xFC40,0x8440,0x85C0,0x8440,0xFC40,0x0000,0x7BC0,0x0A00,0x7BC0,0x4200,0x7BC0},{0xFC40,0x8440,0x85C0,0x8440,0xFC40,0x0000,0x7FC0,0x0A80,0x7A80,0x4280,0x7FC0},{0xFC40,0x8440,0x85C0,0x8440,0xFC40,0x0040,0x7900,0x0FC0,0x7B80,0x4440,0x7B80},
{0xFC40,0x8440,0x85C0,0x8440,0x8440,0xFC40,0x0000,0x7FC0,0x4040,0x4040,0x7FC0},{0xFC40,0x8440,0x85C0,0x8440,0x8440,0xFC40,0x0000,0x4040,0x7FC0,0x4040,0x7FC0},{0xFC40,0x8440,0x85C0,0x8440,0x8440,0xFC40,0x0040,0x4900,0x7900,0x4A80,0x7C40},{0xFC40,0x8440,0x8440,0x85C0,0x8440,0xFC40,0x0040,0x0440,0x0400,0x1B00,0x60C0},
{0xFC40,0x8440,0x85C0,0x8440,0x8440,0xFC40,0x0040,0x1100,0x1100,0x2A80,0x4440},{0xFC40,0x8440,0x85C0,0x8440,0x8440,0xFC40,0x0000,0x3F80,0x4040,0x4040,0x3F80},{0xFC40,0x8440,0x85C0,0x8440,0x8440,0xFC40,0x0000,0x7FC0,0x0400,0x1B00,0x60C0},{0xFC40,0x8440,0x85C0,0x8440,0x8440,0xFC40,0x0040,0x0400,0x7FC0,0x1B00,0x60C0},
{0xFC40,0x8440,0x85C0,0x8440,0x8440,0xFC40,0x0000,0x7FC0,0x0040,0x7FC0,0x0040},{0xFC40,0x8440,0x85C0,0x8440,0xFC40,0x0000,0x7FC0,0x4000,0x7FC0,0x4000,0x7FC0},{0xFC40,0x8440,0x85C0,0x8440,0x8440,0xFC40,0x0000,0x7FC0,0x1100,0x1100,0x7FC0},{0xFC40,0x8440,0x85C0,0x8440,0x8440,0xFC40,0x0400,0x7FC0,0x1F00,0x2080,0x1F00},
{0xF940,0x8940,0x8940,0x8940,0x8F40,0x8940,0x8940,0x8940,0x8940,0xF940,0x0140},{0xF940,0x8940,0x8F40,0x8940,0x8940,0xF940,0x0000,0x7FC0,0x0040,0x0040,0x0040},{0xF940,0x8940,0x8F40,0x8940,0x8940,0xF940,0x0000,0x7FC0,0x0440,0x0440,0x0440},{0xF940,0x8940,0x8F40,0x8940,0x8940,0xF940,0x0000,0x7900,0x0900,0x0A80,0x0C40},
{0xF940,0x8940,0x8940,0x8F40,0x8940,0xF940,0x0140,0x4140,0x4000,0x4000,0x7FC0},{0xF940,0x8940,0x8F40,0x8940,0x8940,0xF940,0x0000,0x47C0,0x4100,0x4280,0x7C40},{0xF940,0x8940,0x8F40,0x8940,0x8940,0xF940,0x0100,0x47C0,0x4380,0x4440,0x7B80},{0xF940,0x8940,0x8F40,0x8940,0x8940,0xF940,0x0000,0x7FC0,0x4000,0x4000,0x7FC0},
{0xF940,0x8940,0x8F40,0x8940,0xF940,0x0000,0x7FC0,0x0040,0x7FC0,0x4000,0x7FC0},{0xF940,0x8940,0x8F40,0x8940,0xF940,0x0000,0x7BC0,0x0840,0x7840,0x4040,0x7840},{0xF940,0x8940,0x8F40,0x8940,0xF940,0x0000,0x7BC0,0x0A40,0x7A40,0x4240,0x7BC0},{0xF940,0x8940,0x8F40,0x8940,0xF940,0x0000,0x7A40,0x0A40,0x7BC0,0x4240,0x7BC0},
{0xF940,0x8940,0x8F40,0x8940,0xF940,0x0000,0x7900,0x0900,0x7900,0x4280,0x7C40},{0xF940,0x8940,0x8F40,0x8940,0xF940,0x0000,0x7BC0,0x0A00,0x7BC0,0x4200,0x7BC0},{0xF940,0x8940,0x8F40,0x8940,0xF940,0x0000,0x7FC0,0x0A80,0x7A80,0x4280,0x7FC0},{0xF940,0x8940,0x8F40,0x8940,0xF940,0x0000,0x7900,0x0FC0,0x7B80,0x4440,0x7B80},
{0xF940,0x8940,0x8F40,0x8940,0x8940,0xF940,0x0000,0x7FC0,0x4040,0x4040,0x7FC0},{0xF940,0x8940,0x8F40,0x8940,0x8940,0xF940,0x0000,0x4040,0x7FC0,0x4040,0x7FC0},{0xF940,0x8940,0x8F40,0x8940,0x8940,0xF940,0x0000,0x4900,0x7900,0x4A80,0x7C40},{0xF940,0x8940,0x8940,0x8F40,0x8940,0xF940,0x0140,0x0540,0x0400,0x1B00,0x60C0},
{0xF940,0x8940,0x8F40,0x8940,0x8940,0xF940,0x0000,0x1100,0x1100,0x2A80,0x4440},{0xF940,0x8940,0x8F40,0x8940,0x8940,0xF940,0x0000,0x3F80,0x4040,0x4040,0x3F80},{0xF940,0x8940,0x8F40,0x8940,0x8940,0xF940,0x0000,0x7FC0,0x0400,0x1B00,0x60C0},{0xF940,0x8940,0x8F40,0x8940,0x8940,0xF940,0x0140,0x0400,0x7FC0,0x1B00,0x60C0},
{0xF940,0x8940,0x8F40,0x8940,0x8940,0xF940,0x0000,0x7FC0,0x0040,0x7FC0,0x0040},{0xF940,0x8940,0x8F40,0x8940,0xF940,0x0000,0x7FC0,0x4000,0x7FC0,0x4000,0x7FC0},{0xF940,0x8940,0x8F40,0x8940,0x8940,0xF940,0x0000,0x7FC0,0x1100,0x1100,0x7FC0},{0xF940,0x8940,0x8F40,0x8940,0x8940,0xF940,0x0400,0x7FC0,0x1F00,0x2080,0x1F00},
{0xFE40,0x8240,0x8240,0x83C0,0x8240,0x8240,0x83C0,0x8240,0x8240,0xFE40,0x0040},{0xFC40,0x85C0,0x8440,0x85C0,0x8440,0xFC40,0x0000,0x7FC0,0x0040,0x0040,0x0040},{0xFC40,0x85C0,0x8440,0x85C0,0x8440,0xFC40,0x0000,0x7FC0,0x0440,0x0440,0x0440},{0xFC40,0x85C0,0x8440,0x85C0,0x8440,0xFC40,0x0040,0x7900,0x0900,0x0A80,0x0C40},
{0xFC40,0x8440,0x85C0,0x8440,0x85C0,0xFC40,0x0040,0x4040,0x4000,0x4000,0x7FC0},{0xFC40,0x85C0,0x8440,0x85C0,0x8440,0xFC40,0x0000,0x47C0,0x4100,0x4280,0x7C40},{0xFC40,0x85C0,0x8440,0x85C0,0x8440,0xFC40,0x0100,0x47C0,0x4380,0x4440,0x7B80},{0xFC40,0x85C0,0x8440,0x85C0,0x8440,0xFC40,0x0000,0x7FC0,0x4000,0x4000,0x7FC0},
{0xFC40,0x85C0,0x8440,0x85C0,0xFC40,0x0000,0x7FC0,0x0040,0x7FC0,0x4000,0x7FC0},{0xFC40,0x85C0,0x8440,0x85C0,0xFC40,0x0000,0x7BC0,0x0840,0x7840,0x4040,0x7840},{0xFC40,0x85C0,0x8440,0x85C0,0xFC40,0x0000,0x7BC0,0x0A40,0x7A40,0x4240,0x7BC0},{0xFC40,0x85C0,0x8440,0x85C0,0xFC40,0x0000,0x7A40,0x0A40,0x7BC0,0x4240,0x7BC0},
{0xFC40,0x85C0,0x8440,0x85C0,0xFC40,0x0040,0x7900,0x0900,0x7900,0x4280,0x7C40},{0xFC40,0x85C0,0x8440,0x85C0,0xFC40,0x0000,0x7BC0,0x0A00,0x7BC0,0x4200,0x7BC0},{0xFC40,0x85C0,0x8440,0x85C0,0xFC40,0x0000,0x7FC0,0x0A80,0x7A80,0x4280,0x7FC0},{0xFC40,0x85C0,0x8440,0x85C0,0xFC40,0x0040,0x7900,0x0FC0,0x7B80,0x4440,0x7B80},
{0xFC40,0x85C0,0x8440,0x85C0,0x8440,0xFC40,0x0000,0x7FC0,0x4040,0x4040,0x7FC0},{0xFC40,0x85C0,0x8440,0x85C0,0x8440,0xFC40,0x0000,0x4040,0x7FC0,0x4040,0x7FC0},{0xFC40,0x85C0,0x8440,0x85C0,0x8440,0xFC40,0x0040,0x4900,0x7900,0x4A80,0x7C40},{0xFC40,0x8440,0x85C0,0x8440,0x85C0,0xFC40,0x0040,0x0440,0x0400,0x1B00,0x60C0},
{0xFC40,0x85C0,0x8440,0x85C0,0x8440,0xFC40,0x0040,0x1100,0x1100,0x2A80,0x4440},{0xFC40,0x85C0,0x8440,0x85C0,0x8440,0xFC40,0x0000,0x3F80,0x4040,0x4040,0x3F80},{0xFC40,0x85C0,0x8440,0x85C0,0x8440,0xFC40,0x0000,0x7FC0,0x0400,0x1B00,0x60C0},{0xFC40,0x85C0,0x8440,0x85C0,0x8440,0xFC40,0x0040,0x0400,0x7FC0,0x1B00,0x60C0},
{0xFC40,0x85C0,0x8440,0x85C0,0x8440,0xFC40,0x0000,0x7FC0,0x0040,0x7FC0,0x0040},{0xFC40,0x85C0,0x8440,0x85C0,0xFC40,0x0000,0x7FC0,0x4000,0x7FC0,0x4000,0x7FC0},{0xFC40,0x85C0,0x8440,0x85C0,0x8440,0xFC40,0x0000,0x7FC0,0x1100,0x1100,0x7FC0},{0xFC40,0x85C0,0x8440,0x85C0,0x8440,0xFC40,0x0400,0x7FC0,0x1F00,0x2080,0x1F00},
{0xF940,0x8940,0x8940,0x8F40,0x8940,0x8940,0x8F40,0x8940,0x8940,0xF940,0x0140},{0xF940,0x8F40,0x8940,0x8F40,0x8940,0xF940,0x0000,0x7FC0,0x0040,0x0040,0x0040},{0xF940,0x8F40,0x8940,0x8F40,0x8940,0xF940,0x0000,0x7FC0,0x0440,0x0440,0x0440},{0xF940,0x8F40,0x8940,0x8F40,0x8940,0xF940,0x0000,0x7900,0x0900,0x0A80,0x0C40},
{0xF940,0x8940,0x8F40,0x8940,0x8F40,0xF940,0x0140,0x4140,0x4000,0x4000,0x7FC0},{0xF940,0x8F40,0x8940,0x8F40,0x8940,0xF940,0x0000,0x47C0,0x4100,0x4280,0x7C40},{0xF940,0x8F40,0x8940,0x8F40,0x8940,0xF940,0x0100,0x47C0,0x4380,0x4440,0x7B80},{0xF940,0x8F40,0x8940,0x8F40,0x8940,0xF940,0x0000,0x7FC0,0x4000,0x4000,0x7FC0},
{0xF940,0x8F40,0x8940,0x8F40,0xF940,0x0000,0x7FC0,0x0040,0x7FC0,0x4000,0x7FC0},{0xF940,0x8F40,0x8940,0x8F40,0xF940,0x0000,0x7BC0,0x0840,0x7840,0x4040,0x7840},{0xF940,0x8F40,0x8940,0x8F40,0xF940,0x0000,0x7BC0,0x0A40,0x7A40,0x4240,0x7BC0},{0xF940,0x8F40,0x8940,0x8F40,0xF940,0x0000,0x7A40,0x0A40,0x7BC0,0x4240,0x7BC0},
{0xF940,0x8F40,0x8940,0x8F40,0xF940,0x0000,0x7900,0x0900,0x7900,0x4280,0x7C40},{0xF940,0x8F40,0x8940,0x8F40,0xF940,0x0000,0x7BC0,0x0A00,0x7BC0,0x4200,0x7BC0},{0xF940,0x8F40,0x8940,0x8F40,0xF940,0x0000,0x7FC0,0x0A80,0x7A80,0x4280,0x7FC0},{0xF940,0x8F40,0x8940,0x8F40,0xF940,0x0000,0x7900,0x0FC0,0x7B80,0x4440,0x7B80},
{0xF940,0x8F40,0x8940,0x8F40,0x8940,0xF940,0x0000,0x7FC0,0x4040,0x4040,0x7FC0},{0xF940,0x8F40,0x8940,0x8F40,0x8940,0xF940,0x0000,0x4040,0x7FC0,0x4040,0x7FC0},{0xF940,0x8F40,0x8940,0x8F40,0x8940,0xF940,0x0000,0x4900,0x7900,0x4A80,0x7C40},{0xF940,0x8940,0x8F40,0x8940,0x8F40,0xF940,0x0140,0x0540,0x0400,0x1B00,0x60C0},
{0xF940,0x8F40,0x8940,0x8F40,0x8940,0xF940,0x0000,0x1100,0x1100,0x2A80,0x4440},{0xF940,0x8F40,0x8940,0x8F40,0x8940,0xF940,0x0000,0x3F80,0x4040,0x4040,0x3F80},{0xF940,0x8F40,0x8940,0x8F40,0x8940,0xF940,0x0000,0x7FC0,0x0400,0x1B00,0x60C0},{0xF940,0x8F40,0x8940,0x8F40,0x8940,0xF940,0x0140,0x0400,0x7FC0,0x1B00,0x60C0},
{0xF940,0x8F40,0x8940,0x8F40,0x8940,0xF940,0x0000,0x7FC0,0x0040,0x7FC0,0x0040},{0xF940,0x8F40,0x8940,0x8F40,0xF940,0x0000,0x7FC0,0x4000,0x7FC0,0x4000,0x7FC0},{0xF940,0x8F40,0x8940,0x8F40,0x8940,0xF940,0x0000,0x7FC0,0x1100,0x1100,0x7FC0},{0xF940,0x8F40,0x8940,0x8F40,0x8940,0xF940,0x0400,0x7FC0,0x1F00,0x2080,0x1F00},
{0x7FC0,0x4040,0x4040,0x4040,0x4040,0x4040,0x7FC0,0x0400,0x0400,0xFFE0,0x0000},{0x7FC0,0x4040,0x4040,0x7FC0,0x0400,0xFFE0,0x0000,0x7FC0,0x0040,0x0040,0x0040},{0x7FC0,0x4040,0x4040,0x7FC0,0x0400,0xFFE0,0x0000,0x7FC0,0x0440,0x0440,0x0440},{0x7FC0,0x4040,0x4040,0x7FC0,0x0400,0xFFE0,0x0000,0x7900,0x0900,0x0A80,0x0C40},
{0x7FC0,0x4040,0x4040,0x7FC0,0x0400,0xFFE0,0x0000,0x4000,0x4000,0x4000,0x7FC0},{0x7FC0,0x4040,0x4040,0x7FC0,0x0400,0xFFE0,0x0000,0x47C0,0x4100,0x4280,0x7C40},{0x7FC0,0x4040,0x4040,0x7FC0,0x0400,0xFFE0,0x0100,0x47C0,0x4380,0x4440,0x7B80},{0x7FC0,0x4040,0x4040,0x7FC0,0x0400,0xFFE0,0x0000,0x7FC0,0x4000,0x4000,0x7FC0},
{0x7FC0,0x4040,0x7FC0,0x0400,0xFFE0,0x0000,0x7FC0,0x0040,0x7FC0,0x4000,0x7FC0},{0x7FC0,0x4040,0x7FC0,0x0400,0xFFE0,0x0000,0x7BC0,0x0840,0x7840,0x4040,0x7840},{0x7FC0,0x4040,0x7FC0,0x0400,0xFFE0,0x0000,0x7BC0,0x0A40,0x7A40,0x4240,0x7BC0},{0x7FC0,0x4040,0x7FC0,0x0400,0xFFE0,0x0000,0x7A40,0x0A40,0x7BC0,0x4240,0x7BC0},
{0x7FC0,0x4040,0x7FC0,0x0400,0xFFE0,0x0000,0x7900,0x0900,0x7900,0x4280,0x7C40},{0x7FC0,0x4040,0x7FC0,0x0400,0xFFE0,0x0000,0x7BC0,0x0A00,0x7BC0,0x4200,0x7BC0},{0x7FC0,0x4040,0x7FC0,0x0400,0xFFE0,0x0000,0x7FC0,0x0A80,0x7A80,0x4280,0x7FC0},{0x7FC0,0x4040,0x7FC0,0x0400,0xFFE0,0x0000,0x7900,0x0FC0,0x7B80,0x4440,0x7B80},
{0x7FC0,0x4040,0x4040,0x7FC0,0x0400,0xFFE0,0x0000,0x7FC0,0x4040,0x4040,0x7FC0},{0x7FC0,0x4040,0x4040,0x7FC0,0x0400,0xFFE0,0x0000,0x4040,0x7FC0,0x4040,0x7FC0},{0x7FC0,0x4040,0x4040,0x7FC0,0x0400,0xFFE0,0x0000,0x4900,0x7900,0x4A80,0x7C40},{0x7FC0,0x4040,0x4040,0x7FC0,0x0400,0xFFE0,0x0000,0x0400,0x0400,0x1B00,0x60C0},
{0x7FC0,0x4040,0x4040,0x7FC0,0x0400,0xFFE0,0x0000,0x1100,0x1100,0x2A80,0x4440},{0x7FC0,0x4040,0x4040,0x7FC0,0x0400,0xFFE0,0x0000,0x3F80,0x4040,0x4040,0x3F80},{0x7FC0,0x4040,0x4040,0x7FC0,0x0400,0xFFE0,0x0000,0x7FC0,0x0400,0x1B00,0x60C0},{0x7FC0,0x4040,0x4040,0x7FC0,0x0400,0xFFE0,0x0000,0x0400,0x7FC0,0x1B00,0x60C0},
{0x7FC0,0x4040,0x4040,0x7FC0,0x0400,0xFFE0,0x0000,0x7FC0,0x0040,0x7FC0,0x0040},{0x7FC0,0x4040,0x7FC0,0x0400,0xFFE0,0x0000,0x7FC0,0x4000,0x7FC0,0x4000,0x7FC0},{0x7FC0,0x4040,0x4040,0x7FC0,0x0400,0xFFE0,0x0000,0x7FC0,0x1100,0x1100,0x7FC0},{0x7FC0,0x4040,0x4040,0x7FC0,0x0400,0xFFE0,0x0400,0x7FC0,0x1F00,0x2080,0x1F00},
{0xFE40,0x8240,0x8240,0x8240,0x8260,0xFE40,0x1040,0x1040,0x1040,0xFF40,0x0040},{0x7E40,0x4240,0x4260,0x7E40,0x0840,0xFF40,0x0000,0x7FC0,0x0040,0x0040,0x0040},{0x7E40,0x4240,0x4260,0x7E40,0x0840,0xFF40,0x0000,0x7FC0,0x0440,0x0440,0x0440},{0x7E40,0x4240,0x4260,0x7E40,0x0840,0xFF40,0x0040,0x7900,0x0900,0x0A80,0x0C40},
{0x7E40,0x4240,0x4240,0x7E60,0x0840,0xFF40,0x0040,0x4040,0x4000,0x4000,0x7FC0},{0x7E40,0x4240,0x4260,0x7E40,0x0840,0xFF40,0x0000,0x47C0,0x4100,0x4280,0x7C40},{0x7E40,0x4240,0x4260,0x7E40,0x0840,0xFF40,0x0100,0x47C0,0x4380,0x4440,0x7B80},{0x7E40,0x4240,0x4260,0x7E40,0x0840,0xFF40,0x0000,0x7FC0,0x4000,0x4000,0x7FC0},
{0x7E40,0x4240,0x7E60,0x0840,0xFF40,0x0000,0x7FC0,0x0040,0x7FC0,0x4000,0x7FC0},{0x7E40,0x4240,0x7E60,0x0840,0xFF40,0x0000,0x7BC0,0x0840,0x7840,0x4040,0x7840},{0x7E40,0x4240,0x7E60,0x0840,0xFF40,0x0000,0x7BC0,0x0A40,0x7A40,0x4240,0x7BC0},{0x7E40,0x4240,0x7E60,0x0840,0xFF40,0x0000,0x7A40,0x0A40,0x7BC0,0x4240,0x7BC0},
{0x7E40,0x4240,0x7E60,0x0840,0xFF40,0x0040,0x7900,0x0900,0x7900,0x4280,0x7C40},{0x7E40,0x4240,0x7E60,0x0840,0xFF40,0x0000,0x7BC0,0x0A00,0x7BC0,0x4200,0x7BC0},{0x7E40,0x4240,0x7E60,0x0840,0xFF40,0x0000,0x7FC0,0x0A80,0x7A80,0x4280,0x7FC0},{0x7E40,0x4240,0x7E60,0x0840,0xFF40,0x0040,0x7900,0x0FC0,0x7B80,0x4440,0x7B80},
{0x7E40,0x4240,0x4260,0x7E40,0x0840,0xFF40,0x0000,0x7FC0,0x4040,0x4040,0x7FC0},{0x7E40,0x4240,0x4260,0x7E40,0x0840,0xFF40,0x0000,0x4040,0x7FC0,0x4040,0x7FC0},{0x7E40,0x4240,0x4260,0x7E40,0x0840,0xFF40,0x0040,0x4900,0x7900,0x4A80,0x7C40},{0x7E40,0x4240,0x4240,0x7E60,0x0840,0xFF40,0x0040,0x0440,0x0400,0x1B00,0x60C0},
{0x7E40,0x4240,0x4260,0x7E40,0x0840,0xFF40,0x0040,0x1100,0x1100,0x2A80,0x4440},{0x7E40,0x4240,0x4260,0x7E40,0x0840,0xFF40,0x0000,0x3F80,0x4040,0x4040,0x3F80},{0x7E40,0x4240,0x4260,0x7E40,0x0840,0xFF40,0x0000,0x7FC0,0x0400,0x1B00,0x60C0},{0x7E40,0x4240,0x4260,0x7E40,0x0840,0xFF40,0x0040,0x0400,0x7FC0,0x1B00,0x60C0},
{0x7E40,0x4240,0x4260,0x7E40,0x0840,0xFF40,0x0000,0x7FC0,0x0040,0x7FC0,0x0040},{0x7E40,0x4240,0x7E60,0x0840,0xFF40,0x0000,0x7FC0,0x4000,0x7FC0,0x4000,0x7FC0},{0x7E40,0x4240,0x4260,0x7E40,0x0840,0xFF40,0x0000,0x7FC0,0x1100,0x1100,0x7FC0},{0x7E40,0x4240,0x4260,0x7E40,0x0840,0xFF40,0x0400,0x7FC0,0x1F00,0x2080,0x1F00},
{0xFD40,0x8540,0x8540,0x8540,0x8540,0xFDC0,0x1140,0x1140,0x1140,0xFF40,0x0140},{0xFD40,0x8540,0x85C0,0xFD40,0x1140,0xFD40,0x0000,0x7FC0,0x0040,0x0040,0x0040},{0xFD40,0x8540,0x85C0,0xFD40,0x1140,0xFD40,0x0000,0x7FC0,0x0440,0x0440,0x0440},{0xFD40,0x8540,0x85C0,0xFD40,0x1140,0xFD40,0x0000,0x7900,0x0900,0x0A80,0x0C40},
{0xFD40,0x8540,0x8540,0xFDC0,0x1140,0xFD40,0x0140,0x4140,0x4000,0x4000,0x7FC0},{0xFD40,0x8540,0x85C0,0xFD40,0x1140,0xFD40,0x0000,0x47C0,0x4100,0x4280,0x7C40},{0xFD40,0x8540,0x85C0,0xFD40,0x1140,0xFD40,0x0100,0x47C0,0x4380,0x4440,0x7B80},{0xFD40,0x8540,0x85C0,0xFD40,0x1140,0xFD40,0x0000,0x7FC0,0x4000,0x4000,0x7FC0},
{0xFD40,0x8540,0xFDC0,0x1140,0xFD40,0x0000,0x7FC0,0x0040,0x7FC0,0x4000,0x7FC0},{0xFD40,0x8540,0xFDC0,0x1140,0xFD40,0x0000,0x7BC0,0x0840,0x7840,0x4040,0x7840},{0xFD40,0x8540,0xFDC0,0x1140,0xFD40,0x0000,0x7BC0,0x0A40,0x7A40,0x4240,0x7BC0},{0xFD40,0x8540,0xFDC0,0x1140,0xFD40,0x0000,0x7A40,0x0A40,0x7BC0,0x4240,0x7BC0},
{0xFD40,0x8540,0xFDC0,0x1140,0xFD40,0x0000,0x7900,0x0900,0x7900,0x4280,0x7C40},{0xFD40,0x8540,0xFDC0,0x1140,0xFD40,0x0000,0x7BC0,0x0A00,0x7BC0,0x4200,0x7BC0},{0xFD40,0x8540,0xFDC0,0x1140,0xFD40,0x0000,0x7FC0,0x0A80,0x7A80,0x4280,0x7FC0},{0xFD40,0x8540,0xFDC0,0x1140,0xFD40,0x0000,0x7900,0x0FC0,0x7B80,0x4440,0x7B80},
{0xFD40,0x8540,0x85C0,0xFD40,0x1140,0xFD40,0x0000,0x7FC0,0x4040,0x4040,0x7FC0},{0xFD40,0x8540,0x85C0,0xFD40,0x1140,0xFD40,0x0000,0x4040,0x7FC0,0x4040,0x7FC0},{0xFD40,0x8540,0x85C0,0xFD40,0x1140,0xFD40,0x0000,0x4900,0x7900,0x4A80,0x7C40},{0xFD40,0x8540,0x8540,0xFDC0,0x1140,0xFD40,0x0140,0x0540,0x0400,0x1B00,0x60C0},
{0xFD40,0x8540,0x85C0,0xFD40,0x1140,0xFD40,0x0000,0x1100,0x1100,0x2A80,0x4440},{0xFD40,0x8540,0x85C0,0xFD40,0x1140,0xFD40,0x0000,0x3F80,0x4040,0x4040,0x3F80},{0xFD40,0x8540,0x85C0,0xFD40,0x1140,0xFD40,0x0000,0x7FC0,0x0400,0x1B00,0x60C0},{0xFD40,0x8540,0x85C0,0xFD40,0x1140,0xFD40,0x0140,0x0400,0x7FC0,0x1B00,0x60C0},
{0xFD40,0x8540,0x85C0,0xFD40,0x1140,0xFD40,0x0000,0x7FC0,0x0040,0x7FC0,0x0040},{0xFD40,0x8540,0xFDC0,0x1140,0xFD40,0x0000,0x7FC0,0x4000,0x7FC0,0x4000,0x7FC0},{0xFD40,0x8540,0x85C0,0xFD40,0x1140,0xFD40,0x0000,0x7FC0,0x1100,0x1100,0x7FC0},{0xFD40,0x8540,0x85C0,0xFD40,0x1140,0xFD40,0x0400,0x7FC0,0x1F00,0x2080,0x1F00},
{0xFE40,0x8240,0x8240,0x8240,0x8240,0xFE40,0x1040,0x1040,0x1040,0xFF40,0x0040},{0x7E40,0x4240,0x4240,0x7E40,0x0840,0xFF40,0x0000,0x7FC0,0x0040,0x0040,0x0040},{0x7E40,0x4240,0x4240,0x7E40,0x0840,0xFF40,0x0000,0x7FC0,0x0440,0x0440,0x0440},{0x7E40,0x4240,0x4240,0x7E40,0x0840,0xFF40,0x0040,0x7900,0x0900,0x0A80,0x0C40},
{0x7E40,0x4240,0x4240,0x7E40,0x0840,0xFF40,0x0040,0x4040,0x4000,0x4000,0x7FC0},{0x7E40,0x4240,0x4240,0x7E40,0x0840,0xFF40,0x0000,0x47C0,0x4100,0x4280,0x7C40},{0x7E40,0x4240,0x4240,0x7E40,0x0840,0xFF40,0x0100,0x47C0,0x4380,0x4440,0x7B80},{0x7E40,0x4240,0x4240,0x7E40,0x0840,0xFF40,0x0000,0x7FC0,0x4000,0x4000,0x7FC0},
{0x7E40,0x4240,0x7E40,0x0840,0xFF40,0x0000,0x7FC0,0x0040,0x7FC0,0x4000,0x7FC0},{0x7E40,0x4240,0x7E40,0x0840,0xFF40,0x0000,0x7BC0,0x0840,0x7840,0x4040,0x7840},{0x7E40,0x4240,0x7E40,0x0840,0xFF40,0x0000,0x7BC0,0x0A40,0x7A40,0x4240,0x7BC0},{0x7E40,0x4240,0x7E40,0x0840,0xFF40,0x0000,0x7A40,0x0A40,0x7BC0,0x4240,0x7BC0},
{0x7E40,0x4240,0x7E40,0x0840,0xFF40,0x0040,0x7900,0x0900,0x7900,0x4280,0x7C40},{0x7E40,0x4240,0x7E40,0x0840,0xFF40,0x0000,0x7BC0,0x0A00,0x7BC0,0x4200,0x7BC0},{0x7E40,0x4240,0x7E40,0x0840,0xFF40,0x0000,0x7FC0,0x0A80,0x7A80,0x4280,0x7FC0},{0x7E40,0x4240,0x7E40,0x0840,0xFF40,0x0040,0x7900,0x0FC0,0x7B80,0x4440,0x7B80},
{0x7E40,0x4240,0x4240,0x7E40,0x0840,0xFF40,0x0000,0x7FC0,0x4040,0x4040,0x7FC0},{0x7E40,0x4240,0x4240,0x7E40,0x0840,0xFF40,0x0000,0x4040,0x7FC0,0x4040,0x7FC0},{0x7E40,0x4240,0x4240,0x7E40,0x0840,0xFF40,0x0040,0x4900,0x7900,0x4A80,0x7C40},{0x7E40,0x4240,0x4240,0x7E40,0x0840,0xFF40,0x0040,0x0400,0x0400,0x1B00,0x60C0},
{0x7E40,0x4240,0x4240,0x7E40,0x0840,0xFF40,0x0040,0x1100,0x1100,0x2A80,0x4440},{0x7E40,0x4240,0x4240,0x7E40,0x0840,0xFF40,0x0000,0x3F80,0x4040,0x4040,0x3F80},{0x7E40,0x4240,0x4240,0x7E40,0x0840,0xFF40,0x0000,0x7FC0,0x0400,0x1B00,0x60C0},{0x7E40,0x4240,0x4240,0x7E40,0x0840,0xFF40,0x0040,0x0400,0x7FC0,0x1B00,0x60C0},
{0x7E40,0x4240,0x4240,0x7E40,0x0840,0xFF40,0x0000,0x7FC0,0x0040,0x7FC0,0x0040},{0x7E40,0x4240,0x7E40,0x0840,0xFF40,0x0000,0x7FC0,0x4000,0x7FC0,0x4000,0x7FC0},{0x7E40,0x4240,0x4240,0x7E40,0x0840,0xFF40,0x0000,0x7FC0,0x1100,0x1100,0x7FC0},{0x7E40,0x4240,0x4240,0x7E40,0x0840,0xFF40,0x0400,0x7FC0,0x1F00,0x2080,0x1F00},
{0x7FC0,0x4040,0x4040,0x4040,0x4040,0x4040,0x7FC0,0x1100,0x1100,0xFFE0,0x0000},{0x7FC0,0x4040,0x4040,0x7FC0,0x1100,0xFFE0,0x0000,0x7FC0,0x0040,0x0040,0x0040},{0x7FC0,0x4040,0x4040,0x7FC0,0x1100,0xFFE0,0x0000,0x7FC0,0x0440,0x0440,0x0440},{0x7FC0,0x4040,0x4040,0x7FC0,0x1100,0xFFE0,0x0000,0x7900,0x0900,0x0A80,0x0C40},
{0x7FC0,0x4040,0x4040,0x7FC0,0x1100,0xFFE0,0x0000,0x4000,0x4000,0x4000,0x7FC0},{0x7FC0,0x4040,0x4040,0x7FC0,0x1100,0xFFE0,0x0000,0x47C0,0x4100,0x4280,0x7C40},{0x7FC0,0x4040,0x4040,0x7FC0,0x1100,0xFFE0,0x0100,0x47C0,0x4380,0x4440,0x7B80},{0x7FC0,0x4040,0x4040,0x7FC0,0x1100,0xFFE0,0x0000,0x7FC0,0x4000,0x4000,0x7FC0},
{0x7FC0,0x4040,0x7FC0,0x1100,0xFFE0,0x0000,0x7FC0,0x0040,0x7FC0,0x4000,0x7FC0},{0x7FC0,0x4040,0x7FC0,0x1100,0xFFE0,0x0000,0x7BC0,0x0840,0x7840,0x4040,0x7840},{0x7FC0,0x4040,0x7FC0,0x1100,0xFFE0,0x0000,0x7BC0,0x0A40,0x7A40,0x4240,0x7BC0},{0x7FC0,0x4040,0x7FC0,0x1100,0xFFE0,0x0000,0x7A40,0x0A40,0x7BC0,0x4240,0x7BC0},
{0x7FC0,0x4040,0x7FC0,0x1100,0xFFE0,0x0000,0x7900,0x0900,0x7900,0x4280,0x7C40},{0x7FC0,0x4040,0x7FC0,0x1100,0xFFE0,0x0000,0x7BC0,0x0A00,0x7BC0,0x4200,0x7BC0},{0x7FC0,0x4040,0x7FC0,0x1100,0xFFE0,0x0000,0x7FC0,0x0A80,0x7A80,0x4280,0x7FC0},{0x7FC0,0x4040,0x7FC0,0x1100,0xFFE0,0x0000,0x7900,0x0FC0,0x7B80,0x4440,0x7B80},
{0x7FC0,0x4040,0x4040,0x7FC0,0x1100,0xFFE0,0x0000,0x7FC0,0x4040,0x4040,0x7FC0},{0x7FC0,0x4040,0x4040,0x7FC0,0x1100,0xFFE0,0x0000,0x4040,0x7FC0,0x4040,0x7FC0},{0x7FC0,0x4040,0x4040,0x7FC0,0x1100,0xFFE0,0x0000,0x4900,0x7900,0x4A80,0x7C40},{0x7FC0,0x4040,0x4040,0x7FC0,0x1100,0xFFE0,0x0000,0x0400,0x0400,0x1B00,0x60C0},
{0x7FC0,0x4040,0x4040,0x7FC0,0x1100,0xFFE0,0x0000,0x1100,0x1100,0x2A80,0x4440},{0x7FC0,0x4040,0x4040,0x7FC0,0x1100,0xFFE0,0x0000,0x3F80,0x4040,0x4040,0x3F80},{0x7FC0,0x4040,0x4040,0x7FC0,0x1100,0xFFE0,0x0000,0x7FC0,0x0400,0x1B00,0x60C0},{0x7FC0,0x4040,0x4040,0x7FC0,0x1100,0xFFE0,0x0000,0x0400,0x7FC0,0x1B00,0x60C0},
{0x7FC0,0x4040,0x4040,0x7FC0,0x1100,0xFFE0,0x0000,0x7FC0,0x0040,0x7FC0,0x0040},{0x7FC0,0x4040,0x7FC0,0x1100,0xFFE0,0x0000,0x7FC0,0x4000,0x7FC0,0x4000,0x7FC0},{0x7FC0,0x4040,0x4040,0x7FC0,0x1100,0xFFE0,0x0000,0x7FC0,0x1100,0x1100,0x7FC0},{0x7FC0,0x4040,0x4040,0x7FC0,0x1100,0xFFE0,0x0400,0x7FC0,0x1F00,0x2080,0x1F00},
{0x7FC0,0x4040,0x4040,0x4040,0x7FC0,0x0000,0xFFE0,0x0400,0x0400,0x0400,0x0400},{0x7FC0,0x4040,0x4040,0x7FC0,0x0000,0xFFE0,0x0400,0x7FC0,0x0040,0x0040,0x0040},{0x7FC0,0x4040,0x4040,0x7FC0,0x0000,0xFFE0,0x0400,0x7FC0,0x0440,0x0440,0x0440},{0x7FC0,0x4040,0x4040,0x7FC0,0x0000,0xFFE0,0x0400,0x7900,0x0900,0x0A80,0x0C40},
{0x7FC0,0x4040,0x4040,0x7FC0,0x0000,0xFFE0,0x0400,0x4400,0x4000,0x4000,0x7FC0},{0x7FC0,0x4040,0x4040,0x7FC0,0x0000,0xFFE0,0x0400,0x47C0,0x4100,0x4280,0x7C40},{0x7FC0,0x4040,0x4040,0x7FC0,0x0000,0xFFE0,0x0500,0x47C0,0x4380,0x4440,0x7B80},{0x7FC0,0x4040,0x4040,0x7FC0,0x0000,0xFFE0,0x0400,0x7FC0,0x4000,0x4000,0x7FC0},
{0x7FC0,0x4040,0x7FC0,0x0000,0xFFE0,0x0400,0x7FC0,0x0040,0x7FC0,0x4000,0x7FC0},{0x7FC0,0x4040,0x7FC0,0x0000,0xFFE0,0x0400,0x7BC0,0x0840,0x7840,0x4040,0x7840},{0x7FC0,0x4040,0x7FC0,0x0000,0xFFE0,0x0400,0x7BC0,0x0A40,0x7A40,0x4240,0x7BC0},{0x7FC0,0x4040,0x7FC0,0x0000,0xFFE0,0x0400,0x7A40,0x0A40,0x7BC0,0x4240,0x7BC0},
{0x7FC0,0x4040,0x7FC0,0x0000,0xFFE0,0x0400,0x7900,0x0900,0x7900,0x4280,0x7C40},{0x7FC0,0x4040,0x7FC0,0x0000,0xFFE0,0x0400,0x7BC0,0x0A00,0x7BC0,0x4200,0x7BC0},{0x7FC0,0x4040,0x7FC0,0x0000,0xFFE0,0x0400,0x7FC0,0x0A80,0x7A80,0x4280,0x7FC0},{0x7FC0,0x4040,0x7FC0,0x0000,0xFFE0,0x0400,0x7900,0x0FC0,0x7B80,0x4440,0x7B80},
{0x7FC0,0x4040,0x4040,0x7FC0,0x0000,0xFFE0,0x0400,0x7FC0,0x4040,0x4040,0x7FC0},{0x7FC0,0x4040,0x4040,0x7FC0,0x0000,0xFFE0,0x0400,0x4040,0x7FC0,0x4040,0x7FC0},{0x7FC0,0x4040,0x4040,0x7FC0,0x0000,0xFFE0,0x0400,0x4900,0x7900,0x4A80,0x7C40},{0x7FC0,0x4040,0x4040,0x7FC0,0x0000,0xFFE0,0x0400,0x0000,0x0400,0x1B00,0x60C0},
{0x7FC0,0x4040,0x4040,0x7FC0,0x0000,0xFFE0,0x0400,0x1500,0x1100,0x2A80,0x4440},{0x7FC0,0x4040,0x4040,0x7FC0,0x0000,0xFFE0,0x0400,0x3F80,0x4040,0x4040,0x3F80},{0x7FC0,0x4040,0x4040,0x7FC0,0x0000,0xFFE0,0x0400,0x7FC0,0x0400,0x1B00,0x60C0},{0x7FC0,0x4040,0x7FC0,0x0000,0xFFE0,0x0400,0x0000,0x0400,0x7FC0,0x1B00,0x60C0},
{0x7FC0,0x4040,0x4040,0x7FC0,0x0000,0xFFE0,0x0400,0x7FC0,0x0040,0x7FC0,0x0040},{0x7FC0,0x4040,0x7FC0,0x0000,0xFFE0,0x0400,0x7FC0,0x4000,0x7FC0,0x4000,0x7FC0},{0x7FC0,0x4040,0x4040,0x7FC0,0x0000,0xFFE0,0x0400,0x7FC0,0x1100,0x1100,0x7FC0},{0x7FC0,0x4040,0x7FC0,0x0000,0xFFE0,0x0400,0x0400,0x7FC0,0x1F00,0x2080,0x1F00},
{0x7E40,0x4240,0x4240,0x4240,0x7E40,0x0040,0xFF40,0x1040,0x13C0,0x1040,0x1040},{0x7E40,0x4240,0x7E40,0x0040,0xFF40,0x11C0,0x1040,0x7FC0,0x0040,0x0040,0x0040},{0x7E40,0x4240,0x7E40,0x0040,0xFF40,0x11C0,0x1040,0x7FC0,0x0440,0x0440,0x0440},{0x7E40,0x4240,0x7E40,0x0040,0xFF40,0x11C0,0x1040,0x7900,0x0900,0x0A80,0x0C40},
{0x7E40,0x4240,0x7E40,0x0040,0xFF40,0x1040,0x11C0,0x5040,0x4000,0x4000,0x7FC0},{0x7E40,0x4240,0x7E40,0x0040,0xFF40,0x11C0,0x1040,0x47C0,0x4100,0x4280,0x7C40},{0x7E40,0x4240,0x7E40,0x0040,0xFF40,0x11C0,0x1140,0x47C0,0x4380,0x4440,0x7B80},{0x7E40,0x4240,0x7E40,0x0040,0xFF40,0x11C0,0x1040,0x7FC0,0x4000,0x4000,0x7FC0},
{0x7E40,0x4240,0x7E40,0xFF40,0x11C0,0x1040,0x7FC0,0x0040,0x7FC0,0x4000,0x7FC0},{0x7E40,0x4240,0x7E40,0xFF40,0x11C0,0x1040,0x7BC0,0x0840,0x7840,0x4040,0x7840},{0x7E40,0x4240,0x7E40,0xFF40,0x11C0,0x1040,0x7BC0,0x0A40,0x7A40,0x4240,0x7BC0},{0x7E40,0x4240,0x7E40,0xFF40,0x11C0,0x1040,0x7A40,0x0A40,0x7BC0,0x4240,0x7BC0},
{0x7E40,0x4240,0x7E40,0xFF40,0x11C0,0x1040,0x7900,0x0900,0x7900,0x4280,0x7C40},{0x7E40,0x4240,0x7E40,0xFF40,0x11C0,0x1040,0x7BC0,0x0A00,0x7BC0,0x4200,0x7BC0},{0x7E40,0x4240,0x7E40,0xFF40,0x11C0,0x1040,0x7FC0,0x0A80,0x7A80,0x4280,0x7FC0},{0x7E40,0x4240,0x7E40,0xFF40,0x11C0,0x1040,0x7900,0x0FC0,0x7B80,0x4440,0x7B80},
{0x7E40,0x4240,0x7E40,0x0040,0xFF40,0x11C0,0x1040,0x7FC0,0x4040,0x4040,0x7FC0},{0x7E40,0x4240,0x7E40,0x0040,0xFF40,0x11C0,0x1040,0x4040,0x7FC0,0x4040,0x7FC0},{0x7E40,0x4240,0x7E40,0x0040,0xFF40,0x11C0,0x1040,0x4900,0x7900,0x4A80,0x7C40},{0x7E40,0x4240,0x7E40,0x0040,0xFF40,0x1040,0x11C0,0x1440,0x0400,0x1B00,0x60C0},
{0x7E40,0x4240,0x7E40,0x0040,0xFF40,0x11C0,0x1040,0x0000,0x1100,0x2A80,0x4440},{0x7E40,0x4240,0x7E40,0x0040,0xFF40,0x11C0,0x1040,0x3F80,0x4040,0x4040,0x3F80},{0x7E40,0x4240,0x7E40,0x0040,0xFF40,0x11C0,0x1040,0x7FC0,0x0400,0x1B00,0x60C0},{0x7E40,0x4240,0x7E40,0x0040,0xFF40,0x11C0,0x1040,0x0400,0x7FC0,0x1B00,0x60C0},
{0x7E40,0x4240,0x7E40,0x0040,0xFF40,0x11C0,0x1040,0x7FC0,0x0040,0x7FC0,0x0040},{0x7E40,0x4240,0x7E40,0xFF40,0x11C0,0x1040,0x7FC0,0x4000,0x7FC0,0x4000,0x7FC0},{0x7E40,0x4240,0x7E40,0x0040,0xFF40,0x11C0,0x1040,0x7FC0,0x1100,0x1100,0x7FC0},{0x7E40,0x4240,0x7E40,0x0040,0xFF40,0x11C0,0x1440,0x7FC0,0x1F00,0x2080,0x1F00},
{0xFD40,0x8540,0x8540,0x8540,0xFD40,0x0140,0xFD40,0x1140,0x1740,0x1140,0x1140},{0xFD40,0x8540,0xFD40,0x0140,0xFD40,0x1740,0x1140,0x7FC0,0x0040,0x0040,0x0040},{0xFD40,0x8540,0xFD40,0x0140,0xFD40,0x1740,0x1140,0x7FC0,0x0440,0x0440,0x0440},{0xFD40,0x8540,0xFD40,0x0140,0xFD40,0x1740,0x1140,0x7800,0x0900,0x0A80,0x0C40},
{0xFD40,0x8540,0xFD40,0x0140,0xFD40,0x1140,0x1740,0x5140,0x4000,0x4000,0x7FC0},{0xFD40,0x8540,0xFD40,0x0140,0xFD40,0x1740,0x1140,0x47C0,0x4100,0x4280,0x7C40},{0xFD40,0x8540,0xFD40,0x0140,0xFD40,0x1740,0x1140,0x47C0,0x4380,0x4440,0x7B80},{0xFD40,0x8540,0xFD40,0x0140,0xFD40,0x1740,0x1140,0x7FC0,0x4000,0x4000,0x7FC0},
{0x7D40,0x4540,0x7D40,0xFD40,0x1740,0x1140,0x7FC0,0x0040,0x7FC0,0x4000,0x7FC0},{0x7D40,0x4540,0x7D40,0xFD40,0x1740,0x1140,0x7BC0,0x0840,0x7840,0x4040,0x7840},{0x7D40,0x4540,0x7D40,0xFD40,0x1740,0x1140,0x7BC0,0x0A40,0x7A40,0x4240,0x7BC0},{0x7D40,0x4540,0x7D40,0xFD40,0x1740,0x1140,0x7A40,0x0A40,0x7BC0,0x4240,0x7BC0},
{0x7D40,0x4540,0x7D40,0xFD40,0x1740,0x1140,0x7800,0x0900,0x7900,0x4280,0x7C40},{0x7D40,0x4540,0x7D40,0xFD40,0x1740,0x1140,0x7BC0,0x0A00,0x7BC0,0x4200,0x7BC0},{0x7D40,0x4540,0x7D40,0xFD40,0x1740,0x1140,0x7FC0,0x0A80,0x7A80,0x4280,0x7FC0},{0x7D40,0x4540,0x7D40,0xFD40,0x1740,0x1140,0x7900,0x0FC0,0x7B80,0x4440,0x7B80},
{0xFD40,0x8540,0xFD40,0x0140,0xFD40,0x1740,0x1140,0x7FC0,0x4040,0x4040,0x7FC0},{0xFD40,0x8540,0xFD40,0x0140,0xFD40,0x1740,0x1140,0x4040,0x7FC0,0x4040,0x7FC0},{0xFD40,0x8540,0xFD40,0x0140,0xFD40,0x1740,0x1140,0x4800,0x7900,0x4A80,0x7C40},{0xFD40,0x8540,0xFD40,0x0140,0xFD40,0x1740,0x1140,0x1540,0x0400,0x1B00,0x60C0},
{0xFD40,0x8540,0xFD40,0x0140,0xFD40,0x1740,0x1140,0x0000,0x1100,0x2A80,0x4440},{0xFD40,0x8540,0xFD40,0x0140,0xFD40,0x1740,0x1140,0x3F80,0x4040,0x4040,0x3F80},{0xFD40,0x8540,0xFD40,0x0140,0xFD40,0x1740,0x1140,0x7FC0,0x0400,0x1B00,0x60C0},{0xFD40,0x8540,0xFD40,0x0140,0xFD40,0x1740,0x1140,0x0400,0x7FC0,0x1B00,0x60C0},
{0xFD40,0x8540,0xFD40,0x0140,0xFD40,0x1740,0x1140,0x7FC0,0x0040,0x7FC0,0x0040},{0x7D40,0x4540,0x7D40,0xFD40,0x1740,0x1140,0x7FC0,0x4000,0x7FC0,0x4000,0x7FC0},{0xFD40,0x8540,0xFD40,0x0140,0xFD40,0x1740,0x1140,0x7FC0,0x1100,0x1100,0x7FC0},{0xFD40,0x8540,0xFD40,0x0140,0xFD40,0x1740,0x1540,0x7FC0,0x1F00,0x2080,0x1F00},
{0x7E40,0x4240,0x4240,0x4240,0x7E40,0x0040,0xFF40,0x0840,0x0840,0x0840,0x0840},{0x7E40,0x4240,0x4240,0x7E40,0x0040,0xFF40,0x0800,0x7FC0,0x0040,0x0040,0x0040},{0x7E40,0x4240,0x4240,0x7E40,0x0040,0xFF40,0x0800,0x7FC0,0x0440,0x0440,0x0440},{0x7E40,0x4240,0x4240,0x7E40,0x0040,0xFF40,0x1040,0x7900,0x0900,0x0A80,0x0C40},
{0x7E40,0x4240,0x4240,0x7E40,0x0040,0xFF40,0x0840,0x4840,0x4000,0x4000,0x7FC0},{0x7E40,0x4240,0x4240,0x7E40,0x0040,0xFF40,0x1000,0x57C0,0x4100,0x4280,0x7C40},{0x7E40,0x4240,0x4240,0x7E40,0x0040,0xFF40,0x1100,0x57C0,0x4380,0x4440,0x7B80},{0x7E40,0x4240,0x4240,0x7E40,0x0040,0xFF40,0x0800,0x7FC0,0x4000,0x4000,0x7FC0},
{0x7E40,0x4240,0x7E40,0x0040,0xFF40,0x0800,0x7FC0,0x0040,0x7FC0,0x4000,0x7FC0},{0x7E40,0x4240,0x7E40,0x0040,0xFF40,0x1000,0x7BC0,0x0840,0x7840,0x4040,0x7840},{0x7E40,0x4240,0x7E40,0x0040,0xFF40,0x1000,0x7BC0,0x0A40,0x7A40,0x4240,0x7BC0},{0x7E40,0x4240,0x7E40,0x0040,0xFF40,0x1000,0x7A40,0x0A40,0x7BC0,0x4240,0x7BC0},
{0x7E40,0x4240,0x7E40,0x0040,0xFF40,0x1040,0x7900,0x0900,0x7900,0x4280,0x7C40},{0x7E40,0x4240,0x7E40,0x0040,0xFF40,0x1000,0x7BC0,0x0A00,0x7BC0,0x4200,0x7BC0},{0x7E40,0x4240,0x7E40,0x0040,0xFF40,0x1000,0x7FC0,0x0A80,0x7A80,0x4280,0x7FC0},{0x7E40,0x4240,0x7E40,0x0040,0xFF40,0x1040,0x7900,0x0FC0,0x7B80,0x4440,0x7B80},
{0x7E40,0x4240,0x4240,0x7E40,0x0040,0xFF40,0x0800,0x7FC0,0x4040,0x4040,0x7FC0},{0x7E40,0x4240,0x4240,0x7E40,0x0040,0xFF40,0x0800,0x4040,0x7FC0,0x4040,0x7FC0},{0x7E40,0x4240,0x4240,0x7E40,0x0040,0xFF40,0x1040,0x4900,0x7900,0x4A80,0x7C40},{0x7E40,0x4240,0x4240,0x7E40,0x0040,0xFF40,0x1040,0x1440,0x0400,0x1B00,0x60C0},
{0x7E40,0x4240,0x4240,0x7E40,0x0040,0xFF40,0x0840,0x0840,0x1100,0x2A80,0x4440},{0x7E40,0x4240,0x4240,0x7E40,0x0040,0xFF40,0x0800,0x3F80,0x4040,0x4040,0x3F80},{0x7E40,0x4240,0x4240,0x7E40,0x0040,0xFF40,0x0800,0x7FC0,0x0400,0x1B00,0x60C0},{0x7E40,0x4240,0x4240,0x7E40,0x0040,0xFF40,0x1040,0x0400,0x7FC0,0x1B00,0x60C0},
{0x7E40,0x4240,0x4240,0x7E40,0x0040,0xFF40,0x0800,0x7FC0,0x0040,0x7FC0,0x0040},{0x7E40,0x4240,0x7E40,0x0040,0xFF40,0x0800,0x7FC0,0x4000,0x7FC0,0x4000,0x7FC0},{0x7E40,0x4240,0x4240,0x7E40,0x0040,0xFF40,0x0800,0x7FC0,0x1100,0x1100,0x7FC0},{0x7E40,0x4240,0x7E40,0x0040,0xFF40,0x1040,0x0400,0x7FC0,0x1F00,0x2080,0x1F00},
{0x7FC0,0x4040,0x4040,0x4040,0x7FC0,0x0000,0xFFE0,0x1100,0x1100,0x1100,0x1100},{0x7FC0,0x4040,0x4040,0x7FC0,0x0000,0xFFE0,0x1100,0x7FC0,0x0040,0x0040,0x0040},{0x7FC0,0x4040,0x4040,0x7FC0,0x0000,0xFFE0,0x1100,0x7FC0,0x0440,0x0440,0x0440},{0x7FC0,0x4040,0x4040,0x7FC0,0x0000,0xFFE0,0x1100,0x7800,0x0900,0x0A80,0x0C40},
{0x7FC0,0x4040,0x4040,0x7FC0,0x0000,0xFFE0,0x1100,0x5100,0x4000,0x4000,0x7FC0},{0x7FC0,0x4040,0x4040,0x7FC0,0x0000,0xFFE0,0x1100,0x57C0,0x4100,0x4280,0x7C40},{0x7FC0,0x4040,0x4040,0x7FC0,0x0000,0xFFE0,0x1100,0x57C0,0x4380,0x4440,0x7B80},{0x7FC0,0x4040,0x4040,0x7FC0,0x0000,0xFFE0,0x1100,0x7FC0,0x4000,0x4000,0x7FC0},
{0x7FC0,0x4040,0x7FC0,0x0000,0xFFE0,0x1100,0x7FC0,0x0040,0x7FC0,0x4000,0x7FC0},{0x7FC0,0x4040,0x7FC0,0x0000,0xFFE0,0x1100,0x7BC0,0x0840,0x7840,0x4040,0x7840},{0x7FC0,0x4040,0x7FC0,0x0000,0xFFE0,0x1100,0x7BC0,0x0A40,0x7A40,0x4240,0x7BC0},{0x7FC0,0x4040,0x7FC0,0x0000,0xFFE0,0x1100,0x7A40,0x0A40,0x7BC0,0x4240,0x7BC0},
{0x7FC0,0x4040,0x7FC0,0x0000,0xFFE0,0x1100,0x7800,0x0900,0x7900,0x4280,0x7C40},{0x7FC0,0x4040,0x7FC0,0x0000,0xFFE0,0x1100,0x7BC0,0x0A00,0x7BC0,0x4200,0x7BC0},{0x7FC0,0x4040,0x7FC0,0x0000,0xFFE0,0x1100,0x7FC0,0x0A80,0x7A80,0x4280,0x7FC0},{0x7FC0,0x4040,0x7FC0,0x0000,0xFFE0,0x1100,0x7900,0x0FC0,0x7B80,0x4440,0x7B80},
{0x7FC0,0x4040,0x4040,0x7FC0,0x0000,0xFFE0,0x1100,0x7FC0,0x4040,0x4040,0x7FC0},{0x7FC0,0x4040,0x4040,0x7FC0,0x0000,0xFFE0,0x1100,0x4040,0x7FC0,0x4040,0x7FC0},{0x7FC0,0x4040,0x4040,0x7FC0,0x0000,0xFFE0,0x1100,0x4800,0x7900,0x4A80,0x7C40},{0x7FC0,0x4040,0x4040,0x7FC0,0x0000,0xFFE0,0x1100,0x1500,0x0400,0x1B00,0x60C0},
{0x7FC0,0x4040,0x4040,0x7FC0,0x0000,0xFFE0,0x1100,0x0000,0x1100,0x2A80,0x4440},{0x7FC0,0x4040,0x4040,0x7FC0,0x0000,0xFFE0,0x1100,0x3F80,0x4040,0x4040,0x3F80},{0x7FC0,0x4040,0x4040,0x7FC0,0x0000,0xFFE0,0x1100,0x7FC0,0x0400,0x1B00,0x60C0},{0x7FC0,0x4040,0x4040,0x7FC0,0x0000,0xFFE0,0x1100,0x0400,0x7FC0,0x1B00,0x60C0},
{0x7FC0,0x4040,0x4040,0x7FC0,0x0000,0xFFE0,0x1100,0x7FC0,0x0040,0x7FC0,0x0040},{0x7FC0,0x4040,0x7FC0,0x0000,0xFFE0,0x1100,0x7FC0,0x4000,0x7FC0,0x4000,0x7FC0},{0x7FC0,0x4040,0x4040,0x7FC0,0x0000,0xFFE0,0x1100,0x7FC0,0x1100,0x1100,0x7FC0},{0x7FC0,0x4040,0x7FC0,0x0000,0xFFE0,0x1100,0x0400,0x7FC0,0x1F00,0x2080,0x1F00},
{0x7FC0,0x4040,0x4040,0x4040,0x4040,0x4040,0x7FC0,0x0000,0x0000,0xFFE0,0x0000},{0x7FC0,0x4040,0x4040,0x7FC0,0x0000,0xFFE0,0x0000,0x7FC0,0x0040,0x0040,0x0040},{0x7FC0,0x4040,0x4040,0x7FC0,0x0000,0xFFE0,0x0000,0x7FC0,0x0440,0x0440,0x0440},{0x7FC0,0x4040,0x4040,0x7FC0,0x0000,0xFFE0,0x0000,0x7900,0x0900,0x0A80,0x0C40},
{0x7FC0,0x4040,0x4040,0x7FC0,0x0000,0xFFE0,0x0000,0x4000,0x4000,0x4000,0x7FC0},{0x7FC0,0x4040,0x4040,0x7FC0,0x0000,0xFFE0,0x0000,0x47C0,0x4100,0x4280,0x7C40},{0x7FC0,0x4040,0x4040,0x7FC0,0x0000,0xFFE0,0x0100,0x47C0,0x4380,0x4440,0x7B80},{0x7FC0,0x4040,0x4040,0x7FC0,0x0000,0xFFE0,0x0000,0x7FC0,0x4000,0x4000,0x7FC0},
{0x7FC0,0x4040,0x7FC0,0x0000,0xFFE0,0x0000,0x7FC0,0x0040,0x7FC0,0x4000,0x7FC0},{0x7FC0,0x4040,0x7FC0,0x0000,0xFFE0,0x0000,0x7BC0,0x0840,0x7840,0x4040,0x7840},{0x7FC0,0x4040,0x7FC0,0x0000,0xFFE0,0x0000,0x7BC0,0x0A40,0x7A40,0x4240,0x7BC0},{0x7FC0,0x4040,0x7FC0,0x0000,0xFFE0,0x0000,0x7A40,0x0A40,0x7BC0,0x4240,0x7BC0},
{0x7FC0,0x4040,0x7FC0,0x0000,0xFFE0,0x0000,0x7900,0x0900,0x7900,0x4280,0x7C40},{0x7FC0,0x4040,0x7FC0,0x0000,0xFFE0,0x0000,0x7BC0,0x0A00,0x7BC0,0x4200,0x7BC0},{0x7FC0,0x4040,0x7FC0,0x0000,0xFFE0,0x0000,0x7FC0,0x0A80,0x7A80,0x4280,0x7FC0},{0x7FC0,0x4040,0x7FC0,0x0000,0xFFE0,0x0000,0x7900,0x0FC0,0x7B80,0x4440,0x7B80},
{0x7FC0,0x4040,0x4040,0x7FC0,0x0000,0xFFE0,0x0000,0x7FC0,0x4040,0x4040,0x7FC0},{0x7FC0,0x4040,0x4040,0x7FC0,0x0000,0xFFE0,0x0000,0x4040,0x7FC0,0x4040,0x7FC0},{0x7FC0,0x4040,0x4040,0x7FC0,0x0000,0xFFE0,0x0000,0x4900,0x7900,0x4A80,0x7C40},{0x7FC0,0x4040,0x4040,0x7FC0,0x0000,0xFFE0,0x0000,0x0400,0x0400,0x1B00,0x60C0},
{0x7FC0,0x4040,0x4040,0x7FC0,0x0000,0xFFE0,0x0000,0x1100,0x1100,0x2A80,0x4440},{0x7FC0,0x4040,0x4040,0x7FC0,0x0000,0xFFE0,0x0000,0x3F80,0x4040,0x4040,0x3F80},{0x7FC0,0x4040,0x4040,0x7FC0,0x0000,0xFFE0,0x0000,0x7FC0,0x0400,0x1B00,0x60C0},{0x7FC0,0x4040,0x4040,0x7FC0,0x0000,0xFFE0,0x0000,0x0400,0x7FC0,0x1B00,0x60C0},
{0x7FC0,0x4040,0x4040,0x7FC0,0x0000,0xFFE0,0x0000,0x7FC0,0x0040,0x7FC0,0x0040},{0x7FC0,0x4040,0x7FC0,0x0000,0xFFE0,0x0000,0x7FC0,0x4000,0x7FC0,0x4000,0x7FC0},{0x7FC0,0x4040,0x4040,0x7FC0,0x0000,0xFFE0,0x0000,0x7FC0,0x1100,0x1100,0x7FC0},{0x7FC0,0x4040,0x4040,0x7FC0,0x0000,0xFFE0,0x0400,0x7FC0,0x1F00,0x2080,0x1F00},
{0xFE40,0x8240,0x8240,0x8240,0x8240,0x8240,0xFE40,0x0040,0x0040,0xFF40,0x0040},{0x7E40,0x4240,0x4240,0x7E40,0x0040,0xFF40,0x0000,0x7FC0,0x0040,0x0040,0x0040},{0x7E40,0x4240,0x4240,0x7E40,0x0040,0xFF40,0x0000,0x7FC0,0x0440,0x0440,0x0440},{0x7E40,0x4240,0x4240,0x7E40,0x0040,0xFF40,0x0040,0x7900,0x0900,0x0A80,0x0C40},
{0x7E40,0x4240,0x4240,0x7E40,0x0040,0xFF40,0x0040,0x4040,0x4000,0x4000,0x7FC0},{0x7E40,0x4240,0x4240,0x7E40,0x0040,0xFF40,0x0000,0x47C0,0x4100,0x4280,0x7C40},{0x7E40,0x4240,0x4240,0x7E40,0x0040,0xFF40,0x0100,0x47C0,0x4380,0x4440,0x7B80},{0x7E40,0x4240,0x4240,0x7E40,0x0040,0xFF40,0x0000,0x7FC0,0x4000,0x4000,0x7FC0},
{0x7E40,0x4240,0x7E40,0x0040,0xFF40,0x0000,0x7FC0,0x0040,0x7FC0,0x4000,0x7FC0},{0x7E40,0x4240,0x7E40,0x0040,0xFF40,0x0000,0x7BC0,0x0840,0x7840,0x4040,0x7840},{0x7E40,0x4240,0x7E40,0x0040,0xFF40,0x0000,0x7BC0,0x0A40,0x7A40,0x4240,0x7BC0},{0x7E40,0x4240,0x7E40,0x0040,0xFF40,0x0000,0x7A40,0x0A40,0x7BC0,0x4240,0x7BC0},
{0x7E40,0x4240,0x7E40,0x0040,0xFF40,0x0040,0x7900,0x0900,0x7900,0x4280,0x7C40},{0x7E40,0x4240,0x7E40,0x0040,0xFF40,0x0000,0x7BC0,0x0A00,0x7BC0,0x4200,0x7BC0},{0x7E40,0x4240,0x7E40,0x0040,0xFF40,0x0000,0x7FC0,0x0A80,0x7A80,0x4280,0x7FC0},{0x7E40,0x4240,0x7E40,0x0040,0xFF40,0x0040,0x7900,0x0FC0,0x7B80,0x4440,0x7B80},
{0x7E40,0x4240,0x4240,0x7E40,0x0040,0xFF40,0x0000,0x7FC0,0x4040,0x4040,0x7FC0},{0x7E40,0x4240,0x4240,0x7E40,0x0040,0xFF40,0x0000,0x4040,0x7FC0,0x4040,0x7FC0},{0x7E40,0x4240,0x4240,0x7E40,0x0040,0xFF40,0x0040,0x4900,0x7900,0x4A80,0x7C40},{0x7E40,0x4240,0x4240,0x7E40,0x0040,0xFF40,0x0040,0x0440,0x0400,0x1B00,0x60C0},
{0x7E40,0x4240,0x4240,0x7E40,0x0040,0xFF40,0x0040,0x1100,0x1100,0x2A80,0x4440},{0x7E40,0x4240,0x4240,0x7E40,0x0040,0xFF40,0x0000,0x3F80,0x4040,0x4040,0x3F80},{0x7E40,0x4240,0x4240,0x7E40,0x0040,0xFF40,0x0000,0x7FC0,0x0400,0x1B00,0x60C0},{0x7E40,0x4240,0x4240,0x7E40,0x0040,0xFF40,0x0040,0x0400,0x7FC0,0x1B00,0x60C0},
{0x7E40,0x4240,0x4240,0x7E40,0x0040,0xFF40,0x0000,0x7FC0,0x0040,0x7FC0,0x0040},{0x7E40,0x4240,0x7E40,0x0040,0xFF40,0x0000,0x7FC0,0x4000,0x7FC0,0x4000,0x7FC0},{0x7E40,0x4240,0x4240,0x7E40,0x0040,0xFF40,0x0000,0x7FC0,0x1100,0x1100,0x7FC0},{0x7E40,0x4240,0x4240,0x7E40,0x0040,0xFF40,0x0400,0x7FC0,0x1F00,0x2080,0x1F00},
{0xFE40,0x8240,0x8240,0x8240,0x8240,0x8240,0x8240,0x8240,0x8240,0xFE40,0x0040},{0xFC40,0x8440,0x8440,0x8440,0x8440,0xFC40,0x0000,0x7FC0,0x0040,0x0040,0x0040},{0xFC40,0x8440,0x8440,0x8440,0x8440,0xFC40,0x0000,0x7FC0,0x0440,0x0440,0x0440},{0xFC40,0x8440,0x8440,0x8440,0x8440,0xFC40,0x0040,0x7900,0x0900,0x0A80,0x0C40},
{0xFC40,0x8440,0x8440,0x8440,0x8440,0xFC40,0x0040,0x4040,0x4000,0x4000,0x7FC0},{0xFC40,0x8440,0x8440,0x8440,0x8440,0xFC40,0x0000,0x47C0,0x4100,0x4280,0x7C40},{0xFC40,0x8440,0x8440,0x8440,0x8440,0xFC40,0x0100,0x47C0,0x4380,0x4440,0x7B80},{0xFC40,0x8440,0x8440,0x8440,0x8440,0xFC40,0x0000,0x7FC0,0x4000,0x4000,0x7FC0},
{0xFC40,0x8440,0x8440,0x8440,0xFC40,0x0000,0x7FC0,0x0040,0x7FC0,0x4000,0x7FC0},{0xFC40,0x8440,0x8440,0x8440,0xFC40,0x0000,0x7BC0,0x0840,0x7840,0x4040,0x7840},{0xFC40,0x8440,0x8440,0x8440,0xFC40,0x0000,0x7BC0,0x0A40,0x7A40,0x4240,0x7BC0},{0xFC40,0x8440,0x8440,0x8440,0xFC40,0x0000,0x7A40,0x0A40,0x7BC0,0x4240,0x7BC0},
{0xFC40,0x8440,0x8440,0x8440,0xFC40,0x0040,0x7900,0x0900,0x7900,0x4280,0x7C40},{0xFC40,0x8440,0x8440,0x8440,0xFC40,0x0000,0x7BC0,0x0A00,0x7BC0,0x4200,0x7BC0},{0xFC40,0x8440,0x8440,0x8440,0xFC40,0x0000,0x7FC0,0x0A80,0x7A80,0x4280,0x7FC0},{0xFC40,0x8440,0x8440,0x8440,0xFC40,0x0040,0x7900,0x0FC0,0x7B80,0x4440,0x7B80},
{0xFC40,0x8440,0x8440,0x8440,0x8440,0xFC40,0x0000,0x7FC0,0x4040,0x4040,0x7FC0},{0xFC40,0x8440,0x8440,0x8440,0x8440,0xFC40,0x0000,0x4040,0x7FC0,0x4040,0x7FC0},{0xFC40,0x8440,0x8440,0x8440,0x8440,0xFC40,0x0040,0x4900,0x7900,0x4A80,0x7C40},{0xFC40,0x8440,0x8440,0x8440,0x8440,0xFC40,0x0040,0x0440,0x0400,0x1B00,0x60C0},
{0xFC40,0x8440,0x8440,0x8440,0x8440,0xFC40,0x0040,0x1100,0x1100,0x2A80,0x4440},{0xFC40,0x8440,0x8440,0x8440,0x8440,0xFC40,0x0000,0x3F80,0x4040,0x4040,0x3F80},{0xFC40,0x8440,0x8440,0x8440,0x8440,0xFC40,0x0000,0x7FC0,0x0400,0x1B00,0x60C0},{0xFC40,0x8440,0x8440,0x8440,0x8440,0xFC40,0x0040,0x0400,0x7FC0,0x1B00,0x60C0},
{0xFC40,0x8440,0x8440,0x8440,0x8440,0xFC40,0x0000,0x7FC0,0x0040,0x7FC0,0x0040},{0xFC40,0x8440,0x8440,0x8440,0xFC40,0x0000,0x7FC0,0x4000,0x7FC0,0x4000,0x7FC0},{0xFC40,0x8440,0x8440,0x8440,0x8440,0xFC40,0x0000,0x7FC0,0x1100,0x1100,0x7FC0},{0xFC40,0x8440,0x8440,0x8440,0x8440,0xFC40,0x0400,0x7FC0,0x1F00,0x2080,0x1F00},
{0x8240,0x8240,0x8240,0x8240,0xFE40,0x8260,0x8240,0x8240,0x8240,0xFE40,0x0040},{0x8440,0x8440,0xFC60,0x8440,0x8440,0xFC40,0x0000,0x7FC0,0x0040,0x0040,0x0040},{0x8440,0x8440,0xFC60,0x8440,0x8440,0xFC40,0x0000,0x7FC0,0x0440,0x0440,0x0440},{0x8440,0x8440,0xFC60,0x8440,0x8440,0xFC40,0x0040,0x7900,0x0900,0x0A80,0x0C40},
{0x8440,0x8440,0xFC40,0x8460,0x8440,0xFC40,0x0040,0x4040,0x4000,0x4000,0x7FC0},{0x8440,0x8440,0xFC60,0x8440,0x8440,0xFC40,0x0000,0x47C0,0x4100,0x4280,0x7C40},{0x8440,0x8440,0xFC60,0x8440,0x8440,0xFC40,0x0100,0x47C0,0x4380,0x4440,0x7B80},{0x8440,0x8440,0xFC60,0x8440,0x8440,0xFC40,0x0000,0x7FC0,0x4000,0x4000,0x7FC0},
{0x8440,0xFC40,0x8460,0x8440,0xFC40,0x0000,0x7FC0,0x0040,0x7FC0,0x4000,0x7FC0},{0x8440,0xFC40,0x8460,0x8440,0xFC40,0x0000,0x7BC0,0x0840,0x7840,0x4040,0x7840},{0x8440,0xFC40,0x8460,0x8440,0xFC40,0x0000,0x7BC0,0x0A40,0x7A40,0x4240,0x7BC0},{0x8440,0xFC40,0x8460,0x8440,0xFC40,0x0000,0x7A40,0x0A40,0x7BC0,0x4240,0x7BC0},
{0x8440,0xFC40,0x8460,0x8440,0xFC40,0x0040,0x7900,0x0900,0x7900,0x4280,0x7C40},{0x8440,0xFC40,0x8460,0x8440,0xFC40,0x0000,0x7BC0,0x0A00,0x7BC0,0x4200,0x7BC0},{0x8440,0xFC40,0x8460,0x8440,0xFC40,0x0000,0x7FC0,0x0A80,0x7A80,0x4280,0x7FC0},{0x8440,0xFC40,0x8460,0x8440,0xFC40,0x0040,0x7900,0x0FC0,0x7B80,0x4440,0x7B80},
{0x8440,0x8440,0xFC60,0x8440,0x8440,0xFC40,0x0000,0x7FC0,0x4040,0x4040,0x7FC0},{0x8440,0x8440,0xFC60,0x8440,0x8440,0xFC40,0x0000,0x4040,0x7FC0,0x4040,0x7FC0},{0x8440,0x8440,0xFC60,0x8440,0x8440,0xFC40,0x0040,0x4900,0x7900,0x4A80,0x7C40},{0x8440,0x8440,0xFC40,0x8460,0x8440,0xFC40,0x0040,0x0440,0x0400,0x1B00,0x60C0},
{0x8440,0x8440,0xFC60,0x8440,0x8440,0xFC40,0x0040,0x1100,0x1100,0x2A80,0x4440},{0x8440,0x8440,0xFC60,0x8440,0x8440,0xFC40,0x0000,0x3F80,0x4040,0x4040,0x3F80},{0x8440,0x8440,0xFC60,0x8440,0x8440,0xFC40,0x0000,0x7FC0,0x0400,0x1B00,0x60C0},{0x8440,0x8440,0xFC60,0x8440,0x8440,0xFC40,0x0040,0x0400,0x7FC0,0x1B00,0x60C0},
{0x8440,0x8440,0xFC60,0x8440,0x8440,0xFC40,0x0000,0x7FC0,0x0040,0x7FC0,0x0040},{0x8440,0xFC40,0x8460,0x8440,0xFC40,0x0000,0x7FC0,0x4000,0x7FC0,0x4000,0x7FC0},{0x8440,0x8440,0xFC60,0x8440,0x8440,0xFC40,0x0000,0x7FC0,0x1100,0x1100,0x7FC0},{0x8440,0x8440,0xFC60,0x8440,0x8440,0xFC40,0x0400,0x7FC0,0x1F00,0x2080,0x1F00},
{0x8540,0x8540,0x8540,0x8540,0xFD40,0x85C0,0x8540,0x8540,0x8540,0xFD40,0x0140},{0x8540,0x8540,0xFDC0,0x8540,0x8540,0xFD40,0x0000,0x7FC0,0x0040,0x0040,0x0040},{0x8540,0x8540,0xFDC0,0x8540,0x8540,0xFD40,0x0000,0x7FC0,0x0440,0x0440,0x0440},{0x8540,0x8540,0xFDC0,0x8540,0x8540,0xFD40,0x0000,0x7900,0x0900,0x0A80,0x0C40},
{0x8540,0x8540,0xFD40,0x85C0,0x8540,0xFD40,0x0140,0x4140,0x4000,0x4000,0x7FC0},{0x8540,0x8540,0xFDC0,0x8540,0x8540,0xFD40,0x0000,0x47C0,0x4100,0x4280,0x7C40},{0x8540,0x8540,0xFDC0,0x8540,0x8540,0xFD40,0x0100,0x47C0,0x4380,0x4440,0x7B80},{0x8540,0x8540,0xFDC0,0x8540,0x8540,0xFD40,0x0000,0x7FC0,0x4000,0x4000,0x7FC0},
{0x8540,0xFD40,0x85C0,0x8540,0xFD40,0x0000,0x7FC0,0x0040,0x7FC0,0x4000,0x7FC0},{0x8540,0xFD40,0x85C0,0x8540,0xFD40,0x0000,0x7BC0,0x0840,0x7840,0x4040,0x7840},{0x8540,0xFD40,0x85C0,0x8540,0xFD40,0x0000,0x7BC0,0x0A40,0x7A40,0x4240,0x7BC0},{0x8540,0xFD40,0x85C0,0x8540,0xFD40,0x0000,0x7A40,0x0A40,0x7BC0,0x4240,0x7BC0},
{0x8540,0xFD40,0x85C0,0x8540,0xFD40,0x0000,0x7900,0x0900,0x7900,0x4280,0x7C40},{0x8540,0xFD40,0x85C0,0x8540,0xFD40,0x0000,0x7BC0,0x0A00,0x7BC0,0x4200,0x7BC0},{0x8540,0xFD40,0x85C0,0x8540,0xFD40,0x0000,0x7FC0,0x0A80,0x7A80,0x4280,0x7FC0},{0x8540,0xFD40,0x85C0,0x8540,0xFD40,0x0000,0x7900,0x0FC0,0x7B80,0x4440,0x7B80},
{0x8540,0x8540,0xFDC0,0x8540,0x8540,0xFD40,0x0000,0x7FC0,0x4040,0x4040,0x7FC0},{0x8540,0x8540,0xFDC0,0x8540,0x8540,0xFD40,0x0000,0x4040,0x7FC0,0x4040,0x7FC0},{0x8540,0x8540,0xFDC0,0x8540,0x8540,0xFD40,0x0000,0x4900,0x7900,0x4A80,0x7C40},{0x8540,0x8540,0xFD40,0x85C0,0x8540,0xFD40,0x0140,0x0540,0x0400,0x1B00,0x60C0},
{0x8540,0x8540,0xFDC0,0x8540,0x8540,0xFD40,0x0000,0x1100,0x1100,0x2A80,0x4440},{0x8540,0x8540,0xFDC0,0x8540,0x8540,0xFD40,0x0000,0x3F80,0x4040,0x4040,0x3F80},{0x8540,0x8540,0xFDC0,0x8540,0x8540,0xFD40,0x0000,0x7FC0,0x0400,0x1B00,0x60C0},{0x8540,0x8540,0xFDC0,0x8540,0x8540,0xFD40,0x0140,0x0400,0x7FC0,0x1B00,0x60C0},
{0x8540,0x8540,0xFDC0,0x8540,0x8540,0xFD40,0x0000,0x7FC0,0x0040,0x7FC0,0x0040},{0x8540,0xFD40,0x85C0,0x8540,0xFD40,0x0000,0x7FC0,0x4000,0x7FC0,0x4000,0x7FC0},{0x8540,0x8540,0xFDC0,0x8540,0x8540,0xFD40,0x0000,0x7FC0,0x1100,0x1100,0x7FC0},{0x8540,0x8540,0xFDC0,0x8540,0x8540,0xFD40,0x0400,0x7FC0,0x1F00,0x2080,0x1F00},
{0x8240,0x8240,0x8240,0x8260,0xFE40,0x8240,0x8240,0x8260,0x8240,0xFE40,0x0040},{0x8440,0x8460,0xFC40,0x8460,0x8440,0xFC40,0x0000,0x7FC0,0x0040,0x0040,0x0040},{0x8440,0x8460,0xFC40,0x8460,0x8440,0xFC40,0x0000,0x7FC0,0x0440,0x0440,0x0440},{0x8440,0x8460,0xFC40,0x8460,0x8440,0xFC40,0x0040,0x7900,0x0900,0x0A80,0x0C40},
{0x8440,0x8440,0xFC60,0x8440,0x8460,0xFC40,0x0040,0x4040,0x4000,0x4000,0x7FC0},{0x8440,0x8460,0xFC40,0x8460,0x8440,0xFC40,0x0000,0x47C0,0x4100,0x4280,0x7C40},{0x8440,0x8460,0xFC40,0x8460,0x8440,0xFC40,0x0100,0x47C0,0x4380,0x4440,0x7B80},{0x8440,0x8460,0xFC40,0x8460,0x8440,0xFC40,0x0000,0x7FC0,0x4000,0x4000,0x7FC0},
{0x8440,0xFC60,0x8440,0x8460,0xFC40,0x0000,0x7FC0,0x0040,0x7FC0,0x4000,0x7FC0},{0x8440,0xFC60,0x8440,0x8460,0xFC40,0x0000,0x7BC0,0x0840,0x7840,0x4040,0x7840},{0x8440,0xFC60,0x8440,0x8460,0xFC40,0x0000,0x7BC0,0x0A40,0x7A40,0x4240,0x7BC0},{0x8440,0xFC60,0x8440,0x8460,0xFC40,0x0000,0x7A40,0x0A40,0x7BC0,0x4240,0x7BC0},
{0x8440,0xFC60,0x8440,0x8460,0xFC40,0x0040,0x7900,0x0900,0x7900,0x4280,0x7C40},{0x8440,0xFC60,0x8440,0x8460,0xFC40,0x0000,0x7BC0,0x0A00,0x7BC0,0x4200,0x7BC0},{0x8440,0xFC60,0x8440,0x8460,0xFC40,0x0000,0x7FC0,0x0A80,0x7A80,0x4280,0x7FC0},{0x8440,0xFC60,0x8440,0x8460,0xFC40,0x0040,0x7900,0x0FC0,0x7B80,0x4440,0x7B80},
{0x8440,0x8460,0xFC40,0x8460,0x8440,0xFC40,0x0000,0x7FC0,0x4040,0x4040,0x7FC0},{0x8440,0x8460,0xFC40,0x8460,0x8440,0xFC40,0x0000,0x4040,0x7FC0,0x4040,0x7FC0},{0x8440,0x8460,0xFC40,0x8460,0x8440,0xFC40,0x0040,0x4900,0x7900,0x4A80,0x7C40},{0x8440,0x8440,0xFC60,0x8440,0x8460,0xFC40,0x0040,0x0440,0x0400,0x1B00,0x60C0},
{0x8440,0x8460,0xFC40,0x8460,0x8440,0xFC40,0x0040,0x1100,0x1100,0x2A80,0x4440},{0x8440,0x8460,0xFC40,0x8460,0x8440,0xFC40,0x0000,0x3F80,0x4040,0x4040,0x3F80},{0x8440,0x8460,0xFC40,0x8460,0x8440,0xFC40,0x0000,0x7FC0,0x0400,0x1B00,0x60C0},{0x8440,0x8460,0xFC40,0x8460,0x8440,0xFC40,0x0040,0x0400,0x7FC0,0x1B00,0x60C0},
{0x8440,0x8460,0xFC40,0x8460,0x8440,0xFC40,0x0000,0x7FC0,0x0040,0x7FC0,0x0040},{0x8440,0xFC60,0x8440,0x8460,0xFC40,0x0000,0x7FC0,0x4000,0x7FC0,0x4000,0x7FC0},{0x8440,0x8460,0xFC40,0x8460,0x8440,0xFC40,0x0000,0x7FC0,0x1100,0x1100,0x7FC0},{0x8440,0x8460,0xFC40,0x8460,0x8440,0xFC40,0x0400,0x7FC0,0x1F00,0x2080,0x1F00},
{0x8540,0x8540,0x8540,0x85C0,0xFD40,0x8540,0x8540,0x85C0,0x8540,0xFD40,0x0140},{0x8540,0x85C0,0xFD40,0x85C0,0x8540,0xFD40,0x0000,0x7FC0,0x0040,0x0040,0x0040},{0x8540,0x85C0,0xFD40,0x85C0,0x8540,0xFD40,0x0000,0x7FC0,0x0440,0x0440,0x0440},{0x8540,0x85C0,0xFD40,0x85C0,0x8540,0xFD40,0x0000,0x7900,0x0900,0x0A80,0x0C40},
{0x8540,0x8540,0xFDC0,0x8540,0x85C0,0xFD40,0x0140,0x4140,0x4000,0x4000,0x7FC0},{0x8540,0x85C0,0xFD40,0x85C0,0x8540,0xFD40,0x0000,0x47C0,0x4100,0x4280,0x7C40},{0x8540,0x85C0,0xFD40,0x85C0,0x8540,0xFD40,0x0100,0x47C0,0x4380,0x4440,0x7B80},{0x8540,0x85C0,0xFD40,0x85C0,0x8540,0xFD40,0x0000,0x7FC0,0x4000,0x4000,0x7FC0},
{0x8540,0xFDC0,0x8540,0x85C0,0xFD40,0x0000,0x7FC0,0x0040,0x7FC0,0x4000,0x7FC0},{0x8540,0xFDC0,0x8540,0x85C0,0xFD40,0x0000,0x7BC0,0x0840,0x7840,0x4040,0x7840},{0x8540,0xFDC0,0x8540,0x85C0,0xFD40,0x0000,0x7BC0,0x0A40,0x7A40,0x4240,0x7BC0},{0x8540,0xFDC0,0x8540,0x85C0,0xFD40,0x0000,0x7A40,0x0A40,0x7BC0,0x4240,0x7BC0},
{0x8540,0xFDC0,0x8540,0x85C0,0xFD40,0x0000,0x7900,0x0900,0x7900,0x4280,0x7C40},{0x8540,0xFDC0,0x8540,0x85C0,0xFD40,0x0000,0x7BC0,0x0A00,0x7BC0,0x4200,0x7BC0},{0x8540,0xFDC0,0x8540,0x85C0,0xFD40,0x0000,0x7FC0,0x0A80,0x7A80,0x4280,0x7FC0},{0x8540,0xFDC0,0x8540,0x85C0,0xFD40,0x0000,0x7900,0x0FC0,0x7B80,0x4440,0x7B80},
{0x8540,0x85C0,0xFD40,0x85C0,0x8540,0xFD40,0x0000,0x7FC0,0x4040,0x4040,0x7FC0},{0x8540,0x85C0,0xFD40,0x85C0,0x8540,0xFD40,0x0000,0x4040,0x7FC0,0x4040,0x7FC0},{0x8540,0x85C0,0xFD40,0x85C0,0x8540,0xFD40,0x0000,0x4900,0x7900,0x4A80,0x7C40},{0x8540,0x8540,0xFDC0,0x8540,0x85C0,0xFD40,0x0140,0x0540,0x0400,0x1B00,0x60C0},
{0x8540,0x85C0,0xFD40,0x85C0,0x8540,0xFD40,0x0000,0x1100,0x1100,0x2A80,0x4440},{0x8540,0x85C0,0xFD40,0x85C0,0x8540,0xFD40,0x0000,0x3F80,0x4040,0x4040,0x3F80},{0x8540,0x85C0,0xFD40,0x85C0,0x8540,0xFD40,0x0000,0x7FC0,0x0400,0x1B00,0x60C0},{0x8540,0x85C0,0xFD40,0x85C0,0x8540,0xFD40,0x0140,0x0400,0x7FC0,0x1B00,0x60C0},
{0x8540,0x85C0,0xFD40,0x85C0,0x8540,0xFD40,0x0000,0x7FC0,0x0040,0x7FC0,0x0040},{0x8540,0xFDC0,0x8540,0x85C0,0xFD40,0x0000,0x7FC0,0x4000,0x7FC0,0x4000,0x7FC0},{0x8540,0x85C0,0xFD40,0x85C0,0x8540,0xFD40,0x0000,0x7FC0,0x1100,0x1100,0x7FC0},{0x8540,0x85C0,0xFD40,0x85C0,0x8540,0xFD40,0x0400,0x7FC0,0x1F00,0x2080,0x1F00},
{0x8240,0x8240,0x8240,0x8240,0xFFC0,0x8240,0x8240,0x8240,0x8240,0xFE40,0x0040},{0x8440,0x8440,0xFDC0,0x8440,0x8440,0xFC40,0x0000,0x7FC0,0x0040,0x0040,0x0040},{0x8440,0x8440,0xFDC0,0x8440,0x8440,0xFC40,0x0000,0x7FC0,0x0440,0x0440,0x0440},{0x8440,0x8440,0xFDC0,0x8440,0x8440,0xFC40,0x0040,0x7900,0x0900,0x0A80,0x0C40},
{0x8440,0x8440,0xFC40,0x85C0,0x8440,0xFC40,0x0040,0x4040,0x4000,0x4000,0x7FC0},{0x8440,0x8440,0xFDC0,0x8440,0x8440,0xFC40,0x0000,0x47C0,0x4100,0x4280,0x7C40},{0x8440,0x8440,0xFDC0,0x8440,0x8440,0xFC40,0x0100,0x47C0,0x4380,0x4440,0x7B80},{0x8440,0x8440,0xFDC0,0x8440,0x8440,0xFC40,0x0000,0x7FC0,0x4000,0x4000,0x7FC0},
{0x8440,0xFC40,0x85C0,0x8440,0xFC40,0x0000,0x7FC0,0x0040,0x7FC0,0x4000,0x7FC0},{0x8440,0xFC40,0x85C0,0x8440,0xFC40,0x0000,0x7BC0,0x0840,0x7840,0x4040,0x7840},{0x8440,0xFC40,0x85C0,0x8440,0xFC40,0x0000,0x7BC0,0x0A40,0x7A40,0x4240,0x7BC0},{0x8440,0xFC40,0x85C0,0x8440,0xFC40,0x0000,0x7A40,0x0A40,0x7BC0,0x4240,0x7BC0},
{0x8440,0xFC40,0x85C0,0x8440,0xFC40,0x0040,0x7900,0x0900,0x7900,0x4280,0x7C40},{0x8440,0xFC40,0x85C0,0x8440,0xFC40,0x0000,0x7BC0,0x0A00,0x7BC0,0x4200,0x7BC0},{0x8440,0xFC40,0x85C0,0x8440,0xFC40,0x0000,0x7FC0,0x0A80,0x7A80,0x4280,0x7FC0},{0x8440,0xFC40,0x85C0,0x8440,0xFC40,0x0040,0x7900,0x0FC0,0x7B80,0x4440,0x7B80},
{0x8440,0x8440,0xFDC0,0x8440,0x8440,0xFC40,0x0000,0x7FC0,0x4040,0x4040,0x7FC0},{0x8440,0x8440,0xFDC0,0x8440,0x8440,0xFC40,0x0000,0x4040,0x7FC0,0x4040,0x7FC0},{0x8440,0x8440,0xFDC0,0x8440,0x8440,0xFC40,0x0040,0x4900,0x7900,0x4A80,0x7C40},{0x8440,0x8440,0xFC40,0x85C0,0x8440,0xFC40,0x0040,0x0440,0x0400,0x1B00,0x60C0},
{0x8440,0x8440,0xFDC0,0x8440,0x8440,0xFC40,0x0040,0x1100,0x1100,0x2A80,0x4440},{0x8440,0x8440,0xFDC0,0x8440,0x8440,0xFC40,0x0000,0x3F80,0x4040,0x4040,0x3F80},{0x8440,0x8440,0xFDC0,0x8440,0x8440,0xFC40,0x0000,0x7FC0,0x0400,0x1B00,0x60C0},{0x8440,0x8440,0xFDC0,0x8440,0x8440,0xFC40,0x0040,0x0400,0x7FC0,0x1B00,0x60C0},
{0x8440,0x8440,0xFDC0,0x8440,0x8440,0xFC40,0x0000,0x7FC0,0x0040,0x7FC0,0x0040},{0x8440,0xFC40,0x85C0,0x8440,0xFC40,0x0000,0x7FC0,0x4000,0x7FC0,0x4000,0x7FC0},{0x8440,0x8440,0xFDC0,0x8440,0x8440,0xFC40,0x0000,0x7FC0,0x1100,0x1100,0x7FC0},{0x8440,0x8440,0xFDC0,0x8440,0x8440,0xFC40,0x0400,0x7FC0,0x1F00,0x2080,0x1F00},
{0x8940,0x8940,0x8940,0x8940,0xFF40,0x8940,0x8940,0x8940,0x8940,0xF940,0x0140},{0x8940,0x8940,0xFF40,0x8940,0x8940,0xF940,0x0000,0x7FC0,0x0040,0x0040,0x0040},{0x8940,0x8940,0xFF40,0x8940,0x8940,0xF940,0x0000,0x7FC0,0x0440,0x0440,0x0440},{0x8940,0x8940,0xFF40,0x8940,0x8940,0xF940,0x0000,0x7900,0x0900,0x0A80,0x0C40},
{0x8940,0x8940,0xF940,0x8F40,0x8940,0xF940,0x0140,0x4140,0x4000,0x4000,0x7FC0},{0x8940,0x8940,0xFF40,0x8940,0x8940,0xF940,0x0000,0x47C0,0x4100,0x4280,0x7C40},{0x8940,0x8940,0xFF40,0x8940,0x8940,0xF940,0x0100,0x47C0,0x4380,0x4440,0x7B80},{0x8940,0x8940,0xFF40,0x8940,0x8940,0xF940,0x0000,0x7FC0,0x4000,0x4000,0x7FC0},
{0x8940,0xF940,0x8F40,0x8940,0xF940,0x0000,0x7FC0,0x0040,0x7FC0,0x4000,0x7FC0},{0x8940,0xF940,0x8F40,0x8940,0xF940,0x0000,0x7BC0,0x0840,0x7840,0x4040,0x7840},{0x8940,0xF940,0x8F40,0x8940,0xF940,0x0000,0x7BC0,0x0A40,0x7A40,0x4240,0x7BC0},{0x8940,0xF940,0x8F40,0x8940,0xF940,0x0000,0x7A40,0x0A40,0x7BC0,0x4240,0x7BC0},
{0x8940,0xF940,0x8F40,0x8940,0xF940,0x0000,0x7900,0x0900,0x7900,0x4280,0x7C40},{0x8940,0xF940,0x8F40,0x8940,0xF940,0x0000,0x7BC0,0x0A00,0x7BC0,0x4200,0x7BC0},{0x8940,0xF940,0x8F40,0x8940,0xF940,0x0000,0x7FC0,0x0A80,0x7A80,0x4280,0x7FC0},{0x8940,0xF940,0x8F40,0x8940,0xF940,0x0000,0x7900,0x0FC0,0x7B80,0x4440,0x7B80},
{0x8940,0x8940,0xFF40,0x8940,0x8940,0xF940,0x0000,0x7FC0,0x4040,0x4040,0x7FC0},{0x8940,0x8940,0xFF40,0x8940,0x8940,0xF940,0x0000,0x4040,0x7FC0,0x4040,0x7FC0},{0x8940,0x8940,0xFF40,0x8940,0x8940,0xF940,0x0000,0x4900,0x7900,0x4A80,0x7C40},{0x8940,0x8940,0xF940,0x8F40,0x8940,0xF940,0x0140,0x0540,0x0400,0x1B00,0x60C0},
{0x8940,0x8940,0xFF40,0x8940,0x8940,0xF940,0x0000,0x1100,0x1100,0x2A80,0x4440},{0x8940,0x8940,0xFF40,0x8940,0x8940,0xF940,0x0000,0x3F80,0x4040,0x4040,0x3F80},{0x8940,0x8940,0xFF40,0x8940,0x8940,0xF940,0x0000,0x7FC0,0x0400,0x1B00,0x60C0},{0x8940,0x8940,0xFF40,0x8940,0x8940,0xF940,0x0140,0x0400,0x7FC0,0x1B00,0x60C0},
{0x8940,0x8940,0xFF40,0x8940,0x8940,0xF940,0x0000,0x7FC0,0x0040,0x7FC0,0x0040},{0x8940,0xF940,0x8F40,0x8940,0xF940,0x0000,0x7FC0,0x4000,0x7FC0,0x4000,0x7FC0},{0x8940,0x8940,0xFF40,0x8940,0x8940,0xF940,0x0000,0x7FC0,0x1100,0x1100,0x7FC0},{0x8940,0x8940,0xFF40,0x8940,0x8940,0xF940,0x0400,0x7FC0,0x1F00,0x2080,0x1F00},
{0x8240,0x8240,0x8240,0x83C0,0xFE40,0x8240,0x83C0,0x8240,0x8240,0xFE40,0x0040},{0x8440,0x85C0,0xFC40,0x85C0,0x8440,0xFC40,0x0000,0x7FC0,0x0040,0x0040,0x0040},{0x8440,0x85C0,0xFC40,0x85C0,0x8440,0xFC40,0x0000,0x7FC0,0x0440,0x0440,0x0440},{0x8440,0x85C0,0xFC40,0x85C0,0x8440,0xFC40,0x0040,0x7900,0x0900,0x0A80,0x0C40},
{0x8440,0x8440,0xFDC0,0x8440,0x85C0,0xFC40,0x0040,0x4040,0x4000,0x4000,0x7FC0},{0x8440,0x85C0,0xFC40,0x85C0,0x8440,0xFC40,0x0000,0x47C0,0x4100,0x4280,0x7C40},{0x8440,0x85C0,0xFC40,0x85C0,0x8440,0xFC40,0x0100,0x47C0,0x4380,0x4440,0x7B80},{0x8440,0x85C0,0xFC40,0x85C0,0x8440,0xFC40,0x0000,0x7FC0,0x4000,0x4000,0x7FC0},
{0x8440,0xFDC0,0x8440,0x85C0,0xFC40,0x0000,0x7FC0,0x0040,0x7FC0,0x4000,0x7FC0},{0x8440,0xFDC0,0x8440,0x85C0,0xFC40,0x0000,0x7BC0,0x0840,0x7840,0x4040,0x7840},{0x8440,0xFDC0,0x8440,0x85C0,0xFC40,0x0000,0x7BC0,0x0A40,0x7A40,0x4240,0x7BC0},{0x8440,0xFDC0,0x8440,0x85C0,0xFC40,0x0000,0x7A40,0x0A40,0x7BC0,0x4240,0x7BC0},
{0x8440,0xFDC0,0x8440,0x85C0,0xFC40,0x0040,0x7900,0x0900,0x7900,0x4280,0x7C40},{0x8440,0xFDC0,0x8440,0x85C0,0xFC40,0x0000,0x7BC0,0x0A00,0x7BC0,0x4200,0x7BC0},{0x8440,0xFDC0,0x8440,0x85C0,0xFC40,0x0000,0x7FC0,0x0A80,0x7A80,0x4280,0x7FC0},{0x8440,0xFDC0,0x8440,0x85C0,0xFC40,0x0040,0x7900,0x0FC0,0x7B80,0x4440,0x7B80},
{0x8440,0x85C0,0xFC40,0x85C0,0x8440,0xFC40,0x0000,0x7FC0,0x4040,0x4040,0x7FC0},{0x8440,0x85C0,0xFC40,0x85C0,0x8440,0xFC40,0x0000,0x4040,0x7FC0,0x4040,0x7FC0},{0x8440,0x85C0,0xFC40,0x85C0,0x8440,0xFC40,0x0040,0x4900,0x7900,0x4A80,0x7C40},{0x8440,0x8440,0xFDC0,0x8440,0x85C0,0xFC40,0x0040,0x0440,0x0400,0x1B00,0x60C0},
{0x8440,0x85C0,0xFC40,0x85C0,0x8440,0xFC40,0x0040,0x1100,0x1100,0x2A80,0x4440},{0x8440,0x85C0,0xFC40,0x85C0,0x8440,0xFC40,0x0000,0x3F80,0x4040,0x4040,0x3F80},{0x8440,0x85C0,0xFC40,0x85C0,0x8440,0xFC40,0x0000,0x7FC0,0x0400,0x1B00,0x60C0},{0x8440,0x8440,0xFDC0,0x8440,0x85C0,0xFC40,0x0040,0x0400,0x7FC0,0x1B00,0x60C0},
{0x8440,0x85C0,0xFC40,0x85C0,0x8440,0xFC40,0x0000,0x7FC0,0x0040,0x7FC0,0x0040},{0x8440,0xFDC0,0x8440,0x85C0,0xFC40,0x0000,0x7FC0,0x4000,0x7FC0,0x4000,0x7FC0},{0x8440,0x85C0,0xFC40,0x85C0,0x8440,0xFC40,0x0000,0x7FC0,0x1100,0x1100,0x7FC0},{0x8440,0x85C0,0xFC40,0x85C0,0x8440,0xFC40,0x0400,0x7FC0,0x1F00,0x2080,0x1F00},
{0x8940,0x8940,0x8940,0xFF40,0x8940,0x8940,0x8F40,0x8940,0x8940,0xF940,0x0140},{0x8940,0x8F40,0xF940,0x8F40,0x8940,0xF940,0x0000,0x7FC0,0x0040,0x0040,0x0040},{0x8940,0x8F40,0xF940,0x8F40,0x8940,0xF940,0x0000,0x7FC0,0x0440,0x0440,0x0440},{0x8940,0x8F40,0xF940,0x8F40,0x8940,0xF940,0x0000,0x7900,0x0900,0x0A80,0x0C40},
{0x8940,0x8940,0xFF40,0x8940,0x8F40,0xF940,0x0140,0x4140,0x4000,0x4000,0x7FC0},{0x8940,0x8F40,0xF940,0x8F40,0x8940,0xF940,0x0000,0x47C0,0x4100,0x4280,0x7C40},{0x8940,0x8F40,0xF940,0x8F40,0x8940,0xF940,0x0100,0x47C0,0x4380,0x4440,0x7B80},{0x8940,0x8F40,0xF940,0x8F40,0x8940,0xF940,0x0000,0x7FC0,0x4000,0x4000,0x7FC0},
{0x8940,0xFF40,0x8940,0x8F40,0xF940,0x0000,0x7FC0,0x0040,0x7FC0,0x4000,0x7FC0},{0x8940,0xFF40,0x8940,0x8F40,0xF940,0x0000,0x7BC0,0x0840,0x7840,0x4040,0x7840},{0x8940,0xFF40,0x8940,0x8F40,0xF940,0x0000,0x7BC0,0x0A40,0x7A40,0x4240,0x7BC0},{0x8940,0xFF40,0x8940,0x8F40,0xF940,0x0000,0x7A40,0x0A40,0x7BC0,0x4240,0x7BC0},
{0x8940,0xFF40,0x8940,0x8F40,0xF940,0x0000,0x7900,0x0900,0x7900,0x4280,0x7C40},{0x8940,0xFF40,0x8940,0x8F40,0xF940,0x0000,0x7BC0,0x0A00,0x7BC0,0x4200,0x7BC0},{0x8940,0xFF40,0x8940,0x8F40,0xF940,0x0000,0x7FC0,0x0A80,0x7A80,0x4280,0x7FC0},{0x8940,0xFF40,0x8940,0x8F40,0xF940,0x0000,0x7900,0x0FC0,0x7B80,0x4440,0x7B80},
{0x8940,0x8F40,0xF940,0x8F40,0x8940,0xF940,0x0000,0x7FC0,0x4040,0x4040,0x7FC0},{0x8940,0x8F40,0xF940,0x8F40,0x8940,0xF940,0x0000,0x4040,0x7FC0,0x4040,0x7FC0},{0x8940,0x8F40,0xF940,0x8F40,0x8940,0xF940,0x0000,0x4900,0x7900,0x4A80,0x7C40},{0x8940,0x8940,0xFF40,0x8940,0x8F40,0xF940,0x0140,0x0540,0x0400,0x1B00,0x60C0},
{0x8940,0x8F40,0xF940,0x8F40,0x8940,0xF940,0x0000,0x1100,0x1100,0x2A80,0x4440},{0x8940,0x8F40,0xF940,0x8F40,0x8940,0xF940,0x0000,0x3F80,0x4040,0x4040,0x3F80},{0x8940,0x8F40,0xF940,0x8F40,0x8940,0xF940,0x0000,0x7FC0,0x0400,0x1B00,0x60C0},{0x8940,0x8F40,0xF940,0x8F40,0x8940,0xF940,0x0140,0x0400,0x7FC0,0x1B00,0x60C0},
{0x8940,0x8F40,0xF940,0x8F40,0x8940,0xF940,0x0000,0x7FC0,0x0040,0x7FC0,0x0040},{0x8940,0xFF40,0x8940,0x8F40,0xF940,0x0000,0x7FC0,0x4000,0x7FC0,0x4000,0x7FC0},{0x8940,0x8F40,0xF940,0x8F40,0x8940,0xF940,0x0000,0x7FC0,0x1100,0x1100,0x7FC0},{0x8940,0x8F40,0xF940,0x8F40,0x8940,0xF940,0x0400,0x7FC0,0x1F00,0x2080,0x1F00},
{0x4040,0x4040,0x7FC0,0x4040,0x4040,0x4040,0x7FC0,0x0400,0x0400,0xFFE0,0x0000},{0x4040,0x7FC0,0x4040,0x7FC0,0x0400,0xFFE0,0x0000,0x7FC0,0x0040,0x0040,0x0040},{0x4040,0x7FC0,0x4040,0x7FC0,0x0400,0xFFE0,0x0000,0x7FC0,0x0440,0x0440,0x0440},{0x4040,0x7FC0,0x4040,0x7FC0,0x0400,0xFFE0,0x0000,0x7900,0x0900,0x0A80,0x0C40},
{0x4040,0x7FC0,0x4040,0x7FC0,0x0400,0xFFE0,0x0000,0x4000,0x4000,0x4000,0x7FC0},{0x4040,0x7FC0,0x4040,0x7FC0,0x0400,0xFFE0,0x0000,0x47C0,0x4100,0x4280,0x7C40},{0x4040,0x7FC0,0x4040,0x7FC0,0x0400,0xFFE0,0x0100,0x47C0,0x4380,0x4440,0x7B80},{0x4040,0x7FC0,0x4040,0x7FC0,0x0400,0xFFE0,0x0000,0x7FC0,0x4000,0x4000,0x7FC0},
{0x4040,0x7FC0,0x4040,0x7FC0,0x0400,0xFFE0,0x7FC0,0x0040,0x7FC0,0x4000,0x7FC0},{0x4040,0x7FC0,0x4040,0x7FC0,0x0400,0xFFE0,0x7BC0,0x0840,0x7840,0x4040,0x7840},{0x4040,0x7FC0,0x4040,0x7FC0,0x0400,0xFFE0,0x7BC0,0x0A40,0x7A40,0x4240,0x7BC0},{0x4040,0x7FC0,0x4040,0x7FC0,0x0400,0xFFE0,0x7A40,0x0A40,0x7BC0,0x4240,0x7BC0},
{0x4040,0x7FC0,0x4040,0x7FC0,0x0400,0xFFE0,0x7900,0x0900,0x7900,0x4280,0x7C40},{0x4040,0x7FC0,0x4040,0x7FC0,0x0400,0xFFE0,0x7BC0,0x0A00,0x7BC0,0x4200,0x7BC0},{0x4040,0x7FC0,0x4040,0x7FC0,0x0400,0xFFE0,0x7FC0,0x0A80,0x7A80,0x4280,0x7FC0},{0x4040,0x7FC0,0x4040,0x7FC0,0x0400,0xFFE0,0x7900,0x0FC0,0x7B80,0x4440,0x7B80},
{0x4040,0x7FC0,0x4040,0x7FC0,0x0400,0xFFE0,0x0000,0x7FC0,0x4040,0x4040,0x7FC0},{0x4040,0x7FC0,0x4040,0x7FC0,0x0400,0xFFE0,0x0000,0x4040,0x7FC0,0x4040,0x7FC0},{0x4040,0x7FC0,0x4040,0x7FC0,0x0400,0xFFE0,0x0000,0x4900,0x7900,0x4A80,0x7C40},{0x4040,0x7FC0,0x4040,0x7FC0,0x0400,0xFFE0,0x0000,0x0400,0x0400,0x1B00,0x60C0},
{0x4040,0x7FC0,0x4040,0x7FC0,0x0400,0xFFE0,0x0000,0x1100,0x1100,0x2A80,0x4440},{0x4040,0x7FC0,0x4040,0x7FC0,0x0400,0xFFE0,0x0000,0x3F80,0x4040,0x4040,0x3F80},{0x4040,0x7FC0,0x4040,0x7FC0,0x0400,0xFFE0,0x0000,0x7FC0,0x0400,0x1B00,0x60C0},{0x4040,0x7FC0,0x4040,0x7FC0,0x0400,0xFFE0,0x0000,0x0400,0x7FC0,0x1B00,0x60C0},
{0x4040,0x7FC0,0x4040,0x7FC0,0x0400,0xFFE0,0x0000,0x7FC0,0x0040,0x7FC0,0x0040},{0x4040,0x7FC0,0x4040,0x7FC0,0x0400,0xFFE0,0x7FC0,0x4000,0x7FC0,0x4000,0x7FC0},{0x4040,0x7FC0,0x4040,0x7FC0,0x0400,0xFFE0,0x0000,0x7FC0,0x1100,0x1100,0x7FC0},{0x4040,0x7FC0,0x4040,0x7FC0,0x0400,0xFFE0,0x0400,0x7FC0,0x1F00,0x2080,0x1F00},
{0x8240,0x8240,0xFE40,0x8240,0x8240,0xFE60,0x1040,0x1040,0x1040,0xFF40,0x0040},{0x4240,0x7E40,0x4260,0x7E40,0x0840,0xFF40,0x0000,0x7FC0,0x0040,0x0040,0x0040},{0x4240,0x7E40,0x4260,0x7E40,0x0840,0xFF40,0x0000,0x7FC0,0x0440,0x0440,0x0440},{0x4240,0x7E40,0x4260,0x7E40,0x0840,0xFF40,0x0040,0x7900,0x0900,0x0A80,0x0C40},
{0x4240,0x7E40,0x4240,0x7E60,0x0840,0xFF40,0x0040,0x4040,0x4000,0x4000,0x7FC0},{0x4240,0x7E40,0x4260,0x7E40,0x0840,0xFF40,0x0000,0x47C0,0x4100,0x4280,0x7C40},{0x4240,0x7E40,0x4260,0x7E40,0x0840,0xFF40,0x0100,0x47C0,0x4380,0x4440,0x7B80},{0x4240,0x7E40,0x4260,0x7E40,0x0840,0xFF40,0x0000,0x7FC0,0x4000,0x4000,0x7FC0},
{0x4240,0x7E40,0x4260,0x7E40,0x0840,0xFF40,0x7FC0,0x0040,0x7FC0,0x4000,0x7FC0},{0x4240,0x7E40,0x4260,0x7E40,0x0840,0xFF40,0x7BC0,0x0840,0x7840,0x4040,0x7840},{0x4240,0x7E40,0x4260,0x7E40,0x0840,0xFF40,0x7BC0,0x0A40,0x7A40,0x4240,0x7BC0},{0x4240,0x7E40,0x4260,0x7E40,0x0840,0xFF40,0x7A40,0x0A40,0x7BC0,0x4240,0x7BC0},
{0x4240,0x7E40,0x4260,0x7E40,0x0840,0xFF40,0x7840,0x0900,0x7900,0x4280,0x7C40},{0x4240,0x7E40,0x4260,0x7E40,0x0840,0xFF40,0x7BC0,0x0A00,0x7BC0,0x4200,0x7BC0},{0x4240,0x7E40,0x4260,0x7E40,0x0840,0xFF40,0x7FC0,0x0A80,0x7A80,0x4280,0x7FC0},{0x4240,0x7E40,0x4260,0x7E40,0x0840,0xFF40,0x7900,0x0FC0,0x7B80,0x4440,0x7B80},
{0x4240,0x7E40,0x4260,0x7E40,0x0840,0xFF40,0x0000,0x7FC0,0x4040,0x4040,0x7FC0},{0x4240,0x7E40,0x4260,0x7E40,0x0840,0xFF40,0x0000,0x4040,0x7FC0,0x4040,0x7FC0},{0x4240,0x7E40,0x4240,0x7E60,0x0840,0xFF40,0x0040,0x4900,0x7900,0x4A80,0x7C40},{0x4240,0x7E40,0x4240,0x7E60,0x0840,0xFF40,0x0040,0x0440,0x0400,0x1B00,0x60C0},
{0x4240,0x7E40,0x4260,0x7E40,0x0840,0xFF40,0x0040,0x1100,0x1100,0x2A80,0x4440},{0x4240,0x7E40,0x4260,0x7E40,0x0840,0xFF40,0x0000,0x3F80,0x4040,0x4040,0x3F80},{0x4240,0x7E40,0x4260,0x7E40,0x0840,0xFF40,0x0000,0x7FC0,0x0400,0x1B00,0x60C0},{0x4240,0x7E40,0x4260,0x7E40,0x0840,0xFF40,0x0040,0x0400,0x7FC0,0x1B00,0x60C0},
{0x4240,0x7E40,0x4260,0x7E40,0x0840,0xFF40,0x0000,0x7FC0,0x0040,0x7FC0,0x0040},{0x4240,0x7E40,0x4260,0x7E40,0x0840,0xFF40,0x7FC0,0x4000,0x7FC0,0x4000,0x7FC0},{0x4240,0x7E40,0x4260,0x7E40,0x0840,0xFF40,0x0000,0x7FC0,0x1100,0x1100,0x7FC0},{0x4240,0x7E40,0x4260,0x7E40,0x0840,0xFF40,0x0400,0x7FC0,0x1F00,0x2080,0x1F00},
{0x8540,0x8540,0xFD40,0x8540,0x8540,0xFDC0,0x1140,0x1140,0x1140,0xFD40,0x0140},{0x8540,0xFD40,0x85C0,0xFD40,0x1140,0xFD40,0x0000,0x7FC0,0x0040,0x0040,0x0040},{0x8540,0xFD40,0x85C0,0xFD40,0x1140,0xFD40,0x0000,0x7FC0,0x0440,0x0440,0x0440},{0x8540,0xFD40,0x85C0,0xFD40,0x1140,0xFD40,0x0000,0x7900,0x0900,0x0A80,0x0C40},
{0x8540,0xFD40,0x8540,0xFDC0,0x1140,0xFD40,0x0140,0x4140,0x4000,0x4000,0x7FC0},{0x8540,0xFD40,0x85C0,0xFD40,0x1140,0xFD40,0x0000,0x47C0,0x4100,0x4280,0x7C40},{0x8540,0xFD40,0x85C0,0xFD40,0x1140,0xFD40,0x0100,0x47C0,0x4380,0x4440,0x7B80},{0x8540,0xFD40,0x85C0,0xFD40,0x1140,0xFD40,0x0000,0x7FC0,0x4000,0x4000,0x7FC0},
{0x8540,0xFD40,0x85C0,0xFD40,0x1140,0xFD40,0x7FC0,0x0040,0x7FC0,0x4000,0x7FC0},{0x8540,0xFD40,0x85C0,0xFD40,0x1140,0xFD40,0x7BC0,0x0840,0x7840,0x4040,0x7840},{0x8540,0xFD40,0x85C0,0xFD40,0x1140,0xFD40,0x7BC0,0x0A40,0x7A40,0x4240,0x7BC0},{0x8540,0xFD40,0x85C0,0xFD40,0x1140,0xFD40,0x7A40,0x0A40,0x7BC0,0x4240,0x7BC0},
{0x8540,0xFD40,0x85C0,0xFD40,0x1140,0xFD40,0x7800,0x0900,0x7900,0x4280,0x7C40},{0x8540,0xFD40,0x85C0,0xFD40,0x1140,0xFD40,0x7BC0,0x0A00,0x7BC0,0x4200,0x7BC0},{0x8540,0xFD40,0x85C0,0xFD40,0x1140,0xFD40,0x7FC0,0x0A80,0x7A80,0x4280,0x7FC0},{0x8540,0xFD40,0x85C0,0xFD40,0x1140,0xFD40,0x7900,0x0FC0,0x7B80,0x4440,0x7B80},
{0x8540,0xFD40,0x85C0,0xFD40,0x1140,0xFD40,0x0000,0x7FC0,0x4040,0x4040,0x7FC0},{0x8540,0xFD40,0x85C0,0xFD40,0x1140,0xFD40,0x0000,0x4040,0x7FC0,0x4040,0x7FC0},{0x8540,0xFD40,0x85C0,0xFD40,0x1140,0xFD40,0x0000,0x4900,0x7900,0x4A80,0x7C40},{0x8540,0xFD40,0x8540,0xFDC0,0x1140,0xFD40,0x0140,0x0540,0x0400,0x1B00,0x60C0},
{0x8540,0xFD40,0x85C0,0xFD40,0x1140,0xFD40,0x0000,0x1100,0x1100,0x2A80,0x4440},{0x8540,0xFD40,0x85C0,0xFD40,0x1140,0xFD40,0x0000,0x3F80,0x4040,0x4040,0x3F80},{0x8540,0xFD40,0x85C0,0xFD40,0x1140,0xFD40,0x0000,0x7FC0,0x0400,0x1B00,0x60C0},{0x8540,0xFD40,0x85C0,0xFD40,0x1140,0xFD40,0x0140,0x0400,0x7FC0,0x1B00,0x60C0},
{0x8540,0xFD40,0x85C0,0xFD40,0x1140,0xFD40,0x0000,0x7FC0,0x0040,0x7FC0,0x0040},{0x8540,0xFD40,0x85C0,0xFD40,0x1140,0xFD40,0x7FC0,0x4000,0x7FC0,0x4000,0x7FC0},{0x8540,0xFD40,0x85C0,0xFD40,0x1140,0xFD40,0x0000,0x7FC0,0x1100,0x1100,0x7FC0},{0x8540,0xFD40,0x85C0,0xFD40,0x1140,0xFD40,0x0400,0x7FC0,0x1F00,0x2080,0x1F00},
{0x8240,0x8240,0xFE40,0x8240,0x8240,0xFE40,0x1040,0x1040,0x1040,0xFF40,0x0040},{0x4240,0x7E40,0x4240,0x7E40,0x0840,0xFF40,0x0000,0x7FC0,0x0040,0x0040,0x0040},{0x4240,0x7E40,0x4240,0x7E40,0x0840,0xFF40,0x0000,0x7FC0,0x0440,0x0440,0x0440},{0x4240,0x7E40,0x4240,0x7E40,0x0840,0xFF40,0x0040,0x7900,0x0900,0x0A80,0x0C40},
{0x4240,0x7E40,0x4240,0x7E40,0x0840,0xFF40,0x0040,0x4040,0x4000,0x4000,0x7FC0},{0x4240,0x7E40,0x4240,0x7E40,0x0840,0xFF40,0x0000,0x47C0,0x4100,0x4280,0x7C40},{0x4240,0x7E40,0x4240,0x7E40,0x0840,0xFF40,0x0100,0x47C0,0x4380,0x4440,0x7B80},{0x4240,0x7E40,0x4240,0x7E40,0x0840,0xFF40,0x0000,0x7FC0,0x4000,0x4000,0x7FC0},
{0x4240,0x7E40,0x4240,0x7E40,0x0840,0xFF40,0x7FC0,0x0040,0x7FC0,0x4000,0x7FC0},{0x4240,0x7E40,0x4240,0x7E40,0x0840,0xFF40,0x7BC0,0x0840,0x7840,0x4040,0x7840},{0x4240,0x7E40,0x4240,0x7E40,0x0840,0xFF40,0x7BC0,0x0A40,0x7A40,0x4240,0x7BC0},{0x4240,0x7E40,0x4240,0x7E40,0x0840,0xFF40,0x7A40,0x0A40,0x7BC0,0x4240,0x7BC0},
{0x4240,0x7E40,0x4240,0x7E40,0x0840,0xFF40,0x7840,0x0900,0x7900,0x4280,0x7C40},{0x4240,0x7E40,0x4240,0x7E40,0x0840,0xFF40,0x7BC0,0x0A00,0x7BC0,0x4200,0x7BC0},{0x4240,0x7E40,0x4240,0x7E40,0x0840,0xFF40,0x7FC0,0x0A80,0x7A80,0x4280,0x7FC0},{0x4240,0x7E40,0x4240,0x7E40,0x0840,0xFF40,0x7900,0x0FC0,0x7B80,0x4440,0x7B80},
{0x4240,0x7E40,0x4240,0x7E40,0x0840,0xFF40,0x0000,0x7FC0,0x4040,0x4040,0x7FC0},{0x4240,0x7E40,0x4240,0x7E40,0x0840,0xFF40,0x0000,0x4040,0x7FC0,0x4040,0x7FC0},{0x4240,0x7E40,0x4240,0x7E40,0x0840,0xFF40,0x0040,0x4900,0x7900,0x4A80,0x7C40},{0x4240,0x7E40,0x4240,0x7E40,0x0840,0xFF40,0x0040,0x0440,0x0400,0x1B00,0x60C0},
{0x4240,0x7E40,0x4240,0x7E40,0x0840,0xFF40,0x0040,0x1100,0x1100,0x2A80,0x4440},{0x4240,0x7E40,0x4240,0x7E40,0x0840,0xFF40,0x0000,0x3F80,0x4040,0x4040,0x3F80},{0x4240,0x7E40,0x4240,0x7E40,0x0840,0xFF40,0x0000,0x7FC0,0x0400,0x1B00,0x60C0},{0x4240,0x7E40,0x4240,0x7E40,0x0840,0xFF40,0x0040,0x0400,0x7FC0,0x1B00,0x60C0},
{0x4240,0x7E40,0x4240,0x7E40,0x0840,0xFF40,0x0000,0x7FC0,0x0040,0x7FC0,0x0040},{0x4240,0x7E40,0x4240,0x7E40,0x0840,0xFF40,0x7FC0,0x4000,0x7FC0,0x4000,0x7FC0},{0x4240,0x7E40,0x4240,0x7E40,0x0840,0xFF40,0x0000,0x7FC0,0x1100,0x1100,0x7FC0},{0x4240,0x7E40,0x4240,0x7E40,0x0840,0xFF40,0x0400,0x7FC0,0x1F00,0x2080,0x1F00},
{0x4040,0x4040,0x7FC0,0x4040,0x4040,0x4040,0x7FC0,0x1100,0x1100,0xFFE0,0x0000},{0x4040,0x7FC0,0x4040,0x7FC0,0x1100,0xFFE0,0x0000,0x7FC0,0x0040,0x0040,0x0040},{0x4040,0x7FC0,0x4040,0x7FC0,0x1100,0xFFE0,0x0000,0x7FC0,0x0440,0x0440,0x0440},{0x4040,0x7FC0,0x4040,0x7FC0,0x1100,0xFFE0,0x0000,0x7900,0x0900,0x0A80,0x0C40},
{0x4040,0x7FC0,0x4040,0x7FC0,0x1100,0xFFE0,0x0000,0x4000,0x4000,0x4000,0x7FC0},{0x4040,0x7FC0,0x4040,0x7FC0,0x1100,0xFFE0,0x0000,0x47C0,0x4100,0x4280,0x7C40},{0x4040,0x7FC0,0x4040,0x7FC0,0x1100,0xFFE0,0x0100,0x47C0,0x4380,0x4440,0x7B80},{0x4040,0x7FC0,0x4040,0x7FC0,0x1100,0xFFE0,0x0000,0x7FC0,0x4000,0x4000,0x7FC0},
{0x4040,0x7FC0,0x4040,0x7FC0,0x1100,0xFFE0,0x7FC0,0x0040,0x7FC0,0x4000,0x7FC0},{0x4040,0x7FC0,0x4040,0x7FC0,0x1100,0xFFE0,0x7BC0,0x0840,0x7840,0x4040,0x7840},{0x4040,0x7FC0,0x4040,0x7FC0,0x1100,0xFFE0,0x7BC0,0x0A40,0x7A40,0x4240,0x7BC0},{0x4040,0x7FC0,0x4040,0x7FC0,0x1100,0xFFE0,0x7A40,0x0A40,0x7BC0,0x4240,0x7BC0},
{0x4040,0x7FC0,0x4040,0x7FC0,0x1100,0xFFE0,0x7800,0x0900,0x7900,0x4280,0x7C40},{0x4040,0x7FC0,0x4040,0x7FC0,0x1100,0xFFE0,0x7BC0,0x0A00,0x7BC0,0x4200,0x7BC0},{0x4040,0x7FC0,0x4040,0x7FC0,0x1100,0xFFE0,0x7FC0,0x0A80,0x7A80,0x4280,0x7FC0},{0x4040,0x7FC0,0x4040,0x7FC0,0x1100,0xFFE0,0x7900,0x0FC0,0x7B80,0x4440,0x7B80},
{0x4040,0x7FC0,0x4040,0x7FC0,0x1100,0xFFE0,0x0000,0x7FC0,0x4040,0x4040,0x7FC0},{0x4040,0x7FC0,0x4040,0x7FC0,0x1100,0xFFE0,0x0000,0x4040,0x7FC0,0x4040,0x7FC0},{0x4040,0x7FC0,0x4040,0x7FC0,0x1100,0xFFE0,0x0000,0x4900,0x7900,0x4A80,0x7C40},{0x4040,0x7FC0,0x4040,0x7FC0,0x1100,0xFFE0,0x0000,0x0400,0x0400,0x1B00,0x60C0},
{0x4040,0x7FC0,0x4040,0x7FC0,0x1100,0xFFE0,0x0000,0x1100,0x1100,0x2A80,0x4440},{0x4040,0x7FC0,0x4040,0x7FC0,0x1100,0xFFE0,0x0000,0x3F80,0x4040,0x4040,0x3F80},{0x4040,0x7FC0,0x4040,0x7FC0,0x1100,0xFFE0,0x0000,0x7FC0,0x0400,0x1B00,0x60C0},{0x4040,0x7FC0,0x4040,0x7FC0,0x1100,0xFFE0,0x0000,0x0400,0x7FC0,0x1B00,0x60C0},
{0x4040,0x7FC0,0x4040,0x7FC0,0x1100,0xFFE0,0x0000,0x7FC0,0x0040,0x7FC0,0x0040},{0x4040,0x7FC0,0x4040,0x7FC0,0x1100,0xFFE0,0x7FC0,0x4000,0x7FC0,0x4000,0x7FC0},{0x4040,0x7FC0,0x4040,0x7FC0,0x1100,0xFFE0,0x0000,0x7FC0,0x1100,0x1100,0x7FC0},{0x4040,0x7FC0,0x4040,0x7FC0,0x1100,0xFFE0,0x0400,0x7FC0,0x1F00,0x2080,0x1F00},
{0x4040,0x7FC0,0x4040,0x4040,0x7FC0,0x0000,0xFFE0,0x0400,0x0400,0x0400,0x0400},{0x4040,0x7FC0,0x4040,0x7FC0,0x0000,0xFFE0,0x0400,0x7FC0,0x0040,0x0040,0x0040},{0x4040,0x7FC0,0x4040,0x7FC0,0x0000,0xFFE0,0x0400,0x7FC0,0x0440,0x0440,0x0440},{0x4040,0x7FC0,0x4040,0x7FC0,0x0000,0xFFE0,0x0400,0x7900,0x0900,0x0A80,0x0C40},
{0x4040,0x7FC0,0x4040,0x7FC0,0x0000,0xFFE0,0x0400,0x4400,0x4000,0x4000,0x7FC0},{0x4040,0x7FC0,0x4040,0x7FC0,0x0000,0xFFE0,0x0400,0x47C0,0x4100,0x4280,0x7C40},{0x4040,0x7FC0,0x4040,0x7FC0,0x0000,0xFFE0,0x0500,0x47C0,0x4380,0x4440,0x7B80},{0x4040,0x7FC0,0x4040,0x7FC0,0x0000,0xFFE0,0x0400,0x7FC0,0x4000,0x4000,0x7FC0},
{0x4040,0x7FC0,0x4040,0x7FC0,0xFFE0,0x0400,0x7FC0,0x0040,0x7FC0,0x4000,0x7FC0},{0x4040,0x7FC0,0x4040,0x7FC0,0xFFE0,0x0400,0x7BC0,0x0840,0x7840,0x4040,0x7840},{0x4040,0x7FC0,0x4040,0x7FC0,0xFFE0,0x0400,0x7BC0,0x0A40,0x7A40,0x4240,0x7BC0},{0x4040,0x7FC0,0x4040,0x7FC0,0xFFE0,0x0400,0x7A40,0x0A40,0x7BC0,0x4240,0x7BC0},
{0x4040,0x7FC0,0x4040,0x7FC0,0xFFE0,0x0400,0x7900,0x0900,0x7900,0x4280,0x7C40},{0x4040,0x7FC0,0x4040,0x7FC0,0xFFE0,0x0400,0x7BC0,0x0A00,0x7BC0,0x4200,0x7BC0},{0x4040,0x7FC0,0x4040,0x7FC0,0xFFE0,0x0400,0x7FC0,0x0A80,0x7A80,0x4280,0x7FC0},{0x4040,0x7FC0,0x4040,0x7FC0,0xFFE0,0x0400,0x7900,0x0FC0,0x7B80,0x4440,0x7B80},
{0x4040,0x7FC0,0x4040,0x7FC0,0x0000,0xFFE0,0x0400,0x7FC0,0x4040,0x4040,0x7FC0},{0x4040,0x7FC0,0x4040,0x7FC0,0x0000,0xFFE0,0x0400,0x4040,0x7FC0,0x4040,0x7FC0},{0x4040,0x7FC0,0x4040,0x7FC0,0x0000,0xFFE0,0x0400,0x4900,0x7900,0x4A80,0x7C40},{0x4040,0x7FC0,0x4040,0x7FC0,0x0000,0xFFE0,0x0400,0x0000,0x0400,0x1B00,0x60C0},
{0x4040,0x7FC0,0x4040,0x7FC0,0x0000,0xFFE0,0x0400,0x1500,0x1100,0x2A80,0x4440},{0x4040,0x7FC0,0x4040,0x7FC0,0x0000,0xFFE0,0x0400,0x3F80,0x4040,0x4040,0x3F80},{0x4040,0x7FC0,0x4040,0x7FC0,0x0000,0xFFE0,0x0400,0x7FC0,0x0400,0x1B00,0x60C0},{0x4040,0x7FC0,0x4040,0x7FC0,0x0000,0xFFE0,0x0400,0x0400,0x7FC0,0x1B00,0x60C0},
{0x4040,0x7FC0,0x4040,0x7FC0,0x0000,0xFFE0,0x0400,0x7FC0,0x0040,0x7FC0,0x0040},{0x4040,0x7FC0,0x4040,0x7FC0,0xFFE0,0x0400,0x7FC0,0x4000,0x7FC0,0x4000,0x7FC0},{0x4040,0x7FC0,0x4040,0x7FC0,0x0000,0xFFE0,0x0400,0x7FC0,0x1100,0x1100,0x7FC0},{0x4040,0x7FC0,0x4040,0x7FC0,0xFFE0,0x0400,0x0400,0x7FC0,0x1F00,0x2080,0x1F00},
{0x4240,0x4240,0x7E40,0x4240,0x7E40,0x0040,0xFF40,0x1040,0x13C0,0x1040,0x1040},{0x4240,0x7E40,0x4240,0x7E40,0x0040,0xFF40,0x11C0,0x1040,0x7FC0,0x0040,0x0040},{0x4240,0x7E40,0x4240,0x7E40,0x0040,0xFF40,0x11C0,0x1040,0x7FC0,0x0440,0x0440},{0x4240,0x7E40,0x4240,0x7E40,0x0040,0xFF40,0x11C0,0x1040,0x7900,0x0A80,0x0C40},
{0x4240,0x7E40,0x4240,0x7E40,0x0040,0xFF40,0x11C0,0x5040,0x4000,0x4000,0x7FC0},{0x4240,0x7E40,0x4240,0x7E40,0x0040,0xFF40,0x11C0,0x5040,0x47C0,0x4280,0x7C40},{0x4240,0x7E40,0x4240,0x7E40,0x0040,0xFF40,0x11C0,0x5140,0x4FC0,0x4440,0x7B80},{0x4240,0x7E40,0x4240,0x7E40,0x0040,0xFF40,0x11C0,0x1040,0x7FC0,0x4000,0x7FC0},
{0x4240,0x7E40,0x4240,0xFF40,0x11C0,0x1040,0x7FC0,0x0040,0x7FC0,0x4000,0x7FC0},{0x4240,0x7E40,0x4240,0xFF40,0x11C0,0x1040,0x7BC0,0x0840,0x7840,0x4040,0x7840},{0x4240,0x7E40,0x4240,0xFF40,0x11C0,0x1040,0x7BC0,0x0A40,0x7A40,0x4240,0x7BC0},{0x4240,0x7E40,0x4240,0xFF40,0x11C0,0x1040,0x7A40,0x0A40,0x7BC0,0x4240,0x7BC0},
{0x4240,0x7E40,0x4240,0xFF40,0x11C0,0x1040,0x7900,0x0900,0x7900,0x4280,0x7C40},{0x4240,0x7E40,0x4240,0xFF40,0x11C0,0x1040,0x7BC0,0x0A00,0x7BC0,0x4200,0x7BC0},{0x4240,0x7E40,0x4240,0xFF40,0x11C0,0x1040,0x7FC0,0x0A80,0x7A80,0x4280,0x7FC0},{0x4240,0x7E40,0x4240,0xFF40,0x11C0,0x1040,0x7900,0x0FC0,0x7B80,0x4440,0x7B80},
{0x4240,0x7E40,0x4240,0x7E40,0xFF40,0x11C0,0x1040,0x7FC0,0x4040,0x4040,0x7FC0},{0x4240,0x7E40,0x4240,0x7E40,0xFF40,0x11C0,0x1040,0x4040,0x7FC0,0x4040,0x7FC0},{0x4240,0x7E40,0x4240,0x7E40,0xFF40,0x11C0,0x1040,0x4900,0x7900,0x4A80,0x7C40},{0x4240,0x7E40,0x4240,0x7E40,0x0040,0xFF40,0x11C0,0x1440,0x0400,0x1B00,0x60C0},
{0x4240,0x7E40,0x4240,0x7E40,0xFF40,0x11C0,0x1040,0x0000,0x1100,0x2A80,0x4440},{0x4240,0x7E40,0x4240,0x7E40,0xFF40,0x11C0,0x1040,0x3F80,0x4040,0x4040,0x3F80},{0x4240,0x7E40,0x4240,0x7E40,0x0040,0xFF40,0x11C0,0x1040,0x7FC0,0x1B00,0x60C0},{0x4240,0x7E40,0x4240,0x7E40,0x0040,0xFF40,0x11C0,0x1440,0x7FC0,0x1B00,0x60C0},
{0x4240,0x7E40,0x4240,0x7E40,0xFF40,0x11C0,0x1040,0x7FC0,0x0040,0x7FC0,0x0040},{0x4240,0x7E40,0x4240,0xFF40,0x11C0,0x1040,0x7FC0,0x4000,0x7FC0,0x4000,0x7FC0},{0x4240,0x7E40,0x4240,0x7E40,0x0040,0xFF40,0x11C0,0x1040,0x7FC0,0x1100,0x7FC0},{0x4240,0x7E40,0x4240,0x7E40,0xFF40,0x11C0,0x1440,0x7FC0,0x1F00,0x2080,0x1F00},
{0x8540,0x8540,0xFD40,0x8540,0xFD40,0x0140,0xFD40,0x1140,0x1740,0x1140,0x1140},{0x8540,0xFD40,0x8540,0xFD40,0x0140,0xFD40,0x1740,0x1140,0x7FC0,0x0040,0x0040},{0x8540,0xFD40,0x8540,0xFD40,0x0140,0xFD40,0x1740,0x1140,0x7FC0,0x0440,0x0440},{0x8540,0xFD40,0x8540,0xFD40,0x0140,0xFD40,0x1740,0x1140,0x7900,0x0A80,0x0C40},
{0x8540,0xFD40,0x8540,0xFD40,0x0140,0xFD40,0x1740,0x5140,0x4000,0x4000,0x7FC0},{0x8540,0xFD40,0x8540,0xFD40,0x0140,0xFD40,0x1740,0x5140,0x47C0,0x4280,0x7C40},{0x8540,0xFD40,0x8540,0xFD40,0x0140,0xFD40,0x1740,0x5140,0x4FC0,0x4440,0x7B80},{0x8540,0xFD40,0x8540,0xFD40,0x0140,0xFD40,0x1740,0x1140,0x7FC0,0x4000,0x7FC0},
{0x4540,0x7D40,0x4540,0xFD40,0x1740,0x1140,0x7FC0,0x0040,0x7FC0,0x4000,0x7FC0},{0x4540,0x7D40,0x4540,0xFD40,0x1740,0x1140,0x7BC0,0x0840,0x7840,0x4040,0x7840},{0x4540,0x7D40,0x4540,0xFD40,0x1740,0x1140,0x7BC0,0x0A40,0x7A40,0x4240,0x7BC0},{0x4540,0x7D40,0x4540,0xFD40,0x1740,0x1140,0x7A40,0x0A40,0x7BC0,0x4240,0x7BC0},
{0x4540,0x7D40,0x4540,0xFD40,0x1740,0x1140,0x7800,0x0900,0x7900,0x4280,0x7C40},{0x4540,0x7D40,0x4540,0xFD40,0x1740,0x1140,0x7BC0,0x0A00,0x7BC0,0x4200,0x7BC0},{0x4540,0x7D40,0x4540,0xFD40,0x1740,0x1140,0x7FC0,0x0A80,0x7A80,0x4280,0x7FC0},{0x4540,0x7D40,0x4540,0xFD40,0x1740,0x1140,0x7900,0x0FC0,0x7B80,0x4440,0x7B80},
{0x8540,0xFD40,0x8540,0xFD40,0x0140,0xFD40,0x1740,0x1140,0x7FC0,0x4040,0x7FC0},{0x8540,0xFD40,0x8540,0xFD40,0x0140,0xFD40,0x1740,0x5140,0x7FC0,0x4040,0x7FC0},{0x8540,0xFD40,0x8540,0xFD40,0x0140,0xFD40,0x1740,0x4800,0x7900,0x4A80,0x7C40},{0x8540,0xFD40,0x8540,0xFD40,0x0140,0xFD40,0x1740,0x1140,0x0400,0x1B00,0x60C0},
{0x8540,0xFD40,0x8540,0xFD40,0x0140,0xFD40,0x2740,0x2140,0x1100,0x2A80,0x4440},{0x8540,0xFD40,0x8540,0xFD40,0x0140,0xFD40,0x1740,0x1140,0x3F80,0x4040,0x3F80},{0x8540,0xFD40,0x8540,0xFD40,0x0140,0xFD40,0x1740,0x1140,0x7FC0,0x1B00,0x60C0},{0x8540,0xFD40,0x8540,0xFD40,0x0140,0xFD40,0x1740,0x1540,0x7FC0,0x1B00,0x60C0},
{0x4540,0x7D40,0x4540,0x7D40,0xFD40,0x1740,0x1140,0x7FC0,0x0040,0x7FC0,0x0040},{0x4540,0x7D40,0x4540,0xFD40,0x1740,0x1140,0x7FC0,0x4000,0x7FC0,0x4000,0x7FC0},{0x8540,0xFD40,0x8540,0xFD40,0x0140,0xFD40,0x1740,0x1140,0x7FC0,0x1100,0x7FC0},{0x8540,0xFD40,0x8540,0xFD40,0x0140,0xFD40,0x1740,0x1540,0x7FC0,0x2080,0x1F00},
{0x4240,0x7E40,0x4240,0x4240,0x7E40,0x0040,0xFF40,0x0840,0x0840,0x0840,0x0840},{0x4240,0x7E40,0x4240,0x7E40,0x0040,0xFF40,0x0800,0x7FC0,0x0040,0x0040,0x0040},{0x4240,0x7E40,0x4240,0x7E40,0x0040,0xFF40,0x0800,0x7FC0,0x0440,0x0440,0x0440},{0x4240,0x7E40,0x4240,0x7E40,0x0040,0xFF40,0x1040,0x7900,0x0900,0x0A80,0x0C40},
{0x4240,0x7E40,0x4240,0x7E40,0x0040,0xFF40,0x0840,0x4840,0x4000,0x4000,0x7FC0},{0x4240,0x7E40,0x4240,0x7E40,0x0040,0xFF40,0x1000,0x57C0,0x4100,0x4280,0x7C40},{0x4240,0x7E40,0x4240,0x7E40,0x0040,0xFF40,0x1100,0x57C0,0x4380,0x4440,0x7B80},{0x4240,0x7E40,0x4240,0x7E40,0x0040,0xFF40,0x0800,0x7FC0,0x4000,0x4000,0x7FC0},
{0x4240,0x7E40,0x4240,0x7E40,0xFF40,0x0800,0x7FC0,0x0040,0x7FC0,0x4000,0x7FC0},{0x4240,0x7E40,0x4240,0x7E40,0xFF40,0x1000,0x7BC0,0x0840,0x7840,0x4040,0x7840},{0x4240,0x7E40,0x4240,0x7E40,0xFF40,0x1000,0x7BC0,0x0A40,0x7A40,0x4240,0x7BC0},{0x4240,0x7E40,0x4240,0x7E40,0xFF40,0x1000,0x7A40,0x0A40,0x7BC0,0x4240,0x7BC0},
{0x4240,0x7E40,0x4240,0x7E40,0xFF40,0x1040,0x7900,0x0900,0x7900,0x4280,0x7C40},{0x4240,0x7E40,0x4240,0x7E40,0xFF40,0x1000,0x7BC0,0x0A00,0x7BC0,0x4200,0x7BC0},{0x4240,0x7E40,0x4240,0x7E40,0xFF40,0x1000,0x7FC0,0x0A80,0x7A80,0x4280,0x7FC0},{0x4240,0x7E40,0x4240,0x7E40,0xFF40,0x1040,0x7900,0x0FC0,0x7B80,0x4440,0x7B80},
{0x4240,0x7E40,0x4240,0x7E40,0x0040,0xFF40,0x0800,0x7FC0,0x4040,0x4040,0x7FC0},{0x4240,0x7E40,0x4240,0x7E40,0x0040,0xFF40,0x0800,0x4040,0x7FC0,0x4040,0x7FC0},{0x4240,0x7E40,0x4240,0x7E40,0x0040,0xFF40,0x1040,0x4900,0x7900,0x4A80,0x7C40},{0x4240,0x7E40,0x4240,0x7E40,0x0040,0xFF40,0x1040,0x1440,0x0400,0x1B00,0x60C0},
{0x4240,0x7E40,0x4240,0x7E40,0x0040,0xFF40,0x0840,0x0840,0x1100,0x2A80,0x4440},{0x4240,0x7E40,0x4240,0x7E40,0x0040,0xFF40,0x0800,0x3F80,0x4040,0x4040,0x3F80},{0x4240,0x7E40,0x4240,0x7E40,0x0040,0xFF40,0x0800,0x7FC0,0x0400,0x1B00,0x60C0},{0x4240,0x7E40,0x4240,0x7E40,0x0040,0xFF40,0x1040,0x0400,0x7FC0,0x1B00,0x60C0},
{0x4240,0x7E40,0x4240,0x7E40,0x0040,0xFF40,0x0800,0x7FC0,0x0040,0x7FC0,0x0040},{0x4240,0x7E40,0x4240,0x7E40,0xFF40,0x0800,0x7FC0,0x4000,0x7FC0,0x4000,0x7FC0},{0x4240,0x7E40,0x4240,0x7E40,0x0040,0xFF40,0x0800,0x7FC0,0x1100,0x1100,0x7FC0},{0x4240,0x7E40,0x4240,0x7E40,0xFF40,0x1040,0x0400,0x7FC0,0x1F00,0x2080,0x1F00},
{0x4040,0x7FC0,0x4040,0x4040,0x7FC0,0x0000,0xFFE0,0x1100,0x1100,0x1100,0x1100},{0x4040,0x7FC0,0x4040,0x7FC0,0x0000,0xFFE0,0x1100,0x7FC0,0x0040,0x0040,0x0040},{0x4040,0x7FC0,0x4040,0x7FC0,0x0000,0xFFE0,0x1100,0x7FC0,0x0440,0x0440,0x0440},{0x4040,0x7FC0,0x4040,0x7FC0,0x0000,0xFFE0,0x1100,0x7800,0x0900,0x0A80,0x0C40},
{0x4040,0x7FC0,0x4040,0x7FC0,0x0000,0xFFE0,0x1100,0x5100,0x4000,0x4000,0x7FC0},{0x4040,0x7FC0,0x4040,0x7FC0,0x0000,0xFFE0,0x1100,0x57C0,0x4100,0x4280,0x7C40},{0x4040,0x7FC0,0x4040,0x7FC0,0x0000,0xFFE0,0x1100,0x57C0,0x4380,0x4440,0x7B80},{0x4040,0x7FC0,0x4040,0x7FC0,0x0000,0xFFE0,0x1100,0x7FC0,0x4000,0x4000,0x7FC0},
{0x4040,0x7FC0,0x4040,0x7FC0,0xFFE0,0x1100,0x7FC0,0x0040,0x7FC0,0x4000,0x7FC0},{0x4040,0x7FC0,0x4040,0x7FC0,0xFFE0,0x1100,0x7BC0,0x0840,0x7840,0x4040,0x7840},{0x4040,0x7FC0,0x4040,0x7FC0,0xFFE0,0x1100,0x7BC0,0x0A40,0x7A40,0x4240,0x7BC0},{0x4040,0x7FC0,0x4040,0x7FC0,0xFFE0,0x1100,0x7A40,0x0A40,0x7BC0,0x4240,0x7BC0},
{0x4040,0x7FC0,0x4040,0x7FC0,0xFFE0,0x1100,0x7800,0x0900,0x7900,0x4280,0x7C40},{0x4040,0x7FC0,0x4040,0x7FC0,0xFFE0,0x1100,0x7BC0,0x0A00,0x7BC0,0x4200,0x7BC0},{0x4040,0x7FC0,0x4040,0x7FC0,0xFFE0,0x1100,0x7FC0,0x0A80,0x7A80,0x4280,0x7FC0},{0x4040,0x7FC0,0x4040,0x7FC0,0xFFE0,0x1100,0x7900,0x0FC0,0x7B80,0x4440,0x7B80},
{0x4040,0x7FC0,0x4040,0x7FC0,0x0000,0xFFE0,0x1100,0x7FC0,0x4040,0x4040,0x7FC0},{0x4040,0x7FC0,0x4040,0x7FC0,0x0000,0xFFE0,0x1100,0x4040,0x7FC0,0x4040,0x7FC0},{0x4040,0x7FC0,0x4040,0x7FC0,0x0000,0xFFE0,0x1100,0x4800,0x7900,0x4A80,0x7C40},{0x4040,0x7FC0,0x4040,0x7FC0,0x0000,0xFFE0,0x1100,0x1500,0x0400,0x1B00,0x60C0},
{0x4040,0x7FC0,0x4040,0x7FC0,0x0000,0xFFE0,0x1100,0x0000,0x1100,0x2A80,0x4440},{0x4040,0x7FC0,0x4040,0x7FC0,0x0000,0xFFE0,0x1100,0x3F80,0x4040,0x4040,0x3F80},{0x4040,0x7FC0,0x4040,0x7FC0,0x0000,0xFFE0,0x1100,0x7FC0,0x0400,0x1B00,0x60C0},{0x4040,0x7FC0,0x4040,0x7FC0,0x0000,0xFFE0,0x1100,0x0400,0x7FC0,0x1B00,0x60C0},
{0x4040,0x7FC0,0x4040,0x7FC0,0x0000,0xFFE0,0x1100,0x7FC0,0x0040,0x7FC0,0x0040},{0x4040,0x7FC0,0x4040,0x7FC0,0xFFE0,0x1100,0x7FC0,0x4000,0x7FC0,0x4000,0x7FC0},{0x4040,0x7FC0,0x4040,0x7FC0,0x0000,0xFFE0,0x1100,0x7FC0,0x1100,0x1100,0x7FC0},{0x4040,0x7FC0,0x4040,0x7FC0,0xFFE0,0x1100,0x0400,0x7FC0,0x1F00,0x2080,0x1F00},
{0x4040,0x4040,0x7FC0,0x4040,0x4040,0x4040,0x7FC0,0x0000,0x0000,0xFFE0,0x0000},{0x4040,0x7FC0,0x4040,0x7FC0,0x0000,0xFFE0,0x0000,0x7FC0,0x0040,0x0040,0x0040},{0x4040,0x7FC0,0x4040,0x7FC0,0x0000,0xFFE0,0x0000,0x7FC0,0x0440,0x0440,0x0440},{0x4040,0x7FC0,0x4040,0x7FC0,0x0000,0xFFE0,0x0000,0x7900,0x0900,0x0A80,0x0C40},
{0x4040,0x7FC0,0x4040,0x7FC0,0x0000,0xFFE0,0x0000,0x4000,0x4000,0x4000,0x7FC0},{0x4040,0x7FC0,0x4040,0x7FC0,0x0000,0xFFE0,0x0000,0x47C0,0x4100,0x4280,0x7C40},{0x4040,0x7FC0,0x4040,0x7FC0,0x0000,0xFFE0,0x0100,0x47C0,0x4380,0x4440,0x7B80},{0x4040,0x7FC0,0x4040,0x7FC0,0x0000,0xFFE0,0x0000,0x7FC0,0x4000,0x4000,0x7FC0},
{0x4040,0x7FC0,0x4040,0x7FC0,0xFFE0,0x0000,0x7FC0,0x0040,0x7FC0,0x4000,0x7FC0},{0x4040,0x7FC0,0x4040,0x7FC0,0xFFE0,0x0000,0x7BC0,0x0840,0x7840,0x4040,0x7840},{0x4040,0x7FC0,0x4040,0x7FC0,0xFFE0,0x0000,0x7BC0,0x0A40,0x7A40,0x4240,0x7BC0},{0x4040,0x7FC0,0x4040,0x7FC0,0xFFE0,0x0000,0x7A40,0x0A40,0x7BC0,0x4240,0x7BC0},
{0x4040,0x7FC0,0x4040,0x7FC0,0xFFE0,0x0000,0x7900,0x0900,0x7900,0x4280,0x7C40},{0x4040,0x7FC0,0x4040,0x7FC0,0xFFE0,0x0000,0x7BC0,0x0A00,0x7BC0,0x4200,0x7BC0},{0x4040,0x7FC0,0x4040,0x7FC0,0xFFE0,0x0000,0x7FC0,0x0A80,0x7A80,0x4280,0x7FC0},{0x4040,0x7FC0,0x4040,0x7FC0,0xFFE0,0x0000,0x7900,0x0FC0,0x7B80,0x4440,0x7B80},
{0x4040,0x7FC0,0x4040,0x7FC0,0x0000,0xFFE0,0x0000,0x7FC0,0x4040,0x4040,0x7FC0},{0x4040,0x7FC0,0x4040,0x7FC0,0x0000,0xFFE0,0x0000,0x4040,0x7FC0,0x4040,0x7FC0},{0x4040,0x7FC0,0x4040,0x7FC0,0x0000,0xFFE0,0x0000,0x4900,0x7900,0x4A80,0x7C40},{0x4040,0x7FC0,0x4040,0x7FC0,0x0000,0xFFE0,0x0000,0x0400,0x0400,0x1B00,0x60C0},
{0x4040,0x7FC0,0x4040,0x7FC0,0x0000,0xFFE0,0x0000,0x1100,0x1100,0x2A80,0x4440},{0x4040,0x7FC0,0x4040,0x7FC0,0x0000,0xFFE0,0x0000,0x3F80,0x4040,0x4040,0x3F80},{0x4040,0x7FC0,0x4040,0x7FC0,0x0000,0xFFE0,0x0000,0x7FC0,0x0400,0x1B00,0x60C0},{0x4040,0x7FC0,0x4040,0x7FC0,0x0000,0xFFE0,0x0000,0x0400,0x7FC0,0x1B00,0x60C0},
{0x4040,0x7FC0,0x4040,0x7FC0,0x0000,0xFFE0,0x0000,0x7FC0,0x0040,0x7FC0,0x0040},{0x4040,0x7FC0,0x4040,0x7FC0,0xFFE0,0x0000,0x7FC0,0x4000,0x7FC0,0x4000,0x7FC0},{0x4040,0x7FC0,0x4040,0x7FC0,0x0000,0xFFE0,0x0000,0x7FC0,0x1100,0x1100,0x7FC0},{0x4040,0x7FC0,0x4040,0x7FC0,0x0000,0xFFE0,0x0400,0x7FC0,0x1F00,0x2080,0x1F00},
{0x8240,0x8240,0xFE40,0x8240,0x8240,0x8240,0xFE40,0x0040,0x0040,0xFF40,0x0040},{0x4240,0x7E40,0x4240,0x7E40,0x0040,0xFF40,0x0000,0x7FC0,0x0040,0x0040,0x0040},{0x4240,0x7E40,0x4240,0x7E40,0x0040,0xFF40,0x0000,0x7FC0,0x0440,0x0440,0x0440},{0x4240,0x7E40,0x4240,0x7E40,0x0040,0xFF40,0x0040,0x7900,0x0900,0x0A80,0x0C40},
{0x4240,0x7E40,0x4240,0x7E40,0x0040,0xFF40,0x0040,0x4040,0x4000,0x4000,0x7FC0},{0x4240,0x7E40,0x4240,0x7E40,0x0040,0xFF40,0x0000,0x47C0,0x4100,0x4280,0x7C40},{0x4240,0x7E40,0x4240,0x7E40,0x0040,0xFF40,0x0100,0x47C0,0x4380,0x4440,0x7B80},{0x4240,0x7E40,0x4240,0x7E40,0x0040,0xFF40,0x0000,0x7FC0,0x4000,0x4000,0x7FC0},
{0x4240,0x7E40,0x4240,0x7E40,0xFF40,0x0000,0x7FC0,0x0040,0x7FC0,0x4000,0x7FC0},{0x4240,0x7E40,0x4240,0x7E40,0xFF40,0x0000,0x7BC0,0x0840,0x7840,0x4040,0x7840},{0x4240,0x7E40,0x4240,0x7E40,0xFF40,0x0000,0x7BC0,0x0A40,0x7A40,0x4240,0x7BC0},{0x4240,0x7E40,0x4240,0x7E40,0xFF40,0x0000,0x7A40,0x0A40,0x7BC0,0x4240,0x7BC0},
{0x4240,0x7E40,0x4240,0x7E40,0xFF40,0x0040,0x7900,0x0900,0x7900,0x4280,0x7C40},{0x4240,0x7E40,0x4240,0x7E40,0xFF40,0x0000,0x7BC0,0x0A00,0x7BC0,0x4200,0x7BC0},{0x4240,0x7E40,0x4240,0x7E40,0xFF40,0x0000,0x7FC0,0x0A80,0x7A80,0x4280,0x7FC0},{0x4240,0x7E40,0x4240,0x7E40,0xFF40,0x0040,0x7900,0x0FC0,0x7B80,0x4440,0x7B80},
{0x4240,0x7E40,0x4240,0x7E40,0x0040,0xFF40,0x0000,0x7FC0,0x4040,0x4040,0x7FC0},{0x4240,0x7E40,0x4240,0x7E40,0x0040,0xFF40,0x0000,0x4040,0x7FC0,0x4040,0x7FC0},{0x4240,0x7E40,0x4240,0x7E40,0x0040,0xFF40,0x0040,0x4900,0x7900,0x4A80,0x7C40},{0x4240,0x7E40,0x4240,0x7E40,0x0040,0xFF40,0x0040,0x0440,0x0400,0x1B00,0x60C0},
{0x4240,0x7E40,0x4240,0x7E40,0x0040,0xFF40,0x0040,0x1100,0x1100,0x2A80,0x4440},{0x4240,0x7E40,0x4240,0x7E40,0x0040,0xFF40,0x0000,0x3F80,0x4040,0x4040,0x3F80},{0x4240,0x7E40,0x4240,0x7E40,0x0040,0xFF40,0x0000,0x7FC0,0x0400,0x1B00,0x60C0},{0x4240,0x7E40,0x4240,0x7E40,0x0040,0xFF40,0x0040,0x0400,0x7FC0,0x1B00,0x60C0},
{0x4240,0x7E40,0x4240,0x7E40,0x0040,0xFF40,0x0000,0x7FC0,0x0040,0x7FC0,0x0040},{0x4240,0x7E40,0x4240,0x7E40,0xFF40,0x0000,0x7FC0,0x4000,0x7FC0,0x4000,0x7FC0},{0x4240,0x7E40,0x4240,0x7E40,0x0040,0xFF40,0x0000,0x7FC0,0x1100,0x1100,0x7FC0},{0x4240,0x7E40,0x4240,0x7E40,0x0040,0xFF40,0x0400,0x7FC0,0x1F00,0x2080,0x1F00},
{0x8240,0x8240,0x8240,0x8240,0xFE40,0x8240,0x8240,0x8240,0x8240,0xFE40,0x0040},{0x8440,0x8440,0xFC40,0x8440,0x8440,0xFC40,0x0000,0x7FC0,0x0040,0x0040,0x0040},{0x8440,0x8440,0xFC40,0x8440,0x8440,0xFC40,0x0000,0x7FC0,0x0440,0x0440,0x0440},{0x8440,0x8440,0xFC40,0x8440,0x8440,0xFC40,0x0040,0x7900,0x0900,0x0A80,0x0C40},
{0x8440,0x8440,0xFC40,0x8440,0x8440,0xFC40,0x0040,0x4040,0x4000,0x4000,0x7FC0},{0x8440,0x8440,0xFC40,0x8440,0x8440,0xFC40,0x0000,0x47C0,0x4100,0x4280,0x7C40},{0x8440,0x8440,0xFC40,0x8440,0x8440,0xFC40,0x0100,0x47C0,0x4380,0x4440,0x7B80},{0x8440,0x8440,0xFC40,0x8440,0x8440,0xFC40,0x0000,0x7FC0,0x4000,0x4000,0x7FC0},
{0x8440,0xFC40,0x8440,0x8440,0xFC40,0x0000,0x7FC0,0x0040,0x7FC0,0x4000,0x7FC0},{0x8440,0xFC40,0x8440,0x8440,0xFC40,0x0000,0x7BC0,0x0840,0x7840,0x4040,0x7840},{0x8440,0xFC40,0x8440,0x8440,0xFC40,0x0000,0x7BC0,0x0A40,0x7A40,0x4240,0x7BC0},{0x8440,0xFC40,0x8440,0x8440,0xFC40,0x0000,0x7A40,0x0A40,0x7BC0,0x4240,0x7BC0},
{0x8440,0xFC40,0x8440,0x8440,0xFC40,0x0040,0x7900,0x0900,0x7900,0x4280,0x7C40},{0x8440,0xFC40,0x8440,0x8440,0xFC40,0x0000,0x7BC0,0x0A00,0x7BC0,0x4200,0x7BC0},{0x8440,0xFC40,0x8440,0x8440,0xFC40,0x0000,0x7FC0,0x0A80,0x7A80,0x4280,0x7FC0},{0x8440,0xFC40,0x8440,0x8440,0xFC40,0x0040,0x7900,0x0FC0,0x7B80,0x4440,0x7B80},
{0x8440,0x8440,0xFC40,0x8440,0x8440,0xFC40,0x0000,0x7FC0,0x4040,0x4040,0x7FC0},{0x8440,0x8440,0xFC40,0x8440,0x8440,0xFC40,0x0000,0x4040,0x7FC0,0x4040,0x7FC0},{0x8440,0x8440,0xFC40,0x8440,0x8440,0xFC40,0x0040,0x4900,0x7900,0x4A80,0x7C40},{0x8440,0x8440,0xFC40,0x8440,0x8440,0xFC40,0x0040,0x0440,0x0400,0x1B00,0x60C0},
{0x8440,0x8440,0xFC40,0x8440,0x8440,0xFC40,0x0040,0x1100,0x1100,0x2A80,0x4440},{0x8440,0x8440,0xFC40,0x8440,0x8440,0xFC40,0x0000,0x3F80,0x4040,0x4040,0x3F80},{0x8440,0x8440,0xFC40,0x8440,0x8440,0xFC40,0x0000,0x7FC0,0x0400,0x1B00,0x60C0},{0x8440,0x8440,0xFC40,0x8440,0x8440,0xFC40,0x0040,0x0400,0x7FC0,0x1B00,0x60C0},
{0x8440,0x8440,0xFC40,0x8440,0x8440,0xFC40,0x0000,0x7FC0,0x0040,0x7FC0,0x0040},{0x8440,0xFC40,0x8440,0x8440,0xFC40,0x0000,0x7FC0,0x4000,0x7FC0,0x4000,0x7FC0},{0x8440,0x8440,0xFC40,0x8440,0x8440,0xFC40,0x0000,0x7FC0,0x1100,0x1100,0x7FC0},{0x8440,0x8440,0xFC40,0x8440,0x8440,0xFC40,0x0400,0x7FC0,0x1F00,0x2080,0x1F00},
{0xAA40,0xAA40,0xAA40,0xAA40,0xEE40,0xAA60,0xAA40,0xAA40,0xAA40,0xEE40,0x0040},{0xAA40,0xAA40,0xEE60,0xAA40,0xAA40,0xEE40,0x0000,0x7FC0,0x0040,0x0040,0x0040},{0xAA40,0xAA40,0xEE60,0xAA40,0xAA40,0xEE40,0x0000,0x7FC0,0x0440,0x0440,0x0440},{0xAA40,0xAA40,0xEE60,0xAA40,0xAA40,0xEE40,0x0040,0x7900,0x0900,0x0A80,0x0C40},
{0xAA40,0xAA40,0xEE40,0xAA60,0xAA40,0xEE40,0x0040,0x4040,0x4000,0x4000,0x7FC0},{0xAA40,0xAA40,0xEE60,0xAA40,0xAA40,0xEE40,0x0000,0x47C0,0x4100,0x4280,0x7C40},{0xAA40,0xAA40,0xEE60,0xAA40,0xAA40,0xEE40,0x0100,0x47C0,0x4380,0x4440,0x7B80},{0xAA40,0xAA40,0xEE60,0xAA40,0xAA40,0xEE40,0x0000,0x7FC0,0x4000,0x4000,0x7FC0},
{0xAA40,0xEE40,0xAA60,0xAA40,0xEE40,0x0000,0x7FC0,0x0040,0x7FC0,0x4000,0x7FC0},{0xAA40,0xEE40,0xAA60,0xAA40,0xEE40,0x0000,0x7BC0,0x0840,0x7840,0x4040,0x7840},{0xAA40,0xEE40,0xAA60,0xAA40,0xEE40,0x0000,0x7BC0,0x0A40,0x7A40,0x4240,0x7BC0},{0xAA40,0xEE40,0xAA60,0xAA40,0xEE40,0x0000,0x7A40,0x0A40,0x7BC0,0x4240,0x7BC0},
{0xAA40,0xEE40,0xAA60,0xAA40,0xEE40,0x0040,0x7900,0x0900,0x7900,0x4280,0x7C40},{0xAA40,0xEE40,0xAA60,0xAA40,0xEE40,0x0000,0x7BC0,0x0A00,0x7BC0,0x4200,0x7BC0},{0xAA40,0xEE40,0xAA60,0xAA40,0xEE40,0x0000,0x7FC0,0x0A80,0x7A80,0x4280,0x7FC0},{0xAA40,0xEE40,0xAA60,0xAA40,0xEE40,0x0040,0x7900,0x0FC0,0x7B80,0x4440,0x7B80},
{0xAA40,0xAA40,0xEE40,0xAA60,0xAA40,0xEE40,0x0000,0x7FC0,0x4040,0x4040,0x7FC0},{0xAA40,0xAA40,0xEE60,0xAA40,0xAA40,0xEE40,0x0000,0x4040,0x7FC0,0x4040,0x7FC0},{0xAA40,0xAA40,0xEE60,0xAA40,0xAA40,0xEE40,0x0040,0x4900,0x7900,0x4A80,0x7C40},{0xAA40,0xAA40,0xEE40,0xAA60,0xAA40,0xEE40,0x0040,0x0440,0x0400,0x1B00,0x60C0},
{0xAA40,0xAA40,0xEE60,0xAA40,0xAA40,0xEE40,0x0040,0x1100,0x1100,0x2A80,0x4440},{0xAA40,0xAA40,0xEE60,0xAA40,0xAA40,0xEE40,0x0000,0x3F80,0x4040,0x4040,0x3F80},{0xAA40,0xAA40,0xEE60,0xAA40,0xAA40,0xEE40,0x0000,0x7FC0,0x0400,0x1B00,0x60C0},{0xAA40,0xAA40,0xEE60,0xAA40,0xAA40,0xEE40,0x0040,0x0400,0x7FC0,0x1B00,0x60C0},
{0xAA40,0xAA40,0xEE60,0xAA40,0xAA40,0xEE40,0x0000,0x7FC0,0x0040,0x7FC0,0x0040},{0xAA40,0xEE40,0xAA60,0xAA40,0xEE40,0x0000,0x7FC0,0x4000,0x7FC0,0x4000,0x7FC0},{0xAA40,0xAA40,0xEE60,0xAA40,0xAA40,0xEE40,0x0000,0x7FC0,0x1100,0x1100,0x7FC0},{0xAA40,0xAA40,0xEE60,0xAA40,0xAA40,0xEE40,0x0400,0x7FC0,0x1F00,0x2080,0x1F00},
{0xA940,0xA940,0xA940,0xA940,0xF940,0xA9C0,0xA940,0xA940,0xA940,0xF940,0x0140},{0xA940,0xA940,0xF9C0,0xA940,0xA940,0xF940,0x0000,0x7FC0,0x0040,0x0040,0x0040},{0xA940,0xA940,0xF9C0,0xA940,0xA940,0xF940,0x0000,0x7FC0,0x0440,0x0440,0x0440},{0xA940,0xA940,0xF9C0,0xA940,0xA940,0xF940,0x0000,0x7900,0x0900,0x0A80,0x0C40},
{0xA940,0xA940,0xF940,0xA9C0,0xA940,0xF940,0x0140,0x4140,0x4000,0x4000,0x7FC0},{0xA940,0xA940,0xF9C0,0xA940,0xA940,0xF940,0x0000,0x47C0,0x4100,0x4280,0x7C40},{0xA940,0xA940,0xF9C0,0xA940,0xA940,0xF940,0x0100,0x47C0,0x4380,0x4440,0x7B80},{0xA940,0xA940,0xF9C0,0xA940,0xA940,0xF940,0x0000,0x7FC0,0x4000,0x4000,0x7FC0},
{0xA940,0xF940,0xA9C0,0xA940,0xF940,0x0000,0x7FC0,0x0040,0x7FC0,0x4000,0x7FC0},{0xA940,0xF940,0xA9C0,0xA940,0xF940,0x0000,0x7BC0,0x0840,0x7840,0x4040,0x7840},{0xA940,0xF940,0xA9C0,0xA940,0xF940,0x0000,0x7BC0,0x0A40,0x7A40,0x4240,0x7BC0},{0xA940,0xF940,0xA9C0,0xA940,0xF940,0x0000,0x7A40,0x0A40,0x7BC0,0x4240,0x7BC0},
{0xA940,0xF940,0xA9C0,0xA940,0xF940,0x0000,0x7900,0x0900,0x7900,0x4280,0x7C40},{0xA940,0xF940,0xA9C0,0xA940,0xF940,0x0000,0x7BC0,0x0A00,0x7BC0,0x4200,0x7BC0},{0xA940,0xF940,0xA9C0,0xA940,0xF940,0x0000,0x7FC0,0x0A80,0x7A80,0x4280,0x7FC0},{0xA940,0xF940,0xA9C0,0xA940,0xF940,0x0000,0x7900,0x0FC0,0x7B80,0x4440,0x7B80},
{0xA940,0xA940,0xF9C0,0xA940,0xA940,0xF940,0x0000,0x7FC0,0x4040,0x4040,0x7FC0},{0xA940,0xA940,0xF9C0,0xA940,0xA940,0xF940,0x0000,0x4040,0x7FC0,0x4040,0x7FC0},{0xA940,0xA940,0xF9C0,0xA940,0xA940,0xF940,0x0000,0x4900,0x7900,0x4A80,0x7C40},{0xA940,0xA940,0xF940,0xA9C0,0xA940,0xF940,0x0140,0x0540,0x0400,0x1B00,0x60C0},
{0xA940,0xA940,0xF9C0,0xA940,0xA940,0xF940,0x0000,0x1100,0x1100,0x2A80,0x4440},{0xA940,0xA940,0xF9C0,0xA940,0xA940,0xF940,0x0000,0x3F80,0x4040,0x4040,0x3F80},{0xA940,0xA940,0xF9C0,0xA940,0xA940,0xF940,0x0000,0x7FC0,0x0400,0x1B00,0x60C0},{0xA940,0xA940,0xF9C0,0xA940,0xA940,0xF940,0x0140,0x0400,0x7FC0,0x1B00,0x60C0},
{0xA940,0xA940,0xF9C0,0xA940,0xA940,0xF940,0x0000,0x7FC0,0x0040,0x7FC0,0x0040},{0xA940,0xF940,0xA9C0,0xA940,0xF940,0x0000,0x7FC0,0x4000,0x7FC0,0x4000,0x7FC0},{0xA940,0xA940,0xF9C0,0xA940,0xA940,0xF940,0x0000,0x7FC0,0x1100,0x1100,0x7FC0},{0xA940,0xA940,0xF9C0,0xA940,0xA940,0xF940,0x0400,0x7FC0,0x1F00,0x2080,0x1F00},
{0xAA40,0xAA40,0xAA40,0xEE60,0xAA40,0xAA40,0xAA40,0xAA60,0xAA40,0xEE40,0x0040},{0xAA40,0xAA60,0xEE40,0xAA60,0xAA40,0xEE40,0x0000,0x7FC0,0x0040,0x0040,0x0040},{0xAA40,0xAA60,0xEE40,0xAA60,0xAA40,0xEE40,0x0000,0x7FC0,0x0440,0x0440,0x0440},{0xAA40,0xAA60,0xEE40,0xAA60,0xAA40,0xEE40,0x0040,0x7900,0x0900,0x0A80,0x0C40},
{0xAA40,0xAA40,0xEE60,0xAA40,0xAA60,0xEE40,0x0040,0x4040,0x4000,0x4000,0x7FC0},{0xAA40,0xAA60,0xEE40,0xAA60,0xAA40,0xEE40,0x0000,0x47C0,0x4100,0x4280,0x7C40},{0xAA40,0xAA60,0xEE40,0xAA60,0xAA40,0xEE40,0x0100,0x47C0,0x4380,0x4440,0x7B80},{0xAA40,0xAA60,0xEE40,0xAA60,0xAA40,0xEE40,0x0000,0x7FC0,0x4000,0x4000,0x7FC0},
{0xAA40,0xEE60,0xAA40,0xAA60,0xEE40,0x0000,0x7FC0,0x0040,0x7FC0,0x4000,0x7FC0},{0xAA40,0xEE60,0xAA40,0xAA60,0xEE40,0x0000,0x7BC0,0x0840,0x7840,0x4040,0x7840},{0xAA40,0xEE60,0xAA40,0xAA60,0xEE40,0x0000,0x7BC0,0x0A40,0x7A40,0x4240,0x7BC0},{0xAA40,0xEE60,0xAA40,0xAA60,0xEE40,0x0000,0x7A40,0x0A40,0x7BC0,0x4240,0x7BC0},
{0xAA40,0xEE60,0xAA40,0xAA60,0xEE40,0x0040,0x7900,0x0900,0x7900,0x4280,0x7C40},{0xAA40,0xEE60,0xAA40,0xAA60,0xEE40,0x0000,0x7BC0,0x0A00,0x7BC0,0x4200,0x7BC0},{0xAA40,0xEE60,0xAA40,0xAA60,0xEE40,0x0000,0x7FC0,0x0A80,0x7A80,0x4280,0x7FC0},{0xAA40,0xEE60,0xAA40,0xAA60,0xEE40,0x0040,0x7900,0x0FC0,0x7B80,0x4440,0x7B80},
{0xAA40,0xAA60,0xEE40,0xAA60,0xAA40,0xEE40,0x0000,0x7FC0,0x4040,0x4040,0x7FC0},{0xAA40,0xAA60,0xEE40,0xAA60,0xAA40,0xEE40,0x0000,0x4040,0x7FC0,0x4040,0x7FC0},{0xAA40,0xAA60,0xEE40,0xAA60,0xAA40,0xEE40,0x0040,0x4900,0x7900,0x4A80,0x7C40},{0xAA40,0xAA40,0xEE60,0xAA40,0xAA60,0xEE40,0x0040,0x0440,0x0400,0x1B00,0x60C0},
{0xAA40,0xAA60,0xEE40,0xAA60,0xAA40,0xEE40,0x0040,0x1100,0x1100,0x2A80,0x4440},{0xAA40,0xAA60,0xEE40,0xAA60,0xAA40,0xEE40,0x0000,0x3F80,0x4040,0x4040,0x3F80},{0xAA40,0xAA60,0xEE40,0xAA60,0xAA40,0xEE40,0x0000,0x7FC0,0x0400,0x1B00,0x60C0},{0xAA40,0xAA60,0xEE40,0xAA60,0xAA40,0xEE40,0x0040,0x0400,0x7FC0,0x1B00,0x60C0},
{0xAA40,0xAA60,0xEE40,0xAA60,0xAA40,0xEE40,0x0000,0x7FC0,0x0040,0x7FC0,0x0040},{0xAA40,0xEE60,0xAA40,0xAA60,0xEE40,0x0000,0x7FC0,0x4000,0x7FC0,0x4000,0x7FC0},{0xAA40,0xAA60,0xEE40,0xAA60,0xAA40,0xEE40,0x0000,0x7FC0,0x1100,0x1100,0x7FC0},{0xAA40,0xAA60,0xEE40,0xAA60,0xAA40,0xEE40,0x0400,0x7FC0,0x1F00,0x2080,0x1F00},
{0xA940,0xA940,0xA940,0xA9C0,0xF940,0xA940,0xA940,0xA9C0,0xA940,0xF940,0x0140},{0xA940,0xA9C0,0xF940,0xA9C0,0xA940,0xF940,0x0000,0x7FC0,0x0040,0x0040,0x0040},{0xA940,0xA9C0,0xF940,0xA9C0,0xA940,0xF940,0x0000,0x7FC0,0x0440,0x0440,0x0440},{0xA940,0xA9C0,0xF940,0xA9C0,0xA940,0xF940,0x0000,0x7900,0x0900,0x0A80,0x0C40},
{0xA940,0xA940,0xF9C0,0xA940,0xA9C0,0xF940,0x0140,0x4140,0x4000,0x4000,0x7FC0},{0xA940,0xA9C0,0xF940,0xA9C0,0xA940,0xF940,0x0000,0x47C0,0x4100,0x4280,0x7C40},{0xA940,0xA9C0,0xF940,0xA9C0,0xA940,0xF940,0x0100,0x47C0,0x4380,0x4440,0x7B80},{0xA940,0xA9C0,0xF940,0xA9C0,0xA940,0xF940,0x0000,0x7FC0,0x4000,0x4000,0x7FC0},
{0xA940,0xF9C0,0xA940,0xA9C0,0xF940,0x0000,0x7FC0,0x0040,0x7FC0,0x4000,0x7FC0},{0xA940,0xF9C0,0xA940,0xA9C0,0xF940,0x0000,0x7BC0,0x0840,0x7840,0x4040,0x7840},{0xA940,0xF9C0,0xA940,0xA9C0,0xF940,0x0000,0x7BC0,0x0A40,0x7A40,0x4240,0x7BC0},{0xA940,0xF9C0,0xA940,0xA9C0,0xF940,0x0000,0x7A40,0x0A40,0x7BC0,0x4240,0x7BC0},
{0xA940,0xF9C0,0xA940,0xA9C0,0xF940,0x0000,0x7900,0x0900,0x7900,0x4280,0x7C40},{0xA940,0xF9C0,0xA940,0xA9C0,0xF940,0x0000,0x7BC0,0x0A00,0x7BC0,0x4200,0x7BC0},{0xA940,0xF9C0,0xA940,0xA9C0,0xF940,0x0000,0x7FC0,0x0A80,0x7A80,0x4280,0x7FC0},{0xA940,0xF9C0,0xA940,0xA9C0,0xF940,0x0000,0x7900,0x0FC0,0x7B80,0x4440,0x7B80},
{0xA940,0xA9C0,0xF940,0xA9C0,0xA940,0xF940,0x0000,0x7FC0,0x4040,0x4040,0x7FC0},{0xA940,0xA9C0,0xF940,0xA9C0,0xA940,0xF940,0x0000,0x4040,0x7FC0,0x4040,0x7FC0},{0xA940,0xA9C0,0xF940,0xA9C0,0xA940,0xF940,0x0000,0x4900,0x7900,0x4A80,0x7C40},{0xA940,0xA940,0xF9C0,0xA940,0xA9C0,0xF940,0x0140,0x0540,0x0400,0x1B00,0x60C0},
{0xA940,0xA9C0,0xF940,0xA9C0,0xA940,0xF940,0x0000,0x1100,0x1100,0x2A80,0x4440},{0xA940,0xA9C0,0xF940,0xA9C0,0xA940,0xF940,0x0000,0x3F80,0x4040,0x4040,0x3F80},{0xA940,0xA9C0,0xF940,0xA9C0,0xA940,0xF940,0x0000,0x7FC0,0x0400,0x1B00,0x60C0},{0xA940,0xA9C0,0xF940,0xA9C0,0xA940,0xF940,0x0140,0x0400,0x7FC0,0x1B00,0x60C0},
{0xA940,0xA9C0,0xF940,0xA9C0,0xA940,0xF940,0x0000,0x7FC0,0x0040,0x7FC0,0x0040},{0xA940,0xF9C0,0xA940,0xA9C0,0xF940,0x0000,0x7FC0,0x4000,0x7FC0,0x4000,0x7FC0},{0xA940,0xA9C0,0xF940,0xA9C0,0xA940,0xF940,0x0000,0x7FC0,0x1100,0x1100,0x7FC0},{0xA940,0xA9C0,0xF940,0xA9C0,0xA940,0xF940,0x0400,0x7FC0,0x1F00,0x2080,0x1F00},
{0xAA40,0xAA40,0xAA40,0xAA40,0xEFC0,0xAA40,0xAA40,0xAA40,0xAA40,0xEE40,0x0040},{0xAA40,0xAA40,0xEFC0,0xAA40,0xAA40,0xEE40,0x0000,0x7FC0,0x0040,0x0040,0x0040},{0xAA40,0xAA40,0xEFC0,0xAA40,0xAA40,0xEE40,0x0000,0x7FC0,0x0440,0x0440,0x0440},{0xAA40,0xAA40,0xEFC0,0xAA40,0xAA40,0xEE40,0x0040,0x7900,0x0900,0x0A80,0x0C40},
{0xAA40,0xAA40,0xEFC0,0xAA40,0xAA40,0xEE40,0x0040,0x4040,0x4000,0x4000,0x7FC0},{0xAA40,0xAA40,0xEFC0,0xAA40,0xAA40,0xEE40,0x0000,0x47C0,0x4100,0x4280,0x7C40},{0xAA40,0xAA40,0xEFC0,0xAA40,0xAA40,0xEE40,0x0100,0x47C0,0x4380,0x4440,0x7B80},{0xAA40,0xAA40,0xEFC0,0xAA40,0xAA40,0xEE40,0x0000,0x7FC0,0x4000,0x4000,0x7FC0},
{0xAA40,0xEE40,0xABC0,0xAA40,0xEE40,0x0000,0x7FC0,0x0040,0x7FC0,0x4000,0x7FC0},{0xAA40,0xEE40,0xABC0,0xAA40,0xEE40,0x0000,0x7BC0,0x0840,0x7840,0x4040,0x7840},{0xAA40,0xEE40,0xABC0,0xAA40,0xEE40,0x0000,0x7BC0,0x0A40,0x7A40,0x4240,0x7BC0},{0xAA40,0xEE40,0xABC0,0xAA40,0xEE40,0x0000,0x7A40,0x0A40,0x7BC0,0x4240,0x7BC0},
{0xAA40,0xEE40,0xABC0,0xAA40,0xEE40,0x0040,0x7900,0x0900,0x7900,0x4280,0x7C40},{0xAA40,0xEE40,0xABC0,0xAA40,0xEE40,0x0000,0x7BC0,0x0A00,0x7BC0,0x4200,0x7BC0},{0xAA40,0xEE40,0xABC0,0xAA40,0xEE40,0x0000,0x7FC0,0x0A80,0x7A80,0x4280,0x7FC0},{0xAA40,0xEE40,0xABC0,0xAA40,0xEE40,0x0040,0x7900,0x0FC0,0x7B80,0x4440,0x7B80},
{0xAA40,0xAA40,0xEFC0,0xAA40,0xAA40,0xEE40,0x0000,0x7FC0,0x4040,0x4040,0x7FC0},{0xAA40,0xAA40,0xEFC0,0xAA40,0xAA40,0xEE40,0x0000,0x4040,0x7FC0,0x4040,0x7FC0},{0xAA40,0xAA40,0xEFC0,0xAA40,0xAA40,0xEE40,0x0040,0x4900,0x7900,0x4A80,0x7C40},{0xAA40,0xAA40,0xEE40,0xABC0,0xAA40,0xEE40,0x0040,0x0440,0x0400,0x1B00,0x60C0},
{0xAA40,0xAA40,0xEFC0,0xAA40,0xAA40,0xEE40,0x0040,0x1100,0x1100,0x2A80,0x4440},{0xAA40,0xAA40,0xEFC0,0xAA40,0xAA40,0xEE40,0x0000,0x3F80,0x4040,0x4040,0x3F80},{0xAA40,0xAA40,0xEFC0,0xAA40,0xAA40,0xEE40,0x0000,0x7FC0,0x0400,0x1B00,0x60C0},{0xAA40,0xAA40,0xEFC0,0xAA40,0xAA40,0xEE40,0x0040,0x0400,0x7FC0,0x1B00,0x60C0},
{0xAA40,0xAA40,0xEFC0,0xAA40,0xAA40,0xEE40,0x0000,0x7FC0,0x0040,0x7FC0,0x0040},{0xAA40,0xEE40,0xABC0,0xAA40,0xEE40,0x0000,0x7FC0,0x4000,0x7FC0,0x4000,0x7FC0},{0xAA40,0xAA40,0xEFC0,0xAA40,0xAA40,0xEE40,0x0000,0x7FC0,0x1100,0x1100,0x7FC0},{0xAA40,0xAA40,0xEFC0,0xAA40,0xAA40,0xEE40,0x0400,0x7FC0,0x1F00,0x2080,0x1F00},
{0xA940,0xA940,0xA940,0xA940,0xFF40,0xA940,0xA940,0xA940,0xA940,0xF940,0x0140},{0xA940,0xA940,0xFF40,0xA940,0xA940,0xF940,0x0000,0x7FC0,0x0040,0x0040,0x0040},{0xA940,0xA940,0xFF40,0xA940,0xA940,0xF940,0x0000,0x7FC0,0x0440,0x0440,0x0440},{0xA940,0xA940,0xFF40,0xA940,0xA940,0xF940,0x0000,0x7900,0x0900,0x0A80,0x0C40},
{0xA940,0xA940,0xF940,0xAF40,0xA940,0xF940,0x0140,0x4140,0x4000,0x4000,0x7FC0},{0xA940,0xA940,0xFF40,0xA940,0xA940,0xF940,0x0000,0x47C0,0x4100,0x4280,0x7C40},{0xA940,0xA940,0xFF40,0xA940,0xA940,0xF940,0x0100,0x47C0,0x4380,0x4440,0x7B80},{0xA940,0xA940,0xFF40,0xA940,0xA940,0xF940,0x0000,0x7FC0,0x4000,0x4000,0x7FC0},
{0xA940,0xF940,0xAF40,0xA940,0xF940,0x0000,0x7FC0,0x0040,0x7FC0,0x4000,0x7FC0},{0xA940,0xF940,0xAF40,0xA940,0xF940,0x0000,0x7BC0,0x0840,0x7840,0x4040,0x7840},{0xA940,0xF940,0xAF40,0xA940,0xF940,0x0000,0x7BC0,0x0A40,0x7A40,0x4240,0x7BC0},{0xA940,0xF940,0xAF40,0xA940,0xF940,0x0000,0x7A40,0x0A40,0x7BC0,0x4240,0x7BC0},
{0xA940,0xF940,0xAF40,0xA940,0xF940,0x0000,0x7900,0x0900,0x7900,0x4280,0x7C40},{0xA940,0xF940,0xAF40,0xA940,0xF940,0x0000,0x7BC0,0x0A00,0x7BC0,0x4200,0x7BC0},{0xA940,0xF940,0xAF40,0xA940,0xF940,0x0000,0x7FC0,0x0A80,0x7A80,0x4280,0x7FC0},{0xA940,0xF940,0xAF40,0xA940,0xF940,0x0000,0x7900,0x0FC0,0x7B80,0x4440,0x7B80},
{0xA940,0xA940,0xFF40,0xA940,0xA940,0xF940,0x0000,0x7FC0,0x4040,0x4040,0x7FC0},{0xA940,0xA940,0xFF40,0xA940,0xA940,0xF940,0x0000,0x4040,0x7FC0,0x4040,0x7FC0},{0xA940,0xA940,0xFF40,0xA940,0xA940,0xF940,0x0000,0x4900,0x7900,0x4A80,0x7C40},{0xA940,0xA940,0xF940,0xAF40,0xA940,0xF940,0x0140,0x0540,0x0400,0x1B00,0x60C0},
{0xA940,0xA940,0xFF40,0xA940,0xA940,0xF940,0x0000,0x1100,0x1100,0x2A80,0x4440},{0xA940,0xA940,0xFF40,0xA940,0xA940,0xF940,0x0000,0x3F80,0x4040,0x4040,0x3F80},{0xA940,0xA940,0xFF40,0xA940,0xA940,0xF940,0x0000,0x7FC0,0x0400,0x1B00,0x60C0},{0xA940,0xA940,0xFF40,0xA940,0xA940,0xF940,0x0140,0x0400,0x7FC0,0x1B00,0x60C0},
{0xA940,0xA940,0xFF40,0xA940,0xA940,0xF940,0x0000,0x7FC0,0x0040,0x7FC0,0x0040},{0xA940,0xF940,0xAF40,0xA940,0xF940,0x0000,0x7FC0,0x4000,0x7FC0,0x4000,0x7FC0},{0xA940,0xA940,0xFF40,0xA940,0xA940,0xF940,0x0000,0x7FC0,0x1100,0x1100,0x7FC0},{0xA940,0xA940,0xFF40,0xA940,0xA940,0xF940,0x0400,0x7FC0,0x1F00,0x2080,0x1F00},
{0xAA40,0xAA40,0xAA40,0xABC0,0xEE40,0xAA40,0xABC0,0xAA40,0xAA40,0xEE40,0x0040},{0xAA40,0xABC0,0xEE40,0xABC0,0xAA40,0xEE40,0x0000,0x7FC0,0x0040,0x0040,0x0040},{0xAA40,0xABC0,0xEE40,0xABC0,0xAA40,0xEE40,0x0000,0x7FC0,0x0440,0x0440,0x0440},{0xAA40,0xABC0,0xEE40,0xABC0,0xAA40,0xEE40,0x0040,0x7900,0x0900,0x0A80,0x0C40},
{0xAA40,0xAA40,0xEFC0,0xAA40,0xABC0,0xEE40,0x0040,0x4040,0x4000,0x4000,0x7FC0},{0xAA40,0xABC0,0xEE40,0xABC0,0xAA40,0xEE40,0x0000,0x47C0,0x4100,0x4280,0x7C40},{0xAA40,0xABC0,0xEE40,0xABC0,0xAA40,0xEE40,0x0100,0x47C0,0x4380,0x4440,0x7B80},{0xAA40,0xABC0,0xEE40,0xABC0,0xAA40,0xEE40,0x0000,0x7FC0,0x4000,0x4000,0x7FC0},
{0xAA40,0xEFC0,0xAA40,0xABC0,0xEE40,0x0000,0x7FC0,0x0040,0x7FC0,0x4000,0x7FC0},{0xAA40,0xEFC0,0xAA40,0xABC0,0xEE40,0x0000,0x7BC0,0x0840,0x7840,0x4040,0x7840},{0xAA40,0xEFC0,0xAA40,0xABC0,0xEE40,0x0000,0x7BC0,0x0A40,0x7A40,0x4240,0x7BC0},{0xAA40,0xEFC0,0xAA40,0xABC0,0xEE40,0x0000,0x7A40,0x0A40,0x7BC0,0x4240,0x7BC0},
{0xAA40,0xEFC0,0xAA40,0xABC0,0xEE40,0x0040,0x7900,0x0900,0x7900,0x4280,0x7C40},{0xAA40,0xEFC0,0xAA40,0xABC0,0xEE40,0x0000,0x7BC0,0x0A00,0x7BC0,0x4200,0x7BC0},{0xAA40,0xEFC0,0xAA40,0xABC0,0xEE40,0x0000,0x7FC0,0x0A80,0x7A80,0x4280,0x7FC0},{0xAA40,0xEFC0,0xAA40,0xABC0,0xEE40,0x0040,0x7900,0x0FC0,0x7B80,0x4440,0x7B80},
{0xAA40,0xABC0,0xEE40,0xABC0,0xAA40,0xEE40,0x0000,0x7FC0,0x4040,0x4040,0x7FC0},{0xAA40,0xABC0,0xEE40,0xABC0,0xAA40,0xEE40,0x0000,0x4040,0x7FC0,0x4040,0x7FC0},{0xAA40,0xABC0,0xEE40,0xABC0,0xAA40,0xEE40,0x0040,0x4900,0x7900,0x4A80,0x7C40},{0xAA40,0xAA40,0xEFC0,0xAA40,0xABC0,0xEE40,0x0040,0x0440,0x0400,0x1B00,0x60C0},
{0xAA40,0xABC0,0xEE40,0xABC0,0xAA40,0xEE40,0x0040,0x1100,0x1100,0x2A80,0x4440},{0xAA40,0xABC0,0xEE40,0xABC0,0xAA40,0xEE40,0x0000,0x3F80,0x4040,0x4040,0x3F80},{0xAA40,0xABC0,0xEE40,0xABC0,0xAA40,0xEE40,0x0000,0x7FC0,0x0400,0x1B00,0x60C0},{0xAA40,0xABC0,0xEE40,0xABC0,0xAA40,0xEE40,0x0040,0x0400,0x7FC0,0x1B00,0x60C0},
{0xAA40,0xABC0,0xEE40,0xABC0,0xAA40,0xEE40,0x0000,0x7FC0,0x0040,0x7FC0,0x0040},{0xAA40,0xEFC0,0xAA40,0xABC0,0xEE40,0x0000,0x7FC0,0x4000,0x7FC0,0x4000,0x7FC0},{0xAA40,0xABC0,0xEE40,0xABC0,0xAA40,0xEE40,0x0000,0x7FC0,0x1100,0x1100,0x7FC0},{0xAA40,0xABC0,0xEE40,0xABC0,0xAA40,0xEE40,0x0400,0x7FC0,0x1F00,0x2080,0x1F00},
{0xA940,0xA940,0xA940,0xAF40,0xF940,0xA940,0xAF40,0xA940,0xA940,0xF940,0x0140},{0xA940,0xAF40,0xF940,0xAF40,0xA940,0xF940,0x0000,0x7FC0,0x0040,0x0040,0x0040},{0xA940,0xAF40,0xF940,0xAF40,0xA940,0xF940,0x0000,0x7FC0,0x0440,0x0440,0x0440},{0xA940,0xAF40,0xF940,0xAF40,0xA940,0xF940,0x0000,0x7900,0x0900,0x0A80,0x0C40},
{0xA940,0xA940,0xFF40,0xA940,0xAF40,0xF940,0x0140,0x4140,0x4000,0x4000,0x7FC0},{0xA940,0xAF40,0xF940,0xAF40,0xA940,0xF940,0x0000,0x47C0,0x4100,0x4280,0x7C40},{0xA940,0xAF40,0xF940,0xAF40,0xA940,0xF940,0x0100,0x47C0,0x4380,0x4440,0x7B80},{0xA940,0xAF40,0xF940,0xAF40,0xA940,0xF940,0x0000,0x7FC0,0x4000,0x4000,0x7FC0},
{0xA940,0xFF40,0xA940,0xAF40,0xF940,0x0000,0x7FC0,0x0040,0x7FC0,0x4000,0x7FC0},{0xA940,0xFF40,0xA940,0xAF40,0xF940,0x0000,0x7BC0,0x0840,0x7840,0x4040,0x7840},{0xA940,0xFF40,0xA940,0xAF40,0xF940,0x0000,0x7BC0,0x0A40,0x7A40,0x4240,0x7BC0},{0xA940,0xFF40,0xA940,0xAF40,0xF940,0x0000,0x7A40,0x0A40,0x7BC0,0x4240,0x7BC0},
{0xA940,0xFF40,0xA940,0xAF40,0xF940,0x0000,0x7900,0x0900,0x7900,0x4280,0x7C40},{0xA940,0xFF40,0xA940,0xAF40,0xF940,0x0000,0x7BC0,0x0A00,0x7BC0,0x4200,0x7BC0},{0xA940,0xFF40,0xA940,0xAF40,0xF940,0x0000,0x7FC0,0x0A80,0x7A80,0x4280,0x7FC0},{0xA940,0xFF40,0xA940,0xAF40,0xF940,0x0000,0x7900,0x0FC0,0x7B80,0x4440,0x7B80},
{0xA940,0xAF40,0xF940,0xAF40,0xA940,0xF940,0x0000,0x7FC0,0x4040,0x4040,0x7FC0},{0xA940,0xAF40,0xF940,0xAF40,0xA940,0xF940,0x0000,0x4040,0x7FC0,0x4040,0x7FC0},{0xA940,0xAF40,0xF940,0xAF40,0xA940,0xF940,0x0000,0x4900,0x7900,0x4A80,0x7C40},{0xA940,0xA940,0xFF40,0xA940,0xAF40,0xF940,0x0140,0x0540,0x0400,0x1B00,0x60C0},
{0xA940,0xAF40,0xF940,0xAF40,0xA940,0xF940,0x0000,0x1100,0x1100,0x2A80,0x4440},{0xA940,0xAF40,0xF940,0xAF40,0xA940,0xF940,0x0000,0x3F80,0x4040,0x4040,0x3F80},{0xA940,0xAF40,0xF940,0xAF40,0xA940,0xF940,0x0000,0x7FC0,0x0400,0x1B00,0x60C0},{0xA940,0xAF40,0xF940,0xAF40,0xA940,0xF940,0x0140,0x0400,0x7FC0,0x1B00,0x60C0},
{0xA940,0xAF40,0xF940,0xAF40,0xA940,0xF940,0x0000,0x7FC0,0x0040,0x7FC0,0x0040},{0xA940,0xFF40,0xA940,0xAF40,0xF940,0x0000,0x7FC0,0x4000,0x7FC0,0x4000,0x7FC0},{0xA940,0xAF40,0xF940,0xAF40,0xA940,0xF940,0x0000,0x7FC0,0x1100,0x1100,0x7FC0},{0xA940,0xAF40,0xF940,0xAF40,0xA940,0xF940,0x0400,0x7FC0,0x1F00,0x2080,0x1F00},
{0x4A40,0x4A40,0x4A40,0x7BC0,0x4A40,0x4A40,0x7BC0,0x0400,0x0400,0xFFE0,0x0000},{0x4A40,0x7BC0,0x4A40,0x7BC0,0x0400,0xFFE0,0x0000,0x7FC0,0x0040,0x0040,0x0040},{0x4A40,0x7BC0,0x4A40,0x7BC0,0x0400,0xFFE0,0x0000,0x7FC0,0x0440,0x0440,0x0440},{0x4A40,0x7BC0,0x4A40,0x7BC0,0x0400,0xFFE0,0x0000,0x7900,0x0900,0x0A80,0x0C40},
{0x4A40,0x7BC0,0x4A40,0x7BC0,0x0400,0xFFE0,0x0000,0x4000,0x4000,0x4000,0x7FC0},{0x4A40,0x7BC0,0x4A40,0x7BC0,0x0400,0xFFE0,0x0000,0x47C0,0x4100,0x4280,0x7C40},{0x4A40,0x7BC0,0x4A40,0x7BC0,0x0400,0xFFE0,0x0100,0x47C0,0x4380,0x4440,0x7B80},{0x4A40,0x7BC0,0x4A40,0x7BC0,0x0400,0xFFE0,0x0000,0x7FC0,0x4000,0x4000,0x7FC0},
{0x4A40,0x7BC0,0x4A40,0x7BC0,0x0400,0xFFE0,0x7FC0,0x0040,0x7FC0,0x4000,0x7FC0},{0x4A40,0x7BC0,0x4A40,0x7BC0,0x0400,0xFFE0,0x7BC0,0x0840,0x7840,0x4040,0x7840},{0x4A40,0x7BC0,0x4A40,0x7BC0,0x0400,0xFFE0,0x7BC0,0x0A40,0x7A40,0x4240,0x7BC0},{0x4A40,0x7BC0,0x4A40,0x7BC0,0x0400,0xFFE0,0x7A40,0x0A40,0x7BC0,0x4240,0x7BC0},
{0x4A40,0x7BC0,0x4A40,0x7BC0,0x0400,0xFFE0,0x7900,0x0900,0x7900,0x4280,0x7C40},{0x4A40,0x7BC0,0x4A40,0x7BC0,0x0400,0xFFE0,0x7BC0,0x0A00,0x7BC0,0x4200,0x7BC0},{0x4A40,0x7BC0,0x4A40,0x7BC0,0x0400,0xFFE0,0x7FC0,0x0A80,0x7A80,0x4280,0x7FC0},{0x4A40,0x7BC0,0x4A40,0x7BC0,0x0400,0xFFE0,0x7900,0x0FC0,0x7B80,0x4440,0x7B80},
{0x4A40,0x7BC0,0x4A40,0x7BC0,0x0400,0xFFE0,0x0000,0x7FC0,0x4040,0x4040,0x7FC0},{0x4A40,0x7BC0,0x4A40,0x7BC0,0x0400,0xFFE0,0x0000,0x4040,0x7FC0,0x4040,0x7FC0},{0x4A40,0x7BC0,0x4A40,0x7BC0,0x0400,0xFFE0,0x0000,0x4900,0x7900,0x4A80,0x7C40},{0x4A40,0x7BC0,0x4A40,0x7BC0,0x0400,0xFFE0,0x0000,0x0400,0x0400,0x1B00,0x60C0},
{0x4A40,0x7BC0,0x4A40,0x7BC0,0x0400,0xFFE0,0x0000,0x1100,0x1100,0x2A80,0x4440},{0x4A40,0x7BC0,0x4A40,0x7BC0,0x0400,0xFFE0,0x0000,0x3F80,0x4040,0x4040,0x3F80},{0x4A40,0x7BC0,0x4A40,0x7BC0,0x0400,0xFFE0,0x0000,0x7FC0,0x0400,0x1B00,0x60C0},{0x4A40,0x7BC0,0x4A40,0x7BC0,0x0400,0xFFE0,0x0000,0x0400,0x7FC0,0x1B00,0x60C0},
{0x4A40,0x7BC0,0x4A40,0x7BC0,0x0400,0xFFE0,0x0000,0x7FC0,0x0040,0x7FC0,0x0040},{0x4A40,0x7BC0,0x4A40,0x7BC0,0x0400,0xFFE0,0x7FC0,0x4000,0x7FC0,0x4000,0x7FC0},{0x4A40,0x7BC0,0x4A40,0x7BC0,0x0400,0xFFE0,0x0000,0x7FC0,0x1100,0x1100,0x7FC0},{0x4A40,0x7BC0,0x4A40,0x7BC0,0x0400,0xFFE0,0x0400,0x7FC0,0x1F00,0x2080,0x1F00},
{0xAA40,0xAA40,0xEE40,0xAA40,0xAA40,0xAA60,0xEE40,0x1040,0x1040,0xFF40,0x0040},{0xAA40,0xEE40,0xAA40,0xAA60,0xEE40,0x1040,0xFF40,0x0000,0x7FC0,0x0040,0x0040},{0xAA40,0xEE40,0xAA40,0xAA60,0xEE40,0x1040,0xFF40,0x0000,0x7FC0,0x0440,0x0440},{0xAA40,0xEE40,0xAA40,0xAA60,0xEE40,0x1040,0xFF40,0x0040,0x7900,0x0A80,0x0C40},
{0xAA40,0xEE40,0xAA40,0xAA60,0xEE40,0x1040,0xFF40,0x0040,0x4000,0x4000,0x7FC0},{0xAA40,0xEE40,0xAA40,0xAA60,0xEE40,0x1040,0xFF40,0x0000,0x47C0,0x4280,0x7C40},{0xAA40,0xEE40,0xAA40,0xAA60,0xEE40,0x1040,0xFF40,0x0100,0x4FC0,0x4440,0x7B80},{0xAA40,0xEE40,0xAA40,0xAA60,0xEE40,0x1040,0xFF40,0x0000,0x7FC0,0x4000,0x7FC0},
{0xAA40,0xEE40,0xAA60,0xEE40,0x1040,0xFF40,0x7FC0,0x0040,0x7FC0,0x4000,0x7FC0},{0xAA40,0xEE40,0xAA60,0xEE40,0x1040,0xFF40,0x7BC0,0x0840,0x7840,0x4040,0x7840},{0xAA40,0xEE40,0xAA60,0xEE40,0x1040,0xFF40,0x7BC0,0x0A40,0x7A40,0x4240,0x7BC0},{0xAA40,0xEE40,0xAA60,0xEE40,0x1040,0xFF40,0x7A40,0x0A40,0x7BC0,0x4240,0x7BC0},
{0xAA40,0xEE40,0xAA60,0xEE40,0x1040,0xFF40,0x7840,0x0900,0x7900,0x4280,0x7C40},{0xAA40,0xEE40,0xAA60,0xEE40,0x1040,0xFF40,0x7BC0,0x0A00,0x7BC0,0x4200,0x7BC0},{0xAA40,0xEE40,0xAA60,0xEE40,0x1040,0xFF40,0x7FC0,0x0A80,0x7A80,0x4280,0x7FC0},{0xAA40,0xEE40,0xAA60,0xEE40,0x1040,0xFF40,0x7900,0x0FC0,0x7B80,0x4440,0x7B80},
{0xAA40,0xEE40,0xAA40,0xAA60,0xEE40,0x1040,0xFF40,0x0000,0x7FC0,0x4040,0x7FC0},{0xAA40,0xEE40,0xAA40,0xAA60,0xEE40,0x1040,0xFF40,0x4040,0x7FC0,0x4040,0x7FC0},{0xAA40,0xEE40,0xAA40,0xAA60,0xEE40,0x1040,0xFF40,0x4840,0x7900,0x4A80,0x7C40},{0xAA40,0xEE40,0xAA40,0xAA60,0xEE40,0x1040,0xFF40,0x0040,0x0400,0x1B00,0x60C0},
{0xAA40,0xEE40,0xAA40,0xAA60,0xEE40,0x1040,0xFF40,0x0040,0x1100,0x2A80,0x4440},{0xAA40,0xEE40,0xAA40,0xAA60,0xEE40,0x1040,0xFF40,0x0000,0x3F80,0x4040,0x3F80},{0xAA40,0xEE40,0xAA40,0xAA60,0xEE40,0x1040,0xFF40,0x0000,0x7FC0,0x1B00,0x60C0},{0xAA40,0xEE40,0xAA40,0xAA60,0xEE40,0x1040,0xFF40,0x0400,0x7FC0,0x1B00,0x60C0},
{0xAA40,0xEE40,0xAA60,0xEE40,0x1040,0xFF40,0x0000,0x7FC0,0x0040,0x7FC0,0x0040},{0xAA40,0xEE40,0xAA60,0xEE40,0x1040,0xFF40,0x7FC0,0x4000,0x7FC0,0x4000,0x7FC0},{0xAA40,0xEE40,0xAA40,0xAA60,0xEE40,0x1040,0xFF40,0x0000,0x7FC0,0x1100,0x7FC0},{0xAA40,0xEE40,0xAA60,0xEE40,0x1040,0xFF40,0x0400,0x7FC0,0x1F00,0x2080,0x1F00},
{0xA940,0xA940,0xF940,0xA940,0xA940,0xA9C0,0xF940,0x2140,0x2140,0xFD40,0x0140},{0xA940,0xF940,0xA940,0xA9C0,0xF940,0x2140,0xFD40,0x0000,0x7FC0,0x0040,0x0040},{0xA940,0xF940,0xA940,0xA9C0,0xF940,0x2140,0xFD40,0x0000,0x7FC0,0x0440,0x0440},{0xA940,0xF940,0xA940,0xA9C0,0xF940,0x2140,0xFD40,0x0000,0x7900,0x0A80,0x0C40},
{0xA940,0xF940,0xA940,0xA9C0,0xF940,0x2140,0xFD40,0x0140,0x4000,0x4000,0x7FC0},{0xA940,0xF940,0xA940,0xA9C0,0xF940,0x2140,0xFD40,0x0000,0x47C0,0x4280,0x7C40},{0xA940,0xF940,0xA940,0xA9C0,0xF940,0x2140,0xFD40,0x0100,0x4FC0,0x4440,0x7B80},{0xA940,0xF940,0xA940,0xA9C0,0xF940,0x2140,0xFD40,0x0000,0x7FC0,0x4000,0x7FC0},
{0xA940,0xF940,0xA9C0,0xF940,0x2140,0xFD40,0x7FC0,0x0040,0x7FC0,0x4000,0x7FC0},{0xA940,0xF940,0xA9C0,0xF940,0x2140,0xFD40,0x7BC0,0x0840,0x7840,0x4040,0x7840},{0xA940,0xF940,0xA9C0,0xF940,0x2140,0xFD40,0x7BC0,0x0A40,0x7A40,0x4240,0x7BC0},{0xA940,0xF940,0xA9C0,0xF940,0x2140,0xFD40,0x7A40,0x0A40,0x7BC0,0x4240,0x7BC0},
{0xA940,0xF940,0xA9C0,0xF940,0x2140,0xFD40,0x7800,0x0900,0x7900,0x4280,0x7C40},{0xA940,0xF940,0xA9C0,0xF940,0x2140,0xFD40,0x7BC0,0x0A00,0x7BC0,0x4200,0x7BC0},{0xA940,0xF940,0xA9C0,0xF940,0x2140,0xFD40,0x7FC0,0x0A80,0x7A80,0x4280,0x7FC0},{0xA940,0xF940,0xA9C0,0xF940,0x2140,0xFD40,0x7900,0x0FC0,0x7B80,0x4440,0x7B80},
{0xA940,0xF940,0xA940,0xA9C0,0xF940,0x2140,0xFD40,0x0000,0x7FC0,0x4040,0x7FC0},{0xA940,0xF940,0xA940,0xA9C0,0xF940,0x2140,0xFD40,0x4040,0x7FC0,0x4040,0x7FC0},{0xA940,0xF940,0xA940,0xA9C0,0xF940,0x2140,0xFD40,0x4800,0x7900,0x4A80,0x7C40},{0xA940,0xF940,0xA940,0xA9C0,0xF940,0x2140,0xFD40,0x0140,0x0400,0x1B00,0x60C0},
{0xA940,0xF940,0xA940,0xA9C0,0xF940,0x2140,0xFD40,0x0000,0x1100,0x2A80,0x4440},{0xA940,0xF940,0xA940,0xA9C0,0xF940,0x2140,0xFD40,0x0000,0x3F80,0x4040,0x3F80},{0xA940,0xF940,0xA940,0xA9C0,0xF940,0x2140,0xFD40,0x0000,0x7FC0,0x1B00,0x60C0},{0xA940,0xF940,0xA940,0xA9C0,0xF940,0x2140,0xFD40,0x0400,0x7FC0,0x1B00,0x60C0},
{0xA940,0xF940,0xA9C0,0xF940,0x2140,0xFD40,0x0000,0x7FC0,0x0040,0x7FC0,0x0040},{0xA940,0xF940,0xA9C0,0xF940,0x2140,0xFD40,0x7FC0,0x4000,0x7FC0,0x4000,0x7FC0},{0xA940,0xF940,0xA940,0xA9C0,0xF940,0x2140,0xFD40,0x0000,0x7FC0,0x1100,0x7FC0},{0xA940,0xF940,0xA9C0,0xF940,0x2140,0xFD40,0x0400,0x7FC0,0x1F00,0x2080,0x1F00},
{0xAA40,0xAA40,0xEE40,0xAA40,0xAA40,0xAA40,0xEE40,0x1040,0x1040,0xFF40,0x0040},{0xAA40,0xEE40,0xAA40,0xAA40,0xEE40,0x1040,0xFF40,0x0000,0x7FC0,0x0040,0x0040},{0xAA40,0xEE40,0xAA40,0xAA40,0xEE40,0x1040,0xFF40,0x0000,0x7FC0,0x0440,0x0440},{0xAA40,0xEE40,0xAA40,0xAA40,0xEE40,0x1040,0xFF40,0x0040,0x7900,0x0A80,0x0C40},
{0xAA40,0xEE40,0xAA40,0xAA40,0xEE40,0x1040,0xFF40,0x0040,0x4000,0x4000,0x7FC0},{0xAA40,0xEE40,0xAA40,0xAA40,0xEE40,0x1040,0xFF40,0x0000,0x47C0,0x4280,0x7C40},{0xAA40,0xEE40,0xAA40,0xAA40,0xEE40,0x1040,0xFF40,0x0100,0x4FC0,0x4440,0x7B80},{0xAA40,0xEE40,0xAA40,0xAA40,0xEE40,0x1040,0xFF40,0x0000,0x7FC0,0x4000,0x7FC0},
{0xAA40,0xEE40,0xAA40,0xEE40,0x1040,0xFF40,0x7FC0,0x0040,0x7FC0,0x4000,0x7FC0},{0xAA40,0xEE40,0xAA40,0xEE40,0x1040,0xFF40,0x7BC0,0x0840,0x7840,0x4040,0x7840},{0xAA40,0xEE40,0xAA40,0xEE40,0x1040,0xFF40,0x7BC0,0x0A40,0x7A40,0x4240,0x7BC0},{0xAA40,0xEE40,0xAA40,0xEE40,0x1040,0xFF40,0x7A40,0x0A40,0x7BC0,0x4240,0x7BC0},
{0xAA40,0xEE40,0xAA40,0xEE40,0x1040,0xFF40,0x7840,0x0900,0x7900,0x4280,0x7C40},{0xAA40,0xEE40,0xAA40,0xEE40,0x1040,0xFF40,0x7BC0,0x0A00,0x7BC0,0x4200,0x7BC0},{0xAA40,0xEE40,0xAA40,0xEE40,0x1040,0xFF40,0x7FC0,0x0A80,0x7A80,0x4280,0x7FC0},{0xAA40,0xEE40,0xAA40,0xEE40,0x1040,0xFF40,0x7900,0x0FC0,0x7B80,0x4440,0x7B80},
{0xAA40,0xEE40,0xAA40,0xAA40,0xEE40,0x1040,0xFF40,0x0000,0x7FC0,0x4040,0x7FC0},{0xAA40,0xEE40,0xAA40,0xAA40,0xEE40,0x1040,0xFF40,0x4040,0x7FC0,0x4040,0x7FC0},{0xAA40,0xEE40,0xAA40,0xAA40,0xEE40,0x1040,0xFF40,0x4840,0x7900,0x4A80,0x7C40},{0xAA40,0xEE40,0xAA40,0xAA40,0xEE40,0x1040,0xFF40,0x0040,0x0400,0x1B00,0x60C0},
{0xAA40,0xEE40,0xAA40,0xAA40,0xEE40,0x1040,0xFF40,0x0040,0x1100,0x2A80,0x4440},{0xAA40,0xEE40,0xAA40,0xAA40,0xEE40,0x1040,0xFF40,0x0000,0x3F80,0x4040,0x3F80},{0xAA40,0xEE40,0xAA40,0xAA40,0xEE40,0x1040,0xFF40,0x0000,0x7FC0,0x1B00,0x60C0},{0xAA40,0xEE40,0xAA40,0xAA40,0xEE40,0x1040,0xFF40,0x0400,0x7FC0,0x1B00,0x60C0},
{0xAA40,0xEE40,0xAA40,0xEE40,0x1040,0xFF40,0x0000,0x7FC0,0x0040,0x7FC0,0x0040},{0xAA40,0xEE40,0xAA40,0xEE40,0x1040,0xFF40,0x7FC0,0x4000,0x7FC0,0x4000,0x7FC0},{0xAA40,0xEE40,0xAA40,0xAA40,0xEE40,0x1040,0xFF40,0x0000,0x7FC0,0x1100,0x7FC0},{0xAA40,0xEE40,0xAA40,0xEE40,0x1040,0xFF40,0x0400,0x7FC0,0x1F00,0x2080,0x1F00},
{0x4A40,0x4A40,0x7BC0,0x4A40,0x4A40,0x4A40,0x7BC0,0x1100,0x1100,0xFFE0,0x0000},{0x4A40,0x7BC0,0x4A40,0x7BC0,0x1100,0xFFE0,0x0000,0x7FC0,0x0040,0x0040,0x0040},{0x4A40,0x7BC0,0x4A40,0x7BC0,0x1100,0xFFE0,0x0000,0x7FC0,0x0440,0x0440,0x0440},{0x4A40,0x7BC0,0x4A40,0x7BC0,0x1100,0xFFE0,0x0000,0x7900,0x0900,0x0A80,0x0C40},
{0x4A40,0x7BC0,0x4A40,0x7BC0,0x1100,0xFFE0,0x0000,0x4000,0x4000,0x4000,0x7FC0},{0x4A40,0x7BC0,0x4A40,0x7BC0,0x1100,0xFFE0,0x0000,0x47C0,0x4100,0x4280,0x7C40},{0x4A40,0x7BC0,0x4A40,0x7BC0,0x1100,0xFFE0,0x0100,0x47C0,0x4380,0x4440,0x7B80},{0x4A40,0x7BC0,0x4A40,0x7BC0,0x1100,0xFFE0,0x0000,0x7FC0,0x4000,0x4000,0x7FC0},
{0x4A40,0x7BC0,0x4A40,0x7BC0,0x1100,0xFFE0,0x7FC0,0x0040,0x7FC0,0x4000,0x7FC0},{0x4A40,0x7BC0,0x4A40,0x7BC0,0x1100,0xFFE0,0x7BC0,0x0840,0x7840,0x4040,0x7840},{0x4A40,0x7BC0,0x4A40,0x7BC0,0x1100,0xFFE0,0x7BC0,0x0A40,0x7A40,0x4240,0x7BC0},{0x4A40,0x7BC0,0x4A40,0x7BC0,0x1100,0xFFE0,0x7A40,0x0A40,0x7BC0,0x4240,0x7BC0},
{0x4A40,0x7BC0,0x4A40,0x7BC0,0x1100,0xFFE0,0x7800,0x0900,0x7900,0x4280,0x7C40},{0x4A40,0x7BC0,0x4A40,0x7BC0,0x1100,0xFFE0,0x7BC0,0x0A00,0x7BC0,0x4200,0x7BC0},{0x4A40,0x7BC0,0x4A40,0x7BC0,0x1100,0xFFE0,0x7FC0,0x0A80,0x7A80,0x4280,0x7FC0},{0x4A40,0x7BC0,0x4A40,0x7BC0,0x1100,0xFFE0,0x7900,0x0FC0,0x7B80,0x4440,0x7B80},
{0x4A40,0x7BC0,0x4A40,0x7BC0,0x1100,0xFFE0,0x0000,0x7FC0,0x4040,0x4040,0x7FC0},{0x4A40,0x7BC0,0x4A40,0x7BC0,0x1100,0xFFE0,0x0000,0x4040,0x7FC0,0x4040,0x7FC0},{0x4A40,0x7BC0,0x4A40,0x7BC0,0x1100,0xFFE0,0x0000,0x4900,0x7900,0x4A80,0x7C40},{0x4A40,0x7BC0,0x4A40,0x7BC0,0x1100,0xFFE0,0x0000,0x0400,0x0400,0x1B00,0x60C0},
{0x4A40,0x7BC0,0x4A40,0x7BC0,0x1100,0xFFE0,0x0000,0x1100,0x1100,0x2A80,0x4440},{0x4A40,0x7BC0,0x4A40,0x7BC0,0x1100,0xFFE0,0x0000,0x3F80,0x4040,0x4040,0x3F80},{0x4A40,0x7BC0,0x4A40,0x7BC0,0x1100,0xFFE0,0x0000,0x7FC0,0x0400,0x1B00,0x60C0},{0x4A40,0x7BC0,0x4A40,0x7BC0,0x1100,0xFFE0,0x0000,0x0400,0x7FC0,0x1B00,0x60C0},
{0x4A40,0x7BC0,0x4A40,0x7BC0,0x1100,0xFFE0,0x0000,0x7FC0,0x0040,0x7FC0,0x0040},{0x4A40,0x7BC0,0x4A40,0x7BC0,0x1100,0xFFE0,0x7FC0,0x4000,0x7FC0,0x4000,0x7FC0},{0x4A40,0x7BC0,0x4A40,0x7BC0,0x1100,0xFFE0,0x0000,0x7FC0,0x1100,0x1100,0x7FC0},{0x4A40,0x7BC0,0x4A40,0x7BC0,0x1100,0xFFE0,0x0400,0x7FC0,0x1F00,0x2080,0x1F00},
{0x4A40,0x4A40,0x7BC0,0x4A40,0x4A40,0x7BC0,0x0000,0xFFE0,0x0400,0x0400,0x0400},{0x4A40,0x7BC0,0x4A40,0x7BC0,0x0000,0xFFE0,0x0400,0x7FC0,0x0040,0x0040,0x0040},{0x4A40,0x7BC0,0x4A40,0x7BC0,0x0000,0xFFE0,0x0400,0x7FC0,0x0440,0x0440,0x0440},{0x4A40,0x7BC0,0x4A40,0x7BC0,0x0000,0xFFE0,0x0400,0x7900,0x0900,0x0A80,0x0C40},
{0x4A40,0x7BC0,0x4A40,0x7BC0,0x0000,0xFFE0,0x0400,0x4400,0x4000,0x4000,0x7FC0},{0x4A40,0x7BC0,0x4A40,0x7BC0,0x0000,0xFFE0,0x0400,0x47C0,0x4100,0x4280,0x7C40},{0x4A40,0x7BC0,0x4A40,0x7BC0,0x0000,0xFFE0,0x0500,0x47C0,0x4380,0x4440,0x7B80},{0x4A40,0x7BC0,0x4A40,0x7BC0,0x0000,0xFFE0,0x0400,0x7FC0,0x4000,0x4000,0x7FC0},
{0x4A40,0x7BC0,0x4A40,0x7BC0,0xFFE0,0x0400,0x7FC0,0x0040,0x7FC0,0x4000,0x7FC0},{0x4A40,0x7BC0,0x4A40,0x7BC0,0xFFE0,0x0400,0x7BC0,0x0840,0x7840,0x4040,0x7840},{0x4A40,0x7BC0,0x4A40,0x7BC0,0xFFE0,0x0400,0x7BC0,0x0A40,0x7A40,0x4240,0x7BC0},{0x4A40,0x7BC0,0x4A40,0x7BC0,0xFFE0,0x0400,0x7A40,0x0A40,0x7BC0,0x4240,0x7BC0},
{0x4A40,0x7BC0,0x4A40,0x7BC0,0xFFE0,0x0400,0x7900,0x0900,0x7900,0x4280,0x7C40},{0x4A40,0x7BC0,0x4A40,0x7BC0,0xFFE0,0x0400,0x7BC0,0x0A00,0x7BC0,0x4200,0x7BC0},{0x4A40,0x7BC0,0x4A40,0x7BC0,0xFFE0,0x0400,0x7FC0,0x0A80,0x7A80,0x4280,0x7FC0},{0x4A40,0x7BC0,0x4A40,0x7BC0,0xFFE0,0x0400,0x7900,0x0FC0,0x7B80,0x4440,0x7B80},
{0x4A40,0x7BC0,0x4A40,0x7BC0,0x0000,0xFFE0,0x0400,0x7FC0,0x4040,0x4040,0x7FC0},{0x4A40,0x7BC0,0x4A40,0x7BC0,0x0000,0xFFE0,0x0400,0x4040,0x7FC0,0x4040,0x7FC0},{0x4A40,0x7BC0,0x4A40,0x7BC0,0x0000,0xFFE0,0x0400,0x4900,0x7900,0x4A80,0x7C40},{0x4A40,0x7BC0,0x4A40,0x7BC0,0x0000,0xFFE0,0x0400,0x0000,0x0400,0x1B00,0x60C0},
{0x4A40,0x7BC0,0x4A40,0x7BC0,0x0000,0xFFE0,0x0400,0x1500,0x1100,0x2A80,0x4440},{0x4A40,0x7BC0,0x4A40,0x7BC0,0x0000,0xFFE0,0x0400,0x3F80,0x4040,0x4040,0x3F80},{0x4A40,0x7BC0,0x4A40,0x7BC0,0x0000,0xFFE0,0x0400,0x7FC0,0x0400,0x1B00,0x60C0},{0x4A40,0x7BC0,0x4A40,0x7BC0,0xFFE0,0x0400,0x0000,0x0400,0x7FC0,0x1B00,0x60C0},
{0x4A40,0x7BC0,0x4A40,0x7BC0,0x0000,0xFFE0,0x0400,0x7FC0,0x0040,0x7FC0,0x0040},{0x4A40,0x7BC0,0x4A40,0x7BC0,0xFFE0,0x0400,0x7FC0,0x4000,0x7FC0,0x4000,0x7FC0},{0x4A40,0x7BC0,0x4A40,0x7BC0,0x0000,0xFFE0,0x0400,0x7FC0,0x1100,0x1100,0x7FC0},{0x4A40,0x7BC0,0x4A40,0x7BC0,0xFFE0,0x0400,0x0400,0x7FC0,0x1F00,0x2080,0x1F00},
{0xAA40,0xEE40,0xAA40,0xAA40,0xEE40,0x0040,0xFF40,0x1040,0x13C0,0x1040,0x1040},{0xAA40,0xEE40,0xAA40,0xEE40,0x0040,0xFF40,0x11C0,0x1040,0x7FC0,0x0040,0x0040},{0xAA40,0xEE40,0xAA40,0xEE40,0x0040,0xFF40,0x11C0,0x1040,0x7FC0,0x0440,0x0440},{0xAA40,0xEE40,0xAA40,0xEE40,0x0040,0xFF40,0x11C0,0x1040,0x7900,0x0A80,0x0C40},
{0xAA40,0xEE40,0xAA40,0xEE40,0x0040,0xFF40,0x11C0,0x5040,0x4000,0x4000,0x7FC0},{0xAA40,0xEE40,0xAA40,0xEE40,0x0040,0xFF40,0x11C0,0x5040,0x47C0,0x4280,0x7C40},{0xAA40,0xEE40,0xAA40,0xEE40,0x0040,0xFF40,0x11C0,0x5140,0x4FC0,0x4440,0x7B80},{0xAA40,0xEE40,0xAA40,0xEE40,0x0040,0xFF40,0x11C0,0x1040,0x7FC0,0x4000,0x7FC0},
{0xAA40,0xEE40,0xAA40,0xEE40,0xFF40,0x11C0,0x7FC0,0x0040,0x7FC0,0x4000,0x7FC0},{0xAA40,0xEE40,0xAA40,0xEE40,0xFF40,0x11C0,0x7BC0,0x0840,0x7840,0x4040,0x7840},{0xAA40,0xEE40,0xAA40,0xEE40,0xFF40,0x11C0,0x7BC0,0x0A40,0x7A40,0x4240,0x7BC0},{0xAA40,0xEE40,0xAA40,0xEE40,0xFF40,0x11C0,0x7A40,0x0A40,0x7BC0,0x4240,0x7BC0},
{0xAA40,0xEE40,0xAA40,0xEE40,0xFF40,0x11C0,0x7840,0x0900,0x7900,0x4280,0x7C40},{0xAA40,0xEE40,0xAA40,0xEE40,0xFF40,0x11C0,0x7BC0,0x0A00,0x7BC0,0x4200,0x7BC0},{0xAA40,0xEE40,0xAA40,0xEE40,0xFF40,0x11C0,0x7FC0,0x0A80,0x7A80,0x4280,0x7FC0},{0xAA40,0xEE40,0xAA40,0xEE40,0xFF40,0x11C0,0x7940,0x0FC0,0x7B80,0x4440,0x7B80},
{0xAA40,0xEE40,0xAA40,0xEE40,0x0040,0xFF40,0x11C0,0x1040,0x7FC0,0x4040,0x7FC0},{0xAA40,0xEE40,0xAA40,0xEE40,0x0040,0xFF40,0x11C0,0x4040,0x7FC0,0x4040,0x7FC0},{0xAA40,0xEE40,0xAA40,0xEE40,0x0040,0xFF40,0x11C0,0x4840,0x7900,0x4A80,0x7C40},{0xAA40,0xEE40,0xAA40,0xEE40,0x0040,0xFF40,0x11C0,0x1440,0x0400,0x1B00,0x60C0},
{0xAA40,0xEE40,0xAA40,0xEE40,0x0040,0xFF40,0x11C0,0x0040,0x1100,0x2A80,0x4440},{0xAA40,0xEE40,0xAA40,0xEE40,0x0040,0xFF40,0x11C0,0x1040,0x3F80,0x4040,0x3F80},{0xAA40,0xEE40,0xAA40,0xEE40,0x0040,0xFF40,0x11C0,0x1040,0x7FC0,0x1B00,0x60C0},{0xAA40,0xEE40,0xAA40,0xEE40,0x0040,0xFF40,0x11C0,0x1440,0x7FC0,0x1B00,0x60C0},
{0xAA40,0xEE40,0xAA40,0xEE40,0xFF40,0x11C0,0x1040,0x7FC0,0x0040,0x7FC0,0x0040},{0xAA40,0xEE40,0xAA40,0xEE40,0xFF40,0x11C0,0x7FC0,0x4000,0x7FC0,0x4000,0x7FC0},{0xAA40,0xEE40,0xAA40,0xEE40,0x0040,0xFF40,0x11C0,0x1040,0x7FC0,0x1100,0x7FC0},{0xAA40,0xEE40,0xAA40,0xEE40,0x0040,0xFF40,0x11C0,0x1440,0x7FC0,0x2080,0x1F00},
{0xA940,0xF940,0xA940,0xA940,0xF940,0x0140,0xFD40,0x2140,0x2740,0x2140,0x2140},{0xA940,0xF940,0xA940,0xF940,0x0140,0xFD40,0x2740,0x2140,0x7FC0,0x0040,0x0040},{0xA940,0xF940,0xA940,0xF940,0x0140,0xFD40,0x2740,0x2140,0x7FC0,0x0440,0x0440},{0xA940,0xF940,0xA940,0xF940,0x0140,0xFD40,0x2740,0x2140,0x7900,0x0A80,0x0C40},
{0xA940,0xF940,0xA940,0xF940,0x0140,0xFD40,0x2740,0x2140,0x4000,0x4000,0x7FC0},{0xA940,0xF940,0xA940,0xF940,0x0140,0xFD40,0x2740,0x2140,0x47C0,0x4280,0x7C40},{0xA940,0xF940,0xA940,0xF940,0x0140,0xFD40,0x2740,0x2140,0x4FC0,0x4440,0x7B80},{0xA940,0xF940,0xA940,0xF940,0x0140,0xFD40,0x2740,0x2140,0x7FC0,0x4000,0x7FC0},
{0x5540,0x7D40,0x5540,0x5540,0xFD40,0x2740,0x7FC0,0x0040,0x7FC0,0x4000,0x7FC0},{0x5540,0x7D40,0x5540,0x5540,0xFD40,0x2740,0x7BC0,0x0840,0x7840,0x4040,0x7840},{0x5540,0x7D40,0x5540,0x5540,0xFD40,0x2740,0x7BC0,0x0A40,0x7A40,0x4240,0x7BC0},{0x5540,0x7D40,0x5540,0x5540,0xFD40,0x2740,0x7A40,0x0A40,0x7BC0,0x4240,0x7BC0},
{0x5540,0x7D40,0x5540,0x5540,0xFD40,0x2740,0x7800,0x0900,0x7900,0x4280,0x7C40},{0x5540,0x7D40,0x5540,0x5540,0xFD40,0x2740,0x7BC0,0x0A00,0x7BC0,0x4200,0x7BC0},{0x5540,0x7D40,0x5540,0x5540,0xFD40,0x2740,0x7FC0,0x0A80,0x7A80,0x4280,0x7FC0},{0x5540,0x7D40,0x5540,0x5540,0xFD40,0x2740,0x7900,0x0FC0,0x7B80,0x4440,0x7B80},
{0xA940,0xF940,0xA940,0xF940,0x0140,0xFD40,0x2740,0x2140,0x7FC0,0x4040,0x7FC0},{0xA940,0xF940,0xA940,0xF940,0x0140,0xFD40,0x1740,0x4140,0x7FC0,0x4040,0x7FC0},{0xA940,0xF940,0xA940,0xF940,0x0140,0xFD40,0x2740,0x4940,0x7900,0x4A80,0x7C40},{0xA940,0xF940,0xA940,0xF940,0x0140,0xFD40,0x2740,0x2140,0x0400,0x1B00,0x60C0},
{0xA940,0xF940,0xA940,0xF940,0x0140,0xFD40,0x2740,0x2140,0x1100,0x2A80,0x4440},{0xA940,0xF940,0xA940,0xF940,0x0140,0xFD40,0x2740,0x2140,0x3F80,0x4040,0x3F80},{0xA940,0xF940,0xA940,0xF940,0x0140,0xFD40,0x2740,0x2140,0x7FC0,0x1B00,0x60C0},{0xA940,0xF940,0xA940,0xF940,0x0140,0xFD40,0x2740,0x2540,0x7FC0,0x1B00,0x60C0},
{0x5540,0x7D40,0x5540,0x5540,0xFD40,0x1740,0x1140,0x7FC0,0x0040,0x7FC0,0x0040},{0x5540,0x7D40,0x5540,0x5540,0xFD40,0x2740,0x7FC0,0x4000,0x7FC0,0x4000,0x7FC0},{0xA940,0xF940,0xA940,0xF940,0x0140,0xFD40,0x2740,0x2140,0x7FC0,0x1100,0x7FC0},{0xA940,0xF940,0xA940,0xF940,0x0140,0xFD40,0x2740,0x2540,0x7FC0,0x2080,0x1F00},
{0xAA40,0xAA40,0xEE40,0xAA40,0xAA40,0xEE40,0x0040,0xFF40,0x1040,0x1040,0x1040},{0xAA40,0xEE40,0xAA40,0xAA40,0xEE40,0x0040,0xFF40,0x1000,0x7FC0,0x0040,0x0040},{0xAA40,0xEE40,0xAA40,0xAA40,0xEE40,0x0040,0xFF40,0x1000,0x7FC0,0x0440,0x0440},{0xAA40,0xEE40,0xAA40,0xAA40,0xEE40,0x0040,0xFF40,0x1040,0x7900,0x0A80,0x0C40},
{0xAA40,0xEE40,0xAA40,0xAA40,0xEE40,0x0040,0xFF40,0x1040,0x5040,0x4000,0x7FC0},{0xAA40,0xEE40,0xAA40,0xEE40,0x0040,0xFF40,0x1000,0x57C0,0x4100,0x4280,0x7C40},{0xAA40,0xEE40,0xAA40,0xEE40,0x0040,0xFF40,0x1100,0x57C0,0x4380,0x4440,0x7B80},{0xAA40,0xEE40,0xAA40,0xAA40,0xEE40,0x0040,0xFF40,0x1000,0x7FC0,0x4000,0x7FC0},
{0xAA40,0xEE40,0xAA40,0xEE40,0xFF40,0x1000,0x7FC0,0x0040,0x7FC0,0x4000,0x7FC0},{0xAA40,0xEE40,0xAA40,0xEE40,0xFF40,0x1000,0x7BC0,0x0840,0x7840,0x4040,0x7840},{0xAA40,0xEE40,0xAA40,0xEE40,0xFF40,0x1000,0x7BC0,0x0A40,0x7A40,0x4240,0x7BC0},{0xAA40,0xEE40,0xAA40,0xEE40,0xFF40,0x1000,0x7A40,0x0A40,0x7BC0,0x4240,0x7BC0},
{0xAA40,0xEE40,0xAA40,0xEE40,0xFF40,0x1040,0x7900,0x0900,0x7900,0x4280,0x7C40},{0xAA40,0xEE40,0xAA40,0xEE40,0xFF40,0x1000,0x7BC0,0x0A00,0x7BC0,0x4200,0x7BC0},{0xAA40,0xEE40,0xAA40,0xEE40,0xFF40,0x1000,0x7FC0,0x0A80,0x7A80,0x4280,0x7FC0},{0xAA40,0xEE40,0xAA40,0xEE40,0xFF40,0x1040,0x7900,0x0FC0,0x7B80,0x4440,0x7B80},
{0xAA40,0xEE40,0xAA40,0xAA40,0xEE40,0x0040,0xFF40,0x1000,0x7FC0,0x4040,0x7FC0},{0xAA40,0xEE40,0xAA40,0xEE40,0x0040,0xFF40,0x1000,0x4040,0x7FC0,0x4040,0x7FC0},{0xAA40,0xEE40,0xAA40,0xEE40,0x0040,0xFF40,0x1040,0x4900,0x7900,0x4A80,0x7C40},{0xAA40,0xEE40,0xAA40,0xEE40,0x0040,0xFF40,0x1040,0x1440,0x0400,0x1B00,0x60C0},
{0xAA40,0xEE40,0xAA40,0xEE40,0x0040,0xFF40,0x1040,0x0000,0x1100,0x2A80,0x4440},{0xAA40,0xEE40,0xAA40,0xAA40,0xEE40,0x0040,0xFF40,0x1000,0x3F80,0x4040,0x3F80},{0xAA40,0xEE40,0xAA40,0xEE40,0x0040,0xFF40,0x1000,0x7FC0,0x0400,0x1B00,0x60C0},{0xAA40,0xEE40,0xAA40,0xEE40,0x0040,0xFF40,0x1040,0x0400,0x7FC0,0x1B00,0x60C0},
{0xAA40,0xEE40,0xAA40,0xEE40,0x0040,0xFF40,0x1000,0x7FC0,0x0040,0x7FC0,0x0040},{0xAA40,0xEE40,0xAA40,0xEE40,0xFF40,0x1000,0x7FC0,0x4000,0x7FC0,0x4000,0x7FC0},{0xAA40,0xEE40,0xAA40,0xAA40,0xEE40,0x0040,0xFF40,0x1000,0x7FC0,0x1100,0x7FC0},{0xAA40,0xEE40,0xAA40,0xEE40,0xFF40,0x1040,0x0400,0x7FC0,0x1F00,0x2080,0x1F00},
{0x4A40,0x4A40,0x7BC0,0x4A40,0x4A40,0x7BC0,0x0000,0xFFE0,0x1100,0x1100,0x1100},{0x4A40,0x7BC0,0x4A40,0x7BC0,0x0000,0xFFE0,0x1100,0x7FC0,0x0040,0x0040,0x0040},{0x4A40,0x7BC0,0x4A40,0x7BC0,0x0000,0xFFE0,0x1100,0x7FC0,0x0440,0x0440,0x0440},{0x4A40,0x7BC0,0x4A40,0x7BC0,0x0000,0xFFE0,0x1100,0x7800,0x0900,0x0A80,0x0C40},
{0x4A40,0x7BC0,0x4A40,0x7BC0,0x0000,0xFFE0,0x1100,0x5100,0x4000,0x4000,0x7FC0},{0x4A40,0x7BC0,0x4A40,0x7BC0,0x0000,0xFFE0,0x1100,0x57C0,0x4100,0x4280,0x7C40},{0x4A40,0x7BC0,0x4A40,0x7BC0,0x0000,0xFFE0,0x1100,0x57C0,0x4380,0x4440,0x7B80},{0x4A40,0x7BC0,0x4A40,0x7BC0,0x0000,0xFFE0,0x1100,0x7FC0,0x4000,0x4000,0x7FC0},
{0x4A40,0x7BC0,0x4A40,0x7BC0,0xFFE0,0x1100,0x7FC0,0x0040,0x7FC0,0x4000,0x7FC0},{0x4A40,0x7BC0,0x4A40,0x7BC0,0xFFE0,0x1100,0x7BC0,0x0840,0x7840,0x4040,0x7840},{0x4A40,0x7BC0,0x4A40,0x7BC0,0xFFE0,0x1100,0x7BC0,0x0A40,0x7A40,0x4240,0x7BC0},{0x4A40,0x7BC0,0x4A40,0x7BC0,0xFFE0,0x1100,0x7A40,0x0A40,0x7BC0,0x4240,0x7BC0},
{0x4A40,0x7BC0,0x4A40,0x7BC0,0xFFE0,0x1100,0x7800,0x0900,0x7900,0x4280,0x7C40},{0x4A40,0x7BC0,0x4A40,0x7BC0,0xFFE0,0x1100,0x7BC0,0x0A00,0x7BC0,0x4200,0x7BC0},{0x4A40,0x7BC0,0x4A40,0x7BC0,0xFFE0,0x1100,0x7FC0,0x0A80,0x7A80,0x4280,0x7FC0},{0x4A40,0x7BC0,0x4A40,0x7BC0,0xFFE0,0x1100,0x7900,0x0FC0,0x7B80,0x4440,0x7B80},
{0x4A40,0x7BC0,0x4A40,0x7BC0,0x0000,0xFFE0,0x1100,0x7FC0,0x4040,0x4040,0x7FC0},{0x4A40,0x7BC0,0x4A40,0x7BC0,0x0000,0xFFE0,0x1100,0x4040,0x7FC0,0x4040,0x7FC0},{0x4A40,0x7BC0,0x4A40,0x7BC0,0x0000,0xFFE0,0x1100,0x4800,0x7900,0x4A80,0x7C40},{0x4A40,0x7BC0,0x4A40,0x7BC0,0x0000,0xFFE0,0x1100,0x1500,0x0400,0x1B00,0x60C0},
{0x4A40,0x7BC0,0x4A40,0x7BC0,0x0000,0xFFE0,0x1100,0x0000,0x1100,0x2A80,0x4440},{0x4A40,0x7BC0,0x4A40,0x7BC0,0x0000,0xFFE0,0x1100,0x3F80,0x4040,0x4040,0x3F80},{0x4A40,0x7BC0,0x4A40,0x7BC0,0x0000,0xFFE0,0x1100,0x7FC0,0x0400,0x1B00,0x60C0},{0x4A40,0x7BC0,0x4A40,0x7BC0,0x0000,0xFFE0,0x1100,0x0400,0x7FC0,0x1B00,0x60C0},
{0x4A40,0x7BC0,0x4A40,0x7BC0,0x0000,0xFFE0,0x1100,0x7FC0,0x0040,0x7FC0,0x0040},{0x4A40,0x7BC0,0x4A40,0x7BC0,0xFFE0,0x1100,0x7FC0,0x4000,0x7FC0,0x4000,0x7FC0},{0x4A40,0x7BC0,0x4A40,0x7BC0,0x0000,0xFFE0,0x1100,0x7FC0,0x1100,0x1100,0x7FC0},{0x4A40,0x7BC0,0x4A40,0x7BC0,0xFFE0,0x1100,0x0400,0x7FC0,0x1F00,0x2080,0x1F00},
{0x4A40,0x4A40,0x4A40,0x7BC0,0x4A40,0x4A40,0x7BC0,0x0000,0x0000,0xFFE0,0x0000},{0x4A40,0x7BC0,0x4A40,0x7BC0,0x0000,0xFFE0,0x0000,0x7FC0,0x0040,0x0040,0x0040},{0x4A40,0x7BC0,0x4A40,0x7BC0,0x0000,0xFFE0,0x0000,0x7FC0,0x0440,0x0440,0x0440},{0x4A40,0x7BC0,0x4A40,0x7BC0,0x0000,0xFFE0,0x0000,0x7900,0x0900,0x0A80,0x0C40},
{0x4A40,0x7BC0,0x4A40,0x7BC0,0x0000,0xFFE0,0x0000,0x4000,0x4000,0x4000,0x7FC0},{0x4A40,0x7BC0,0x4A40,0x7BC0,0x0000,0xFFE0,0x0000,0x47C0,0x4100,0x4280,0x7C40},{0x4A40,0x7BC0,0x4A40,0x7BC0,0x0000,0xFFE0,0x0100,0x47C0,0x4380,0x4440,0x7B80},{0x4A40,0x7BC0,0x4A40,0x7BC0,0x0000,0xFFE0,0x0000,0x7FC0,0x4000,0x4000,0x7FC0},
{0x4A40,0x7BC0,0x4A40,0x7BC0,0xFFE0,0x0000,0x7FC0,0x0040,0x7FC0,0x4000,0x7FC0},{0x4A40,0x7BC0,0x4A40,0x7BC0,0xFFE0,0x0000,0x7BC0,0x0840,0x7840,0x4040,0x7840},{0x4A40,0x7BC0,0x4A40,0x7BC0,0xFFE0,0x0000,0x7BC0,0x0A40,0x7A40,0x4240,0x7BC0},{0x4A40,0x7BC0,0x4A40,0x7BC0,0xFFE0,0x0000,0x7A40,0x0A40,0x7BC0,0x4240,0x7BC0},
{0x4A40,0x7BC0,0x4A40,0x7BC0,0xFFE0,0x0000,0x7900,0x0900,0x7900,0x4280,0x7C40},{0x4A40,0x7BC0,0x4A40,0x7BC0,0xFFE0,0x0000,0x7BC0,0x0A00,0x7BC0,0x4200,0x7BC0},{0x4A40,0x7BC0,0x4A40,0x7BC0,0xFFE0,0x0000,0x7FC0,0x0A80,0x7A80,0x4280,0x7FC0},{0x4A40,0x7BC0,0x4A40,0x7BC0,0xFFE0,0x0000,0x7900,0x0FC0,0x7B80,0x4440,0x7B80},
{0x4A40,0x7BC0,0x4A40,0x7BC0,0x0000,0xFFE0,0x0000,0x7FC0,0x4040,0x4040,0x7FC0},{0x4A40,0x7BC0,0x4A40,0x7BC0,0x0000,0xFFE0,0x0000,0x4040,0x7FC0,0x4040,0x7FC0},{0x4A40,0x7BC0,0x4A40,0x7BC0,0x0000,0xFFE0,0x0000,0x4900,0x7900,0x4A80,0x7C40},{0x4A40,0x7BC0,0x4A40,0x7BC0,0x0000,0xFFE0,0x0000,0x0400,0x0400,0x1B00,0x60C0},
{0x4A40,0x7BC0,0x4A40,0x7BC0,0x0000,0xFFE0,0x0000,0x1100,0x1100,0x2A80,0x4440},{0x4A40,0x7BC0,0x4A40,0x7BC0,0x0000,0xFFE0,0x0000,0x3F80,0x4040,0x4040,0x3F80},{0x4A40,0x7BC0,0x4A40,0x7BC0,0x0000,0xFFE0,0x0000,0x7FC0,0x0400,0x1B00,0x60C0},{0x4A40,0x7BC0,0x4A40,0x7BC0,0x0000,0xFFE0,0x0000,0x0400,0x7FC0,0x1B00,0x60C0},
{0x4A40,0x7BC0,0x4A40,0x7BC0,0x0000,0xFFE0,0x0000,0x7FC0,0x0040,0x7FC0,0x0040},{0x4A40,0x7BC0,0x4A40,0x7BC0,0xFFE0,0x0000,0x7FC0,0x4000,0x7FC0,0x4000,0x7FC0},{0x4A40,0x7BC0,0x4A40,0x7BC0,0x0000,0xFFE0,0x0000,0x7FC0,0x1100,0x1100,0x7FC0},{0x4A40,0x7BC0,0x4A40,0x7BC0,0x0000,0xFFE0,0x0400,0x7FC0,0x1F00,0x2080,0x1F00},
{0xAA40,0xAA40,0xAA40,0xEE40,0xAA40,0xAA40,0xEE40,0x0040,0x0040,0xFF40,0x0040},{0xAA40,0xEE40,0xAA40,0xAA40,0xEE40,0x0040,0xFF40,0x0000,0x7FC0,0x0040,0x0040},{0xAA40,0xEE40,0xAA40,0xAA40,0xEE40,0x0040,0xFF40,0x0000,0x7FC0,0x0440,0x0440},{0xAA40,0xEE40,0xAA40,0xAA40,0xEE40,0x0040,0xFF40,0x0040,0x7900,0x0A80,0x0C40},
{0xAA40,0xEE40,0xAA40,0xAA40,0xEE40,0x0040,0xFF40,0x0040,0x4000,0x4000,0x7FC0},{0xAA40,0xEE40,0xAA40,0xAA40,0xEE40,0x0040,0xFF40,0x0000,0x47C0,0x4280,0x7C40},{0xAA40,0xEE40,0xAA40,0xAA40,0xEE40,0x0040,0xFF40,0x0100,0x4FC0,0x4440,0x7B80},{0xAA40,0xEE40,0xAA40,0xAA40,0xEE40,0x0040,0xFF40,0x0000,0x7FC0,0x4000,0x7FC0},
{0xAA40,0xEE40,0xAA40,0xEE40,0xFF40,0x0000,0x7FC0,0x0040,0x7FC0,0x4000,0x7FC0},{0xAA40,0xEE40,0xAA40,0xEE40,0xFF40,0x0000,0x7BC0,0x0840,0x7840,0x4040,0x7840},{0xAA40,0xEE40,0xAA40,0xEE40,0xFF40,0x0000,0x7BC0,0x0A40,0x7A40,0x4240,0x7BC0},{0xAA40,0xEE40,0xAA40,0xEE40,0xFF40,0x0000,0x7A40,0x0A40,0x7BC0,0x4240,0x7BC0},
{0xAA40,0xEE40,0xAA40,0xEE40,0xFF40,0x0040,0x7840,0x0900,0x7900,0x4280,0x7C40},{0xAA40,0xEE40,0xAA40,0xEE40,0xFF40,0x0000,0x7BC0,0x0A00,0x7BC0,0x4200,0x7BC0},{0xAA40,0xEE40,0xAA40,0xEE40,0xFF40,0x0000,0x7FC0,0x0A80,0x7A80,0x4280,0x7FC0},{0xAA40,0xEE40,0xAA40,0xEE40,0xFF40,0x0040,0x7900,0x0FC0,0x7B80,0x4440,0x7B80},
{0xAA40,0xEE40,0xAA40,0xAA40,0xEE40,0x0040,0xFF40,0x0000,0x7FC0,0x4040,0x7FC0},{0xAA40,0xEE40,0xAA40,0xAA40,0xEE40,0x0040,0xFF40,0x4040,0x7FC0,0x4040,0x7FC0},{0xAA40,0xEE40,0xAA40,0xAA40,0xEE40,0x0040,0xFF40,0x4840,0x7900,0x4A80,0x7C40},{0xAA40,0xEE40,0xAA40,0xAA40,0xEE40,0x0040,0xFF40,0x0040,0x0400,0x1B00,0x60C0},
{0xAA40,0xEE40,0xAA40,0xAA40,0xEE40,0x0040,0xFF40,0x0040,0x1100,0x2A80,0x4440},{0xAA40,0xEE40,0xAA40,0xAA40,0xEE40,0x0040,0xFF40,0x0000,0x3F80,0x4040,0x3F80},{0xAA40,0xEE40,0xAA40,0xAA40,0xEE40,0x0040,0xFF40,0x0000,0x7FC0,0x1B00,0x60C0},{0xAA40,0xEE40,0xAA40,0xAA40,0xEE40,0x0040,0xFF40,0x0400,0x7FC0,0x1B00,0x60C0},
{0xAA40,0xEE40,0xAA40,0xEE40,0x0040,0xFF40,0x0000,0x7FC0,0x0040,0x7FC0,0x0040},{0xAA40,0xEE40,0xAA40,0xEE40,0xFF40,0x0000,0x7FC0,0x4000,0x7FC0,0x4000,0x7FC0},{0xAA40,0xEE40,0xAA40,0xAA40,0xEE40,0x0040,0xFF40,0x0000,0x7FC0,0x1100,0x7FC0},{0xAA40,0xEE40,0xAA40,0xEE40,0x0040,0xFF40,0x0400,0x7FC0,0x1F00,0x2080,0x1F00},
{0xAA40,0xAA40,0xAA40,0xAA40,0xEE40,0xAA40,0xAA40,0xAA40,0xAA40,0xEE40,0x0040},{0xAA40,0xAA40,0xEE40,0xAA40,0xAA40,0xEE40,0x0000,0x7FC0,0x0040,0x0040,0x0040},{0xAA40,0xAA40,0xEE40,0xAA40,0xAA40,0xEE40,0x0000,0x7FC0,0x0440,0x0440,0x0440},{0xAA40,0xAA40,0xEE40,0xAA40,0xAA40,0xEE40,0x0040,0x7900,0x0900,0x0A80,0x0C40},
{0xAA40,0xAA40,0xEE40,0xAA40,0xAA40,0xEE40,0x0040,0x4040,0x4000,0x4000,0x7FC0},{0xAA40,0xAA40,0xEE40,0xAA40,0xAA40,0xEE40,0x0000,0x47C0,0x4100,0x4280,0x7C40},{0xAA40,0xAA40,0xEE40,0xAA40,0xAA40,0xEE40,0x0100,0x47C0,0x4380,0x4440,0x7B80},{0xAA40,0xAA40,0xEE40,0xAA40,0xAA40,0xEE40,0x0000,0x7FC0,0x4000,0x4000,0x7FC0},
{0xAA40,0xEE40,0xAA40,0xAA40,0xEE40,0x0000,0x7FC0,0x0040,0x7FC0,0x4000,0x7FC0},{0xAA40,0xEE40,0xAA40,0xAA40,0xEE40,0x0000,0x7BC0,0x0840,0x7840,0x4040,0x7840},{0xAA40,0xEE40,0xAA40,0xAA40,0xEE40,0x0000,0x7BC0,0x0A40,0x7A40,0x4240,0x7BC0},{0xAA40,0xEE40,0xAA40,0xAA40,0xEE40,0x0000,0x7A40,0x0A40,0x7BC0,0x4240,0x7BC0},
{0xAA40,0xEE40,0xAA40,0xAA40,0xEE40,0x0040,0x7900,0x0900,0x7900,0x4280,0x7C40},{0xAA40,0xEE40,0xAA40,0xAA40,0xEE40,0x0000,0x7BC0,0x0A00,0x7BC0,0x4200,0x7BC0},{0xAA40,0xEE40,0xAA40,0xAA40,0xEE40,0x0000,0x7FC0,0x0A80,0x7A80,0x4280,0x7FC0},{0xAA40,0xEE40,0xAA40,0xAA40,0xEE40,0x0040,0x7900,0x0FC0,0x7B80,0x4440,0x7B80},
{0xAA40,0xAA40,0xEE40,0xAA40,0xAA40,0xEE40,0x0000,0x7FC0,0x4040,0x4040,0x7FC0},{0xAA40,0xAA40,0xEE40,0xAA40,0xAA40,0xEE40,0x0000,0x4040,0x7FC0,0x4040,0x7FC0},{0xAA40,0xAA40,0xEE40,0xAA40,0xAA40,0xEE40,0x0040,0x4900,0x7900,0x4A80,0x7C40},{0xAA40,0xAA40,0xEE40,0xAA40,0xAA40,0xEE40,0x0040,0x0440,0x0400,0x1B00,0x60C0},
{0xAA40,0xAA40,0xEE40,0xAA40,0xAA40,0xEE40,0x0040,0x1100,0x1100,0x2A80,0x4440},{0xAA40,0xAA40,0xEE40,0xAA40,0xAA40,0xEE40,0x0000,0x3F80,0x4040,0x4040,0x3F80},{0xAA40,0xAA40,0xEE40,0xAA40,0xAA40,0xEE40,0x0000,0x7FC0,0x0400,0x1B00,0x60C0},{0xAA40,0xAA40,0xEE40,0xAA40,0xAA40,0xEE40,0x0040,0x0400,0x7FC0,0x1B00,0x60C0},
{0xAA40,0xAA40,0xEE40,0xAA40,0xAA40,0xEE40,0x0000,0x7FC0,0x0040,0x7FC0,0x0040},{0xAA40,0xEE40,0xAA40,0xAA40,0xEE40,0x0000,0x7FC0,0x4000,0x7FC0,0x4000,0x7FC0},{0xAA40,0xAA40,0xEE40,0xAA40,0xAA40,0xEE40,0x0000,0x7FC0,0x1100,0x1100,0x7FC0},{0xAA40,0xAA40,0xEE40,0xAA40,0xAA40,0xEE40,0x0400,0x7FC0,0x1F00,0x2080,0x1F00},
{0x1040,0x1040,0x1040,0x1040,0x1040,0x2860,0x2840,0x4440,0x4440,0x8240,0x0040},{0x1040,0x1040,0x1060,0x2840,0x4440,0x8240,0x0000,0x7FC0,0x0040,0x0040,0x0040},{0x1040,0x1040,0x1060,0x2840,0x4440,0x8240,0x0000,0x7FC0,0x0440,0x0440,0x0440},{0x1040,0x1040,0x1060,0x2840,0x4440,0x8240,0x0040,0x7900,0x0900,0x0A80,0x0C40},
{0x1040,0x1040,0x1040,0x2860,0x4440,0x8240,0x0040,0x4040,0x4000,0x4000,0x7FC0},{0x1040,0x1040,0x1060,0x2840,0x4440,0x8240,0x0000,0x47C0,0x4100,0x4280,0x7C40},{0x1040,0x1040,0x1060,0x2840,0x4440,0x8240,0x0100,0x47C0,0x4380,0x4440,0x7B80},{0x1040,0x1040,0x1060,0x2840,0x4440,0x8240,0x0000,0x7FC0,0x4000,0x4000,0x7FC0},
{0x1040,0x1040,0x2860,0x4440,0x8240,0x0000,0x7FC0,0x0040,0x7FC0,0x4000,0x7FC0},{0x1040,0x1040,0x2860,0x4440,0x8240,0x0000,0x7BC0,0x0840,0x7840,0x4040,0x7840},{0x1040,0x1040,0x2860,0x4440,0x8240,0x0000,0x7BC0,0x0A40,0x7A40,0x4240,0x7BC0},{0x1040,0x1040,0x2860,0x4440,0x8240,0x0000,0x7A40,0x0A40,0x7BC0,0x4240,0x7BC0},
{0x1040,0x1040,0x2860,0x4440,0x8240,0x0040,0x7900,0x0900,0x7900,0x4280,0x7C40},{0x1040,0x1040,0x2860,0x4440,0x8240,0x0000,0x7BC0,0x0A00,0x7BC0,0x4200,0x7BC0},{0x1040,0x1040,0x2860,0x4440,0x8240,0x0000,0x7FC0,0x0A80,0x7A80,0x4280,0x7FC0},{0x1040,0x1040,0x2860,0x4440,0x8240,0x0040,0x7900,0x0FC0,0x7B80,0x4440,0x7B80},
{0x1040,0x1040,0x1060,0x2840,0x4440,0x8240,0x0000,0x7FC0,0x4040,0x4040,0x7FC0},{0x1040,0x1040,0x1060,0x2840,0x4440,0x8240,0x0000,0x4040,0x7FC0,0x4040,0x7FC0},{0x1040,0x1040,0x1060,0x2840,0x4440,0x8240,0x0040,0x4900,0x7900,0x4A80,0x7C40},{0x1040,0x1040,0x1040,0x2860,0x4440,0x8240,0x0040,0x0440,0x0400,0x1B00,0x60C0},
{0x1040,0x1040,0x1060,0x2840,0x4440,0x8240,0x0040,0x1100,0x1100,0x2A80,0x4440},{0x1040,0x1040,0x1060,0x2840,0x4440,0x8240,0x0000,0x3F80,0x4040,0x4040,0x3F80},{0x1040,0x1040,0x1060,0x2840,0x4440,0x8240,0x0000,0x7FC0,0x0400,0x1B00,0x60C0},{0x1040,0x1040,0x1060,0x2840,0x4440,0x8240,0x0040,0x0400,0x7FC0,0x1B00,0x60C0},
{0x1040,0x1040,0x1060,0x2840,0x4440,0x8240,0x0000,0x7FC0,0x0040,0x7FC0,0x0040},{0x1040,0x1040,0x2860,0x4440,0x8240,0x0000,0x7FC0,0x4000,0x7FC0,0x4000,0x7FC0},{0x1040,0x1040,0x1060,0x2840,0x4440,0x8240,0x0000,0x7FC0,0x1100,0x1100,0x7FC0},{0x1040,0x1040,0x1060,0x2840,0x4440,0x8240,0x0400,0x7FC0,0x1F00,0x2080,0x1F00},
{0x1140,0x1140,0x1140,0x1140,0x1140,0x29C0,0x2940,0x4540,0x4540,0x8340,0x0140},{0x1140,0x1140,0x11C0,0x2940,0x4540,0x8340,0x0000,0x7FC0,0x0040,0x0040,0x0040},{0x1140,0x1140,0x11C0,0x2940,0x4540,0x8340,0x0000,0x7FC0,0x0440,0x0440,0x0440},{0x1140,0x1140,0x11C0,0x2940,0x4540,0x8340,0x0000,0x7900,0x0900,0x0A80,0x0C40},
{0x1140,0x1140,0x1140,0x29C0,0x4540,0x8340,0x0140,0x4140,0x4000,0x4000,0x7FC0},{0x1140,0x1140,0x11C0,0x2940,0x4540,0x8340,0x0000,0x47C0,0x4100,0x4280,0x7C40},{0x1140,0x1140,0x11C0,0x2940,0x4540,0x8340,0x0100,0x47C0,0x4380,0x4440,0x7B80},{0x1140,0x1140,0x11C0,0x2940,0x4540,0x8340,0x0000,0x7FC0,0x4000,0x4000,0x7FC0},
{0x1140,0x1140,0x29C0,0x4540,0x8340,0x0000,0x7FC0,0x0040,0x7FC0,0x4000,0x7FC0},{0x1140,0x1140,0x29C0,0x4540,0x8340,0x0000,0x7BC0,0x0840,0x7840,0x4040,0x7840},{0x1140,0x1140,0x29C0,0x4540,0x8340,0x0000,0x7BC0,0x0A40,0x7A40,0x4240,0x7BC0},{0x1140,0x1140,0x29C0,0x4540,0x8340,0x0000,0x7A40,0x0A40,0x7BC0,0x4240,0x7BC0},
{0x1140,0x1140,0x29C0,0x4540,0x8340,0x0000,0x7900,0x0900,0x7900,0x4280,0x7C40},{0x1140,0x1140,0x29C0,0x4540,0x8340,0x0000,0x7BC0,0x0A00,0x7BC0,0x4200,0x7BC0},{0x1140,0x1140,0x29C0,0x4540,0x8340,0x0000,0x7FC0,0x0A80,0x7A80,0x4280,0x7FC0},{0x1140,0x1140,0x29C0,0x4540,0x8340,0x0000,0x7900,0x0FC0,0x7B80,0x4440,0x7B80},
{0x1140,0x1140,0x11C0,0x2940,0x4540,0x8340,0x0000,0x7FC0,0x4040,0x4040,0x7FC0},{0x1140,0x1140,0x11C0,0x2940,0x4540,0x8340,0x0000,0x4040,0x7FC0,0x4040,0x7FC0},{0x1140,0x1140,0x11C0,0x2940,0x4540,0x8340,0x0000,0x4900,0x7900,0x4A80,0x7C40},{0x1140,0x1140,0x1140,0x29C0,0x4540,0x8340,0x0140,0x0540,0x0400,0x1B00,0x60C0},
{0x1140,0x1140,0x11C0,0x2940,0x4540,0x8340,0x0000,0x1100,0x1100,0x2A80,0x4440},{0x1140,0x1140,0x11C0,0x2940,0x4540,0x8340,0x0000,0x3F80,0x4040,0x4040,0x3F80},{0x1140,0x1140,0x11C0,0x2940,0x4540,0x8340,0x0000,0x7FC0,0x0400,0x1B00,0x60C0},{0x1140,0x1140,0x11C0,0x2940,0x4540,0x8340,0x0400,0x7FC0,0x0400,0x1B00,0x60C0},
{0x1140,0x1140,0x11C0,0x2940,0x4540,0x8340,0x0000,0x7FC0,0x0040,0x7FC0,0x0040},{0x1140,0x1140,0x29C0,0x4540,0x8340,0x0000,0x7FC0,0x4000,0x7FC0,0x4000,0x7FC0},{0x1140,0x1140,0x11C0,0x2940,0x4540,0x8340,0x0000,0x7FC0,0x1100,0x1100,0x7FC0},{0x1140,0x1140,0x11C0,0x2940,0x4540,0x8340,0x0400,0x7FC0,0x1F00,0x2080,0x1F00},
{0x1040,0x1040,0x1040,0x1060,0x1040,0x2840,0x2840,0x4460,0x4440,0x8240,0x0040},{0x1040,0x1060,0x1040,0x2860,0x4440,0x8240,0x0000,0x7FC0,0x0040,0x0040,0x0040},{0x1040,0x1060,0x1040,0x2860,0x4440,0x8240,0x0000,0x7FC0,0x0440,0x0440,0x0440},{0x1040,0x1060,0x1040,0x2860,0x4440,0x8240,0x0040,0x7900,0x0900,0x0A80,0x0C40},
{0x1040,0x1040,0x1060,0x2840,0x4460,0x8240,0x0040,0x4040,0x4000,0x4000,0x7FC0},{0x1040,0x1060,0x1040,0x2860,0x4440,0x8240,0x0000,0x47C0,0x4100,0x4280,0x7C40},{0x1040,0x1060,0x1040,0x2860,0x4440,0x8240,0x0100,0x47C0,0x4380,0x4440,0x7B80},{0x1040,0x1060,0x1040,0x2860,0x4440,0x8240,0x0000,0x7FC0,0x4000,0x4000,0x7FC0},
{0x1040,0x1060,0x2840,0x4460,0x8240,0x0000,0x7FC0,0x0040,0x7FC0,0x4000,0x7FC0},{0x1040,0x1060,0x2840,0x4460,0x8240,0x0000,0x7BC0,0x0840,0x7840,0x4040,0x7840},{0x1040,0x1060,0x2840,0x4460,0x8240,0x0000,0x7BC0,0x0A40,0x7A40,0x4240,0x7BC0},{0x1040,0x1060,0x2840,0x4460,0x8240,0x0000,0x7A40,0x0A40,0x7BC0,0x4240,0x7BC0},
{0x1040,0x1060,0x2840,0x4460,0x8240,0x0040,0x7900,0x0900,0x7900,0x4280,0x7C40},{0x1040,0x1060,0x2840,0x4460,0x8240,0x0000,0x7BC0,0x0A00,0x7BC0,0x4200,0x7BC0},{0x1040,0x1060,0x2840,0x4460,0x8240,0x0000,0x7FC0,0x0A80,0x7A80,0x4280,0x7FC0},{0x1040,0x1060,0x2840,0x4460,0x8240,0x0040,0x7900,0x0FC0,0x7B80,0x4440,0x7B80},
{0x1040,0x1060,0x1040,0x2860,0x4440,0x8240,0x0000,0x7FC0,0x4040,0x4040,0x7FC0},{0x1040,0x1060,0x1040,0x2860,0x4440,0x8240,0x0000,0x4040,0x7FC0,0x4040,0x7FC0},{0x1040,0x1060,0x1040,0x2860,0x4440,0x8240,0x0040,0x4900,0x7900,0x4A80,0x7C40},{0x1040,0x1040,0x1060,0x2840,0x4460,0x8240,0x0040,0x0440,0x0400,0x1B00,0x60C0},
{0x1040,0x1060,0x1040,0x2860,0x4440,0x8240,0x0040,0x1100,0x1100,0x2A80,0x4440},{0x1040,0x1060,0x1040,0x2860,0x4440,0x8240,0x0000,0x3F80,0x4040,0x4040,0x3F80},{0x1040,0x1060,0x1040,0x2860,0x4440,0x8240,0x0000,0x7FC0,0x0400,0x1B00,0x60C0},{0x1040,0x1060,0x1040,0x2860,0x4440,0x8240,0x0040,0x0400,0x7FC0,0x1B00,0x60C0},
{0x1040,0x1060,0x1040,0x2860,0x4440,0x8240,0x0000,0x7FC0,0x0040,0x7FC0,0x0040},{0x1040,0x1060,0x2840,0x4460,0x8240,0x0000,0x7FC0,0x4000,0x7FC0,0x4000,0x7FC0},{0x1040,0x1060,0x1040,0x2860,0x4440,0x8240,0x0000,0x7FC0,0x1100,0x1100,0x7FC0},{0x1040,0x1060,0x1040,0x2860,0x4440,0x8240,0x0400,0x7FC0,0x1F00,0x2080,0x1F00},
{0x1140,0x1140,0x1140,0x11C0,0x1140,0x2940,0x2940,0x45C0,0x4540,0x8340,0x0140},{0x1140,0x11C0,0x1140,0x29C0,0x4540,0x8340,0x0000,0x7FC0,0x0040,0x0040,0x0040},{0x1140,0x11C0,0x1140,0x29C0,0x4540,0x8340,0x0000,0x7FC0,0x0440,0x0440,0x0440},{0x1140,0x11C0,0x1140,0x29C0,0x4540,0x8340,0x0000,0x7900,0x0900,0x0A80,0x0C40},
{0x1140,0x1140,0x11C0,0x2940,0x45C0,0x8340,0x0140,0x4140,0x4000,0x4000,0x7FC0},{0x1140,0x11C0,0x1140,0x29C0,0x4540,0x8340,0x0000,0x47C0,0x4100,0x4280,0x7C40},{0x1140,0x11C0,0x1140,0x29C0,0x4540,0x8340,0x0100,0x47C0,0x4380,0x4440,0x7B80},{0x1140,0x11C0,0x1140,0x29C0,0x4540,0x8340,0x0000,0x7FC0,0x4000,0x4000,0x7FC0},
{0x1140,0x11C0,0x2940,0x45C0,0x8340,0x0000,0x7FC0,0x0040,0x7FC0,0x4000,0x7FC0},{0x1140,0x11C0,0x2940,0x45C0,0x8340,0x0000,0x7BC0,0x0840,0x7840,0x4040,0x7840},{0x1140,0x11C0,0x2940,0x45C0,0x8340,0x0000,0x7BC0,0x0A40,0x7A40,0x4240,0x7BC0},{0x1140,0x11C0,0x2940,0x45C0,0x8340,0x0000,0x7A40,0x0A40,0x7BC0,0x4240,0x7BC0},
{0x1140,0x11C0,0x2940,0x45C0,0x8340,0x0000,0x7900,0x0900,0x7900,0x4280,0x7C40},{0x1140,0x11C0,0x2940,0x45C0,0x8340,0x0000,0x7BC0,0x0A00,0x7BC0,0x4200,0x7BC0},{0x1140,0x11C0,0x2940,0x45C0,0x8340,0x0000,0x7FC0,0x0A80,0x7A80,0x4280,0x7FC0},{0x1140,0x11C0,0x2940,0x45C0,0x8340,0x0000,0x7900,0x0FC0,0x7B80,0x4440,0x7B80},
{0x1140,0x11C0,0x1140,0x29C0,0x4540,0x8340,0x0000,0x7FC0,0x4040,0x4040,0x7FC0},{0x1140,0x11C0,0x1140,0x29C0,0x4540,0x8340,0x0000,0x4040,0x7FC0,0x4040,0x7FC0},{0x1140,0x11C0,0x1140,0x29C0,0x4540,0x8340,0x0000,0x4900,0x7900,0x4A80,0x7C40},{0x1140,0x1140,0x11C0,0x2940,0x45C0,0x8340,0x0140,0x0540,0x0400,0x1B00,0x60C0},
{0x1140,0x11C0,0x1140,0x29C0,0x4540,0x8340,0x0000,0x1100,0x1100,0x2A80,0x4440},{0x1140,0x1140,0x11C0,0x2940,0x45C0,0x8340,0x0000,0x3F80,0x4040,0x4040,0x3F80},{0x1140,0x11C0,0x1140,0x29C0,0x4540,0x8340,0x0000,0x7FC0,0x0400,0x1B00,0x60C0},{0x1140,0x11C0,0x1140,0x29C0,0x4540,0x8340,0x0140,0x0400,0x7FC0,0x1B00,0x60C0},
{0x1140,0x11C0,0x1140,0x29C0,0x4540,0x8340,0x0000,0x7FC0,0x0040,0x7FC0,0x0040},{0x1140,0x11C0,0x2940,0x45C0,0x8340,0x0000,0x7FC0,0x4000,0x7FC0,0x4000,0x7FC0},{0x1140,0x11C0,0x1140,0x29C0,0x4540,0x8340,0x0000,0x7FC0,0x1100,0x1100,0x7FC0},{0x1140,0x11C0,0x1140,0x29C0,0x4540,0x8340,0x0400,0x7FC0,0x1F00,0x2080,0x1F00},
{0x1040,0x1040,0x1040,0x1040,0x11C0,0x2840,0x2840,0x4440,0x4440,0x8240,0x0040},{0x1040,0x1040,0x11C0,0x2840,0x4440,0x8240,0x0000,0x7FC0,0x0040,0x0040,0x0040},{0x1040,0x1040,0x11C0,0x2840,0x4440,0x8240,0x0000,0x7FC0,0x0440,0x0440,0x0440},{0x1040,0x1040,0x11C0,0x2840,0x4440,0x8240,0x0040,0x7900,0x0900,0x0A80,0x0C40},
{0x1040,0x1040,0x11C0,0x2840,0x4440,0x8240,0x0040,0x4040,0x4000,0x4000,0x7FC0},{0x1040,0x1040,0x11C0,0x2840,0x4440,0x8240,0x0000,0x47C0,0x4100,0x4280,0x7C40},{0x1040,0x1040,0x11C0,0x2840,0x4440,0x8240,0x0100,0x47C0,0x4380,0x4440,0x7B80},{0x1040,0x1040,0x11C0,0x2840,0x4440,0x8240,0x0000,0x7FC0,0x4000,0x4000,0x7FC0},
{0x1040,0x1040,0x29C0,0x4440,0x8240,0x0000,0x7FC0,0x0040,0x7FC0,0x4000,0x7FC0},{0x1040,0x1040,0x29C0,0x4440,0x8240,0x0000,0x7BC0,0x0840,0x7840,0x4040,0x7840},{0x1040,0x1040,0x29C0,0x4440,0x8240,0x0000,0x7BC0,0x0A40,0x7A40,0x4240,0x7BC0},{0x1040,0x1040,0x29C0,0x4440,0x8240,0x0000,0x7A40,0x0A40,0x7BC0,0x4240,0x7BC0},
{0x1040,0x1040,0x29C0,0x4440,0x8240,0x0040,0x7900,0x0900,0x7900,0x4280,0x7C40},{0x1040,0x1040,0x29C0,0x4440,0x8240,0x0000,0x7BC0,0x0A00,0x7BC0,0x4200,0x7BC0},{0x1040,0x1040,0x29C0,0x4440,0x8240,0x0000,0x7FC0,0x0A80,0x7A80,0x4280,0x7FC0},{0x1040,0x1040,0x29C0,0x4440,0x8240,0x0040,0x7900,0x0FC0,0x7B80,0x4440,0x7B80},
{0x1040,0x1040,0x11C0,0x2840,0x4440,0x8240,0x0000,0x7FC0,0x4040,0x4040,0x7FC0},{0x1040,0x1040,0x11C0,0x2840,0x4440,0x8240,0x0000,0x4040,0x7FC0,0x4040,0x7FC0},{0x1040,0x1040,0x11C0,0x2840,0x4440,0x8240,0x0040,0x4900,0x7900,0x4A80,0x7C40},{0x1040,0x1040,0x11C0,0x2840,0x4440,0x8240,0x0040,0x0440,0x0400,0x1B00,0x60C0},
{0x1040,0x1040,0x11C0,0x2840,0x4440,0x8240,0x0040,0x1100,0x1100,0x2A80,0x4440},{0x1040,0x1040,0x11C0,0x2840,0x4440,0x8240,0x0000,0x3F80,0x4040,0x4040,0x3F80},{0x1040,0x1040,0x11C0,0x2840,0x4440,0x8240,0x0000,0x7FC0,0x0400,0x1B00,0x60C0},{0x1040,0x1040,0x11C0,0x2840,0x4440,0x8240,0x0040,0x0400,0x7FC0,0x1B00,0x60C0},
{0x1040,0x1040,0x11C0,0x2840,0x4440,0x8240,0x0000,0x7FC0,0x0040,0x7FC0,0x0040},{0x1040,0x1040,0x29C0,0x4440,0x8240,0x0000,0x7FC0,0x4000,0x7FC0,0x4000,0x7FC0},{0x1040,0x1040,0x11C0,0x2840,0x4440,0x8240,0x0000,0x7FC0,0x1100,0x1100,0x7FC0},{0x1040,0x1040,0x11C0,0x2840,0x4440,0x8240,0x0400,0x7FC0,0x1F00,0x2080,0x1F00},
{0x1140,0x1140,0x1140,0x1140,0x1740,0x2940,0x2940,0x4540,0x4540,0x8340,0x0140},{0x1140,0x1140,0x1740,0x2940,0x4540,0x8340,0x0000,0x7FC0,0x0040,0x0040,0x0040},{0x1140,0x1140,0x1740,0x2940,0x4540,0x8340,0x0000,0x7FC0,0x0440,0x0440,0x0440},{0x1140,0x1140,0x1740,0x2940,0x4540,0x8340,0x0000,0x7900,0x0900,0x0A80,0x0C40},
{0x1140,0x1140,0x1740,0x2940,0x4540,0x8340,0x0140,0x4140,0x4000,0x4000,0x7FC0},{0x1140,0x1140,0x1740,0x2940,0x4540,0x8340,0x0000,0x47C0,0x4100,0x4280,0x7C40},{0x1140,0x1140,0x1740,0x2940,0x4540,0x8340,0x0100,0x47C0,0x4380,0x4440,0x7B80},{0x1140,0x1140,0x1740,0x2940,0x4540,0x8340,0x0000,0x7FC0,0x4000,0x4000,0x7FC0},
{0x1140,0x1140,0x2B40,0x4540,0x8340,0x0000,0x7FC0,0x0040,0x7FC0,0x4000,0x7FC0},{0x1140,0x1140,0x2B40,0x4540,0x8340,0x0000,0x7BC0,0x0840,0x7840,0x4040,0x7840},{0x1140,0x1140,0x2B40,0x4540,0x8340,0x0000,0x7BC0,0x0A40,0x7A40,0x4240,0x7BC0},{0x1140,0x1140,0x2B40,0x4540,0x8340,0x0000,0x7A40,0x0A40,0x7BC0,0x4240,0x7BC0},
{0x1140,0x1140,0x2B40,0x4540,0x8340,0x0000,0x7900,0x0900,0x7900,0x4280,0x7C40},{0x1140,0x1140,0x2B40,0x4540,0x8340,0x0000,0x7BC0,0x0A00,0x7BC0,0x4200,0x7BC0},{0x1140,0x1140,0x2B40,0x4540,0x8340,0x0000,0x7FC0,0x0A80,0x7A80,0x4280,0x7FC0},{0x1140,0x1140,0x2B40,0x4540,0x8340,0x0000,0x7900,0x0FC0,0x7B80,0x4440,0x7B80},
{0x1140,0x1140,0x1740,0x2940,0x4540,0x8340,0x0000,0x7FC0,0x4040,0x4040,0x7FC0},{0x1140,0x1140,0x1740,0x2940,0x4540,0x8340,0x0000,0x4040,0x7FC0,0x4040,0x7FC0},{0x1140,0x1140,0x1740,0x2940,0x4540,0x8340,0x0000,0x4900,0x7900,0x4A80,0x7C40},{0x1140,0x1140,0x1740,0x2940,0x4540,0x8340,0x0140,0x0540,0x0400,0x1B00,0x60C0},
{0x1140,0x1140,0x1740,0x2940,0x4540,0x8340,0x0000,0x1100,0x1100,0x2A80,0x4440},{0x1140,0x1140,0x1740,0x2940,0x4540,0x8340,0x0000,0x3F80,0x4040,0x4040,0x3F80},{0x1140,0x1140,0x1740,0x2940,0x4540,0x8340,0x0000,0x7FC0,0x0400,0x1B00,0x60C0},{0x1140,0x1140,0x1740,0x2940,0x4540,0x8340,0x0140,0x0400,0x7FC0,0x1B00,0x60C0},
{0x1140,0x1140,0x1740,0x2940,0x4540,0x8340,0x0000,0x7FC0,0x0040,0x7FC0,0x0040},{0x1140,0x1140,0x2B40,0x4540,0x8340,0x0000,0x7FC0,0x4000,0x7FC0,0x4000,0x7FC0},{0x1140,0x1140,0x1740,0x2940,0x4540,0x8340,0x0000,0x7FC0,0x1100,0x1100,0x7FC0},{0x1140,0x1140,0x1740,0x2940,0x4540,0x8340,0x0400,0x7FC0,0x1F00,0x2080,0x1F00},
{0x1040,0x1040,0x1040,0x11C0,0x1040,0x2840,0x29C0,0x4440,0x4440,0x8240,0x0040},{0x1040,0x11C0,0x1040,0x29C0,0x4440,0x8240,0x0000,0x7FC0,0x0040,0x0040,0x0040},{0x1040,0x11C0,0x1040,0x29C0,0x4440,0x8240,0x0000,0x7FC0,0x0440,0x0440,0x0440},{0x1040,0x11C0,0x1040,0x29C0,0x4440,0x8240,0x0040,0x7900,0x0900,0x0A80,0x0C40},
{0x1040,0x1040,0x11C0,0x2840,0x45C0,0x8240,0x0040,0x4040,0x4000,0x4000,0x7FC0},{0x1040,0x11C0,0x1040,0x29C0,0x4440,0x8240,0x0000,0x47C0,0x4100,0x4280,0x7C40},{0x1040,0x11C0,0x1040,0x29C0,0x4440,0x8240,0x0100,0x47C0,0x4380,0x4440,0x7B80},{0x1040,0x11C0,0x1040,0x29C0,0x4440,0x8240,0x0000,0x7FC0,0x4000,0x4000,0x7FC0},
{0x1040,0x11C0,0x2840,0x45C0,0x8240,0x0000,0x7FC0,0x0040,0x7FC0,0x4000,0x7FC0},{0x1040,0x11C0,0x2840,0x45C0,0x8240,0x0000,0x7BC0,0x0840,0x7840,0x4040,0x7840},{0x1040,0x11C0,0x2840,0x45C0,0x8240,0x0000,0x7BC0,0x0A40,0x7A40,0x4240,0x7BC0},{0x1040,0x11C0,0x2840,0x45C0,0x8240,0x0000,0x7A40,0x0A40,0x7BC0,0x4240,0x7BC0},
{0x1040,0x11C0,0x2840,0x45C0,0x8240,0x0040,0x7900,0x0900,0x7900,0x4280,0x7C40},{0x1040,0x11C0,0x2840,0x45C0,0x8240,0x0000,0x7BC0,0x0A00,0x7BC0,0x4200,0x7BC0},{0x1040,0x11C0,0x2840,0x45C0,0x8240,0x0000,0x7FC0,0x0A80,0x7A80,0x4280,0x7FC0},{0x1040,0x11C0,0x2840,0x45C0,0x8240,0x0040,0x7900,0x0FC0,0x7B80,0x4440,0x7B80},
{0x1040,0x11C0,0x1040,0x29C0,0x4440,0x8240,0x0000,0x7FC0,0x4040,0x4040,0x7FC0},{0x1040,0x11C0,0x1040,0x29C0,0x4440,0x8240,0x0000,0x4040,0x7FC0,0x4040,0x7FC0},{0x1040,0x11C0,0x1040,0x29C0,0x4440,0x8240,0x0040,0x4900,0x7900,0x4A80,0x7C40},{0x1040,0x1040,0x11C0,0x2840,0x45C0,0x8240,0x0040,0x0440,0x0400,0x1B00,0x60C0},
{0x1040,0x11C0,0x1040,0x29C0,0x4440,0x8240,0x0040,0x1100,0x1100,0x2A80,0x4440},{0x1040,0x11C0,0x1040,0x29C0,0x4440,0x8240,0x0000,0x3F80,0x4040,0x4040,0x3F80},{0x1040,0x11C0,0x1040,0x29C0,0x4440,0x8240,0x0000,0x7FC0,0x0400,0x1B00,0x60C0},{0x1040,0x11C0,0x1040,0x29C0,0x4440,0x8240,0x0040,0x0400,0x7FC0,0x1B00,0x60C0},
{0x1040,0x11C0,0x1040,0x29C0,0x4440,0x8240,0x0000,0x7FC0,0x0040,0x7FC0,0x0040},{0x1040,0x11C0,0x2840,0x45C0,0x8240,0x0000,0x7FC0,0x4000,0x7FC0,0x4000,0x7FC0},{0x1040,0x11C0,0x1040,0x29C0,0x4440,0x8240,0x0000,0x7FC0,0x1100,0x1100,0x7FC0},{0x1040,0x11C0,0x1040,0x29C0,0x4440,0x8240,0x0400,0x7FC0,0x1F00,0x2080,0x1F00},
{0x2140,0x2140,0x2140,0x2740,0x2140,0x5140,0x5740,0x5140,0x8940,0x8940,0x0140},{0x2140,0x2740,0x2140,0x5740,0x5140,0x8940,0x0000,0x7FC0,0x0040,0x0040,0x0040},{0x2140,0x2740,0x2140,0x5740,0x5140,0x8940,0x0000,0x7FC0,0x0440,0x0440,0x0440},{0x2140,0x2740,0x2140,0x5740,0x5140,0x8940,0x0000,0x7900,0x0900,0x0A80,0x0C40},
{0x2140,0x2140,0x2740,0x5140,0x5740,0x8940,0x0140,0x4140,0x4000,0x4000,0x7FC0},{0x2140,0x2740,0x2140,0x5740,0x5140,0x8940,0x0000,0x47C0,0x4100,0x4280,0x7C40},{0x2140,0x2740,0x2140,0x5740,0x5140,0x8940,0x0100,0x47C0,0x4380,0x4440,0x7B80},{0x2140,0x2740,0x2140,0x5740,0x5140,0x8940,0x0000,0x7FC0,0x4000,0x4000,0x7FC0},
{0x2140,0x2740,0x5140,0x5740,0x8940,0x0000,0x7FC0,0x0040,0x7FC0,0x4000,0x7FC0},{0x2140,0x2740,0x5140,0x5740,0x8940,0x0000,0x7BC0,0x0840,0x7840,0x4040,0x7840},{0x2140,0x2740,0x5140,0x5740,0x8940,0x0000,0x7BC0,0x0A40,0x7A40,0x4240,0x7BC0},{0x2140,0x2740,0x5140,0x5740,0x8940,0x0000,0x7A40,0x0A40,0x7BC0,0x4240,0x7BC0},
{0x2140,0x2740,0x5140,0x5740,0x8940,0x0000,0x7900,0x0900,0x7900,0x4280,0x7C40},{0x2140,0x2740,0x5140,0x5740,0x8940,0x0000,0x7BC0,0x0A00,0x7BC0,0x4200,0x7BC0},{0x2140,0x2740,0x5140,0x5740,0x8940,0x0000,0x7FC0,0x0A80,0x7A80,0x4280,0x7FC0},{0x2140,0x2740,0x5140,0x5740,0x8940,0x0000,0x7900,0x0FC0,0x7B80,0x4440,0x7B80},
{0x2140,0x2740,0x2140,0x5740,0x5140,0x8940,0x0000,0x7FC0,0x4040,0x4040,0x7FC0},{0x2140,0x2740,0x2140,0x5740,0x5140,0x8940,0x0000,0x4040,0x7FC0,0x4040,0x7FC0},{0x2140,0x2740,0x2140,0x5740,0x5140,0x8940,0x0000,0x4900,0x7900,0x4A80,0x7C40},{0x2140,0x2140,0x2740,0x5140,0x5740,0x8940,0x0140,0x0540,0x0400,0x1B00,0x60C0},
{0x2140,0x2740,0x2140,0x5740,0x5140,0x8940,0x0000,0x1100,0x1100,0x2A80,0x4440},{0x2140,0x2740,0x2140,0x5740,0x5140,0x8940,0x0000,0x3F80,0x4040,0x4040,0x3F80},{0x2140,0x2740,0x2140,0x5740,0x5140,0x8940,0x0000,0x7FC0,0x0400,0x1B00,0x60C0},{0x2140,0x2740,0x2140,0x5740,0x5140,0x8940,0x0140,0x0400,0x7FC0,0x1B00,0x60C0},
{0x2140,0x2740,0x2140,0x5740,0x5140,0x8940,0x0000,0x7FC0,0x0040,0x7FC0,0x0040},{0x2140,0x2740,0x5140,0x5740,0x8940,0x0000,0x7FC0,0x4000,0x7FC0,0x4000,0x7FC0},{0x2140,0x2740,0x2140,0x5740,0x5140,0x8940,0x0000,0x7FC0,0x1100,0x1100,0x7FC0},{0x2140,0x2740,0x2140,0x5740,0x5140,0x8940,0x0400,0x7FC0,0x1F00,0x2080,0x1F00},
{0x0400,0x0400,0x0400,0x0A00,0x1100,0x2080,0x4440,0x0400,0x0400,0xFFE0,0x0000},{0x0400,0x0400,0x1B00,0x64C0,0x0400,0xFFE0,0x0000,0x7FC0,0x0040,0x0040,0x0040},{0x0400,0x0400,0x1B00,0x64C0,0x0400,0xFFE0,0x0000,0x7FC0,0x0440,0x0440,0x0440},{0x0400,0x0400,0x1B00,0x64C0,0x0400,0xFFE0,0x0000,0x7900,0x0900,0x0A80,0x0C40},
{0x0400,0x0400,0x1B00,0x64C0,0x0400,0xFFE0,0x0000,0x4000,0x4000,0x4000,0x7FC0},{0x0400,0x0400,0x1B00,0x64C0,0x0400,0xFFE0,0x0000,0x47C0,0x4100,0x4280,0x7C40},{0x0400,0x0400,0x1B00,0x64C0,0x0400,0xFFE0,0x0100,0x47C0,0x4380,0x4440,0x7B80},{0x0400,0x0400,0x1B00,0x64C0,0x0400,0xFFE0,0x0000,0x7FC0,0x4000,0x4000,0x7FC0},
{0x0400,0x1B00,0x64C0,0x0400,0xFFE0,0x0000,0x7FC0,0x0040,0x7FC0,0x4000,0x7FC0},{0x0400,0x1B00,0x64C0,0x0400,0xFFE0,0x0000,0x7BC0,0x0840,0x7840,0x4040,0x7840},{0x0400,0x1B00,0x64C0,0x0400,0xFFE0,0x0000,0x7BC0,0x0A40,0x7A40,0x4240,0x7BC0},{0x0400,0x1B00,0x64C0,0x0400,0xFFE0,0x0000,0x7A40,0x0A40,0x7BC0,0x4240,0x7BC0},
{0x0400,0x1B00,0x64C0,0x0400,0xFFE0,0x0000,0x7900,0x0900,0x7900,0x4280,0x7C40},{0x0400,0x1B00,0x64C0,0x0400,0xFFE0,0x0000,0x7BC0,0x0A00,0x7BC0,0x4200,0x7BC0},{0x0400,0x1B00,0x64C0,0x0400,0xFFE0,0x0000,0x7FC0,0x0A80,0x7A80,0x4280,0x7FC0},{0x0400,0x1B00,0x64C0,0x0400,0xFFE0,0x0000,0x7900,0x0FC0,0x7B80,0x4440,0x7B80},
{0x0400,0x0400,0x1B00,0x64C0,0x0400,0xFFE0,0x0000,0x7FC0,0x4040,0x4040,0x7FC0},{0x0400,0x0400,0x1B00,0x64C0,0x0400,0xFFE0,0x0000,0x4040,0x7FC0,0x4040,0x7FC0},{0x0400,0x0400,0x1B00,0x64C0,0x0400,0xFFE0,0x0000,0x4900,0x7900,0x4A80,0x7C40},{0x0400,0x0400,0x1B00,0x64C0,0x0400,0xFFE0,0x0000,0x0400,0x0400,0x1B00,0x60C0},
{0x0400,0x0400,0x1B00,0x64C0,0x0400,0xFFE0,0x0000,0x1100,0x1100,0x2A80,0x4440},{0x0400,0x0400,0x1B00,0x64C0,0x0400,0xFFE0,0x0000,0x3F80,0x4040,0x4040,0x3F80},{0x0400,0x0400,0x1B00,0x64C0,0x0400,0xFFE0,0x0000,0x7FC0,0x0400,0x1B00,0x60C0},{0x0400,0x0400,0x1B00,0x64C0,0x0400,0xFFE0,0x0000,0x0400,0x7FC0,0x1B00,0x60C0},
{0x0400,0x0400,0x1B00,0x64C0,0x0400,0xFFE0,0x0000,0x7FC0,0x0040,0x7FC0,0x0040},{0x0400,0x1B00,0x64C0,0x0400,0xFFE0,0x0000,0x7FC0,0x4000,0x7FC0,0x4000,0x7FC0},{0x0400,0x0400,0x1B00,0x64C0,0x0400,0xFFE0,0x0000,0x7FC0,0x1100,0x1100,0x7FC0},{0x0400,0x0400,0x1B00,0x64C0,0x0400,0xFFE0,0x0400,0x7FC0,0x1F00,0x2080,0x1F00},
{0x1040,0x1040,0x2840,0x2840,0x4440,0x8260,0x1040,0x1040,0x1040,0xFF40,0x0040},{0x1040,0x1040,0x2860,0xC640,0x1040,0xFF40,0x0000,0x7FC0,0x0040,0x0040,0x0040},{0x1040,0x1040,0x2860,0xC640,0x1040,0xFF40,0x0000,0x7FC0,0x0440,0x0440,0x0440},{0x1040,0x1040,0x2860,0xC640,0x1040,0xFF40,0x0040,0x7900,0x0900,0x0A80,0x0C40},
{0x1040,0x1040,0x2840,0xC660,0x1040,0xFF40,0x0040,0x4040,0x4000,0x4000,0x7FC0},{0x1040,0x1040,0x2860,0xC640,0x1040,0xFF40,0x0000,0x47C0,0x4100,0x4280,0x7C40},{0x1040,0x1040,0x2860,0xC640,0x1040,0xFF40,0x0100,0x47C0,0x4380,0x4440,0x7B80},{0x1040,0x1040,0x2860,0xC640,0x1040,0xFF40,0x0000,0x7FC0,0x4000,0x4000,0x7FC0},
{0x1040,0x2840,0xC660,0x1040,0xFF40,0x0000,0x7FC0,0x0040,0x7FC0,0x4000,0x7FC0},{0x1040,0x2840,0xC660,0x1040,0xFF40,0x0000,0x7BC0,0x0840,0x7840,0x4040,0x7840},{0x1040,0x2840,0xC660,0x1040,0xFF40,0x0000,0x7BC0,0x0A40,0x7A40,0x4240,0x7BC0},{0x1040,0x2840,0xC660,0x1040,0xFF40,0x0000,0x7A40,0x0A40,0x7BC0,0x4240,0x7BC0},
{0x1040,0x2840,0xC660,0x1040,0xFF40,0x0040,0x7900,0x0900,0x7900,0x4280,0x7C40},{0x1040,0x2840,0xC660,0x1040,0xFF40,0x0000,0x7BC0,0x0A00,0x7BC0,0x4200,0x7BC0},{0x1040,0x2840,0xC660,0x1040,0xFF40,0x0000,0x7FC0,0x0A80,0x7A80,0x4280,0x7FC0},{0x1040,0x2840,0xC660,0x1040,0xFF40,0x0040,0x7900,0x0FC0,0x7B80,0x4440,0x7B80},
{0x1040,0x1040,0x2860,0xC640,0x1040,0xFF40,0x0000,0x7FC0,0x4040,0x4040,0x7FC0},{0x1040,0x1040,0x2860,0xC640,0x1040,0xFF40,0x0000,0x4040,0x7FC0,0x4040,0x7FC0},{0x1040,0x1040,0x2840,0xC660,0x1040,0xFF40,0x0040,0x4900,0x7900,0x4A80,0x7C40},{0x1040,0x1040,0x2840,0xC660,0x1040,0xFF40,0x0040,0x0440,0x0400,0x1B00,0x60C0},
{0x1040,0x1040,0x2860,0xC640,0x1040,0xFF40,0x0040,0x1100,0x1100,0x2A80,0x4440},{0x1040,0x1040,0x2860,0xC640,0x1040,0xFF40,0x0000,0x3F80,0x4040,0x4040,0x3F80},{0x1040,0x1040,0x2860,0xC640,0x1040,0xFF40,0x0000,0x7FC0,0x0400,0x1B00,0x60C0},{0x1040,0x1040,0x2860,0xC640,0x1040,0xFF40,0x0040,0x0400,0x7FC0,0x1B00,0x60C0},
{0x1040,0x1040,0x2860,0xC640,0x1040,0xFF40,0x0000,0x7FC0,0x0040,0x7FC0,0x0040},{0x1040,0x2840,0xC660,0x1040,0xFF40,0x0000,0x7FC0,0x4000,0x7FC0,0x4000,0x7FC0},{0x1040,0x1040,0x2860,0xC640,0x1040,0xFF40,0x0000,0x7FC0,0x1100,0x1100,0x7FC0},{0x1040,0x1040,0x2860,0xC640,0x1040,0xFF40,0x0400,0x7FC0,0x1F00,0x2080,0x1F00},
{0x1140,0x1140,0x2940,0x2940,0x4540,0x83C0,0x1140,0x1140,0x1140,0xFF40,0x0140},{0x1140,0x1140,0x29C0,0xC740,0x1140,0xFF40,0x0000,0x7FC0,0x0040,0x0040,0x0040},{0x1140,0x1140,0x29C0,0xC740,0x1140,0xFF40,0x0000,0x7FC0,0x0440,0x0440,0x0440},{0x1140,0x1140,0x29C0,0xC740,0x1140,0xFF40,0x0000,0x7900,0x0900,0x0A80,0x0C40},
{0x1140,0x1140,0x2940,0xC7C0,0x1140,0xFF40,0x0140,0x4140,0x4000,0x4000,0x7FC0},{0x1140,0x1140,0x29C0,0xC740,0x1140,0xFF40,0x0000,0x47C0,0x4100,0x4280,0x7C40},{0x1140,0x1140,0x29C0,0xC740,0x1140,0xFF40,0x0100,0x47C0,0x4380,0x4440,0x7B80},{0x1140,0x1140,0x29C0,0xC740,0x1140,0xFF40,0x0000,0x7FC0,0x4000,0x4000,0x7FC0},
{0x1140,0x2940,0xC7C0,0x1140,0xFF40,0x0000,0x7FC0,0x0040,0x7FC0,0x4000,0x7FC0},{0x1140,0x2940,0xC7C0,0x1140,0xFF40,0x0000,0x7BC0,0x0840,0x7840,0x4040,0x7840},{0x1140,0x2940,0xC7C0,0x1140,0xFF40,0x0000,0x7BC0,0x0A40,0x7A40,0x4240,0x7BC0},{0x1140,0x2940,0xC7C0,0x1140,0xFF40,0x0000,0x7A40,0x0A40,0x7BC0,0x4240,0x7BC0},
{0x1140,0x2940,0xC7C0,0x1140,0xFF40,0x0000,0x7900,0x0900,0x7900,0x4280,0x7C40},{0x1140,0x2940,0xC7C0,0x1140,0xFF40,0x0000,0x7BC0,0x0A00,0x7BC0,0x4200,0x7BC0},{0x1140,0x2940,0xC7C0,0x1140,0xFF40,0x0000,0x7FC0,0x0A80,0x7A80,0x4280,0x7FC0},{0x1140,0x2940,0xC7C0,0x1140,0xFF40,0x0000,0x7900,0x0FC0,0x7B80,0x4440,0x7B80},
{0x1140,0x1140,0x29C0,0xC740,0x1140,0xFF40,0x0000,0x7FC0,0x4040,0x4040,0x7FC0},{0x1140,0x1140,0x29C0,0xC740,0x1140,0xFF40,0x0000,0x4040,0x7FC0,0x4040,0x7FC0},{0x1140,0x1140,0x29C0,0xC740,0x1140,0xFF40,0x0000,0x4900,0x7900,0x4A80,0x7C40},{0x1140,0x1140,0x2940,0xC7C0,0x1140,0xFF40,0x0140,0x0540,0x0400,0x1B00,0x60C0},
{0x1140,0x1140,0x29C0,0xC740,0x1140,0xFF40,0x0000,0x1100,0x1100,0x2A80,0x4440},{0x1140,0x1140,0x29C0,0xC740,0x1140,0xFF40,0x0000,0x3F80,0x4040,0x4040,0x3F80},{0x1140,0x1140,0x29C0,0xC740,0x1140,0xFF40,0x0000,0x7FC0,0x0400,0x1B00,0x60C0},{0x1140,0x1140,0x29C0,0xC740,0x1140,0xFF40,0x0000,0x0400,0x7FC0,0x1B00,0x60C0},
{0x1140,0x1140,0x29C0,0xC740,0x1140,0xFF40,0x0000,0x7FC0,0x0040,0x7FC0,0x0040},{0x1140,0x2940,0xC7C0,0x1140,0xFF40,0x0000,0x7FC0,0x4000,0x7FC0,0x4000,0x7FC0},{0x1140,0x1140,0x29C0,0xC740,0x1140,0xFF40,0x0000,0x7FC0,0x1100,0x1100,0x7FC0},{0x1140,0x1140,0x29C0,0xC740,0x1140,0xFF40,0x0400,0x7FC0,0x1F00,0x2080,0x1F00},
{0x1040,0x1040,0x2840,0x2840,0x4440,0x8240,0x1040,0x1040,0x1040,0xFF40,0x0040},{0x1040,0x1040,0x2840,0xC640,0x1040,0xFF40,0x0000,0x7FC0,0x0040,0x0040,0x0040},{0x1040,0x1040,0x2840,0xC640,0x1040,0xFF40,0x0000,0x7FC0,0x0440,0x0440,0x0440},{0x1040,0x1040,0x2840,0xC640,0x1040,0xFF40,0x0040,0x7900,0x0900,0x0A80,0x0C40},
{0x1040,0x1040,0x2840,0xC640,0x1040,0xFF40,0x0040,0x4040,0x4000,0x4000,0x7FC0},{0x1040,0x1040,0x2840,0xC640,0x1040,0xFF40,0x0000,0x47C0,0x4100,0x4280,0x7C40},{0x1040,0x1040,0x2840,0xC640,0x1040,0xFF40,0x0100,0x47C0,0x4380,0x4440,0x7B80},{0x1040,0x1040,0x2840,0xC640,0x1040,0xFF40,0x0000,0x7FC0,0x4000,0x4000,0x7FC0},
{0x1040,0x2840,0xC640,0x1040,0xFF40,0x0000,0x7FC0,0x0040,0x7FC0,0x4000,0x7FC0},{0x1040,0x2840,0xC640,0x1040,0xFF40,0x0000,0x7BC0,0x0840,0x7840,0x4040,0x7840},{0x1040,0x2840,0xC640,0x1040,0xFF40,0x0000,0x7BC0,0x0A40,0x7A40,0x4240,0x7BC0},{0x1040,0x2840,0xC640,0x1040,0xFF40,0x0000,0x7A40,0x0A40,0x7BC0,0x4240,0x7BC0},
{0x1040,0x2840,0xC640,0x1040,0xFF40,0x0040,0x7900,0x0900,0x7900,0x4280,0x7C40},{0x1040,0x2840,0xC640,0x1040,0xFF40,0x0000,0x7BC0,0x0A00,0x7BC0,0x4200,0x7BC0},{0x1040,0x2840,0xC640,0x1040,0xFF40,0x0000,0x7FC0,0x0A80,0x7A80,0x4280,0x7FC0},{0x1040,0x2840,0xC640,0x1040,0xFF40,0x0040,0x7900,0x0FC0,0x7B80,0x4440,0x7B80},
{0x1040,0x1040,0x2840,0xC640,0x1040,0xFF40,0x0000,0x7FC0,0x4040,0x4040,0x7FC0},{0x1040,0x1040,0x2840,0xC640,0x1040,0xFF40,0x0000,0x4040,0x7FC0,0x4040,0x7FC0},{0x1040,0x1040,0x2840,0xC640,0x1040,0xFF40,0x0040,0x4900,0x7900,0x4A80,0x7C40},{0x1040,0x1040,0x2840,0xC640,0x1040,0xFF40,0x0040,0x0440,0x0400,0x1B00,0x60C0},
{0x1040,0x1040,0x2840,0xC640,0x1040,0xFF40,0x0040,0x1100,0x1100,0x2A80,0x4440},{0x1040,0x1040,0x2840,0xC640,0x1040,0xFF40,0x0000,0x3F80,0x4040,0x4040,0x3F80},{0x1040,0x1040,0x2840,0xC640,0x1040,0xFF40,0x0000,0x7FC0,0x0400,0x1B00,0x60C0},{0x1040,0x1040,0x2840,0xC640,0x1040,0xFF40,0x0040,0x0400,0x7FC0,0x1B00,0x60C0},
{0x1040,0x1040,0x2840,0xC640,0x1040,0xFF40,0x0000,0x7FC0,0x0040,0x7FC0,0x0040},{0x1040,0x2840,0xC640,0x1040,0xFF40,0x0000,0x7FC0,0x4000,0x7FC0,0x4000,0x7FC0},{0x1040,0x1040,0x2840,0xC640,0x1040,0xFF40,0x0000,0x7FC0,0x1100,0x1100,0x7FC0},{0x1040,0x1040,0x2840,0xC640,0x1040,0xFF40,0x0400,0x7FC0,0x1F00,0x2080,0x1F00},
{0x0400,0x0400,0x0400,0x0A00,0x1100,0x2080,0x4040,0x1100,0x1100,0xFFE0,0x0000},{0x0400,0x0400,0x1B00,0x60C0,0x1100,0xFFE0,0x0000,0x7FC0,0x0040,0x0040,0x0040},{0x0400,0x0400,0x1B00,0x60C0,0x1100,0xFFE0,0x0000,0x7FC0,0x0440,0x0440,0x0440},{0x0400,0x0400,0x1B00,0x60C0,0x1100,0xFFE0,0x0000,0x7900,0x0900,0x0A80,0x0C40},
{0x0400,0x0400,0x1B00,0x60C0,0x1100,0xFFE0,0x0000,0x4000,0x4000,0x4000,0x7FC0},{0x0400,0x0400,0x1B00,0x60C0,0x1100,0xFFE0,0x0000,0x47C0,0x4100,0x4280,0x7C40},{0x0400,0x0400,0x1B00,0x60C0,0x1100,0xFFE0,0x0100,0x47C0,0x4380,0x4440,0x7B80},{0x0400,0x0400,0x1B00,0x60C0,0x1100,0xFFE0,0x0000,0x7FC0,0x4000,0x4000,0x7FC0},
{0x0400,0x1B00,0x60C0,0x1100,0xFFE0,0x0000,0x7FC0,0x0040,0x7FC0,0x4000,0x7FC0},{0x0400,0x1B00,0x60C0,0x1100,0xFFE0,0x0000,0x7BC0,0x0840,0x7840,0x4040,0x7840},{0x0400,0x1B00,0x60C0,0x1100,0xFFE0,0x0000,0x7BC0,0x0A40,0x7A40,0x4240,0x7BC0},{0x0400,0x1B00,0x60C0,0x1100,0xFFE0,0x0000,0x7A40,0x0A40,0x7BC0,0x4240,0x7BC0},
{0x0400,0x1B00,0x60C0,0x1100,0xFFE0,0x0000,0x7900,0x0900,0x7900,0x4280,0x7C40},{0x0400,0x1B00,0x60C0,0x1100,0xFFE0,0x0000,0x7BC0,0x0A00,0x7BC0,0x4200,0x7BC0},{0x0400,0x1B00,0x60C0,0x1100,0xFFE0,0x0000,0x7FC0,0x0A80,0x7A80,0x4280,0x7FC0},{0x0400,0x1B00,0x60C0,0x1100,0xFFE0,0x0000,0x7900,0x0FC0,0x7B80,0x4440,0x7B80},
{0x0400,0x0400,0x1B00,0x60C0,0x1100,0xFFE0,0x0000,0x7FC0,0x4040,0x4040,0x7FC0},{0x0400,0x0400,0x1B00,0x60C0,0x1100,0xFFE0,0x0000,0x4040,0x7FC0,0x4040,0x7FC0},{0x0400,0x0400,0x1B00,0x60C0,0x1100,0xFFE0,0x0000,0x4900,0x7900,0x4A80,0x7C40},{0x0400,0x0400,0x1B00,0x60C0,0x1100,0xFFE0,0x0000,0x0400,0x0400,0x1B00,0x60C0},
{0x0400,0x0400,0x1B00,0x60C0,0x1100,0xFFE0,0x0000,0x1100,0x1100,0x2A80,0x4440},{0x0400,0x0400,0x1B00,0x60C0,0x1100,0xFFE0,0x0000,0x3F80,0x4040,0x4040,0x3F80},{0x0400,0x0400,0x1B00,0x60C0,0x1100,0xFFE0,0x0000,0x7FC0,0x0400,0x1B00,0x60C0},{0x0400,0x0400,0x1B00,0x60C0,0x1100,0xFFE0,0x0000,0x0400,0x7FC0,0x1B00,0x60C0},
{0x0400,0x0400,0x1B00,0x60C0,0x1100,0xFFE0,0x0000,0x7FC0,0x0040,0x7FC0,0x0040},{0x0400,0x1B00,0x60C0,0x1100,0xFFE0,0x0000,0x7FC0,0x4000,0x7FC0,0x4000,0x7FC0},{0x0400,0x0400,0x1B00,0x60C0,0x1100,0xFFE0,0x0000,0x7FC0,0x1100,0x1100,0x7FC0},{0x0400,0x0400,0x1B00,0x60C0,0x1100,0xFFE0,0x0400,0x7FC0,0x1F00,0x2080,0x1F00},
{0x0400,0x0400,0x1B00,0x60C0,0x0000,0xFFE0,0x0400,0x0400,0x0400,0x0400,0x0400},{0x0400,0x0400,0x1B00,0x60C0,0x0000,0xFFE0,0x0400,0x7FC0,0x0040,0x0040,0x0040},{0x0400,0x0400,0x1B00,0x60C0,0x0000,0xFFE0,0x0400,0x7FC0,0x0440,0x0440,0x0440},{0x0400,0x0400,0x1B00,0x60C0,0x0000,0xFFE0,0x0400,0x7900,0x0900,0x0A80,0x0C40},
{0x0400,0x0400,0x1B00,0x60C0,0x0000,0xFFE0,0x0400,0x4400,0x4000,0x4000,0x7FC0},{0x0400,0x0400,0x1B00,0x60C0,0x0000,0xFFE0,0x0400,0x47C0,0x4100,0x4280,0x7C40},{0x0400,0x0400,0x1B00,0x60C0,0x0000,0xFFE0,0x0500,0x47C0,0x4380,0x4440,0x7B80},{0x0400,0x0400,0x1B00,0x60C0,0x0000,0xFFE0,0x0400,0x7FC0,0x4000,0x4000,0x7FC0},
{0x0400,0x1B00,0x60C0,0x0000,0xFFE0,0x0400,0x7FC0,0x0040,0x7FC0,0x4000,0x7FC0},{0x0400,0x1B00,0x60C0,0x0000,0xFFE0,0x0400,0x7BC0,0x0840,0x7840,0x4040,0x7840},{0x0400,0x1B00,0x60C0,0x0000,0xFFE0,0x0400,0x7BC0,0x0A40,0x7A40,0x4240,0x7BC0},{0x0400,0x1B00,0x60C0,0x0000,0xFFE0,0x0400,0x7A40,0x0A40,0x7BC0,0x4240,0x7BC0},
{0x0400,0x1B00,0x60C0,0x0000,0xFFE0,0x0400,0x7900,0x0900,0x7900,0x4280,0x7C40},{0x0400,0x1B00,0x60C0,0x0000,0xFFE0,0x0400,0x7BC0,0x0A00,0x7BC0,0x4200,0x7BC0},{0x0400,0x1B00,0x60C0,0x0000,0xFFE0,0x0400,0x7FC0,0x0A80,0x7A80,0x4280,0x7FC0},{0x0400,0x1B00,0x60C0,0x0000,0xFFE0,0x0400,0x7900,0x0FC0,0x7B80,0x4440,0x7B80},
{0x0400,0x0400,0x1B00,0x60C0,0x0000,0xFFE0,0x0400,0x7FC0,0x4040,0x4040,0x7FC0},{0x0400,0x0400,0x1B00,0x60C0,0x0000,0xFFE0,0x0400,0x4040,0x7FC0,0x4040,0x7FC0},{0x0400,0x0400,0x1B00,0x60C0,0x0000,0xFFE0,0x0400,0x4900,0x7900,0x4A80,0x7C40},{0x0400,0x0400,0x1B00,0x60C0,0x0000,0xFFE0,0x0400,0x0000,0x0400,0x1B00,0x60C0},
{0x0400,0x0400,0x1B00,0x60C0,0x0000,0xFFE0,0x0400,0x1500,0x1100,0x2A80,0x4440},{0x0400,0x0400,0x1B00,0x60C0,0x0000,0xFFE0,0x0400,0x3F80,0x4040,0x4040,0x3F80},{0x0400,0x0400,0x1B00,0x60C0,0x0000,0xFFE0,0x0400,0x7FC0,0x0400,0x1B00,0x60C0},{0x0400,0x1B00,0x60C0,0x0000,0xFFE0,0x0400,0x0000,0x0400,0x7FC0,0x1B00,0x60C0},
{0x0400,0x0400,0x1B00,0x60C0,0x0000,0xFFE0,0x0400,0x7FC0,0x0040,0x7FC0,0x0040},{0x0400,0x1B00,0x60C0,0x0000,0xFFE0,0x0400,0x7FC0,0x4000,0x7FC0,0x4000,0x7FC0},{0x0400,0x0400,0x1B00,0x60C0,0x0000,0xFFE0,0x0400,0x7FC0,0x1100,0x1100,0x7FC0},{0x0400,0x1B00,0x60C0,0x0000,0xFFE0,0x0400,0x0400,0x7FC0,0x1F00,0x2080,0x1F00},
{0x1040,0x1040,0x2840,0x4440,0x8240,0x0040,0xFF40,0x1040,0x13C0,0x1040,0x1040},{0x1040,0x2840,0xC640,0x0040,0xFF40,0x11C0,0x1040,0x7FC0,0x0040,0x0040,0x0040},{0x1040,0x2840,0xC640,0x0040,0xFF40,0x11C0,0x1040,0x7FC0,0x0440,0x0440,0x0440},{0x1040,0x2840,0xC640,0x0040,0xFF40,0x11C0,0x1040,0x7900,0x0900,0x0A80,0x0C40},
{0x1040,0x2840,0xC640,0x0040,0xFF40,0x1040,0x11C0,0x5040,0x4000,0x4000,0x7FC0},{0x1040,0x2840,0xC640,0x0040,0xFF40,0x11C0,0x1040,0x47C0,0x4100,0x4280,0x7C40},{0x1040,0x2840,0xC640,0x0040,0xFF40,0x11C0,0x1140,0x47C0,0x4380,0x4440,0x7B80},{0x1040,0x2840,0xC640,0x0040,0xFF40,0x11C0,0x1040,0x7FC0,0x4000,0x4000,0x7FC0},
{0x1040,0x2840,0xC640,0xFF40,0x11C0,0x1040,0x7FC0,0x0040,0x7FC0,0x4000,0x7FC0},{0x1040,0x2840,0xC640,0xFF40,0x11C0,0x1040,0x7BC0,0x0840,0x7840,0x4040,0x7840},{0x1040,0x2840,0xC640,0xFF40,0x11C0,0x1040,0x7BC0,0x0A40,0x7A40,0x4240,0x7BC0},{0x1040,0x2840,0xC640,0xFF40,0x11C0,0x1040,0x7A40,0x0A40,0x7BC0,0x4240,0x7BC0},
{0x1040,0x2840,0xC640,0xFF40,0x11C0,0x1040,0x7900,0x0900,0x7900,0x4280,0x7C40},{0x1040,0x2840,0xC640,0xFF40,0x11C0,0x1040,0x7BC0,0x0A00,0x7BC0,0x4200,0x7BC0},{0x1040,0x2840,0xC640,0xFF40,0x11C0,0x1040,0x7FC0,0x0A80,0x7A80,0x4280,0x7FC0},{0x1040,0x2840,0xC640,0xFF40,0x11C0,0x1040,0x7900,0x0FC0,0x7B80,0x4440,0x7B80},
{0x1040,0x2840,0xC640,0x0040,0xFF40,0x11C0,0x1040,0x7FC0,0x4040,0x4040,0x7FC0},{0x1040,0x2840,0xC640,0x0040,0xFF40,0x11C0,0x1040,0x4040,0x7FC0,0x4040,0x7FC0},{0x1040,0x2840,0xC640,0x0040,0xFF40,0x11C0,0x1040,0x4900,0x7900,0x4A80,0x7C40},{0x1040,0x2840,0xC640,0x0040,0xFF40,0x1040,0x11C0,0x1440,0x0400,0x1B00,0x60C0},
{0x1040,0x2840,0xC640,0x0040,0xFF40,0x11C0,0x1040,0x0000,0x1100,0x2A80,0x4440},{0x1040,0x2840,0xC640,0x0040,0xFF40,0x11C0,0x1040,0x3F80,0x4040,0x4040,0x3F80},{0x1040,0x2840,0xC640,0x0040,0xFF40,0x11C0,0x1040,0x7FC0,0x0400,0x1B00,0x60C0},{0x1040,0x2840,0xC640,0x0040,0xFF40,0x11C0,0x1040,0x0400,0x7FC0,0x1B00,0x60C0},
{0x1040,0x2840,0xC640,0x0040,0xFF40,0x11C0,0x1040,0x7FC0,0x0040,0x7FC0,0x0040},{0x1040,0x2840,0xC640,0xFF40,0x11C0,0x1040,0x7FC0,0x4000,0x7FC0,0x4000,0x7FC0},{0x1040,0x2840,0xC640,0x0040,0xFF40,0x11C0,0x1040,0x7FC0,0x1100,0x1100,0x7FC0},{0x1040,0x2840,0xC640,0x0040,0xFF40,0x11C0,0x1440,0x7FC0,0x1F00,0x2080,0x1F00},
{0x1140,0x1140,0x2940,0x4540,0x8340,0x0140,0xFF40,0x1140,0x1740,0x1140,0x1140},{0x2140,0x5140,0x8940,0x0140,0xFD40,0x2740,0x2140,0x7FC0,0x0040,0x0040,0x0040},{0x2140,0x5140,0x8940,0x0140,0xFD40,0x2740,0x2140,0x7FC0,0x0440,0x0440,0x0440},{0x2140,0x5140,0x8940,0x0140,0xFD40,0x2740,0x2140,0x7800,0x0900,0x0A80,0x0C40},
{0x2140,0x5140,0x8940,0x0140,0xFD40,0x1140,0x1740,0x5140,0x4000,0x4000,0x7FC0},{0x2140,0x5140,0x8940,0x0140,0xFD40,0x1740,0x1140,0x47C0,0x4100,0x4280,0x7C40},{0x2140,0x5140,0x8940,0x0140,0xFD40,0x1740,0x1140,0x47C0,0x4380,0x4440,0x7B80},{0x2140,0x5140,0x8940,0x0140,0xFD40,0x2740,0x2140,0x7FC0,0x4000,0x4000,0x7FC0},
{0x2140,0x5140,0x8940,0xFD40,0x2740,0x2140,0x7FC0,0x0040,0x7FC0,0x4000,0x7FC0},{0x2140,0x5140,0x8940,0xFD40,0x2740,0x2140,0x7BC0,0x0840,0x7840,0x4040,0x7840},{0x2140,0x5140,0x8940,0xFD40,0x2740,0x2140,0x7BC0,0x0A40,0x7A40,0x4240,0x7BC0},{0x2140,0x5140,0x8940,0xFD40,0x2740,0x2140,0x7A40,0x0A40,0x7BC0,0x4240,0x7BC0},
{0x2140,0x5140,0x8940,0xFD40,0x2740,0x2140,0x7800,0x0900,0x7900,0x4280,0x7C40},{0x2140,0x5140,0x8940,0xFD40,0x2740,0x2140,0x7BC0,0x0A00,0x7BC0,0x4200,0x7BC0},{0x2140,0x5140,0x8940,0xFD40,0x2740,0x2140,0x7FC0,0x0A80,0x7A80,0x4280,0x7FC0},{0x2140,0x5140,0x8940,0xFD40,0x2740,0x2140,0x7900,0x0FC0,0x7B80,0x4440,0x7B80},
{0x2140,0x5140,0x8940,0x0140,0xFD40,0x2740,0x2140,0x7FC0,0x4040,0x4040,0x7FC0},{0x2140,0x5140,0x8940,0x0140,0xFD40,0x2740,0x2140,0x4040,0x7FC0,0x4040,0x7FC0},{0x2140,0x5140,0x8940,0x0140,0xFD40,0x2740,0x2140,0x4800,0x7900,0x4A80,0x7C40},{0x2140,0x5140,0x8940,0x0140,0xFD40,0x2740,0x2140,0x2540,0x0400,0x1B00,0x60C0},
{0x2140,0x5140,0x8940,0x0140,0xFD40,0x2740,0x2140,0x0000,0x1100,0x2A80,0x4440},{0x2140,0x5140,0x8940,0x0140,0xFD40,0x2740,0x2140,0x3F80,0x4040,0x4040,0x3F80},{0x2140,0x5140,0x8940,0x0140,0xFD40,0x2740,0x2140,0x7FC0,0x0400,0x1B00,0x60C0},{0x2140,0x5140,0x8940,0x0140,0xFD40,0x2740,0x2140,0x0400,0x7FC0,0x1B00,0x60C0},
{0x2140,0x5140,0x8940,0x0140,0xFD40,0x2740,0x2140,0x7FC0,0x0040,0x7FC0,0x0040},{0x2140,0x5140,0x8940,0xFD40,0x2740,0x2140,0x7FC0,0x4000,0x7FC0,0x4000,0x7FC0},{0x2140,0x5140,0x8940,0x0140,0xFD40,0x2740,0x2140,0x7FC0,0x1100,0x1100,0x7FC0},{0x2140,0x5140,0x8940,0x0140,0xFD40,0x2740,0x2540,0x7FC0,0x1F00,0x2080,0x1F00},
{0x1040,0x1040,0x2840,0x4440,0x8240,0x0040,0xFF40,0x1040,0x1040,0x1040,0x1040},{0x1040,0x1040,0x2840,0xC640,0x0040,0xFF40,0x1000,0x7FC0,0x0040,0x0040,0x0040},{0x1040,0x1040,0x2840,0xC640,0x0040,0xFF40,0x1000,0x7FC0,0x0440,0x0440,0x0440},{0x1040,0x1040,0x2840,0xC640,0x0040,0xFF40,0x1040,0x7900,0x0900,0x0A80,0x0C40},
{0x1040,0x1040,0x2840,0xC640,0x0040,0xFF40,0x1040,0x5040,0x4000,0x4000,0x7FC0},{0x1040,0x1040,0x2840,0xC640,0x0040,0xFF40,0x1000,0x57C0,0x4100,0x4280,0x7C40},{0x1040,0x1040,0x2840,0xC640,0x0040,0xFF40,0x1100,0x57C0,0x4380,0x4440,0x7B80},{0x1040,0x1040,0x2840,0xC640,0x0040,0xFF40,0x1000,0x7FC0,0x4000,0x4000,0x7FC0},
{0x1040,0x2840,0xC640,0x0040,0xFF40,0x1000,0x7FC0,0x0040,0x7FC0,0x4000,0x7FC0},{0x1040,0x2840,0xC640,0x0040,0xFF40,0x1000,0x7BC0,0x0840,0x7840,0x4040,0x7840},{0x1040,0x2840,0xC640,0x0040,0xFF40,0x1000,0x7BC0,0x0A40,0x7A40,0x4240,0x7BC0},{0x1040,0x2840,0xC640,0x0040,0xFF40,0x1000,0x7A40,0x0A40,0x7BC0,0x4240,0x7BC0},
{0x1040,0x2840,0xC640,0x0040,0xFF40,0x1040,0x7900,0x0900,0x7900,0x4280,0x7C40},{0x1040,0x2840,0xC640,0x0040,0xFF40,0x1000,0x7BC0,0x0A00,0x7BC0,0x4200,0x7BC0},{0x1040,0x2840,0xC640,0x0040,0xFF40,0x1000,0x7FC0,0x0A80,0x7A80,0x4280,0x7FC0},{0x1040,0x2840,0xC640,0x0040,0xFF40,0x1040,0x7900,0x0FC0,0x7B80,0x4440,0x7B80},
{0x1040,0x1040,0x2840,0xC640,0x0040,0xFF40,0x1000,0x7FC0,0x4040,0x4040,0x7FC0},{0x1040,0x1040,0x2840,0xC640,0x0040,0xFF40,0x1000,0x4040,0x7FC0,0x4040,0x7FC0},{0x1040,0x1040,0x2840,0xC640,0x0040,0xFF40,0x1040,0x4900,0x7900,0x4A80,0x7C40},{0x1040,0x1040,0x2840,0xC640,0x0040,0xFF40,0x1040,0x1440,0x0400,0x1B00,0x60C0},
{0x1040,0x1040,0x2840,0xC640,0x0040,0xFF40,0x1040,0x0000,0x1100,0x2A80,0x4440},{0x1040,0x1040,0x2840,0xC640,0x0040,0xFF40,0x1000,0x3F80,0x4040,0x4040,0x3F80},{0x1040,0x1040,0x2840,0xC640,0x0040,0xFF40,0x1000,0x7FC0,0x0400,0x1B00,0x60C0},{0x1040,0x1040,0x2840,0xC640,0x0040,0xFF40,0x1040,0x0400,0x7FC0,0x1B00,0x60C0},
{0x1040,0x1040,0x2840,0xC640,0x0040,0xFF40,0x1000,0x7FC0,0x0040,0x7FC0,0x0040},{0x1040,0x2840,0xC640,0x0040,0xFF40,0x1000,0x7FC0,0x4000,0x7FC0,0x4000,0x7FC0},{0x1040,0x1040,0x2840,0xC640,0x0040,0xFF40,0x1000,0x7FC0,0x1100,0x1100,0x7FC0},{0x1040,0x2840,0xC640,0x0040,0xFF40,0x1040,0x0400,0x7FC0,0x1F00,0x2080,0x1F00},
{0x0400,0x0400,0x1B00,0x60C0,0x0000,0xFFE0,0x1100,0x1100,0x1100,0x1100,0x1100},{0x0400,0x0400,0x1B00,0x60C0,0x0000,0xFFE0,0x1100,0x7FC0,0x0040,0x0040,0x0040},{0x0400,0x0400,0x1B00,0x60C0,0x0000,0xFFE0,0x1100,0x7FC0,0x0440,0x0440,0x0440},{0x0400,0x0400,0x1B00,0x60C0,0x0000,0xFFE0,0x1100,0x7800,0x0900,0x0A80,0x0C40},
{0x0400,0x0400,0x1B00,0x60C0,0x0000,0xFFE0,0x1100,0x5100,0x4000,0x4000,0x7FC0},{0x0400,0x0400,0x1B00,0x60C0,0x0000,0xFFE0,0x1100,0x57C0,0x4100,0x4280,0x7C40},{0x0400,0x0400,0x1B00,0x60C0,0x0000,0xFFE0,0x1100,0x57C0,0x4380,0x4440,0x7B80},{0x0400,0x0400,0x1B00,0x60C0,0x0000,0xFFE0,0x1100,0x7FC0,0x4000,0x4000,0x7FC0},
{0x0400,0x1B00,0x60C0,0x0000,0xFFE0,0x1100,0x7FC0,0x0040,0x7FC0,0x4000,0x7FC0},{0x0400,0x1B00,0x60C0,0x0000,0xFFE0,0x1100,0x7BC0,0x0840,0x7840,0x4040,0x7840},{0x0400,0x1B00,0x60C0,0x0000,0xFFE0,0x1100,0x7BC0,0x0A40,0x7A40,0x4240,0x7BC0},{0x0400,0x1B00,0x60C0,0x0000,0xFFE0,0x1100,0x7A40,0x0A40,0x7BC0,0x4240,0x7BC0},
{0x0400,0x1B00,0x60C0,0x0000,0xFFE0,0x1100,0x7800,0x0900,0x7900,0x4280,0x7C40},{0x0400,0x1B00,0x60C0,0x0000,0xFFE0,0x1100,0x7BC0,0x0A00,0x7BC0,0x4200,0x7BC0},{0x0400,0x1B00,0x60C0,0x0000,0xFFE0,0x1100,0x7FC0,0x0A80,0x7A80,0x4280,0x7FC0},{0x0400,0x1B00,0x60C0,0x0000,0xFFE0,0x1100,0x7900,0x0FC0,0x7B80,0x4440,0x7B80},
{0x0400,0x0400,0x1B00,0x60C0,0x0000,0xFFE0,0x1100,0x7FC0,0x4040,0x4040,0x7FC0},{0x0400,0x0400,0x1B00,0x60C0,0x0000,0xFFE0,0x1100,0x4040,0x7FC0,0x4040,0x7FC0},{0x0400,0x0400,0x1B00,0x60C0,0x0000,0xFFE0,0x1100,0x4800,0x7900,0x4A80,0x7C40},{0x0400,0x0400,0x1B00,0x60C0,0x0000,0xFFE0,0x1100,0x1500,0x0400,0x1B00,0x60C0},
{0x0400,0x0400,0x1B00,0x60C0,0x0000,0xFFE0,0x1100,0x0000,0x1100,0x2A80,0x4440},{0x0400,0x0400,0x1B00,0x60C0,0x0000,0xFFE0,0x1100,0x3F80,0x4040,0x4040,0x3F80},{0x0400,0x0400,0x1B00,0x60C0,0x0000,0xFFE0,0x1100,0x7FC0,0x0400,0x1B00,0x60C0},{0x0400,0x0400,0x1B00,0x60C0,0x0000,0xFFE0,0x1100,0x0400,0x7FC0,0x1B00,0x60C0},
{0x0400,0x0400,0x1B00,0x60C0,0x0000,0xFFE0,0x1100,0x7FC0,0x0040,0x7FC0,0x0040},{0x0400,0x1B00,0x60C0,0x0000,0xFFE0,0x1100,0x7FC0,0x4000,0x7FC0,0x4000,0x7FC0},{0x0400,0x0400,0x1B00,0x60C0,0x0000,0xFFE0,0x1100,0x7FC0,0x1100,0x1100,0x7FC0},{0x0400,0x1B00,0x60C0,0x0000,0xFFE0,0x1100,0x0400,0x7FC0,0x1F00,0x2080,0x1F00},
{0x0400,0x0400,0x0400,0x0A00,0x1100,0x2080,0x4040,0x0000,0x0000,0xFFE0,0x0000},{0x0400,0x0400,0x1B00,0x60C0,0x0000,0xFFE0,0x0000,0x7FC0,0x0040,0x0040,0x0040},{0x0400,0x0400,0x1B00,0x60C0,0x0000,0xFFE0,0x0000,0x7FC0,0x0440,0x0440,0x0440},{0x0400,0x0400,0x1B00,0x60C0,0x0000,0xFFE0,0x0000,0x7900,0x0900,0x0A80,0x0C40},
{0x0400,0x0400,0x1B00,0x60C0,0x0000,0xFFE0,0x0000,0x4000,0x4000,0x4000,0x7FC0},{0x0400,0x0400,0x1B00,0x60C0,0x0000,0xFFE0,0x0000,0x47C0,0x4100,0x4280,0x7C40},{0x0400,0x0400,0x1B00,0x60C0,0x0000,0xFFE0,0x0100,0x47C0,0x4380,0x4440,0x7B80},{0x0400,0x0400,0x1B00,0x60C0,0x0000,0xFFE0,0x0000,0x7FC0,0x4000,0x4000,0x7FC0},
{0x0400,0x1B00,0x60C0,0x0000,0xFFE0,0x0000,0x7FC0,0x0040,0x7FC0,0x4000,0x7FC0},{0x0400,0x1B00,0x60C0,0x0000,0xFFE0,0x0000,0x7BC0,0x0840,0x7840,0x4040,0x7840},{0x0400,0x1B00,0x60C0,0x0000,0xFFE0,0x0000,0x7BC0,0x0A40,0x7A40,0x4240,0x7BC0},{0x0400,0x1B00,0x60C0,0x0000,0xFFE0,0x0000,0x7A40,0x0A40,0x7BC0,0x4240,0x7BC0},
{0x0400,0x1B00,0x60C0,0x0000,0xFFE0,0x0000,0x7900,0x0900,0x7900,0x4280,0x7C40},{0x0400,0x1B00,0x60C0,0x0000,0xFFE0,0x0000,0x7BC0,0x0A00,0x7BC0,0x4200,0x7BC0},{0x0400,0x1B00,0x60C0,0x0000,0xFFE0,0x0000,0x7FC0,0x0A80,0x7A80,0x4280,0x7FC0},{0x0400,0x1B00,0x60C0,0x0000,0xFFE0,0x0000,0x7900,0x0FC0,0x7B80,0x4440,0x7B80},
{0x0400,0x0400,0x1B00,0x60C0,0x0000,0xFFE0,0x0000,0x7FC0,0x4040,0x4040,0x7FC0},{0x0400,0x0400,0x1B00,0x60C0,0x0000,0xFFE0,0x0000,0x4040,0x7FC0,0x4040,0x7FC0},{0x0400,0x0400,0x1B00,0x60C0,0x0000,0xFFE0,0x0000,0x4900,0x7900,0x4A80,0x7C40},{0x0400,0x0400,0x1B00,0x60C0,0x0000,0xFFE0,0x0000,0x0400,0x0400,0x1B00,0x60C0},
{0x0400,0x0400,0x1B00,0x60C0,0x0000,0xFFE0,0x0000,0x1100,0x1100,0x2A80,0x4440},{0x0400,0x0400,0x1B00,0x60C0,0x0000,0xFFE0,0x0000,0x3F80,0x4040,0x4040,0x3F80},{0x0400,0x0400,0x1B00,0x60C0,0x0000,0xFFE0,0x0000,0x7FC0,0x0400,0x1B00,0x60C0},{0x0400,0x0400,0x1B00,0x60C0,0x0000,0xFFE0,0x0000,0x0400,0x7FC0,0x1B00,0x60C0},
{0x0400,0x0400,0x1B00,0x60C0,0x0000,0xFFE0,0x0000,0x7FC0,0x0040,0x7FC0,0x0040},{0x0400,0x1B00,0x60C0,0x0000,0xFFE0,0x0000,0x7FC0,0x4000,0x7FC0,0x4000,0x7FC0},{0x0400,0x0400,0x1B00,0x60C0,0x0000,0xFFE0,0x0000,0x7FC0,0x1100,0x1100,0x7FC0},{0x0400,0x0400,0x1B00,0x60C0,0x0000,0xFFE0,0x0400,0x7FC0,0x1F00,0x2080,0x1F00},
{0x1040,0x1040,0x1040,0x2840,0x2840,0x4440,0x8240,0x0040,0x0040,0xFF40,0x0040},{0x1040,0x1040,0x2840,0xC640,0x0040,0xFF40,0x0000,0x7FC0,0x0040,0x0040,0x0040},{0x1040,0x1040,0x2840,0xC640,0x0040,0xFF40,0x0000,0x7FC0,0x0440,0x0440,0x0440},{0x1040,0x1040,0x2840,0xC640,0x0040,0xFF40,0x0040,0x7900,0x0900,0x0A80,0x0C40},
{0x1040,0x1040,0x2840,0xC640,0x0040,0xFF40,0x0040,0x4040,0x4000,0x4000,0x7FC0},{0x1040,0x1040,0x2840,0xC640,0x0040,0xFF40,0x0000,0x47C0,0x4100,0x4280,0x7C40},{0x1040,0x1040,0x2840,0xC640,0x0040,0xFF40,0x0100,0x47C0,0x4380,0x4440,0x7B80},{0x1040,0x1040,0x2840,0xC640,0x0040,0xFF40,0x0000,0x7FC0,0x4000,0x4000,0x7FC0},
{0x1040,0x2840,0xC640,0x0040,0xFF40,0x0000,0x7FC0,0x0040,0x7FC0,0x4000,0x7FC0},{0x1040,0x2840,0xC640,0x0040,0xFF40,0x0000,0x7BC0,0x0840,0x7840,0x4040,0x7840},{0x1040,0x2840,0xC640,0x0040,0xFF40,0x0000,0x7BC0,0x0A40,0x7A40,0x4240,0x7BC0},{0x1040,0x2840,0xC640,0x0040,0xFF40,0x0000,0x7A40,0x0A40,0x7BC0,0x4240,0x7BC0},
{0x1040,0x2840,0xC640,0x0040,0xFF40,0x0040,0x7900,0x0900,0x7900,0x4280,0x7C40},{0x1040,0x2840,0xC640,0x0040,0xFF40,0x0000,0x7BC0,0x0A00,0x7BC0,0x4200,0x7BC0},{0x1040,0x2840,0xC640,0x0040,0xFF40,0x0000,0x7FC0,0x0A80,0x7A80,0x4280,0x7FC0},{0x1040,0x2840,0xC640,0x0040,0xFF40,0x0040,0x7900,0x0FC0,0x7B80,0x4440,0x7B80},
{0x1040,0x1040,0x2840,0xC640,0x0040,0xFF40,0x0000,0x7FC0,0x4040,0x4040,0x7FC0},{0x1040,0x1040,0x2840,0xC640,0x0040,0xFF40,0x0000,0x4040,0x7FC0,0x4040,0x7FC0},{0x1040,0x1040,0x2840,0xC640,0x0040,0xFF40,0x0040,0x4900,0x7900,0x4A80,0x7C40},{0x1040,0x1040,0x2840,0xC640,0x0040,0xFF40,0x0040,0x0440,0x0400,0x1B00,0x60C0},
{0x1040,0x1040,0x2840,0xC640,0x0040,0xFF40,0x0040,0x1100,0x1100,0x2A80,0x4440},{0x1040,0x1040,0x2840,0xC640,0x0040,0xFF40,0x0000,0x3F80,0x4040,0x4040,0x3F80},{0x1040,0x1040,0x2840,0xC640,0x0040,0xFF40,0x0000,0x7FC0,0x0400,0x1B00,0x60C0},{0x1040,0x1040,0x2840,0xC640,0x0040,0xFF40,0x0040,0x0400,0x7FC0,0x1B00,0x60C0},
{0x1040,0x1040,0x2840,0xC640,0x0040,0xFF40,0x0000,0x7FC0,0x0040,0x7FC0,0x0040},{0x1040,0x2840,0xC640,0x0040,0xFF40,0x0000,0x7FC0,0x4000,0x7FC0,0x4000,0x7FC0},{0x1040,0x1040,0x2840,0xC640,0x0040,0xFF40,0x0000,0x7FC0,0x1100,0x1100,0x7FC0},{0x1040,0x1040,0x2840,0xC640,0x0040,0xFF40,0x0400,0x7FC0,0x1F00,0x2080,0x1F00},
{0x1040,0x1040,0x1040,0x1040,0x1040,0x2840,0x2840,0x4440,0x4440,0x8240,0x0040},{0x1040,0x1040,0x1040,0x2840,0x4440,0x8240,0x0000,0x7FC0,0x0040,0x0040,0x0040},{0x1040,0x1040,0x1040,0x2840,0x4440,0x8240,0x0000,0x7FC0,0x0440,0x0440,0x0440},{0x1040,0x1040,0x1040,0x2840,0x4440,0x8240,0x0040,0x7900,0x0900,0x0A80,0x0C40},
{0x1040,0x1040,0x1040,0x2840,0x4440,0x8240,0x0040,0x4040,0x4000,0x4000,0x7FC0},{0x1040,0x1040,0x1040,0x2840,0x4440,0x8240,0x0000,0x47C0,0x4100,0x4280,0x7C40},{0x1040,0x1040,0x1040,0x2840,0x4440,0x8240,0x0100,0x47C0,0x4380,0x4440,0x7B80},{0x1040,0x1040,0x1040,0x2840,0x4440,0x8240,0x0000,0x7FC0,0x4000,0x4000,0x7FC0},
{0x1040,0x1040,0x2840,0x4440,0x8240,0x0000,0x7FC0,0x0040,0x7FC0,0x4000,0x7FC0},{0x1040,0x1040,0x2840,0x4440,0x8240,0x0000,0x7BC0,0x0840,0x7840,0x4040,0x7840},{0x1040,0x1040,0x2840,0x4440,0x8240,0x0000,0x7BC0,0x0A40,0x7A40,0x4240,0x7BC0},{0x1040,0x1040,0x2840,0x4440,0x8240,0x0000,0x7A40,0x0A40,0x7BC0,0x4240,0x7BC0},
{0x1040,0x1040,0x2840,0x4440,0x8240,0x0040,0x7900,0x0900,0x7900,0x4280,0x7C40},{0x1040,0x1040,0x2840,0x4440,0x8240,0x0000,0x7BC0,0x0A00,0x7BC0,0x4200,0x7BC0},{0x1040,0x1040,0x2840,0x4440,0x8240,0x0000,0x7FC0,0x0A80,0x7A80,0x4280,0x7FC0},{0x1040,0x1040,0x2840,0x4440,0x8240,0x0040,0x7900,0x0FC0,0x7B80,0x4440,0x7B80},
{0x1040,0x1040,0x1040,0x2840,0x4440,0x8240,0x0000,0x7FC0,0x4040,0x4040,0x7FC0},{0x1040,0x1040,0x1040,0x2840,0x4440,0x8240,0x0000,0x4040,0x7FC0,0x4040,0x7FC0},{0x1040,0x1040,0x1040,0x2840,0x4440,0x8240,0x0040,0x4900,0x7900,0x4A80,0x7C40},{0x1040,0x1040,0x1040,0x2840,0x4440,0x8240,0x0040,0x0440,0x0400,0x1B00,0x60C0},
{0x1040,0x1040,0x1040,0x2840,0x4440,0x8240,0x0040,0x1100,0x1100,0x2A80,0x4440},{0x1040,0x1040,0x1040,0x2840,0x4440,0x8240,0x0000,0x3F80,0x4040,0x4040,0x3F80},{0x1040,0x1040,0x1040,0x2840,0x4440,0x8240,0x0000,0x7FC0,0x0400,0x1B00,0x60C0},{0x1040,0x1040,0x1040,0x2840,0x4440,0x8240,0x0040,0x0400,0x7FC0,0x1B00,0x60C0},
{0x1040,0x1040,0x1040,0x2840,0x4440,0x8240,0x0000,0x7FC0,0x0040,0x7FC0,0x0040},{0x1040,0x1040,0x2840,0x4440,0x8240,0x0000,0x7FC0,0x4000,0x7FC0,0x4000,0x7FC0},{0x1040,0x1040,0x1040,0x2840,0x4440,0x8240,0x0000,0x7FC0,0x1100,0x1100,0x7FC0},{0x1040,0x1040,0x1040,0x2840,0x4440,0x8240,0x0400,0x7FC0,0x1F00,0x2080,0x1F00},
{0x2840,0x2840,0x2840,0x2840,0x2840,0x5460,0x5440,0x5440,0x9240,0x9240,0x0040},{0x2840,0x2840,0x2860,0x5440,0x5440,0x9240,0x0000,0x7FC0,0x0040,0x0040,0x0040},{0x2840,0x2840,0x2860,0x5440,0x5440,0x9240,0x0000,0x7FC0,0x0440,0x0440,0x0440},{0x2840,0x2840,0x2840,0x5460,0x5440,0x9240,0x0040,0x7900,0x0900,0x0A80,0x0C40},
{0x2840,0x2840,0x2840,0x5460,0x5440,0x9240,0x0040,0x4040,0x4000,0x4000,0x7FC0},{0x2840,0x2840,0x2860,0x5440,0x5440,0x9240,0x0000,0x47C0,0x4100,0x4280,0x7C40},{0x2840,0x2840,0x2860,0x5440,0x5440,0x9240,0x0100,0x47C0,0x4380,0x4440,0x7B80},{0x2840,0x2840,0x2860,0x5440,0x5440,0x9240,0x0000,0x7FC0,0x4000,0x4000,0x7FC0},
{0x2840,0x2840,0x5460,0x5440,0x9240,0x0000,0x7FC0,0x0040,0x7FC0,0x4000,0x7FC0},{0x2840,0x2840,0x5460,0x5440,0x9240,0x0000,0x7BC0,0x0840,0x7840,0x4040,0x7840},{0x2840,0x2840,0x5460,0x5440,0x9240,0x0000,0x7BC0,0x0A40,0x7A40,0x4240,0x7BC0},{0x2840,0x2840,0x5460,0x5440,0x9240,0x0000,0x7A40,0x0A40,0x7BC0,0x4240,0x7BC0},
{0x2840,0x2840,0x5460,0x5440,0x9240,0x0040,0x7900,0x0900,0x7900,0x4280,0x7C40},{0x2840,0x2840,0x5460,0x5440,0x9240,0x0000,0x7BC0,0x0A00,0x7BC0,0x4200,0x7BC0},{0x2840,0x2840,0x5460,0x5440,0x9240,0x0000,0x7FC0,0x0A80,0x7A80,0x4280,0x7FC0},{0x2840,0x2840,0x5460,0x5440,0x9240,0x0040,0x7900,0x0FC0,0x7B80,0x4440,0x7B80},
{0x2840,0x2840,0x2860,0x5440,0x5440,0x9240,0x0000,0x7FC0,0x4040,0x4040,0x7FC0},{0x2840,0x2840,0x2860,0x5440,0x5440,0x9240,0x0000,0x4040,0x7FC0,0x4040,0x7FC0},{0x2840,0x2840,0x2860,0x5440,0x5440,0x9240,0x0040,0x4900,0x7900,0x4A80,0x7C40},{0x2840,0x2840,0x2840,0x5460,0x5440,0x9240,0x0040,0x0440,0x0400,0x1B00,0x60C0},
{0x2840,0x2840,0x2860,0x5440,0x5440,0x9240,0x0040,0x1100,0x1100,0x2A80,0x4440},{0x2840,0x2840,0x2860,0x5440,0x5440,0x9240,0x0000,0x3F80,0x4040,0x4040,0x3F80},{0x2840,0x2840,0x2860,0x5440,0x5440,0x9240,0x0000,0x7FC0,0x0400,0x1B00,0x60C0},{0x2840,0x2840,0x2860,0x5440,0x5440,0x9240,0x0040,0x0400,0x7FC0,0x1B00,0x60C0},
{0x2840,0x2840,0x2860,0x5440,0x5440,0x9240,0x0000,0x7FC0,0x0040,0x7FC0,0x0040},{0x2840,0x2840,0x5460,0x5440,0x9240,0x0000,0x7FC0,0x4000,0x7FC0,0x4000,0x7FC0},{0x2840,0x2840,0x2860,0x5440,0x5440,0x9240,0x0000,0x7FC0,0x1100,0x1100,0x7FC0},{0x2840,0x2840,0x2860,0x5440,0x5440,0x9240,0x0400,0x7FC0,0x1F00,0x2080,0x1F00},
{0x2940,0x2940,0x2940,0x2940,0x2940,0x55C0,0x5540,0x5540,0x9340,0x9340,0x0140},{0x2940,0x2940,0x29C0,0x5540,0x5540,0x9340,0x0000,0x7FC0,0x0040,0x0040,0x0040},{0x2940,0x2940,0x29C0,0x5540,0x5540,0x9340,0x0000,0x7FC0,0x0440,0x0440,0x0440},{0x2940,0x2940,0x29C0,0x5540,0x5540,0x9340,0x0000,0x7900,0x0900,0x0A80,0x0C40},
{0x2940,0x2940,0x2940,0x55C0,0x5540,0x9340,0x0140,0x4140,0x4000,0x4000,0x7FC0},{0x2940,0x2940,0x29C0,0x5540,0x5540,0x9340,0x0000,0x47C0,0x4100,0x4280,0x7C40},{0x2940,0x2940,0x29C0,0x5540,0x5540,0x9340,0x0100,0x47C0,0x4380,0x4440,0x7B80},{0x2940,0x2940,0x29C0,0x5540,0x5540,0x9340,0x0000,0x7FC0,0x4000,0x4000,0x7FC0},
{0x2940,0x2940,0x55C0,0x5540,0x9340,0x0000,0x7FC0,0x0040,0x7FC0,0x4000,0x7FC0},{0x2940,0x2940,0x55C0,0x5540,0x9340,0x0000,0x7BC0,0x0840,0x7840,0x4040,0x7840},{0x2940,0x2940,0x55C0,0x5540,0x9340,0x0000,0x7BC0,0x0A40,0x7A40,0x4240,0x7BC0},{0x2940,0x2940,0x55C0,0x5540,0x9340,0x0000,0x7A40,0x0A40,0x7BC0,0x4240,0x7BC0},
{0x2940,0x2940,0x55C0,0x5540,0x9340,0x0000,0x7900,0x0900,0x7900,0x4280,0x7C40},{0x2940,0x2940,0x55C0,0x5540,0x9340,0x0000,0x7BC0,0x0A00,0x7BC0,0x4200,0x7BC0},{0x2940,0x2940,0x55C0,0x5540,0x9340,0x0000,0x7FC0,0x0A80,0x7A80,0x4280,0x7FC0},{0x2940,0x2940,0x55C0,0x5540,0x9340,0x0000,0x7900,0x0FC0,0x7B80,0x4440,0x7B80},
{0x2940,0x2940,0x29C0,0x5540,0x5540,0x9340,0x0000,0x7FC0,0x4040,0x4040,0x7FC0},{0x2940,0x2940,0x29C0,0x5540,0x5540,0x9340,0x0000,0x4040,0x7FC0,0x4040,0x7FC0},{0x2940,0x2940,0x29C0,0x5540,0x5540,0x9340,0x0000,0x4900,0x7900,0x4A80,0x7C40},{0x2940,0x2940,0x2940,0x55C0,0x5540,0x9340,0x0140,0x0540,0x0400,0x1B00,0x60C0},
{0x2940,0x2940,0x29C0,0x5540,0x5540,0x9340,0x0000,0x1100,0x1100,0x2A80,0x4440},{0x2940,0x2940,0x29C0,0x5540,0x5540,0x9340,0x0000,0x3F80,0x4040,0x4040,0x3F80},{0x2940,0x2940,0x29C0,0x5540,0x5540,0x9340,0x0000,0x7FC0,0x0400,0x1B00,0x60C0},{0x2940,0x2940,0x29C0,0x5540,0x5540,0x9340,0x0140,0x0400,0x7FC0,0x1B00,0x60C0},
{0x2940,0x2940,0x29C0,0x5540,0x5540,0x9340,0x0000,0x7FC0,0x0040,0x7FC0,0x0040},{0x2940,0x2940,0x55C0,0x5540,0x9340,0x0000,0x7FC0,0x4000,0x7FC0,0x4000,0x7FC0},{0x2940,0x2940,0x29C0,0x5540,0x5540,0x9340,0x0000,0x7FC0,0x1100,0x1100,0x7FC0},{0x2940,0x2940,0x29C0,0x5540,0x5540,0x9340,0x0400,0x7FC0,0x1F00,0x2080,0x1F00},
{0x2840,0x2840,0x2840,0x2860,0x2840,0x5440,0x5440,0x5460,0x9240,0x9240,0x0040},{0x2840,0x2860,0x2840,0x5460,0x5440,0x9240,0x0000,0x7FC0,0x0040,0x0040,0x0040},{0x2840,0x2860,0x2840,0x5460,0x5440,0x9240,0x0000,0x7FC0,0x0440,0x0440,0x0440},{0x2840,0x2860,0x2840,0x5460,0x5440,0x9240,0x0040,0x7900,0x0900,0x0A80,0x0C40},
{0x2840,0x2840,0x2860,0x5440,0x5460,0x9240,0x0040,0x4040,0x4000,0x4000,0x7FC0},{0x2840,0x2860,0x2840,0x5460,0x5440,0x9240,0x0000,0x47C0,0x4100,0x4280,0x7C40},{0x2840,0x2860,0x2840,0x5460,0x5440,0x9240,0x0100,0x47C0,0x4380,0x4440,0x7B80},{0x2840,0x2860,0x2840,0x5460,0x5440,0x9240,0x0000,0x7FC0,0x4000,0x4000,0x7FC0},
{0x2840,0x2860,0x5440,0x5460,0x9240,0x0000,0x7FC0,0x0040,0x7FC0,0x4000,0x7FC0},{0x2840,0x2860,0x5440,0x5460,0x9240,0x0000,0x7BC0,0x0840,0x7840,0x4040,0x7840},{0x2840,0x2860,0x5440,0x5460,0x9240,0x0000,0x7BC0,0x0A40,0x7A40,0x4240,0x7BC0},{0x2840,0x2860,0x5440,0x5460,0x9240,0x0000,0x7A40,0x0A40,0x7BC0,0x4240,0x7BC0},
{0x2840,0x2860,0x5440,0x5460,0x9240,0x0040,0x7900,0x0900,0x7900,0x4280,0x7C40},{0x2840,0x2860,0x5440,0x5460,0x9240,0x0000,0x7BC0,0x0A00,0x7BC0,0x4200,0x7BC0},{0x2840,0x2860,0x5440,0x5460,0x9240,0x0000,0x7FC0,0x0A80,0x7A80,0x4280,0x7FC0},{0x2840,0x2860,0x5440,0x5460,0x9240,0x0040,0x7900,0x0FC0,0x7B80,0x4440,0x7B80},
{0x2840,0x2860,0x2840,0x5460,0x5440,0x9240,0x0000,0x7FC0,0x4040,0x4040,0x7FC0},{0x2840,0x2860,0x2840,0x5460,0x5440,0x9240,0x0000,0x4040,0x7FC0,0x4040,0x7FC0},{0x2840,0x2860,0x2840,0x5460,0x5440,0x9240,0x0040,0x4900,0x7900,0x4A80,0x7C40},{0x2840,0x2840,0x2860,0x5440,0x5460,0x9240,0x0040,0x0440,0x0400,0x1B00,0x60C0},
{0x2840,0x2860,0x2840,0x5460,0x5440,0x9240,0x0040,0x1100,0x1100,0x2A80,0x4440},{0x2840,0x2860,0x2840,0x5460,0x5440,0x9240,0x0000,0x3F80,0x4040,0x4040,0x3F80},{0x2840,0x2860,0x2840,0x5460,0x5440,0x9240,0x0000,0x7FC0,0x0400,0x1B00,0x60C0},{0x2840,0x2860,0x2840,0x5460,0x5440,0x9240,0x0040,0x0400,0x7FC0,0x1B00,0x60C0},
{0x2840,0x2860,0x2840,0x5460,0x5440,0x9240,0x0000,0x7FC0,0x0040,0x7FC0,0x0040},{0x2840,0x2860,0x5440,0x5460,0x9240,0x0000,0x7FC0,0x4000,0x7FC0,0x4000,0x7FC0},{0x2840,0x2860,0x2840,0x5460,0x5440,0x9240,0x0000,0x7FC0,0x1100,0x1100,0x7FC0},{0x2840,0x2860,0x2840,0x5460,0x5440,0x9240,0x0400,0x7FC0,0x1F00,0x2080,0x1F00},
{0x2940,0x2940,0x2940,0x29C0,0x2940,0x5540,0x5540,0x55C0,0x9340,0x9340,0x0140},{0x2940,0x29C0,0x2940,0x55C0,0x5540,0x9340,0x0000,0x7FC0,0x0040,0x0040,0x0040},{0x2940,0x29C0,0x2940,0x55C0,0x5540,0x9340,0x0000,0x7FC0,0x0440,0x0440,0x0440},{0x2940,0x29C0,0x2940,0x55C0,0x5540,0x9340,0x0000,0x7900,0x0900,0x0A80,0x0C40},
{0x2940,0x2940,0x29C0,0x5540,0x55C0,0x9340,0x0140,0x4140,0x4000,0x4000,0x7FC0},{0x2940,0x29C0,0x2940,0x55C0,0x5540,0x9340,0x0000,0x47C0,0x4100,0x4280,0x7C40},{0x2940,0x29C0,0x2940,0x55C0,0x5540,0x9340,0x0100,0x47C0,0x4380,0x4440,0x7B80},{0x2940,0x29C0,0x2940,0x55C0,0x5540,0x9340,0x0000,0x7FC0,0x4000,0x4000,0x7FC0},
{0x2940,0x29C0,0x5540,0x55C0,0x9340,0x0000,0x7FC0,0x0040,0x7FC0,0x4000,0x7FC0},{0x2940,0x29C0,0x5540,0x55C0,0x9340,0x0000,0x7BC0,0x0840,0x7840,0x4040,0x7840},{0x2940,0x29C0,0x5540,0x55C0,0x9340,0x0000,0x7BC0,0x0A40,0x7A40,0x4240,0x7BC0},{0x2940,0x29C0,0x5540,0x55C0,0x9340,0x0000,0x7A40,0x0A40,0x7BC0,0x4240,0x7BC0},
{0x2940,0x29C0,0x5540,0x55C0,0x9340,0x0000,0x7900,0x0900,0x7900,0x4280,0x7C40},{0x2940,0x29C0,0x5540,0x55C0,0x9340,0x0000,0x7BC0,0x0A00,0x7BC0,0x4200,0x7BC0},{0x2940,0x29C0,0x5540,0x55C0,0x9340,0x0000,0x7FC0,0x0A80,0x7A80,0x4280,0x7FC0},{0x2940,0x29C0,0x5540,0x55C0,0x9340,0x0000,0x7900,0x0FC0,0x7B80,0x4440,0x7B80},
{0x2940,0x29C0,0x2940,0x55C0,0x5540,0x9340,0x0000,0x7FC0,0x4040,0x4040,0x7FC0},{0x2940,0x29C0,0x2940,0x55C0,0x5540,0x9340,0x0000,0x4040,0x7FC0,0x4040,0x7FC0},{0x2940,0x29C0,0x2940,0x55C0,0x5540,0x9340,0x0000,0x4900,0x7900,0x4A80,0x7C40},{0x2940,0x2940,0x29C0,0x5540,0x55C0,0x9340,0x0140,0x0540,0x0400,0x1B00,0x60C0},
{0x2940,0x29C0,0x2940,0x55C0,0x5540,0x9340,0x0000,0x1100,0x1100,0x2A80,0x4440},{0x2940,0x29C0,0x2940,0x55C0,0x5540,0x9340,0x0000,0x3F80,0x4040,0x4040,0x3F80},{0x2940,0x29C0,0x2940,0x55C0,0x5540,0x9340,0x0000,0x7FC0,0x0400,0x1B00,0x60C0},{0x2940,0x29C0,0x2940,0x55C0,0x5540,0x9340,0x0140,0x0400,0x7FC0,0x1B00,0x60C0},
{0x2940,0x29C0,0x2940,0x55C0,0x5540,0x9340,0x0000,0x7FC0,0x0040,0x7FC0,0x0040},{0x2940,0x29C0,0x5540,0x55C0,0x9340,0x0000,0x7FC0,0x4000,0x7FC0,0x4000,0x7FC0},{0x2940,0x29C0,0x2940,0x55C0,0x5540,0x9340,0x0000,0x7FC0,0x1100,0x1100,0x7FC0},{0x2940,0x29C0,0x2940,0x55C0,0x5540,0x9340,0x0400,0x7FC0,0x1F00,0x2080,0x1F00},
{0x2840,0x2840,0x2840,0x2840,0x29C0,0x5440,0x5440,0x5440,0x9240,0x9240,0x0040},{0x2840,0x2840,0x29C0,0x5440,0x5440,0x9240,0x0000,0x7FC0,0x0040,0x0040,0x0040},{0x2840,0x2840,0x29C0,0x5440,0x5440,0x9240,0x0000,0x7FC0,0x0440,0x0440,0x0440},{0x2840,0x2840,0x29C0,0x5440,0x5440,0x9240,0x0040,0x7900,0x0900,0x0A80,0x0C40},
{0x2840,0x2840,0x29C0,0x5440,0x5440,0x9240,0x0040,0x4040,0x4000,0x4000,0x7FC0},{0x2840,0x2840,0x29C0,0x5440,0x5440,0x9240,0x0000,0x47C0,0x4100,0x4280,0x7C40},{0x2840,0x2840,0x29C0,0x5440,0x5440,0x9240,0x0100,0x47C0,0x4380,0x4440,0x7B80},{0x2840,0x2840,0x29C0,0x5440,0x5440,0x9240,0x0000,0x7FC0,0x4000,0x4000,0x7FC0},
{0x2840,0x2840,0x55C0,0x5440,0x9240,0x0000,0x7FC0,0x0040,0x7FC0,0x4000,0x7FC0},{0x2840,0x2840,0x55C0,0x5440,0x9240,0x0000,0x7BC0,0x0840,0x7840,0x4040,0x7840},{0x2840,0x2840,0x55C0,0x5440,0x9240,0x0000,0x7BC0,0x0A40,0x7A40,0x4240,0x7BC0},{0x2840,0x2840,0x55C0,0x5440,0x9240,0x0000,0x7A40,0x0A40,0x7BC0,0x4240,0x7BC0},
{0x2840,0x2840,0x55C0,0x5440,0x9240,0x0040,0x7900,0x0900,0x7900,0x4280,0x7C40},{0x2840,0x2840,0x55C0,0x5440,0x9240,0x0000,0x7BC0,0x0A00,0x7BC0,0x4200,0x7BC0},{0x2840,0x2840,0x55C0,0x5440,0x9240,0x0000,0x7FC0,0x0A80,0x7A80,0x4280,0x7FC0},{0x2840,0x2840,0x55C0,0x5440,0x9240,0x0040,0x7900,0x0FC0,0x7B80,0x4440,0x7B80},
{0x2840,0x2840,0x29C0,0x5440,0x5440,0x9240,0x0000,0x7FC0,0x4040,0x4040,0x7FC0},{0x2840,0x2840,0x29C0,0x5440,0x5440,0x9240,0x0000,0x4040,0x7FC0,0x4040,0x7FC0},{0x2840,0x2840,0x29C0,0x5440,0x5440,0x9240,0x0040,0x4900,0x7900,0x4A80,0x7C40},{0x2840,0x2840,0x29C0,0x5440,0x5440,0x9240,0x0040,0x0440,0x0400,0x1B00,0x60C0},
{0x2840,0x2840,0x29C0,0x5440,0x5440,0x9240,0x0040,0x1100,0x1100,0x2A80,0x4440},{0x2840,0x2840,0x29C0,0x5440,0x5440,0x9240,0x0000,0x3F80,0x4040,0x4040,0x3F80},{0x2840,0x2840,0x29C0,0x5440,0x5440,0x9240,0x0000,0x7FC0,0x0400,0x1B00,0x60C0},{0x2840,0x2840,0x29C0,0x5440,0x5440,0x9240,0x0040,0x0400,0x7FC0,0x1B00,0x60C0},
{0x2840,0x2840,0x29C0,0x5440,0x5440,0x9240,0x0000,0x7FC0,0x0040,0x7FC0,0x0040},{0x2840,0x2840,0x55C0,0x5440,0x9240,0x0000,0x7FC0,0x4000,0x7FC0,0x4000,0x7FC0},{0x2840,0x2840,0x29C0,0x5440,0x5440,0x9240,0x0000,0x7FC0,0x1100,0x1100,0x7FC0},{0x2840,0x2840,0x29C0,0x5440,0x5440,0x9240,0x0400,0x7FC0,0x1F00,0x2080,0x1F00},
{0x2940,0x2940,0x2940,0x2940,0x2B40,0x5540,0x5540,0x5540,0x9340,0x9340,0x0140},{0x5140,0x5140,0x5740,0xA940,0xA940,0xA940,0x0000,0x7FC0,0x0040,0x0040,0x0040},{0x5140,0x5140,0x5740,0xA940,0xA940,0xA940,0x0000,0x7FC0,0x0440,0x0440,0x0440},{0x5140,0x5140,0x5740,0xA940,0xA940,0xA940,0x0000,0x7900,0x0900,0x0A80,0x0C40},
{0x5140,0x5140,0x5140,0xAF40,0xA940,0xA940,0x0140,0x4140,0x4000,0x4000,0x7FC0},{0x5140,0x5140,0x5740,0xA940,0xA940,0xA940,0x0000,0x47C0,0x4100,0x4280,0x7C40},{0x5140,0x5140,0x5740,0xA940,0xA940,0xA940,0x0100,0x47C0,0x4380,0x4440,0x7B80},{0x5140,0x5140,0x5740,0xA940,0xA940,0xA940,0x0000,0x7FC0,0x4000,0x4000,0x7FC0},
{0x5140,0x5140,0x5740,0xA940,0xA940,0x0000,0x7FC0,0x0040,0x7FC0,0x4000,0x7FC0},{0x5140,0x5140,0x5740,0xA940,0xA940,0x0000,0x7BC0,0x0840,0x7840,0x4040,0x7840},{0x5140,0x5140,0x5740,0xA940,0xA940,0x0000,0x7BC0,0x0A40,0x7A40,0x4240,0x7BC0},{0x5140,0x5140,0x5740,0xA940,0xA940,0x0000,0x7A40,0x0A40,0x7BC0,0x4240,0x7BC0},
{0x5140,0x5140,0x5740,0xA940,0xA940,0x0000,0x7900,0x0900,0x7900,0x4280,0x7C40},{0x5140,0x5140,0x5740,0xA940,0xA940,0x0000,0x7BC0,0x0A00,0x7BC0,0x4200,0x7BC0},{0x5140,0x5140,0x5740,0xA940,0xA940,0x0000,0x7FC0,0x0A80,0x7A80,0x4280,0x7FC0},{0x5140,0x5140,0x5740,0xA940,0xA940,0x0000,0x7900,0x0FC0,0x7B80,0x4440,0x7B80},
{0x5140,0x5140,0x5740,0xA940,0xA940,0xA940,0x0000,0x7FC0,0x4040,0x4040,0x7FC0},{0x5140,0x5140,0x5740,0xA940,0xA940,0xA940,0x0000,0x4040,0x7FC0,0x4040,0x7FC0},{0x5140,0x5140,0x5740,0xA940,0xA940,0xA940,0x0000,0x4900,0x7900,0x4A80,0x7C40},{0x5140,0x5140,0x5140,0xAF40,0xA940,0xA940,0x0140,0x0540,0x0400,0x1B00,0x60C0},
{0x5140,0x5140,0x5740,0xA940,0xA940,0xA940,0x0000,0x1100,0x1100,0x2A80,0x4440},{0x5140,0x5140,0x5740,0xA940,0xA940,0xA940,0x0000,0x3F80,0x4040,0x4040,0x3F80},{0x5140,0x5140,0x5740,0xA940,0xA940,0xA940,0x0000,0x7FC0,0x0400,0x1B00,0x60C0},{0x5140,0x5140,0x5740,0xA940,0xA940,0xA940,0x0140,0x0400,0x7FC0,0x1B00,0x60C0},
{0x5140,0x5140,0x5740,0xA940,0xA940,0xA940,0x0000,0x7FC0,0x0040,0x7FC0,0x0040},{0x5140,0x5140,0x5740,0xA940,0xA940,0x0000,0x7FC0,0x4000,0x7FC0,0x4000,0x7FC0},{0x5140,0x5140,0x5740,0xA940,0xA940,0xA940,0x0000,0x7FC0,0x1100,0x1100,0x7FC0},{0x5140,0x5140,0x5740,0xA940,0xA940,0xA940,0x0400,0x7FC0,0x1F00,0x2080,0x1F00},
{0x2840,0x2840,0x2840,0x29C0,0x2840,0x5440,0x55C0,0x5440,0x9240,0x9240,0x0040},{0x2840,0x29C0,0x2840,0x55C0,0x5440,0x9240,0x0000,0x7FC0,0x0040,0x0040,0x0040},{0x2840,0x29C0,0x2840,0x55C0,0x5440,0x9240,0x0000,0x7FC0,0x0440,0x0440,0x0440},{0x2840,0x29C0,0x2840,0x55C0,0x5440,0x9240,0x0040,0x7900,0x0900,0x0A80,0x0C40},
{0x2840,0x2840,0x29C0,0x5440,0x55C0,0x9240,0x0040,0x4040,0x4000,0x4000,0x7FC0},{0x2840,0x29C0,0x2840,0x55C0,0x5440,0x9240,0x0000,0x47C0,0x4100,0x4280,0x7C40},{0x2840,0x29C0,0x2840,0x55C0,0x5440,0x9240,0x0100,0x47C0,0x4380,0x4440,0x7B80},{0x2840,0x29C0,0x2840,0x55C0,0x5440,0x9240,0x0000,0x7FC0,0x4000,0x4000,0x7FC0},
{0x2840,0x29C0,0x5440,0x55C0,0x9240,0x0000,0x7FC0,0x0040,0x7FC0,0x4000,0x7FC0},{0x2840,0x29C0,0x5440,0x55C0,0x9240,0x0000,0x7BC0,0x0840,0x7840,0x4040,0x7840},{0x2840,0x29C0,0x5440,0x55C0,0x9240,0x0000,0x7BC0,0x0A40,0x7A40,0x4240,0x7BC0},{0x2840,0x29C0,0x5440,0x55C0,0x9240,0x0000,0x7A40,0x0A40,0x7BC0,0x4240,0x7BC0},
{0x2840,0x29C0,0x5440,0x55C0,0x9240,0x0040,0x7900,0x0900,0x7900,0x4280,0x7C40},{0x2840,0x29C0,0x5440,0x55C0,0x9240,0x0000,0x7BC0,0x0A00,0x7BC0,0x4200,0x7BC0},{0x2840,0x29C0,0x5440,0x55C0,0x9240,0x0000,0x7FC0,0x0A80,0x7A80,0x4280,0x7FC0},{0x2840,0x29C0,0x5440,0x55C0,0x9240,0x0000,0x7900,0x0FC0,0x7B80,0x4440,0x7B80},
{0x2840,0x29C0,0x2840,0x55C0,0x5440,0x9240,0x0000,0x7FC0,0x4040,0x4040,0x7FC0},{0x2840,0x29C0,0x2840,0x55C0,0x5440,0x9240,0x0000,0x4040,0x7FC0,0x4040,0x7FC0},{0x2840,0x29C0,0x2840,0x55C0,0x5440,0x9240,0x0040,0x4900,0x7900,0x4A80,0x7C40},{0x2840,0x2840,0x29C0,0x5440,0x55C0,0x9240,0x0040,0x0440,0x0400,0x1B00,0x60C0},
{0x2840,0x29C0,0x2840,0x55C0,0x5440,0x9240,0x0040,0x1100,0x1100,0x2A80,0x4440},{0x2840,0x29C0,0x2840,0x55C0,0x5440,0x9240,0x0000,0x3F80,0x4040,0x4040,0x3F80},{0x2840,0x29C0,0x2840,0x55C0,0x5440,0x9240,0x0000,0x7FC0,0x0400,0x1B00,0x60C0},{0x2840,0x29C0,0x2840,0x55C0,0x5440,0x9240,0x0040,0x0400,0x7FC0,0x1B00,0x60C0},
{0x2840,0x29C0,0x2840,0x55C0,0x5440,0x9240,0x0000,0x7FC0,0x0040,0x7FC0,0x0040},{0x2840,0x29C0,0x5440,0x55C0,0x9240,0x0000,0x7FC0,0x4000,0x7FC0,0x4000,0x7FC0},{0x2840,0x29C0,0x2840,0x55C0,0x5440,0x9240,0x0000,0x7FC0,0x1100,0x1100,0x7FC0},{0x2840,0x29C0,0x2840,0x55C0,0x5440,0x9240,0x0400,0x7FC0,0x1F00,0x2080,0x1F00},
{0x2940,0x2940,0x2940,0x2B40,0x2940,0x5540,0x5740,0x5540,0x9340,0x9340,0x0140},{0x5140,0x5740,0x5140,0xAF40,0xA940,0xA940,0x0000,0x7FC0,0x0040,0x0040,0x0040},{0x5140,0x5740,0x5140,0xAF40,0xA940,0xA940,0x0000,0x7FC0,0x0440,0x0440,0x0440},{0x5140,0x5740,0x5140,0xAF40,0xA940,0xA940,0x0000,0x7900,0x0900,0x0A80,0x0C40},
{0x5140,0x5140,0x5740,0xA940,0xAF40,0xA940,0x0140,0x4140,0x4000,0x4000,0x7FC0},{0x5140,0x5740,0x5140,0xAF40,0xA940,0xA940,0x0000,0x47C0,0x4100,0x4280,0x7C40},{0x5140,0x5740,0x5140,0xAF40,0xA940,0xA940,0x0100,0x47C0,0x4380,0x4440,0x7B80},{0x5140,0x5740,0x5140,0xAF40,0xA940,0xA940,0x0000,0x7FC0,0x4000,0x4000,0x7FC0},
{0x5140,0x5740,0xA940,0xAF40,0xA940,0x0000,0x7FC0,0x0040,0x7FC0,0x4000,0x7FC0},{0x5140,0x5740,0xA940,0xAF40,0xA940,0x0000,0x7BC0,0x0840,0x7840,0x4040,0x7840},{0x5140,0x5740,0xA940,0xAF40,0xA940,0x0000,0x7BC0,0x0A40,0x7A40,0x4240,0x7BC0},{0x5140,0x5740,0xA940,0xAF40,0xA940,0x0000,0x7A40,0x0A40,0x7BC0,0x4240,0x7BC0},
{0x5140,0x5740,0xA940,0xAF40,0xA940,0x0000,0x7900,0x0900,0x7900,0x4280,0x7C40},{0x5140,0x5740,0xA940,0xAF40,0xA940,0x0000,0x7BC0,0x0A00,0x7BC0,0x4200,0x7BC0},{0x5140,0x5740,0xA940,0xAF40,0xA940,0x0000,0x7FC0,0x0A80,0x7A80,0x4280,0x7FC0},{0x5140,0x5740,0xA940,0xAF40,0xA940,0x0000,0x7900,0x0FC0,0x7B80,0x4440,0x7B80},
{0x5140,0x5740,0x5140,0xAF40,0xA940,0xA940,0x0000,0x7FC0,0x4040,0x4040,0x7FC0},{0x5140,0x5740,0x5140,0xAF40,0xA940,0xA940,0x0000,0x4040,0x7FC0,0x4040,0x7FC0},{0x5140,0x5740,0x5140,0xAF40,0xA940,0xA940,0x0000,0x4900,0x7900,0x4A80,0x7C40},{0x5140,0x5140,0x5740,0xA940,0xAF40,0xA940,0x0140,0x0540,0x0400,0x1B00,0x60C0},
{0x5140,0x5740,0x5140,0xAF40,0xA940,0xA940,0x0000,0x1100,0x1100,0x2A80,0x4440},{0x5140,0x5740,0x5140,0xAF40,0xA940,0xA940,0x0000,0x3F80,0x4040,0x4040,0x3F80},{0x5140,0x5740,0x5140,0xAF40,0xA940,0xA940,0x0000,0x7FC0,0x0400,0x1B00,0x60C0},{0x5140,0x5740,0x5140,0xAF40,0xA940,0xA940,0x0140,0x0400,0x7FC0,0x1B00,0x60C0},
{0x5140,0x5740,0x5140,0xAF40,0xA940,0xA940,0x0000,0x7FC0,0x0040,0x7FC0,0x0040},{0x5140,0x5740,0xA940,0xAF40,0xA940,0x0000,0x7FC0,0x4000,0x7FC0,0x4000,0x7FC0},{0x5140,0x5740,0x5140,0xAF40,0xA940,0xA940,0x0000,0x7FC0,0x1100,0x1100,0x7FC0},{0x5140,0x5740,0x5140,0xAF40,0xA940,0xA940,0x0400,0x7FC0,0x1F00,0x2080,0x1F00},
{0x1100,0x1100,0x1100,0x2A80,0x2A80,0x4440,0x4040,0x0400,0x0400,0xFFE0,0x0000},{0x1100,0x1100,0x2A80,0x4040,0x0400,0xFFE0,0x0000,0x7FC0,0x0040,0x0040,0x0040},{0x1100,0x1100,0x2A80,0x4040,0x0400,0xFFE0,0x0000,0x7FC0,0x0440,0x0440,0x0440},{0x1100,0x1100,0x2A80,0x4040,0x0400,0xFFE0,0x0000,0x7900,0x0900,0x0A80,0x0C40},
{0x1100,0x1100,0x2A80,0x4040,0x0400,0xFFE0,0x0000,0x4000,0x4000,0x4000,0x7FC0},{0x1100,0x1100,0x2A80,0x4040,0x0400,0xFFE0,0x0000,0x47C0,0x4100,0x4280,0x7C40},{0x1100,0x1100,0x2A80,0x4040,0x0400,0xFFE0,0x0100,0x47C0,0x4380,0x4440,0x7B80},{0x1100,0x1100,0x2A80,0x4040,0x0400,0xFFE0,0x0000,0x7FC0,0x4000,0x4000,0x7FC0},
{0x1100,0x2A80,0x4040,0x0400,0xFFE0,0x0000,0x7FC0,0x0040,0x7FC0,0x4000,0x7FC0},{0x1100,0x2A80,0x4040,0x0400,0xFFE0,0x0000,0x7BC0,0x0840,0x7840,0x4040,0x7840},{0x1100,0x2A80,0x4040,0x0400,0xFFE0,0x0000,0x7BC0,0x0A40,0x7A40,0x4240,0x7BC0},{0x1100,0x2A80,0x4040,0x0400,0xFFE0,0x0000,0x7A40,0x0A40,0x7BC0,0x4240,0x7BC0},
{0x1100,0x2A80,0x4040,0x0400,0xFFE0,0x0000,0x7900,0x0900,0x7900,0x4280,0x7C40},{0x1100,0x2A80,0x4040,0x0400,0xFFE0,0x0000,0x7BC0,0x0A00,0x7BC0,0x4200,0x7BC0},{0x1100,0x2A80,0x4040,0x0400,0xFFE0,0x0000,0x7FC0,0x0A80,0x7A80,0x4280,0x7FC0},{0x1100,0x2A80,0x4040,0x0400,0xFFE0,0x0000,0x7900,0x0FC0,0x7B80,0x4440,0x7B80},
{0x1100,0x1100,0x2A80,0x4040,0x0400,0xFFE0,0x0000,0x7FC0,0x4040,0x4040,0x7FC0},{0x1100,0x1100,0x2A80,0x4040,0x0400,0xFFE0,0x0000,0x4040,0x7FC0,0x4040,0x7FC0},{0x1100,0x1100,0x2A80,0x4040,0x0400,0xFFE0,0x0000,0x4900,0x7900,0x4A80,0x7C40},{0x1100,0x1100,0x2A80,0x4040,0x0400,0xFFE0,0x0000,0x0400,0x0400,0x1B00,0x60C0},
{0x1100,0x1100,0x2A80,0x4040,0x0400,0xFFE0,0x0000,0x1100,0x1100,0x2A80,0x4440},{0x1100,0x1100,0x2A80,0x4040,0x0400,0xFFE0,0x0000,0x3F80,0x4040,0x4040,0x3F80},{0x1100,0x1100,0x2A80,0x4040,0x0400,0xFFE0,0x0000,0x7FC0,0x0400,0x1B00,0x60C0},{0x1100,0x1100,0x2A80,0x4040,0x0400,0xFFE0,0x0000,0x0400,0x7FC0,0x1B00,0x60C0},
{0x1100,0x1100,0x2A80,0x4040,0x0400,0xFFE0,0x0000,0x7FC0,0x0040,0x7FC0,0x0040},{0x1100,0x2A80,0x4040,0x0400,0xFFE0,0x0000,0x7FC0,0x4000,0x7FC0,0x4000,0x7FC0},{0x1100,0x1100,0x2A80,0x4040,0x0400,0xFFE0,0x0000,0x7FC0,0x1100,0x1100,0x7FC0},{0x1100,0x1100,0x2A80,0x4040,0x0400,0xFFE0,0x0400,0x7FC0,0x1F00,0x2080,0x1F00},
{0x2840,0x2840,0x2840,0x5440,0x5440,0x9260,0x0040,0x1040,0x1040,0xFF40,0x0040},{0x2840,0x2840,0x5440,0x5460,0x8240,0x1040,0xFF40,0x0000,0x7FC0,0x0040,0x0040},{0x2840,0x2840,0x5440,0x5460,0x8240,0x1040,0xFF40,0x0000,0x7FC0,0x0440,0x0440},{0x2840,0x2840,0x5440,0x5460,0x8240,0x1040,0xFF40,0x0040,0x7900,0x0A80,0x0C40},
{0x2840,0x2840,0x5440,0x5460,0x8240,0x1040,0xFF40,0x0040,0x4000,0x4000,0x7FC0},{0x2840,0x2840,0x5460,0x8240,0x1040,0xFF40,0x0000,0x47C0,0x4100,0x4280,0x7C40},{0x2840,0x2840,0x5460,0x8240,0x1040,0xFF40,0x0100,0x47C0,0x4380,0x4440,0x7B80},{0x2840,0x2840,0x5440,0x5460,0x8240,0x1040,0xFF40,0x0000,0x7FC0,0x4000,0x7FC0},
{0x2840,0x2840,0x5460,0x8240,0x1040,0xFF40,0x7FC0,0x0040,0x7FC0,0x4000,0x7FC0},{0x2840,0x2840,0x5460,0x8240,0x1040,0xFF40,0x7BC0,0x0840,0x7840,0x4040,0x7840},{0x2840,0x2840,0x5460,0x8240,0x1040,0xFF40,0x7BC0,0x0A40,0x7A40,0x4240,0x7BC0},{0x2840,0x2840,0x5460,0x8240,0x1040,0xFF40,0x7A40,0x0A40,0x7BC0,0x4240,0x7BC0},
{0x2840,0x2840,0x5460,0x8240,0x1040,0xFF40,0x7840,0x0900,0x7900,0x4280,0x7C40},{0x2840,0x2840,0x5460,0x8240,0x1040,0xFF40,0x7BC0,0x0A00,0x7BC0,0x4200,0x7BC0},{0x2840,0x2840,0x5460,0x8240,0x1040,0xFF40,0x7FC0,0x0A80,0x7A80,0x4280,0x7FC0},{0x2840,0x2840,0x5460,0x8240,0x1040,0xFF40,0x7900,0x0FC0,0x7B80,0x4440,0x7B80},
{0x2840,0x2840,0x5440,0x5460,0x8240,0x1040,0xFF40,0x0000,0x7FC0,0x4040,0x7FC0},{0x2840,0x2840,0x5440,0x5460,0x8240,0x1040,0xFF40,0x4040,0x7FC0,0x4040,0x7FC0},{0x2840,0x2840,0x5440,0x5460,0x8240,0x1040,0xFF40,0x4840,0x7900,0x4A80,0x7C40},{0x2840,0x2840,0x5440,0x5460,0x8240,0x1040,0xFF40,0x0040,0x0400,0x1B00,0x60C0},
{0x2840,0x2840,0x5440,0x5460,0x8240,0x1040,0xFF40,0x0000,0x1100,0x2A80,0x4440},{0x2840,0x2840,0x5440,0x5460,0x8240,0x1040,0xFF40,0x0000,0x3F80,0x4040,0x3F80},{0x2840,0x2840,0x5460,0x8240,0x1040,0xFF40,0x0000,0x7FC0,0x0400,0x1B00,0x60C0},{0x2840,0x2840,0x5460,0x8240,0x1040,0xFF40,0x0040,0x0400,0x7FC0,0x1B00,0x60C0},
{0x2840,0x2840,0x5460,0x8240,0x1040,0xFF40,0x0000,0x7FC0,0x0040,0x7FC0,0x0040},{0x2840,0x2840,0x5460,0x8240,0x1040,0xFF40,0x7FC0,0x4000,0x7FC0,0x4000,0x7FC0},{0x2840,0x2840,0x5440,0x5460,0x8240,0x1040,0xFF40,0x0000,0x7FC0,0x1100,0x7FC0},{0x2840,0x2840,0x5460,0x8240,0x1040,0xFF40,0x0400,0x7FC0,0x1F00,0x2080,0x1F00},
{0x2940,0x2940,0x2940,0x5540,0x5540,0x93C0,0x0140,0x1140,0x1140,0xFF40,0x0140},{0x2940,0x2940,0x5540,0x55C0,0x8340,0x1140,0xFF40,0x0000,0x7FC0,0x0040,0x0040},{0x2940,0x2940,0x5540,0x55C0,0x8340,0x1140,0xFF40,0x0000,0x7FC0,0x0440,0x0440},{0x2940,0x2940,0x5540,0x55C0,0x8340,0x1140,0xFF40,0x0000,0x7900,0x0A80,0x0C40},
{0x2940,0x2940,0x5540,0x55C0,0x8340,0x1140,0xFF40,0x0140,0x4000,0x4000,0x7FC0},{0x2940,0x2940,0x5540,0x83C0,0x1140,0xFF40,0x0000,0x47C0,0x4100,0x4280,0x7C40},{0x2940,0x2940,0x5540,0x83C0,0x1140,0xFF40,0x0100,0x47C0,0x4380,0x4440,0x7B80},{0x2940,0x2940,0x5540,0x55C0,0x8340,0x1140,0xFF40,0x0000,0x7FC0,0x4000,0x7FC0},
{0x2940,0x2940,0x5540,0x55C0,0x8340,0x1140,0xFFC0,0x0040,0x7FC0,0x4000,0x7FC0},{0x2940,0x2940,0x5540,0x55C0,0x8340,0x1140,0xFFC0,0x0840,0x7840,0x4040,0x7840},{0x2940,0x2940,0x5540,0x55C0,0x8340,0x1140,0xFFC0,0x0A40,0x7A40,0x4240,0x7BC0},{0x2940,0x2940,0x5540,0x55C0,0x8340,0x1140,0xFF40,0x0A40,0x7BC0,0x4240,0x7BC0},
{0x2940,0x2940,0x5540,0x55C0,0x8340,0x1140,0xFF40,0x0900,0x7900,0x4280,0x7C40},{0x2940,0x2940,0x5540,0x55C0,0x8340,0x1140,0xFFC0,0x0A00,0x7BC0,0x4200,0x7BC0},{0x2940,0x2940,0x5540,0x55C0,0x8340,0x1140,0xFFC0,0x0A80,0x7A80,0x4280,0x7FC0},{0x2940,0x2940,0x5540,0x55C0,0x8340,0x1140,0xFF40,0x0FC0,0x7B80,0x4440,0x7B80},
{0x2940,0x2940,0x5540,0x55C0,0x8340,0x1140,0xFF40,0x0000,0x7FC0,0x4040,0x7FC0},{0x2940,0x2940,0x5540,0x55C0,0x8340,0x1140,0xFF40,0x4040,0x7FC0,0x4040,0x7FC0},{0x2940,0x2940,0x5540,0x55C0,0x8340,0x1140,0xFF40,0x4800,0x7900,0x4A80,0x7C40},{0x2940,0x2940,0x5540,0x55C0,0x8340,0x1140,0xFF40,0x0140,0x0400,0x1B00,0x60C0},
{0x2940,0x2940,0x5540,0x55C0,0x8340,0x1140,0xFF40,0x0000,0x1100,0x2A80,0x4440},{0x2940,0x2940,0x5540,0x55C0,0x8340,0x1140,0xFF40,0x0000,0x3F80,0x4040,0x3F80},{0x2940,0x2940,0x55C0,0x8340,0x1140,0xFF40,0x0000,0x7FC0,0x0400,0x1B00,0x60C0},{0x2940,0x2940,0x55C0,0x8340,0x1140,0xFF40,0x0140,0x0400,0x7FC0,0x1B00,0x60C0},
{0x2940,0x2940,0x55C0,0x8340,0x1140,0xFF40,0x0000,0x7FC0,0x0040,0x7FC0,0x0040},{0x2940,0x2940,0x5540,0x55C0,0x8340,0x1140,0xFFC0,0x4000,0x7FC0,0x4000,0x7FC0},{0x2940,0x2940,0x55C0,0x8340,0x1140,0xFF40,0x0000,0x7FC0,0x1100,0x1100,0x7FC0},{0x2940,0x2940,0x55C0,0x8340,0x1140,0xFF40,0x0400,0x7FC0,0x1F00,0x2080,0x1F00},
{0x2840,0x2840,0x2840,0x5440,0x5440,0x9240,0x0040,0x1040,0x1040,0xFF40,0x0040},{0x2840,0x2840,0x5440,0x5440,0x8240,0x1040,0xFF40,0x0000,0x7FC0,0x0040,0x0040},{0x2840,0x2840,0x5440,0x5440,0x8240,0x1040,0xFF40,0x0000,0x7FC0,0x0440,0x0440},{0x2840,0x2840,0x5440,0x5440,0x8240,0x1040,0xFF40,0x0040,0x7900,0x0A80,0x0C40},
{0x2840,0x2840,0x5440,0x5440,0x8240,0x1040,0xFF40,0x0040,0x4000,0x4000,0x7FC0},{0x2840,0x2840,0x5440,0x8240,0x1040,0xFF40,0x0000,0x47C0,0x4100,0x4280,0x7C40},{0x2840,0x2840,0x5440,0x8240,0x1040,0xFF40,0x0100,0x47C0,0x4380,0x4440,0x7B80},{0x2840,0x2840,0x5440,0x8240,0x1040,0xFF40,0x0000,0x7FC0,0x4000,0x4000,0x7FC0},
{0x2840,0x2840,0x5440,0x8240,0x1040,0xFF40,0x7FC0,0x0040,0x7FC0,0x4000,0x7FC0},{0x2840,0x2840,0x5440,0x8240,0x1040,0xFF40,0x7BC0,0x0840,0x7840,0x4040,0x7840},{0x2840,0x2840,0x5440,0x8240,0x1040,0xFF40,0x7BC0,0x0A40,0x7A40,0x4240,0x7BC0},{0x2840,0x2840,0x5440,0x8240,0x1040,0xFF40,0x7A40,0x0A40,0x7BC0,0x4240,0x7BC0},
{0x2840,0x2840,0x5440,0x8240,0x1040,0xFF40,0x7800,0x0900,0x7900,0x4280,0x7C40},{0x2840,0x2840,0x5440,0x8240,0x1040,0xFF40,0x7BC0,0x0A00,0x7BC0,0x4200,0x7BC0},{0x2840,0x2840,0x5440,0x8240,0x1040,0xFF40,0x7FC0,0x0A80,0x7A80,0x4280,0x7FC0},{0x2840,0x2840,0x5440,0x8240,0x1040,0xFF40,0x7900,0x0FC0,0x7B80,0x4440,0x7B80},
{0x2840,0x2840,0x5440,0x8240,0x1040,0xFF40,0x0000,0x7FC0,0x4040,0x4040,0x7FC0},{0x2840,0x2840,0x5440,0x8240,0x1040,0xFF40,0x0000,0x4040,0x7FC0,0x4040,0x7FC0},{0x2840,0x2840,0x5440,0x8240,0x1040,0xFF40,0x0040,0x4900,0x7900,0x4A80,0x7C40},{0x2840,0x2840,0x5440,0x8240,0x1040,0xFF40,0x0040,0x0440,0x0400,0x1B00,0x60C0},
{0x2840,0x2840,0x5440,0x8240,0x1040,0xFF40,0x0040,0x1100,0x1100,0x2A80,0x4440},{0x2840,0x2840,0x5440,0x8240,0x1040,0xFF40,0x0000,0x3F80,0x4040,0x4040,0x3F80},{0x2840,0x2840,0x5440,0x8240,0x1040,0xFF40,0x0000,0x7FC0,0x0400,0x1B00,0x60C0},{0x2840,0x2840,0x5440,0x8240,0x1040,0xFF40,0x0040,0x0400,0x7FC0,0x1B00,0x60C0},
{0x2840,0x2840,0x5440,0x8240,0x1040,0xFF40,0x0000,0x7FC0,0x0040,0x7FC0,0x0040},{0x2840,0x5440,0x8240,0x1040,0xFF40,0x0000,0x7FC0,0x4000,0x7FC0,0x4000,0x7FC0},{0x2840,0x2840,0x5440,0x8240,0x1040,0xFF40,0x0000,0x7FC0,0x1100,0x1100,0x7FC0},{0x2840,0x2840,0x5440,0x8240,0x1040,0xFF40,0x0400,0x7FC0,0x1F00,0x2080,0x1F00},
{0x1100,0x1100,0x2A80,0x2A80,0x4440,0x4440,0x1100,0x1100,0x1100,0xFFE0,0x0000},{0x1100,0x1100,0x2A80,0x4440,0x1100,0xFFE0,0x0000,0x7FC0,0x0040,0x0040,0x0040},{0x1100,0x1100,0x2A80,0x4440,0x1100,0xFFE0,0x0000,0x7FC0,0x0440,0x0440,0x0440},{0x1100,0x1100,0x2A80,0x4440,0x1100,0xFFE0,0x0000,0x7900,0x0900,0x0A80,0x0C40},
{0x1100,0x1100,0x2A80,0x4440,0x1100,0xFFE0,0x0000,0x4000,0x4000,0x4000,0x7FC0},{0x1100,0x1100,0x2A80,0x4440,0x1100,0xFFE0,0x0000,0x47C0,0x4100,0x4280,0x7C40},{0x1100,0x1100,0x2A80,0x4440,0x1100,0xFFE0,0x0100,0x47C0,0x4380,0x4440,0x7B80},{0x1100,0x1100,0x2A80,0x4440,0x1100,0xFFE0,0x0000,0x7FC0,0x4000,0x4000,0x7FC0},
{0x1100,0x2A80,0x4440,0x1100,0xFFE0,0x0000,0x7FC0,0x0040,0x7FC0,0x4000,0x7FC0},{0x1100,0x2A80,0x4440,0x1100,0xFFE0,0x0000,0x7BC0,0x0840,0x7840,0x4040,0x7840},{0x1100,0x2A80,0x4440,0x1100,0xFFE0,0x0000,0x7BC0,0x0A40,0x7A40,0x4240,0x7BC0},{0x1100,0x2A80,0x4440,0x1100,0xFFE0,0x0000,0x7A40,0x0A40,0x7BC0,0x4240,0x7BC0},
{0x1100,0x2A80,0x4440,0x1100,0xFFE0,0x0000,0x7900,0x0900,0x7900,0x4280,0x7C40},{0x1100,0x2A80,0x4440,0x1100,0xFFE0,0x0000,0x7BC0,0x0A00,0x7BC0,0x4200,0x7BC0},{0x1100,0x2A80,0x4440,0x1100,0xFFE0,0x0000,0x7FC0,0x0A80,0x7A80,0x4280,0x7FC0},{0x1100,0x2A80,0x4440,0x1100,0xFFE0,0x0000,0x7900,0x0FC0,0x7B80,0x4440,0x7B80},
{0x1100,0x1100,0x2A80,0x4440,0x1100,0xFFE0,0x0000,0x7FC0,0x4040,0x4040,0x7FC0},{0x1100,0x1100,0x2A80,0x4440,0x1100,0xFFE0,0x0000,0x4040,0x7FC0,0x4040,0x7FC0},{0x1100,0x1100,0x2A80,0x4440,0x1100,0xFFE0,0x0000,0x4900,0x7900,0x4A80,0x7C40},{0x1100,0x1100,0x2A80,0x4440,0x1100,0xFFE0,0x0000,0x0400,0x0400,0x1B00,0x60C0},
{0x1100,0x1100,0x2A80,0x4440,0x1100,0xFFE0,0x0000,0x1100,0x1100,0x2A80,0x4440},{0x1100,0x1100,0x2A80,0x4440,0x1100,0xFFE0,0x0000,0x3F80,0x4040,0x4040,0x3F80},{0x1100,0x1100,0x2A80,0x4440,0x1100,0xFFE0,0x0000,0x7FC0,0x0400,0x1B00,0x60C0},{0x1100,0x1100,0x2A80,0x4440,0x1100,0xFFE0,0x0000,0x0400,0x7FC0,0x1B00,0x60C0},
{0x1100,0x1100,0x2A80,0x4440,0x1100,0xFFE0,0x0000,0x7FC0,0x0040,0x7FC0,0x0040},{0x1100,0x2A80,0x4440,0x1100,0xFFE0,0x0000,0x7FC0,0x4000,0x7FC0,0x4000,0x7FC0},{0x1100,0x1100,0x2A80,0x4440,0x1100,0xFFE0,0x0000,0x7FC0,0x1100,0x1100,0x7FC0},{0x1100,0x1100,0x2A80,0x4440,0x1100,0xFFE0,0x0400,0x7FC0,0x1F00,0x2080,0x1F00},
{0x1100,0x1100,0x2A80,0x2A80,0x4440,0x0000,0xFFE0,0x0400,0x0400,0x0400,0x0400},{0x1100,0x1100,0x2A80,0x4440,0x0000,0xFFE0,0x0400,0x7FC0,0x0040,0x0040,0x0040},{0x1100,0x1100,0x2A80,0x4440,0x0000,0xFFE0,0x0400,0x7FC0,0x0440,0x0440,0x0440},{0x1100,0x1100,0x2A80,0x4440,0x0000,0xFFE0,0x0400,0x7900,0x0900,0x0A80,0x0C40},
{0x1100,0x1100,0x2A80,0x4440,0x0000,0xFFE0,0x0400,0x4400,0x4000,0x4000,0x7FC0},{0x1100,0x1100,0x2A80,0x4440,0x0000,0xFFE0,0x0400,0x47C0,0x4100,0x4280,0x7C40},{0x1100,0x1100,0x2A80,0x4440,0x0000,0xFFE0,0x0500,0x47C0,0x4380,0x4440,0x7B80},{0x1100,0x1100,0x2A80,0x4440,0x0000,0xFFE0,0x0400,0x7FC0,0x4000,0x4000,0x7FC0},
{0x1100,0x2A80,0x4440,0x0000,0xFFE0,0x0400,0x7FC0,0x0040,0x7FC0,0x4000,0x7FC0},{0x1100,0x2A80,0x4440,0x0000,0xFFE0,0x0400,0x7BC0,0x0840,0x7840,0x4040,0x7840},{0x1100,0x2A80,0x4440,0x0000,0xFFE0,0x0400,0x7BC0,0x0A40,0x7A40,0x4240,0x7BC0},{0x1100,0x2A80,0x4440,0x0000,0xFFE0,0x0400,0x7A40,0x0A40,0x7BC0,0x4240,0x7BC0},
{0x1100,0x2A80,0x4440,0x0000,0xFFE0,0x0400,0x7900,0x0900,0x7900,0x4280,0x7C40},{0x1100,0x2A80,0x4440,0x0000,0xFFE0,0x0400,0x7BC0,0x0A00,0x7BC0,0x4200,0x7BC0},{0x1100,0x2A80,0x4440,0x0000,0xFFE0,0x0400,0x7FC0,0x0A80,0x7A80,0x4280,0x7FC0},{0x1100,0x2A80,0x4440,0x0000,0xFFE0,0x0400,0x7900,0x0FC0,0x7B80,0x4440,0x7B80},
{0x1100,0x1100,0x2A80,0x4440,0x0000,0xFFE0,0x0400,0x7FC0,0x4040,0x4040,0x7FC0},{0x1100,0x1100,0x2A80,0x4440,0x0000,0xFFE0,0x0400,0x4040,0x7FC0,0x4040,0x7FC0},{0x1100,0x1100,0x2A80,0x4440,0x0000,0xFFE0,0x0400,0x4900,0x7900,0x4A80,0x7C40},{0x1100,0x1100,0x2A80,0x4440,0x0000,0xFFE0,0x0400,0x0000,0x0400,0x1B00,0x60C0},
{0x1100,0x1100,0x2A80,0x4440,0x0000,0xFFE0,0x0400,0x1500,0x1100,0x2A80,0x4440},{0x1100,0x1100,0x2A80,0x4440,0x0000,0xFFE0,0x0400,0x3F80,0x4040,0x4040,0x3F80},{0x1100,0x1100,0x2A80,0x4440,0x0000,0xFFE0,0x0400,0x7FC0,0x0400,0x1B00,0x60C0},{0x1100,0x2A80,0x4440,0x0000,0xFFE0,0x0400,0x0000,0x0400,0x7FC0,0x1B00,0x60C0},
{0x1100,0x1100,0x2A80,0x4440,0x0000,0xFFE0,0x0400,0x7FC0,0x0040,0x7FC0,0x0040},{0x1100,0x2A80,0x4440,0x0000,0xFFE0,0x0400,0x7FC0,0x4000,0x7FC0,0x4000,0x7FC0},{0x1100,0x1100,0x2A80,0x4440,0x0000,0xFFE0,0x0400,0x7FC0,0x1100,0x1100,0x7FC0},{0x1100,0x2A80,0x4440,0x0000,0xFFE0,0x0400,0x0400,0x7FC0,0x1F00,0x2080,0x1F00},
{0x2840,0x2840,0x5440,0x5440,0x9240,0x0040,0xFF40,0x1040,0x13C0,0x1040,0x1040},{0x2840,0x2840,0x5440,0x9240,0x0040,0xFF40,0x11C0,0x1040,0x7FC0,0x0040,0x0040},{0x2840,0x2840,0x5440,0x9240,0x0040,0xFF40,0x11C0,0x1040,0x7FC0,0x0440,0x0440},{0x2840,0x2840,0x5440,0x9240,0x0040,0xFF40,0x11C0,0x1040,0x7900,0x0A80,0x0C40},
{0x2840,0x2840,0x5440,0x9240,0x0040,0xFF40,0x11C0,0x5040,0x4000,0x4000,0x7FC0},{0x2840,0x2840,0x5440,0x9240,0xFF40,0x11C0,0x1040,0x47C0,0x4100,0x4280,0x7C40},{0x2840,0x2840,0x5440,0x9240,0xFF40,0x11C0,0x1140,0x47C0,0x4380,0x4440,0x7B80},{0x2840,0x2840,0x5440,0x9240,0xFF40,0x11C0,0x1040,0x7FC0,0x4000,0x4000,0x7FC0},
{0x2840,0x2840,0x5440,0x9240,0xFF40,0x11C0,0x7FC0,0x0040,0x7FC0,0x4000,0x7FC0},{0x2840,0x2840,0x5440,0x9240,0xFF40,0x11C0,0x7BC0,0x0840,0x7840,0x4040,0x7840},{0x2840,0x2840,0x5440,0x9240,0xFF40,0x11C0,0x7BC0,0x0A40,0x7A40,0x4240,0x7BC0},{0x2840,0x2840,0x5440,0x9240,0xFF40,0x11C0,0x7A40,0x0A40,0x7BC0,0x4240,0x7BC0},
{0x2840,0x2840,0x5440,0x9240,0xFF40,0x11C0,0x7840,0x0900,0x7900,0x4280,0x7C40},{0x2840,0x2840,0x5440,0x9240,0xFF40,0x11C0,0x7BC0,0x0A00,0x7BC0,0x4200,0x7BC0},{0x2840,0x2840,0x5440,0x9240,0xFF40,0x11C0,0x7FC0,0x0A80,0x7A80,0x4280,0x7FC0},{0x2840,0x2840,0x5440,0x9240,0xFF40,0x11C0,0x7940,0x0FC0,0x7B80,0x4440,0x7B80},
{0x2840,0x5440,0x9240,0x0040,0xFF40,0x11C0,0x1040,0x7FC0,0x4040,0x4040,0x7FC0},{0x2840,0x5440,0x9240,0x0040,0xFF40,0x11C0,0x1040,0x4040,0x7FC0,0x4040,0x7FC0},{0x2840,0x2840,0x5440,0x9240,0xFF40,0x11C0,0x1040,0x4900,0x7900,0x4A80,0x7C40},{0x2840,0x2840,0x5440,0x9240,0x0040,0xFF40,0x11C0,0x1440,0x0400,0x1B00,0x60C0},
{0x2840,0x2840,0x5440,0x9240,0xFF40,0x11C0,0x1040,0x0000,0x1100,0x2A80,0x4440},{0x2840,0x2840,0x5440,0x9240,0xFF40,0x11C0,0x1040,0x3F80,0x4040,0x4040,0x3F80},{0x2840,0x2840,0x5440,0x9240,0xFF40,0x11C0,0x1040,0x7FC0,0x0400,0x1B00,0x60C0},{0x2840,0x2840,0x5440,0x9240,0xFF40,0x11C0,0x1040,0x0400,0x7FC0,0x1B00,0x60C0},
{0x2840,0x2840,0x5440,0x9240,0xFF40,0x11C0,0x1040,0x7FC0,0x0040,0x7FC0,0x0040},{0x2840,0x2840,0x5440,0x9240,0xFF40,0x11C0,0x7FC0,0x4000,0x7FC0,0x4000,0x7FC0},{0x2840,0x2840,0x5440,0x9240,0xFF40,0x11C0,0x1040,0x7FC0,0x1100,0x1100,0x7FC0},{0x2840,0x2840,0x5440,0x9240,0xFF40,0x11C0,0x1440,0x7FC0,0x1F00,0x2080,0x1F00},
{0x2940,0x2940,0x5540,0x5540,0x9340,0x0140,0xFF40,0x1140,0x1740,0x1140,0x1140},{0x2940,0x2940,0x5540,0x5540,0xFD40,0x1740,0x1140,0x7FC0,0x0040,0x0040,0x0040},{0x2940,0x2940,0x5540,0x5540,0xFD40,0x1740,0x1140,0x7FC0,0x0440,0x0440,0x0440},{0x2940,0x2940,0x5540,0x5540,0xFD40,0x1740,0x1140,0x7800,0x0900,0x0A80,0x0C40},
{0x2940,0x2940,0x5540,0x5540,0x0140,0xFD40,0x1740,0x5140,0x4000,0x4000,0x7FC0},{0x2940,0x2940,0x5540,0x5540,0xFD40,0x1740,0x1140,0x47C0,0x4100,0x4280,0x7C40},{0x2940,0x2940,0x5540,0x5540,0xFD40,0x1740,0x1140,0x47C0,0x4380,0x4440,0x7B80},{0x2940,0x2940,0x5540,0x5540,0xFD40,0x1740,0x1140,0x7FC0,0x4000,0x4000,0x7FC0},
{0x2940,0x2940,0x5540,0x5540,0xFD40,0x1740,0x7FC0,0x0040,0x7FC0,0x4000,0x7FC0},{0x2940,0x2940,0x5540,0x5540,0xFD40,0x1740,0x7BC0,0x0840,0x7840,0x4040,0x7840},{0x2940,0x2940,0x5540,0x5540,0xFD40,0x1740,0x7BC0,0x0A40,0x7A40,0x4240,0x7BC0},{0x2940,0x2940,0x5540,0x5540,0xFD40,0x1740,0x7A40,0x0A40,0x7BC0,0x4240,0x7BC0},
{0x2940,0x2940,0x5540,0x5540,0xFD40,0x1740,0x7800,0x0900,0x7900,0x4280,0x7C40},{0x2940,0x2940,0x5540,0x5540,0xFD40,0x1740,0x7BC0,0x0A00,0x7BC0,0x4200,0x7BC0},{0x2940,0x2940,0x5540,0x5540,0xFD40,0x1740,0x7FC0,0x0A80,0x7A80,0x4280,0x7FC0},{0x2940,0x2940,0x5540,0x5540,0xFD40,0x1740,0x7900,0x0FC0,0x7B80,0x4440,0x7B80},
{0x2940,0x2940,0x5540,0x5540,0xFD40,0x1740,0x1140,0x7FC0,0x4040,0x4040,0x7FC0},{0x2940,0x2940,0x5540,0x5540,0xFD40,0x1740,0x1140,0x4040,0x7FC0,0x4040,0x7FC0},{0x2940,0x2940,0x5540,0x5540,0xFD40,0x1740,0x1140,0x4800,0x7900,0x4A80,0x7C40},{0x2940,0x2940,0x5540,0x5540,0xFD40,0x1740,0x1140,0x1540,0x0400,0x1B00,0x60C0},
{0x2940,0x2940,0x5540,0x5540,0xFD40,0x1740,0x1140,0x0000,0x1100,0x2A80,0x4440},{0x2940,0x2940,0x5540,0x5540,0xFD40,0x1740,0x1140,0x3F80,0x4040,0x4040,0x3F80},{0x2940,0x2940,0x5540,0x5540,0xFD40,0x1740,0x1140,0x7FC0,0x0400,0x1B00,0x60C0},{0x2940,0x2940,0x5540,0x5540,0xFD40,0x1740,0x1140,0x0400,0x7FC0,0x1B00,0x60C0},
{0x2940,0x2940,0x5540,0x5540,0xFD40,0x1740,0x1140,0x7FC0,0x0040,0x7FC0,0x0040},{0x2940,0x2940,0x5540,0x5540,0xFD40,0x1740,0x7FC0,0x4000,0x7FC0,0x4000,0x7FC0},{0x2940,0x2940,0x5540,0x5540,0xFD40,0x1740,0x1140,0x7FC0,0x1100,0x1100,0x7FC0},{0x2940,0x2940,0x5540,0x5540,0xFD40,0x1740,0x1540,0x7FC0,0x1F00,0x2080,0x1F00},
{0x2840,0x2840,0x5440,0x5440,0x9240,0x0040,0xFF40,0x1040,0x1040,0x1040,0x1040},{0x2840,0x2840,0x5440,0x9240,0x0040,0xFF40,0x1000,0x7FC0,0x0040,0x0040,0x0040},{0x2840,0x2840,0x5440,0x9240,0x0040,0xFF40,0x1000,0x7FC0,0x0440,0x0440,0x0440},{0x2840,0x2840,0x5440,0x9240,0x0040,0xFF40,0x1040,0x7900,0x0900,0x0A80,0x0C40},
{0x2840,0x2840,0x5440,0x9240,0x0040,0xFF40,0x1040,0x5040,0x4000,0x4000,0x7FC0},{0x2840,0x2840,0x5440,0x9240,0x0040,0xFF40,0x1000,0x57C0,0x4100,0x4280,0x7C40},{0x2840,0x2840,0x5440,0x9240,0x0040,0xFF40,0x1100,0x57C0,0x4380,0x4440,0x7B80},{0x2840,0x2840,0x5440,0x9240,0x0040,0xFF40,0x1000,0x7FC0,0x4000,0x4000,0x7FC0},
{0x2840,0x2840,0x5440,0x9240,0xFF40,0x1000,0x7FC0,0x0040,0x7FC0,0x4000,0x7FC0},{0x2840,0x2840,0x5440,0x9240,0xFF40,0x1000,0x7BC0,0x0840,0x7840,0x4040,0x7840},{0x2840,0x2840,0x5440,0x9240,0xFF40,0x1000,0x7BC0,0x0A40,0x7A40,0x4240,0x7BC0},{0x2840,0x2840,0x5440,0x9240,0xFF40,0x1000,0x7A40,0x0A40,0x7BC0,0x4240,0x7BC0},
{0x2840,0x2840,0x5440,0x9240,0xFF40,0x1040,0x7900,0x0900,0x7900,0x4280,0x7C40},{0x2840,0x2840,0x5440,0x9240,0xFF40,0x1000,0x7BC0,0x0A00,0x7BC0,0x4200,0x7BC0},{0x2840,0x2840,0x5440,0x9240,0xFF40,0x1000,0x7FC0,0x0A80,0x7A80,0x4280,0x7FC0},{0x2840,0x2840,0x5440,0x9240,0xFF40,0x1040,0x7900,0x0FC0,0x7B80,0x4440,0x7B80},
{0x2840,0x2840,0x5440,0x9240,0x0040,0xFF40,0x1000,0x7FC0,0x4040,0x4040,0x7FC0},{0x2840,0x2840,0x5440,0x9240,0x0040,0xFF40,0x1000,0x4040,0x7FC0,0x4040,0x7FC0},{0x2840,0x2840,0x5440,0x9240,0x0040,0xFF40,0x1040,0x4900,0x7900,0x4A80,0x7C40},{0x2840,0x2840,0x5440,0x9240,0x0040,0xFF40,0x1040,0x1440,0x0400,0x1B00,0x60C0},
{0x2840,0x2840,0x5440,0x9240,0x0040,0xFF40,0x1040,0x0000,0x1100,0x2A80,0x4440},{0x2840,0x2840,0x5440,0x9240,0x0040,0xFF40,0x1000,0x3F80,0x4040,0x4040,0x3F80},{0x2840,0x2840,0x5440,0x9240,0x0040,0xFF40,0x1000,0x7FC0,0x0400,0x1B00,0x60C0},{0x2840,0x2840,0x5440,0x9240,0x0040,0xFF40,0x1040,0x0400,0x7FC0,0x1B00,0x60C0},
{0x2840,0x2840,0x5440,0x9240,0x0040,0xFF40,0x1000,0x7FC0,0x0040,0x7FC0,0x0040},{0x2840,0x5440,0x9240,0x0040,0xFF40,0x1000,0x7FC0,0x4000,0x7FC0,0x4000,0x7FC0},{0x2840,0x2840,0x5440,0x9240,0x0040,0xFF40,0x1000,0x7FC0,0x1100,0x1100,0x7FC0},{0x2840,0x5440,0x9240,0x0040,0xFF40,0x1040,0x0400,0x7FC0,0x1F00,0x2080,0x1F00},
{0x1100,0x1100,0x2A80,0x2A80,0x4440,0x0000,0xFFE0,0x1100,0x1100,0x1100,0x1100},{0x1100,0x1100,0x2A80,0x4440,0x0000,0xFFE0,0x1100,0x7FC0,0x0040,0x0040,0x0040},{0x1100,0x1100,0x2A80,0x4440,0x0000,0xFFE0,0x1100,0x7FC0,0x0440,0x0440,0x0440},{0x1100,0x1100,0x2A80,0x4440,0x0000,0xFFE0,0x1100,0x7800,0x0900,0x0A80,0x0C40},
{0x1100,0x1100,0x2A80,0x4440,0x0000,0xFFE0,0x1100,0x5100,0x4000,0x4000,0x7FC0},{0x1100,0x1100,0x2A80,0x4440,0x0000,0xFFE0,0x1100,0x57C0,0x4100,0x4280,0x7C40},{0x1100,0x1100,0x2A80,0x4440,0x0000,0xFFE0,0x1100,0x57C0,0x4380,0x4440,0x7B80},{0x1100,0x1100,0x2A80,0x4440,0x0000,0xFFE0,0x1100,0x7FC0,0x4000,0x4000,0x7FC0},
{0x1100,0x2A80,0x4440,0x0000,0xFFE0,0x1100,0x7FC0,0x0040,0x7FC0,0x4000,0x7FC0},{0x1100,0x2A80,0x4440,0x0000,0xFFE0,0x1100,0x7BC0,0x0840,0x7840,0x4040,0x7840},{0x1100,0x2A80,0x4440,0x0000,0xFFE0,0x1100,0x7BC0,0x0A40,0x7A40,0x4240,0x7BC0},{0x1100,0x2A80,0x4440,0x0000,0xFFE0,0x1100,0x7A40,0x0A40,0x7BC0,0x4240,0x7BC0},
{0x1100,0x2A80,0x4440,0x0000,0xFFE0,0x1100,0x7800,0x0900,0x7900,0x4280,0x7C40},{0x1100,0x2A80,0x4440,0x0000,0xFFE0,0x1100,0x7BC0,0x0A00,0x7BC0,0x4200,0x7BC0},{0x1100,0x2A80,0x4440,0x0000,0xFFE0,0x1100,0x7FC0,0x0A80,0x7A80,0x4280,0x7FC0},{0x1100,0x2A80,0x4440,0x0000,0xFFE0,0x1100,0x7900,0x0FC0,0x7B80,0x4440,0x7B80},
{0x1100,0x1100,0x2A80,0x4440,0x0000,0xFFE0,0x1100,0x7FC0,0x4040,0x4040,0x7FC0},{0x1100,0x1100,0x2A80,0x4440,0x0000,0xFFE0,0x1100,0x4040,0x7FC0,0x4040,0x7FC0},{0x1100,0x1100,0x2A80,0x4440,0x0000,0xFFE0,0x1100,0x4800,0x7900,0x4A80,0x7C40},{0x1100,0x1100,0x2A80,0x4440,0x0000,0xFFE0,0x1100,0x1500,0x0400,0x1B00,0x60C0},
{0x1100,0x1100,0x2A80,0x4440,0x0000,0xFFE0,0x1100,0x0000,0x1100,0x2A80,0x4440},{0x1100,0x1100,0x2A80,0x4440,0x0000,0xFFE0,0x1100,0x3F80,0x4040,0x4040,0x3F80},{0x1100,0x1100,0x2A80,0x4440,0x0000,0xFFE0,0x1100,0x7FC0,0x0400,0x1B00,0x60C0},{0x1100,0x1100,0x2A80,0x4440,0x0000,0xFFE0,0x1100,0x0400,0x7FC0,0x1B00,0x60C0},
{0x1100,0x1100,0x2A80,0x4440,0x0000,0xFFE0,0x1100,0x7FC0,0x0040,0x7FC0,0x0040},{0x1100,0x2A80,0x4440,0x0000,0xFFE0,0x1100,0x7FC0,0x4000,0x7FC0,0x4000,0x7FC0},{0x1100,0x1100,0x2A80,0x4440,0x0000,0xFFE0,0x1100,0x7FC0,0x1100,0x1100,0x7FC0},{0x1100,0x2A80,0x4440,0x0000,0xFFE0,0x1100,0x0400,0x7FC0,0x1F00,0x2080,0x1F00},
{0x1100,0x1100,0x1100,0x2A80,0x2A80,0x4440,0x4440,0x0000,0x0000,0xFFE0,0x0000},{0x1100,0x1100,0x2A80,0x4440,0x0000,0xFFE0,0x0000,0x7FC0,0x0040,0x0040,0x0040},{0x1100,0x1100,0x2A80,0x4440,0x0000,0xFFE0,0x0000,0x7FC0,0x0440,0x0440,0x0440},{0x1100,0x1100,0x2A80,0x4440,0x0000,0xFFE0,0x0000,0x7900,0x0900,0x0A80,0x0C40},
{0x1100,0x1100,0x2A80,0x4440,0x0000,0xFFE0,0x0000,0x4000,0x4000,0x4000,0x7FC0},{0x1100,0x1100,0x2A80,0x4440,0x0000,0xFFE0,0x0000,0x47C0,0x4100,0x4280,0x7C40},{0x1100,0x1100,0x2A80,0x4440,0x0000,0xFFE0,0x0100,0x47C0,0x4380,0x4440,0x7B80},{0x1100,0x1100,0x2A80,0x4440,0x0000,0xFFE0,0x0000,0x7FC0,0x4000,0x4000,0x7FC0},
{0x1100,0x2A80,0x4440,0x0000,0xFFE0,0x0000,0x7FC0,0x0040,0x7FC0,0x4000,0x7FC0},{0x1100,0x2A80,0x4440,0x0000,0xFFE0,0x0000,0x7BC0,0x0840,0x7840,0x4040,0x7840},{0x1100,0x2A80,0x4440,0x0000,0xFFE0,0x0000,0x7BC0,0x0A40,0x7A40,0x4240,0x7BC0},{0x1100,0x2A80,0x4440,0x0000,0xFFE0,0x0000,0x7A40,0x0A40,0x7BC0,0x4240,0x7BC0},
{0x1100,0x2A80,0x4440,0x0000,0xFFE0,0x0000,0x7900,0x0900,0x7900,0x4280,0x7C40},{0x1100,0x2A80,0x4440,0x0000,0xFFE0,0x0000,0x7BC0,0x0A00,0x7BC0,0x4200,0x7BC0},{0x1100,0x2A80,0x4440,0x0000,0xFFE0,0x0000,0x7FC0,0x0A80,0x7A80,0x4280,0x7FC0},{0x1100,0x2A80,0x4440,0x0000,0xFFE0,0x0000,0x7900,0x0FC0,0x7B80,0x4440,0x7B80},
{0x1100,0x1100,0x2A80,0x4440,0x0000,0xFFE0,0x0000,0x7FC0,0x4040,0x4040,0x7FC0},{0x1100,0x1100,0x2A80,0x4440,0x0000,0xFFE0,0x0000,0x4040,0x7FC0,0x4040,0x7FC0},{0x1100,0x1100,0x2A80,0x4440,0x0000,0xFFE0,0x0000,0x4900,0x7900,0x4A80,0x7C40},{0x1100,0x1100,0x2A80,0x4440,0x0000,0xFFE0,0x0000,0x0400,0x0400,0x1B00,0x60C0},
{0x1100,0x1100,0x2A80,0x4440,0x0000,0xFFE0,0x0000,0x1100,0x1100,0x2A80,0x4440},{0x1100,0x1100,0x2A80,0x4440,0x0000,0xFFE0,0x0000,0x3F80,0x4040,0x4040,0x3F80},{0x1100,0x1100,0x2A80,0x4440,0x0000,0xFFE0,0x0000,0x7FC0,0x0400,0x1B00,0x60C0},{0x1100,0x1100,0x2A80,0x4440,0x0000,0xFFE0,0x0000,0x0400,0x7FC0,0x1B00,0x60C0},
{0x1100,0x1100,0x2A80,0x4440,0x0000,0xFFE0,0x0000,0x7FC0,0x0040,0x7FC0,0x0040},{0x1100,0x2A80,0x4440,0x0000,0xFFE0,0x0000,0x7FC0,0x4000,0x7FC0,0x4000,0x7FC0},{0x1100,0x1100,0x2A80,0x4440,0x0000,0xFFE0,0x0000,0x7FC0,0x1100,0x1100,0x7FC0},{0x1100,0x1100,0x2A80,0x4440,0x0000,0xFFE0,0x0400,0x7FC0,0x1F00,0x2080,0x1F00},
{0x2840,0x2840,0x2840,0x2840,0x5440,0x5440,0x9240,0x0040,0x0040,0xFF40,0x0040},{0x2840,0x2840,0x5440,0x9240,0x0040,0xFF40,0x0000,0x7FC0,0x0040,0x0040,0x0040},{0x2840,0x2840,0x5440,0x9240,0x0040,0xFF40,0x0000,0x7FC0,0x0440,0x0440,0x0440},{0x2840,0x2840,0x5440,0x9240,0x0040,0xFF40,0x0040,0x7900,0x0900,0x0A80,0x0C40},
{0x2840,0x2840,0x5440,0x9240,0x0040,0xFF40,0x0040,0x4040,0x4000,0x4000,0x7FC0},{0x2840,0x2840,0x5440,0x9240,0x0040,0xFF40,0x0000,0x47C0,0x4100,0x4280,0x7C40},{0x2840,0x2840,0x5440,0x9240,0x0040,0xFF40,0x0100,0x47C0,0x4380,0x4440,0x7B80},{0x2840,0x2840,0x5440,0x9240,0x0040,0xFF40,0x0000,0x7FC0,0x4000,0x4000,0x7FC0},
{0x2840,0x5440,0x9240,0x0040,0xFF40,0x0000,0x7FC0,0x0040,0x7FC0,0x4000,0x7FC0},{0x2840,0x5440,0x9240,0x0040,0xFF40,0x0000,0x7BC0,0x0840,0x7840,0x4040,0x7840},{0x2840,0x5440,0x9240,0x0040,0xFF40,0x0000,0x7BC0,0x0A40,0x7A40,0x4240,0x7BC0},{0x2840,0x5440,0x9240,0x0040,0xFF40,0x0000,0x7A40,0x0A40,0x7BC0,0x4240,0x7BC0},
{0x2840,0x5440,0x9240,0x0040,0xFF40,0x0040,0x7900,0x0900,0x7900,0x4280,0x7C40},{0x2840,0x5440,0x9240,0x0040,0xFF40,0x0000,0x7BC0,0x0A00,0x7BC0,0x4200,0x7BC0},{0x2840,0x5440,0x9240,0x0040,0xFF40,0x0000,0x7FC0,0x0A80,0x7A80,0x4280,0x7FC0},{0x2840,0x5440,0x9240,0x0040,0xFF40,0x0040,0x7900,0x0FC0,0x7B80,0x4440,0x7B80},
{0x2840,0x2840,0x5440,0x9240,0x0040,0xFF40,0x0000,0x7FC0,0x4040,0x4040,0x7FC0},{0x2840,0x2840,0x5440,0x9240,0x0040,0xFF40,0x0000,0x4040,0x7FC0,0x4040,0x7FC0},{0x2840,0x2840,0x5440,0x9240,0x0040,0xFF40,0x0040,0x4900,0x7900,0x4A80,0x7C40},{0x2840,0x2840,0x5440,0x9240,0x0040,0xFF40,0x0040,0x0440,0x0400,0x1B00,0x60C0},
{0x2840,0x2840,0x5440,0x9240,0x0040,0xFF40,0x0040,0x1100,0x1100,0x2A80,0x4440},{0x2840,0x2840,0x5440,0x9240,0x0040,0xFF40,0x0000,0x3F80,0x4040,0x4040,0x3F80},{0x2840,0x2840,0x5440,0x9240,0x0040,0xFF40,0x0000,0x7FC0,0x0400,0x1B00,0x60C0},{0x2840,0x2840,0x5440,0x9240,0x0040,0xFF40,0x0040,0x0400,0x7FC0,0x1B00,0x60C0},
{0x2840,0x2840,0x5440,0x9240,0x0040,0xFF40,0x0000,0x7FC0,0x0040,0x7FC0,0x0040},{0x2840,0x2840,0x5440,0x8240,0xFF40,0x0000,0x7FC0,0x4000,0x7FC0,0x4000,0x7FC0},{0x2840,0x2840,0x5440,0x9240,0x0040,0xFF40,0x0000,0x7FC0,0x1100,0x1100,0x7FC0},{0x2840,0x2840,0x5440,0x9240,0x0040,0xFF40,0x0400,0x7FC0,0x1F00,0x2080,0x1F00},
{0x2840,0x2840,0x2840,0x2840,0x2840,0x5440,0x5440,0x5440,0x9240,0x9240,0x0040},{0x2840,0x2840,0x2840,0x5440,0x5440,0x9240,0x0000,0x7FC0,0x0040,0x0040,0x0040},{0x2840,0x2840,0x2840,0x5440,0x5440,0x9240,0x0000,0x7FC0,0x0440,0x0440,0x0440},{0x2840,0x2840,0x2840,0x5440,0x5440,0x9240,0x0040,0x7900,0x0900,0x0A80,0x0C40},
{0x2840,0x2840,0x2840,0x5440,0x5440,0x9240,0x0040,0x4040,0x4000,0x4000,0x7FC0},{0x2840,0x2840,0x2840,0x5440,0x5440,0x9240,0x0000,0x47C0,0x4100,0x4280,0x7C40},{0x2840,0x2840,0x2840,0x5440,0x5440,0x9240,0x0100,0x47C0,0x4380,0x4440,0x7B80},{0x2840,0x2840,0x2840,0x5440,0x5440,0x9240,0x0000,0x7FC0,0x4000,0x4000,0x7FC0},
{0x2840,0x2840,0x5440,0x5440,0x9240,0x0000,0x7FC0,0x0040,0x7FC0,0x4000,0x7FC0},{0x2840,0x2840,0x5440,0x5440,0x9240,0x0000,0x7BC0,0x0840,0x7840,0x4040,0x7840},{0x2840,0x2840,0x5440,0x5440,0x9240,0x0000,0x7BC0,0x0A40,0x7A40,0x4240,0x7BC0},{0x2840,0x2840,0x5440,0x5440,0x9240,0x0000,0x7A40,0x0A40,0x7BC0,0x4240,0x7BC0},
{0x2840,0x2840,0x5440,0x5440,0x9240,0x0040,0x7900,0x0900,0x7900,0x4280,0x7C40},{0x2840,0x2840,0x5440,0x5440,0x9240,0x0000,0x7BC0,0x0A00,0x7BC0,0x4200,0x7BC0},{0x2840,0x2840,0x5440,0x5440,0x9240,0x0000,0x7FC0,0x0A80,0x7A80,0x4280,0x7FC0},{0x2840,0x2840,0x5440,0x5440,0x9240,0x0040,0x7900,0x0FC0,0x7B80,0x4440,0x7B80},
{0x2840,0x2840,0x2840,0x5440,0x5440,0x9240,0x0000,0x7FC0,0x4040,0x4040,0x7FC0},{0x2840,0x2840,0x2840,0x5440,0x5440,0x9240,0x0000,0x4040,0x7FC0,0x4040,0x7FC0},{0x2840,0x2840,0x2840,0x5440,0x5440,0x9240,0x0040,0x4900,0x7900,0x4A80,0x7C40},{0x2840,0x2840,0x2840,0x5440,0x5440,0x9240,0x0040,0x0440,0x0400,0x1B00,0x60C0},
{0x2840,0x2840,0x2840,0x5440,0x5440,0x9240,0x0040,0x1100,0x1100,0x2A80,0x4440},{0x2840,0x2840,0x2840,0x5440,0x5440,0x9240,0x0000,0x3F80,0x4040,0x4040,0x3F80},{0x2840,0x2840,0x2840,0x5440,0x5440,0x9240,0x0000,0x7FC0,0x0400,0x1B00,0x60C0},{0x2840,0x2840,0x2840,0x5440,0x5440,0x9240,0x0040,0x0400,0x7FC0,0x1B00,0x60C0},
{0x2840,0x2840,0x2840,0x5440,0x5440,0x9240,0x0000,0x7FC0,0x0040,0x7FC0,0x0040},{0x2840,0x2840,0x5440,0x5440,0x9240,0x0000,0x7FC0,0x4000,0x7FC0,0x4000,0x7FC0},{0x2840,0x2840,0x2840,0x5440,0x5440,0x9240,0x0000,0x7FC0,0x1100,0x1100,0x7FC0},{0x2840,0x2840,0x2840,0x5440,0x5440,0x9240,0x0400,0x7FC0,0x1F00,0x2080,0x1F00},
{0x3840,0x4440,0x8240,0x8240,0x8240,0x8260,0x8240,0x8240,0x4440,0x3840,0x0040},{0x3840,0x4440,0x8260,0x8240,0x4440,0x3840,0x0000,0x7FC0,0x0040,0x0040,0x0040},{0x3840,0x4440,0x8260,0x8240,0x4440,0x3840,0x0000,0x7FC0,0x0440,0x0440,0x0440},{0x3840,0x4440,0x8260,0x8240,0x4440,0x3840,0x0040,0x7900,0x0900,0x0A80,0x0C40},
{0x3840,0x4440,0x8240,0x8260,0x4440,0x3840,0x0040,0x4040,0x4000,0x4000,0x7FC0},{0x3840,0x4440,0x8260,0x8240,0x4440,0x3840,0x0000,0x47C0,0x4100,0x4280,0x7C40},{0x3840,0x4440,0x8260,0x8240,0x4440,0x3840,0x0100,0x47C0,0x4380,0x4440,0x7B80},{0x3840,0x4440,0x8260,0x8240,0x4440,0x3840,0x0000,0x7FC0,0x4000,0x4000,0x7FC0},
{0x3840,0x4440,0x8260,0x8240,0x4440,0x3840,0x7FC0,0x0040,0x7FC0,0x4000,0x7FC0},{0x3840,0x4440,0x8260,0x8240,0x4440,0x3840,0x7BC0,0x0840,0x7840,0x4040,0x7840},{0x3840,0x4440,0x8260,0x8240,0x4440,0x3840,0x7BC0,0x0A40,0x7A40,0x4240,0x7BC0},{0x3840,0x4440,0x8260,0x8240,0x4440,0x3800,0x7A40,0x0A40,0x7BC0,0x4240,0x7BC0},
{0x3840,0x4440,0x8260,0x8240,0x4440,0x3840,0x7900,0x0900,0x7900,0x4280,0x7C40},{0x3840,0x4440,0x8260,0x8240,0x4440,0x3840,0x7BC0,0x0A00,0x7BC0,0x4200,0x7BC0},{0x3840,0x4440,0x8260,0x8240,0x4440,0x3800,0x7FC0,0x0A80,0x7A80,0x4280,0x7FC0},{0x3840,0x4440,0x8260,0x8240,0x4440,0x3840,0x7900,0x0FC0,0x7B80,0x4440,0x7B80},
{0x3840,0x4440,0x8260,0x8240,0x4440,0x3840,0x0000,0x7FC0,0x4040,0x4040,0x7FC0},{0x3840,0x4440,0x8260,0x8240,0x4440,0x3840,0x0000,0x4040,0x7FC0,0x4040,0x7FC0},{0x3840,0x4440,0x8260,0x8240,0x4440,0x3840,0x0040,0x4900,0x7900,0x4A80,0x7C40},{0x3840,0x4440,0x8240,0x8260,0x4440,0x3840,0x0040,0x0440,0x0400,0x1B00,0x60C0},
{0x3840,0x4440,0x8260,0x8240,0x4440,0x3840,0x0040,0x1100,0x1100,0x2A80,0x4440},{0x3840,0x4440,0x8260,0x8240,0x4440,0x3840,0x0000,0x3F80,0x4040,0x4040,0x3F80},{0x3840,0x4440,0x8260,0x8240,0x4440,0x3840,0x0000,0x7FC0,0x0400,0x1B00,0x60C0},{0x3840,0x4440,0x8260,0x8240,0x4440,0x3840,0x0040,0x0400,0x7FC0,0x1B00,0x60C0},
{0x3840,0x4440,0x8260,0x8240,0x4440,0x3840,0x0000,0x7FC0,0x0040,0x7FC0,0x0040},{0x3840,0x4440,0x8260,0x8240,0x4440,0x3840,0x7FC0,0x4000,0x7FC0,0x4000,0x7FC0},{0x3840,0x4440,0x8260,0x8240,0x4440,0x3840,0x0000,0x7FC0,0x1100,0x1100,0x7FC0},{0x3840,0x4440,0x8260,0x8240,0x4440,0x3840,0x0400,0x7FC0,0x1F00,0x2080,0x1F00},
{0x3140,0x4940,0x8540,0x8540,0x8540,0x85C0,0x8540,0x8540,0x4940,0x3140,0x0140},{0x3140,0x4940,0x85C0,0x8540,0x4940,0x3140,0x0000,0x7FC0,0x0040,0x0040,0x0040},{0x3140,0x4940,0x85C0,0x8540,0x4940,0x3140,0x0000,0x7FC0,0x0440,0x0440,0x0440},{0x3140,0x4940,0x85C0,0x8540,0x4940,0x3140,0x0000,0x7900,0x0900,0x0A80,0x0C40},
{0x3140,0x4940,0x8540,0x85C0,0x4940,0x3140,0x0140,0x4140,0x4000,0x4000,0x7FC0},{0x3140,0x4940,0x85C0,0x8540,0x4940,0x3140,0x0000,0x47C0,0x4100,0x4280,0x7C40},{0x3140,0x4940,0x85C0,0x8540,0x4940,0x3140,0x0100,0x47C0,0x4380,0x4440,0x7B80},{0x3140,0x4940,0x85C0,0x8540,0x4940,0x3140,0x0000,0x7FC0,0x4000,0x4000,0x7FC0},
{0x3140,0x4940,0x85C0,0x8540,0x4940,0x3140,0x7FC0,0x0040,0x7FC0,0x4000,0x7FC0},{0x3140,0x4940,0x85C0,0x8540,0x4940,0x3140,0x7BC0,0x0840,0x7840,0x4040,0x7840},{0x3140,0x4940,0x85C0,0x8540,0x4940,0x3140,0x7BC0,0x0A40,0x7A40,0x4240,0x7BC0},{0x3140,0x4940,0x85C0,0x8540,0x4940,0x3140,0x7A40,0x0A40,0x7BC0,0x4240,0x7BC0},
{0x3140,0x4940,0x85C0,0x8540,0x4940,0x3140,0x7800,0x0900,0x7900,0x4280,0x7C40},{0x3140,0x4940,0x85C0,0x8540,0x4940,0x3140,0x7BC0,0x0A00,0x7BC0,0x4200,0x7BC0},{0x3140,0x4940,0x85C0,0x8540,0x4940,0x3140,0x7FC0,0x0A80,0x7A80,0x4280,0x7FC0},{0x3140,0x4940,0x85C0,0x8540,0x4940,0x3140,0x7900,0x0FC0,0x7B80,0x4440,0x7B80},
{0x3140,0x4940,0x85C0,0x8540,0x4940,0x3140,0x0000,0x7FC0,0x4040,0x4040,0x7FC0},{0x3140,0x4940,0x85C0,0x8540,0x4940,0x3140,0x0000,0x4040,0x7FC0,0x4040,0x7FC0},{0x3140,0x4940,0x85C0,0x8540,0x4940,0x3140,0x0000,0x4900,0x7900,0x4A80,0x7C40},{0x3140,0x4940,0x8540,0x85C0,0x4940,0x3140,0x0140,0x0540,0x0400,0x1B00,0x60C0},
{0x3140,0x4940,0x85C0,0x8540,0x4940,0x3140,0x0000,0x1100,0x1100,0x2A80,0x4440},{0x3140,0x4940,0x85C0,0x8540,0x4940,0x3140,0x0000,0x3F80,0x4040,0x4040,0x3F80},{0x3140,0x4940,0x85C0,0x8540,0x4940,0x3140,0x0000,0x7FC0,0x0400,0x1B00,0x60C0},{0x3140,0x4940,0x85C0,0x8540,0x4940,0x3140,0x0400,0x7FC0,0x0400,0x1B00,0x60C0},
{0x3140,0x4940,0x85C0,0x8540,0x4940,0x3140,0x0000,0x7FC0,0x0040,0x7FC0,0x0040},{0x3140,0x4940,0x85C0,0x8540,0x4940,0x3140,0x7FC0,0x4000,0x7FC0,0x4000,0x7FC0},{0x3140,0x4940,0x85C0,0x8540,0x4940,0x3140,0x0000,0x7FC0,0x1100,0x1100,0x7FC0},{0x3140,0x4940,0x85C0,0x8540,0x4940,0x3140,0x0400,0x7FC0,0x1F00,0x2080,0x1F00},
{0x3840,0x4440,0x8240,0x8260,0x8240,0x8240,0x8240,0x8260,0x4440,0x3840,0x0040},{0x3840,0x4460,0x8240,0x8260,0x4440,0x3840,0x0000,0x7FC0,0x0040,0x0040,0x0040},{0x3840,0x4460,0x8240,0x8260,0x4440,0x3840,0x0000,0x7FC0,0x0440,0x0440,0x0440},{0x3840,0x4460,0x8240,0x8260,0x4440,0x3840,0x0040,0x7900,0x0900,0x0A80,0x0C40},
{0x3840,0x4440,0x8260,0x8240,0x4460,0x3840,0x0040,0x4040,0x4000,0x4000,0x7FC0},{0x3840,0x4460,0x8240,0x8260,0x4440,0x3840,0x0000,0x47C0,0x4100,0x4280,0x7C40},{0x3840,0x4460,0x8240,0x8260,0x4440,0x3840,0x0100,0x47C0,0x4380,0x4440,0x7B80},{0x3840,0x4460,0x8240,0x8260,0x4440,0x3840,0x0000,0x7FC0,0x4000,0x4000,0x7FC0},
{0x3840,0x4460,0x8240,0x8260,0x4440,0x3840,0x7FC0,0x0040,0x7FC0,0x4000,0x7FC0},{0x3840,0x4460,0x8240,0x8260,0x4440,0x3840,0x7BC0,0x0840,0x7840,0x4040,0x7840},{0x3840,0x4460,0x8240,0x8260,0x4440,0x3840,0x7BC0,0x0A40,0x7A40,0x4240,0x7BC0},{0x3840,0x4460,0x8240,0x8260,0x4440,0x3840,0x7A40,0x0A40,0x7BC0,0x4240,0x7BC0},
{0x3840,0x4460,0x8240,0x8260,0x4440,0x3840,0x7900,0x0900,0x7900,0x4280,0x7C40},{0x3840,0x4460,0x8240,0x8260,0x4440,0x3840,0x7BC0,0x0A00,0x7BC0,0x4200,0x7BC0},{0x3840,0x4460,0x8240,0x8260,0x4440,0x3840,0x7FC0,0x0A80,0x7A80,0x4280,0x7FC0},{0x3840,0x4460,0x8240,0x8260,0x4440,0x3840,0x7900,0x0FC0,0x7B80,0x4440,0x7B80},
{0x3840,0x4460,0x8240,0x8260,0x4440,0x3840,0x0000,0x7FC0,0x4040,0x4040,0x7FC0},{0x3840,0x4460,0x8240,0x8260,0x4440,0x3840,0x0000,0x4040,0x7FC0,0x4040,0x7FC0},{0x3840,0x4460,0x8240,0x8260,0x4440,0x3840,0x0040,0x4900,0x7900,0x4A80,0x7C40},{0x3840,0x4440,0x8260,0x8240,0x4460,0x3840,0x0040,0x0440,0x0400,0x1B00,0x60C0},
{0x3840,0x4460,0x8240,0x8260,0x4440,0x3840,0x0040,0x1100,0x1100,0x2A80,0x4440},{0x3840,0x4460,0x8240,0x8260,0x4440,0x3840,0x0000,0x3F80,0x4040,0x4040,0x3F80},{0x3840,0x4460,0x8240,0x8260,0x4440,0x3840,0x0000,0x7FC0,0x0400,0x1B00,0x60C0},{0x3840,0x4460,0x8240,0x8260,0x4440,0x3840,0x0400,0x7FC0,0x0400,0x1B00,0x60C0},
{0x3840,0x4460,0x8240,0x8260,0x4440,0x3840,0x0000,0x7FC0,0x0040,0x7FC0,0x0040},{0x3840,0x4460,0x8240,0x8260,0x4440,0x3840,0x7FC0,0x4000,0x7FC0,0x4000,0x7FC0},{0x3840,0x4460,0x8240,0x8260,0x4440,0x3840,0x0000,0x7FC0,0x1100,0x1100,0x7FC0},{0x3840,0x4460,0x8240,0x8260,0x4440,0x3840,0x0400,0x7FC0,0x1F00,0x2080,0x1F00},
{0x3140,0x4940,0x8540,0x85C0,0x8540,0x8540,0x8540,0x85C0,0x4940,0x3140,0x0140},{0x3140,0x49C0,0x8540,0x85C0,0x4940,0x3140,0x0000,0x7FC0,0x0040,0x0040,0x0040},{0x3140,0x49C0,0x8540,0x85C0,0x4940,0x3140,0x0000,0x7FC0,0x0440,0x0440,0x0440},{0x3140,0x49C0,0x8540,0x85C0,0x4940,0x3140,0x0000,0x7900,0x0900,0x0A80,0x0C40},
{0x3140,0x4940,0x85C0,0x8540,0x49C0,0x3140,0x0140,0x4140,0x4000,0x4000,0x7FC0},{0x3140,0x49C0,0x8540,0x85C0,0x4940,0x3140,0x0000,0x47C0,0x4100,0x4280,0x7C40},{0x3140,0x49C0,0x8540,0x85C0,0x4940,0x3140,0x0100,0x47C0,0x4380,0x4440,0x7B80},{0x3140,0x49C0,0x8540,0x85C0,0x4940,0x3140,0x0000,0x7FC0,0x4000,0x4000,0x7FC0},
{0x3140,0x49C0,0x8540,0x85C0,0x4940,0x3140,0x7FC0,0x0040,0x7FC0,0x4000,0x7FC0},{0x3140,0x49C0,0x8540,0x85C0,0x4940,0x3140,0x7BC0,0x0840,0x7840,0x4040,0x7840},{0x3140,0x49C0,0x8540,0x85C0,0x4940,0x3140,0x7BC0,0x0A40,0x7A40,0x4240,0x7BC0},{0x3140,0x49C0,0x8540,0x85C0,0x4940,0x3140,0x7A40,0x0A40,0x7BC0,0x4240,0x7BC0},
{0x3140,0x49C0,0x8540,0x85C0,0x4940,0x3140,0x7800,0x0900,0x7900,0x4280,0x7C40},{0x3140,0x49C0,0x8540,0x85C0,0x4940,0x3140,0x7BC0,0x0A00,0x7BC0,0x4200,0x7BC0},{0x3140,0x49C0,0x8540,0x85C0,0x4940,0x3140,0x7FC0,0x0A80,0x7A80,0x4280,0x7FC0},{0x3140,0x49C0,0x8540,0x85C0,0x4940,0x3140,0x7900,0x0FC0,0x7B80,0x4440,0x7B80},
{0x3140,0x49C0,0x8540,0x85C0,0x4940,0x3140,0x0000,0x7FC0,0x4040,0x4040,0x7FC0},{0x3140,0x49C0,0x8540,0x85C0,0x4940,0x3140,0x0000,0x4040,0x7FC0,0x4040,0x7FC0},{0x3140,0x49C0,0x8540,0x85C0,0x4940,0x3140,0x0000,0x4900,0x7900,0x4A80,0x7C40},{0x3140,0x4940,0x85C0,0x8540,0x49C0,0x3140,0x0140,0x0540,0x0400,0x1B00,0x60C0},
{0x3140,0x49C0,0x8540,0x85C0,0x4940,0x3140,0x0000,0x1100,0x1100,0x2A80,0x4440},{0x3140,0x49C0,0x8540,0x85C0,0x4940,0x3140,0x0000,0x3F80,0x4040,0x4040,0x3F80},{0x3140,0x49C0,0x8540,0x85C0,0x4940,0x3140,0x0000,0x7FC0,0x0400,0x1B00,0x60C0},{0x3140,0x49C0,0x8540,0x85C0,0x4940,0x3140,0x0400,0x7FC0,0x0400,0x1B00,0x60C0},
{0x3140,0x49C0,0x8540,0x85C0,0x4940,0x3140,0x0000,0x7FC0,0x0040,0x7FC0,0x0040},{0x3140,0x49C0,0x8540,0x85C0,0x4940,0x3140,0x7FC0,0x4000,0x7FC0,0x4000,0x7FC0},{0x3140,0x49C0,0x8540,0x85C0,0x4940,0x3140,0x0000,0x7FC0,0x1100,0x1100,0x7FC0},{0x3140,0x49C0,0x8540,0x85C0,0x4940,0x3140,0x0400,0x7FC0,0x1F00,0x2080,0x1F00},
{0x3840,0x4440,0x8240,0x8240,0x83C0,0x8240,0x8240,0x8240,0x4440,0x3840,0x0040},{0x3840,0x4440,0x83C0,0x8240,0x4440,0x3840,0x0000,0x7FC0,0x0040,0x0040,0x0040},{0x3840,0x4440,0x83C0,0x8240,0x4440,0x3840,0x0000,0x7FC0,0x0440,0x0440,0x0440},{0x3840,0x4440,0x83C0,0x8240,0x4440,0x3840,0x0040,0x7900,0x0900,0x0A80,0x0C40},
{0x3840,0x4440,0x8240,0x83C0,0x4440,0x3840,0x0040,0x4040,0x4000,0x4000,0x7FC0},{0x3840,0x4440,0x83C0,0x8240,0x4440,0x3840,0x0000,0x47C0,0x4100,0x4280,0x7C40},{0x3840,0x4440,0x83C0,0x8240,0x4440,0x3840,0x0100,0x47C0,0x4380,0x4440,0x7B80},{0x3840,0x4440,0x83C0,0x8240,0x4440,0x3840,0x0000,0x7FC0,0x4000,0x4000,0x7FC0},
{0x3840,0x4440,0x83C0,0x8240,0x4440,0x3840,0x7FC0,0x0040,0x7FC0,0x4000,0x7FC0},{0x3840,0x4440,0x83C0,0x8240,0x4440,0x3840,0x7BC0,0x0840,0x7840,0x4040,0x7840},{0x3840,0x4440,0x83C0,0x8240,0x4440,0x3840,0x7BC0,0x0A40,0x7A40,0x4240,0x7BC0},{0x3840,0x4440,0x83C0,0x8240,0x4440,0x3840,0x7A40,0x0A40,0x7BC0,0x4240,0x7BC0},
{0x3840,0x4440,0x83C0,0x8240,0x4440,0x3840,0x7900,0x0900,0x7900,0x4280,0x7C40},{0x3840,0x4440,0x83C0,0x8240,0x4440,0x3840,0x7BC0,0x0A00,0x7BC0,0x4200,0x7BC0},{0x3840,0x4440,0x83C0,0x8240,0x4440,0x3840,0x7FC0,0x0A80,0x7A80,0x4280,0x7FC0},{0x3840,0x4440,0x83C0,0x8240,0x4440,0x3840,0x7900,0x0FC0,0x7B80,0x4440,0x7B80},
{0x3840,0x4440,0x83C0,0x8240,0x4440,0x3840,0x0000,0x7FC0,0x4040,0x4040,0x7FC0},{0x3840,0x4440,0x83C0,0x8240,0x4440,0x3840,0x0000,0x4040,0x7FC0,0x4040,0x7FC0},{0x3840,0x4440,0x83C0,0x8240,0x4440,0x3840,0x0040,0x4900,0x7900,0x4A80,0x7C40},{0x3840,0x4440,0x8240,0x83C0,0x4440,0x3840,0x0040,0x0440,0x0400,0x1B00,0x60C0},
{0x3840,0x4440,0x83C0,0x8240,0x4440,0x3840,0x0040,0x1100,0x1100,0x2A80,0x4440},{0x3840,0x4440,0x83C0,0x8240,0x4440,0x3840,0x0000,0x3F80,0x4040,0x4040,0x3F80},{0x3840,0x4440,0x83C0,0x8240,0x4440,0x3840,0x0000,0x7FC0,0x0400,0x1B00,0x60C0},{0x3840,0x4440,0x83C0,0x8240,0x4440,0x3840,0x0400,0x7FC0,0x0400,0x1B00,0x60C0},
{0x3840,0x4440,0x83C0,0x8240,0x4440,0x3840,0x0000,0x7FC0,0x0040,0x7FC0,0x0040},{0x3840,0x4440,0x83C0,0x8240,0x4440,0x3840,0x7FC0,0x4000,0x7FC0,0x4000,0x7FC0},{0x3840,0x4440,0x83C0,0x8240,0x4440,0x3840,0x0000,0x7FC0,0x1100,0x1100,0x7FC0},{0x3840,0x4440,0x83C0,0x8240,0x4440,0x3840,0x0400,0x7FC0,0x1F00,0x2080,0x1F00},
{0x3140,0x4940,0x8540,0x8540,0x8740,0x8540,0x8540,0x8540,0x4940,0x3140,0x0140},{0x3140,0x4940,0x8740,0x8540,0x4940,0x3140,0x0000,0x7FC0,0x0040,0x0040,0x0040},{0x3140,0x4940,0x8740,0x8540,0x4940,0x3140,0x0000,0x7FC0,0x0440,0x0440,0x0440},{0x3140,0x4940,0x8740,0x8540,0x4940,0x3140,0x0000,0x7900,0x0900,0x0A80,0x0C40},
{0x3140,0x4940,0x8740,0x8540,0x4940,0x3140,0x0140,0x4140,0x4000,0x4000,0x7FC0},{0x3140,0x4940,0x8740,0x8540,0x4940,0x3140,0x0000,0x47C0,0x4100,0x4280,0x7C40},{0x3140,0x4940,0x8740,0x8540,0x4940,0x3140,0x0100,0x47C0,0x4380,0x4440,0x7B80},{0x3140,0x4940,0x8740,0x8540,0x4940,0x3140,0x0000,0x7FC0,0x4000,0x4000,0x7FC0},
{0x3140,0x4940,0x8740,0x8540,0x4940,0x3140,0x7FC0,0x0040,0x7FC0,0x4000,0x7FC0},{0x3140,0x4940,0x8740,0x8540,0x4940,0x3140,0x7BC0,0x0840,0x7840,0x4040,0x7840},{0x3140,0x4940,0x8740,0x8540,0x4940,0x3140,0x7BC0,0x0A40,0x7A40,0x4240,0x7BC0},{0x3140,0x4940,0x8740,0x8540,0x4940,0x3140,0x7A40,0x0A40,0x7BC0,0x4240,0x7BC0},
{0x3140,0x4940,0x8740,0x8540,0x4940,0x3140,0x7800,0x0900,0x7900,0x4280,0x7C40},{0x3140,0x4940,0x8740,0x8540,0x4940,0x3140,0x7BC0,0x0A00,0x7BC0,0x4200,0x7BC0},{0x3140,0x4940,0x8740,0x8540,0x4940,0x3140,0x7FC0,0x0A80,0x7A80,0x4280,0x7FC0},{0x3140,0x4940,0x8740,0x8540,0x4940,0x3140,0x7900,0x0FC0,0x7B80,0x4440,0x7B80},
{0x3140,0x4940,0x8740,0x8540,0x4940,0x3140,0x0000,0x7FC0,0x4040,0x4040,0x7FC0},{0x3140,0x4940,0x8740,0x8540,0x4940,0x3140,0x0000,0x4040,0x7FC0,0x4040,0x7FC0},{0x3140,0x4940,0x8740,0x8540,0x4940,0x3140,0x0000,0x4900,0x7900,0x4A80,0x7C40},{0x3140,0x4940,0x8740,0x8540,0x4940,0x3140,0x0140,0x0540,0x0400,0x1B00,0x60C0},
{0x3140,0x4940,0x8740,0x8540,0x4940,0x3140,0x0000,0x1100,0x1100,0x2A80,0x4440},{0x3140,0x4940,0x8740,0x8540,0x4940,0x3140,0x0000,0x3F80,0x4040,0x4040,0x3F80},{0x3140,0x4940,0x8740,0x8540,0x4940,0x3140,0x0000,0x7FC0,0x0400,0x1B00,0x60C0},{0x3140,0x4940,0x8740,0x8540,0x4940,0x3140,0x0400,0x7FC0,0x0400,0x1B00,0x60C0},
{0x3140,0x4940,0x8740,0x8540,0x4940,0x3140,0x0000,0x7FC0,0x0040,0x7FC0,0x0040},{0x3140,0x4940,0x8740,0x8540,0x4940,0x3140,0x7FC0,0x4000,0x7FC0,0x4000,0x7FC0},{0x3140,0x4940,0x8740,0x8540,0x4940,0x3140,0x0000,0x7FC0,0x1100,0x1100,0x7FC0},{0x3140,0x4940,0x8740,0x8540,0x4940,0x3140,0x0400,0x7FC0,0x1F00,0x2080,0x1F00},
{0x3840,0x4440,0x8240,0x83C0,0x8240,0x8240,0x83C0,0x8240,0x4440,0x3840,0x0040},{0x3840,0x45C0,0x8240,0x83C0,0x4440,0x3840,0x0000,0x7FC0,0x0040,0x0040,0x0040},{0x3840,0x45C0,0x8240,0x83C0,0x4440,0x3840,0x0000,0x7FC0,0x0440,0x0440,0x0440},{0x3840,0x45C0,0x8240,0x83C0,0x4440,0x3840,0x0040,0x7900,0x0900,0x0A80,0x0C40},
{0x3840,0x4440,0x83C0,0x8240,0x45C0,0x3840,0x0040,0x4040,0x4000,0x4000,0x7FC0},{0x3840,0x45C0,0x8240,0x83C0,0x4440,0x3840,0x0000,0x47C0,0x4100,0x4280,0x7C40},{0x3840,0x45C0,0x8240,0x83C0,0x4440,0x3840,0x0100,0x47C0,0x4380,0x4440,0x7B80},{0x3840,0x45C0,0x8240,0x83C0,0x4440,0x3840,0x0000,0x7FC0,0x4000,0x4000,0x7FC0},
{0x3840,0x45C0,0x8240,0x83C0,0x4440,0x3840,0x7FC0,0x0040,0x7FC0,0x4000,0x7FC0},{0x3840,0x45C0,0x8240,0x83C0,0x4440,0x3840,0x7BC0,0x0840,0x7840,0x4040,0x7840},{0x3840,0x45C0,0x8240,0x83C0,0x4440,0x3840,0x7BC0,0x0A40,0x7A40,0x4240,0x7BC0},{0x3840,0x45C0,0x8240,0x83C0,0x4440,0x3840,0x7A40,0x0A40,0x7BC0,0x4240,0x7BC0},
{0x3840,0x45C0,0x8240,0x83C0,0x4440,0x3840,0x7900,0x0900,0x7900,0x4280,0x7C40},{0x3840,0x45C0,0x8240,0x83C0,0x4440,0x3840,0x7BC0,0x0A00,0x7BC0,0x4200,0x7BC0},{0x3840,0x45C0,0x8240,0x83C0,0x4440,0x3840,0x7FC0,0x0A80,0x7A80,0x4280,0x7FC0},{0x3840,0x45C0,0x8240,0x83C0,0x4440,0x3840,0x7900,0x0FC0,0x7B80,0x4440,0x7B80},
{0x3840,0x45C0,0x8240,0x83C0,0x4440,0x3840,0x0000,0x7FC0,0x4040,0x4040,0x7FC0},{0x3840,0x45C0,0x8240,0x83C0,0x4440,0x3840,0x0000,0x4040,0x7FC0,0x4040,0x7FC0},{0x3840,0x45C0,0x8240,0x83C0,0x4440,0x3840,0x0000,0x4900,0x7900,0x4A80,0x7C40},{0x3840,0x4440,0x83C0,0x8240,0x45C0,0x3840,0x0040,0x0440,0x0400,0x1B00,0x60C0},
{0x3840,0x45C0,0x8240,0x83C0,0x4440,0x3840,0x0040,0x1100,0x1100,0x2A80,0x4440},{0x3840,0x45C0,0x8240,0x83C0,0x4440,0x3840,0x0000,0x3F80,0x4040,0x4040,0x3F80},{0x3840,0x45C0,0x8240,0x83C0,0x4440,0x3840,0x0000,0x7FC0,0x0400,0x1B00,0x60C0},{0x3840,0x45C0,0x8240,0x83C0,0x4440,0x3840,0x0400,0x7FC0,0x0400,0x1B00,0x60C0},
{0x3840,0x45C0,0x8240,0x83C0,0x4440,0x3840,0x0000,0x7FC0,0x0040,0x7FC0,0x0040},{0x3840,0x45C0,0x8240,0x83C0,0x4440,0x3840,0x7FC0,0x4000,0x7FC0,0x4000,0x7FC0},{0x3840,0x45C0,0x8240,0x83C0,0x4440,0x3840,0x0000,0x7FC0,0x1100,0x1100,0x7FC0},{0x3840,0x45C0,0x8240,0x83C0,0x4440,0x3840,0x0400,0x7FC0,0x1F00,0x2080,0x1F00},
{0x3140,0x4940,0x8540,0x8740,0x8540,0x8540,0x8740,0x8540,0x4940,0x3140,0x0140},{0x3140,0x4B40,0x8540,0x8540,0x4B40,0x3140,0x0000,0x7FC0,0x0040,0x0040,0x0040},{0x3140,0x4B40,0x8540,0x8540,0x4B40,0x3140,0x0000,0x7FC0,0x0440,0x0440,0x0440},{0x3140,0x4B40,0x8540,0x8540,0x4B40,0x3140,0x0000,0x7900,0x0900,0x0A80,0x0C40},
{0x3140,0x4B40,0x8540,0x8540,0x4B40,0x3140,0x0140,0x4140,0x4000,0x4000,0x7FC0},{0x3140,0x4B40,0x8540,0x8540,0x4B40,0x3140,0x0000,0x47C0,0x4100,0x4280,0x7C40},{0x3140,0x4B40,0x8540,0x8540,0x4B40,0x3140,0x0100,0x47C0,0x4380,0x4440,0x7B80},{0x3140,0x4B40,0x8540,0x8540,0x4B40,0x3140,0x0000,0x7FC0,0x4000,0x4000,0x7FC0},
{0x3140,0x4B40,0x8540,0x8540,0x4B40,0x3140,0x7FC0,0x0040,0x7FC0,0x4000,0x7FC0},{0x3140,0x4B40,0x8540,0x8540,0x4B40,0x3140,0x7BC0,0x0840,0x7840,0x4040,0x7840},{0x3140,0x4B40,0x8540,0x8540,0x4B40,0x3140,0x7BC0,0x0A40,0x7A40,0x4240,0x7BC0},{0x3140,0x4B40,0x8540,0x8540,0x4B40,0x3140,0x7A40,0x0A40,0x7BC0,0x4240,0x7BC0},
{0x3140,0x4B40,0x8540,0x8540,0x4B40,0x3140,0x7800,0x0900,0x7900,0x4280,0x7C40},{0x3140,0x4B40,0x8540,0x8540,0x4B40,0x3140,0x7BC0,0x0A00,0x7BC0,0x4200,0x7BC0},{0x3140,0x4B40,0x8540,0x8540,0x4B40,0x3140,0x7FC0,0x0A80,0x7A80,0x4280,0x7FC0},{0x3140,0x4B40,0x8540,0x8540,0x4B40,0x3140,0x7900,0x0FC0,0x7B80,0x4440,0x7B80},
{0x3140,0x4B40,0x8540,0x8540,0x4B40,0x3140,0x0000,0x7FC0,0x4040,0x4040,0x7FC0},{0x3140,0x4B40,0x8540,0x8540,0x4B40,0x3140,0x0000,0x4040,0x7FC0,0x4040,0x7FC0},{0x3140,0x4B40,0x8540,0x8540,0x4B40,0x3140,0x0000,0x4900,0x7900,0x4A80,0x7C40},{0x3140,0x4B40,0x8540,0x8540,0x4B40,0x3140,0x0140,0x0540,0x0400,0x1B00,0x60C0},
{0x3140,0x4B40,0x8540,0x8540,0x4B40,0x3140,0x0000,0x1100,0x1100,0x2A80,0x4440},{0x3140,0x4B40,0x8540,0x8540,0x4B40,0x3140,0x0000,0x3F80,0x4040,0x4040,0x3F80},{0x3140,0x4B40,0x8540,0x8540,0x4B40,0x3140,0x0000,0x7FC0,0x0400,0x1B00,0x60C0},{0x3140,0x4B40,0x8540,0x8540,0x4B40,0x3140,0x0400,0x7FC0,0x0400,0x1B00,0x60C0},
{0x3140,0x4B40,0x8540,0x8540,0x4B40,0x3140,0x0000,0x7FC0,0x0040,0x7FC0,0x0040},{0x3140,0x4B40,0x8540,0x8540,0x4B40,0x3140,0x7FC0,0x4000,0x7FC0,0x4000,0x7FC0},{0x3140,0x4B40,0x8540,0x8540,0x4B40,0x3140,0x0000,0x7FC0,0x1100,0x1100,0x7FC0},{0x3140,0x4B40,0x8540,0x8540,0x4B40,0x3140,0x0400,0x7FC0,0x1F00,0x2080,0x1F00},
{0x1F00,0x2080,0x4040,0x4040,0x4040,0x2080,0x1F00,0x0400,0x0400,0xFFE0,0x0000},{0x3F80,0x4040,0x4040,0x3F80,0x0400,0xFFE0,0x0000,0x7FC0,0x0040,0x0040,0x0040},{0x3F80,0x4040,0x4040,0x3F80,0x0400,0xFFE0,0x0000,0x7FC0,0x0440,0x0440,0x0440},{0x3F80,0x4040,0x4040,0x3F80,0x0400,0xFFE0,0x0000,0x7900,0x0900,0x0A80,0x0C40},
{0x3F80,0x4040,0x4040,0x3F80,0x0400,0xFFE0,0x0000,0x4000,0x4000,0x4000,0x7FC0},{0x3F80,0x4040,0x4040,0x3F80,0x0400,0xFFE0,0x0000,0x47C0,0x4100,0x4280,0x7C40},{0x3F80,0x4040,0x4040,0x3F80,0x0400,0xFFE0,0x0100,0x47C0,0x4380,0x4440,0x7B80},{0x3F80,0x4040,0x4040,0x3F80,0x0400,0xFFE0,0x0000,0x7FC0,0x4000,0x4000,0x7FC0},
{0x3F80,0x4040,0x3F80,0x0400,0xFFE0,0x0000,0x7FC0,0x0040,0x7FC0,0x4000,0x7FC0},{0x3F80,0x4040,0x3F80,0x0400,0xFFE0,0x0000,0x7BC0,0x0840,0x7840,0x4040,0x7840},{0x3F80,0x4040,0x3F80,0x0400,0xFFE0,0x0000,0x7BC0,0x0A40,0x7A40,0x4240,0x7BC0},{0x3F80,0x4040,0x3F80,0x0400,0xFFE0,0x0000,0x7A40,0x0A40,0x7BC0,0x4240,0x7BC0},
{0x3F80,0x4040,0x3F80,0x0400,0xFFE0,0x0000,0x7900,0x0900,0x7900,0x4280,0x7C40},{0x3F80,0x4040,0x3F80,0x0400,0xFFE0,0x0000,0x7BC0,0x0A00,0x7BC0,0x4200,0x7BC0},{0x3F80,0x4040,0x3F80,0x0400,0xFFE0,0x0000,0x7FC0,0x0A80,0x7A80,0x4280,0x7FC0},{0x3F80,0x4040,0x3F80,0x0400,0xFFE0,0x0000,0x7900,0x0FC0,0x7B80,0x4440,0x7B80},
{0x3F80,0x4040,0x4040,0x3F80,0x0400,0xFFE0,0x0000,0x7FC0,0x4040,0x4040,0x7FC0},{0x3F80,0x4040,0x4040,0x3F80,0x0400,0xFFE0,0x0000,0x4040,0x7FC0,0x4040,0x7FC0},{0x3F80,0x4040,0x4040,0x3F80,0x0400,0xFFE0,0x0000,0x4900,0x7900,0x4A80,0x7C40},{0x3F80,0x4040,0x4040,0x3F80,0x0400,0xFFE0,0x0000,0x0400,0x0400,0x1B00,0x60C0},
{0x3F80,0x4040,0x4040,0x3F80,0x0400,0xFFE0,0x0000,0x1100,0x1100,0x2A80,0x4440},{0x3F80,0x4040,0x4040,0x3F80,0x0400,0xFFE0,0x0000,0x3F80,0x4040,0x4040,0x3F80},{0x3F80,0x4040,0x4040,0x3F80,0x0400,0xFFE0,0x0000,0x7FC0,0x0400,0x1B00,0x60C0},{0x3F80,0x4040,0x4040,0x3F80,0x0400,0xFFE0,0x0000,0x0400,0x7FC0,0x1B00,0x60C0},
{0x3F80,0x4040,0x4040,0x3F80,0x0400,0xFFE0,0x0000,0x7FC0,0x0040,0x7FC0,0x0040},{0x3F80,0x4040,0x3F80,0x0400,0xFFE0,0x0000,0x7FC0,0x4000,0x7FC0,0x4000,0x7FC0},{0x3F80,0x4040,0x4040,0x3F80,0x0400,0xFFE0,0x0000,0x7FC0,0x1100,0x1100,0x7FC0},{0x3F80,0x4040,0x4040,0x3F80,0x0400,0xFFE0,0x0400,0x7FC0,0x1F00,0x2080,0x1F00},
{0x3840,0x4440,0x8240,0x8240,0x4440,0x3860,0x0040,0x1040,0x1040,0xFF40,0x0040},{0x3C40,0x4240,0x4260,0x3C40,0x0840,0xFF40,0x0000,0x7FC0,0x0040,0x0040,0x0040},{0x3C40,0x4240,0x4260,0x3C40,0x0840,0xFF40,0x0000,0x7FC0,0x0440,0x0440,0x0440},{0x3C40,0x4240,0x4260,0x3C40,0x0840,0xFF40,0x0040,0x7900,0x0900,0x0A80,0x0C40},
{0x3C40,0x4240,0x4240,0x3C60,0x0840,0xFF40,0x0040,0x4040,0x4000,0x4000,0x7FC0},{0x3C40,0x4240,0x4260,0x3C40,0x0840,0xFF40,0x0000,0x47C0,0x4100,0x4280,0x7C40},{0x3C40,0x4240,0x4260,0x3C40,0x0840,0xFF40,0x0100,0x47C0,0x4380,0x4440,0x7B80},{0x3C40,0x4240,0x4260,0x3C40,0x0840,0xFF40,0x0000,0x7FC0,0x4000,0x4000,0x7FC0},
{0x3C40,0x4240,0x3C60,0x0840,0xFF40,0x0000,0x7FC0,0x0040,0x7FC0,0x4000,0x7FC0},{0x3C40,0x4240,0x3C60,0x0840,0xFF40,0x0000,0x7BC0,0x0840,0x7840,0x4040,0x7840},{0x3C40,0x4240,0x3C60,0x0840,0xFF40,0x0000,0x7BC0,0x0A40,0x7A40,0x4240,0x7BC0},{0x3C40,0x4240,0x3C60,0x0840,0xFF40,0x0000,0x7A40,0x0A40,0x7BC0,0x4240,0x7BC0},
{0x3C40,0x4240,0x3C60,0x0840,0xFF40,0x0040,0x7900,0x0900,0x7900,0x4280,0x7C40},{0x3C40,0x4240,0x3C60,0x0840,0xFF40,0x0000,0x7BC0,0x0A00,0x7BC0,0x4200,0x7BC0},{0x3C40,0x4240,0x3C60,0x0840,0xFF40,0x0000,0x7FC0,0x0A80,0x7A80,0x4280,0x7FC0},{0x3C40,0x4240,0x3C60,0x0840,0xFF40,0x0040,0x7900,0x0FC0,0x7B80,0x4440,0x7B80},
{0x3C40,0x4240,0x4260,0x3C40,0x0840,0xFF40,0x0000,0x7FC0,0x4040,0x4040,0x7FC0},{0x3C40,0x4240,0x4260,0x3C40,0x0840,0xFF40,0x0000,0x4040,0x7FC0,0x4040,0x7FC0},{0x3C40,0x4240,0x4260,0x3C40,0x0840,0xFF40,0x0040,0x4900,0x7900,0x4A80,0x7C40},{0x3C40,0x4240,0x4240,0x3C60,0x0840,0xFF40,0x0040,0x0440,0x0400,0x1B00,0x60C0},
{0x3C40,0x4240,0x4260,0x3C40,0x0840,0xFF40,0x0040,0x1100,0x1100,0x2A80,0x4440},{0x3C40,0x4240,0x4260,0x3C40,0x0840,0xFF40,0x0000,0x3F80,0x4040,0x4040,0x3F80},{0x3C40,0x4240,0x4260,0x3C40,0x0840,0xFF40,0x0000,0x7FC0,0x0400,0x1B00,0x60C0},{0x3C40,0x4240,0x4260,0x3C40,0x0840,0xFF40,0x0040,0x0400,0x7FC0,0x1B00,0x60C0},
{0x3C40,0x4240,0x4260,0x3C40,0x0840,0xFF40,0x0000,0x7FC0,0x0040,0x7FC0,0x0040},{0x3C40,0x4240,0x3C60,0x0840,0xFF40,0x0000,0x7FC0,0x4000,0x7FC0,0x4000,0x7FC0},{0x3C40,0x4240,0x4260,0x3C40,0x0840,0xFF40,0x0000,0x7FC0,0x1100,0x1100,0x7FC0},{0x3C40,0x4240,0x4260,0x3C40,0x0840,0xFF40,0x0400,0x7FC0,0x1F00,0x2080,0x1F00},
{0x3940,0x4540,0x8340,0x8340,0x4540,0x39C0,0x0140,0x1140,0x1140,0xFF40,0x0140},{0x7940,0x8540,0x85C0,0x7940,0x1140,0xFD40,0x0000,0x7FC0,0x0040,0x0040,0x0040},{0x7940,0x8540,0x85C0,0x7940,0x1140,0xFD40,0x0000,0x7FC0,0x0440,0x0440,0x0440},{0x7940,0x8540,0x85C0,0x7940,0x1140,0xFD40,0x0000,0x7900,0x0900,0x0A80,0x0C40},
{0x7940,0x8540,0x8540,0x79C0,0x1140,0xFD40,0x0140,0x4140,0x4000,0x4000,0x7FC0},{0x7940,0x8540,0x85C0,0x7940,0x1140,0xFD40,0x0000,0x47C0,0x4100,0x4280,0x7C40},{0x7940,0x8540,0x85C0,0x7940,0x1140,0xFD40,0x0100,0x47C0,0x4380,0x4440,0x7B80},{0x7940,0x8540,0x85C0,0x7940,0x1140,0xFD40,0x0000,0x7FC0,0x4000,0x4000,0x7FC0},
{0x7940,0x8540,0x79C0,0x1140,0xFD40,0x0000,0x7FC0,0x0040,0x7FC0,0x4000,0x7FC0},{0x7940,0x8540,0x79C0,0x1140,0xFD40,0x0000,0x7BC0,0x0840,0x7840,0x4040,0x7840},{0x7940,0x8540,0x79C0,0x1140,0xFD40,0x0000,0x7BC0,0x0A40,0x7A40,0x4240,0x7BC0},{0x7940,0x8540,0x79C0,0x1140,0xFD40,0x0000,0x7A40,0x0A40,0x7BC0,0x4240,0x7BC0},
{0x7940,0x8540,0x79C0,0x1140,0xFD40,0x0000,0x7900,0x0900,0x7900,0x4280,0x7C40},{0x7940,0x8540,0x79C0,0x1140,0xFD40,0x0000,0x7BC0,0x0A00,0x7BC0,0x4200,0x7BC0},{0x7940,0x8540,0x79C0,0x1140,0xFD40,0x0000,0x7FC0,0x0A80,0x7A80,0x4280,0x7FC0},{0x7940,0x8540,0x79C0,0x1140,0xFD40,0x0000,0x7900,0x0FC0,0x7B80,0x4440,0x7B80},
{0x7940,0x8540,0x85C0,0x7940,0x1140,0xFD40,0x0000,0x7FC0,0x4040,0x4040,0x7FC0},{0x7940,0x8540,0x85C0,0x7940,0x1140,0xFD40,0x0000,0x4040,0x7FC0,0x4040,0x7FC0},{0x7940,0x8540,0x85C0,0x7940,0x1140,0xFD40,0x0000,0x4900,0x7900,0x4A80,0x7C40},{0x7940,0x8540,0x8540,0x79C0,0x1140,0xFD40,0x0140,0x0540,0x0400,0x1B00,0x60C0},
{0x7940,0x8540,0x85C0,0x7940,0x1140,0xFD40,0x0000,0x1100,0x1100,0x2A80,0x4440},{0x7940,0x8540,0x85C0,0x7940,0x1140,0xFD40,0x0000,0x3F80,0x4040,0x4040,0x3F80},{0x7940,0x8540,0x85C0,0x7940,0x1140,0xFD40,0x0000,0x7FC0,0x0400,0x1B00,0x60C0},{0x7940,0x8540,0x85C0,0x7940,0x1140,0xFD40,0x0140,0x0400,0x7FC0,0x1B00,0x60C0},
{0x7940,0x8540,0x85C0,0x7940,0x1140,0xFD40,0x0000,0x7FC0,0x0040,0x7FC0,0x0040},{0x7940,0x8540,0x79C0,0x1140,0xFD40,0x0000,0x7FC0,0x4000,0x7FC0,0x4000,0x7FC0},{0x7940,0x8540,0x85C0,0x7940,0x1140,0xFD40,0x0000,0x7FC0,0x1100,0x1100,0x7FC0},{0x7940,0x8540,0x85C0,0x7940,0x1140,0xFD40,0x0400,0x7FC0,0x1F00,0x2080,0x1F00},
{0x3840,0x4440,0x8240,0x8240,0x4440,0x3840,0x0040,0x1040,0x1040,0xFF40,0x0040},{0x3C40,0x4240,0x4240,0x3C40,0x0840,0xFF40,0x0000,0x7FC0,0x0040,0x0040,0x0040},{0x3C40,0x4240,0x4240,0x3C40,0x0840,0xFF40,0x0000,0x7FC0,0x0440,0x0440,0x0440},{0x3C40,0x4240,0x4240,0x3C40,0x0840,0xFF40,0x0040,0x7900,0x0900,0x0A80,0x0C40},
{0x3C40,0x4240,0x4240,0x3C40,0x0840,0xFF40,0x0040,0x4040,0x4000,0x4000,0x7FC0},{0x3C40,0x4240,0x4240,0x3C40,0x0840,0xFF40,0x0000,0x47C0,0x4100,0x4280,0x7C40},{0x3C40,0x4240,0x4240,0x3C40,0x0840,0xFF40,0x0100,0x47C0,0x4380,0x4440,0x7B80},{0x3C40,0x4240,0x4240,0x3C40,0x0840,0xFF40,0x0000,0x7FC0,0x4000,0x4000,0x7FC0},
{0x3C40,0x4240,0x3C40,0x0840,0xFF40,0x0000,0x7FC0,0x0040,0x7FC0,0x4000,0x7FC0},{0x3C40,0x4240,0x3C40,0x0840,0xFF40,0x0000,0x7BC0,0x0840,0x7840,0x4040,0x7840},{0x3C40,0x4240,0x3C40,0x0840,0xFF40,0x0000,0x7BC0,0x0A40,0x7A40,0x4240,0x7BC0},{0x3C40,0x4240,0x3C40,0x0840,0xFF40,0x0000,0x7A40,0x0A40,0x7BC0,0x4240,0x7BC0},
{0x3C40,0x4240,0x3C40,0x0840,0xFF40,0x0040,0x7900,0x0900,0x7900,0x4280,0x7C40},{0x3C40,0x4240,0x3C40,0x0840,0xFF40,0x0000,0x7BC0,0x0A00,0x7BC0,0x4200,0x7BC0},{0x3C40,0x4240,0x3C40,0x0840,0xFF40,0x0000,0x7FC0,0x0A80,0x7A80,0x4280,0x7FC0},{0x3C40,0x4240,0x3C40,0x0840,0xFF40,0x0040,0x7900,0x0FC0,0x7B80,0x4440,0x7B80},
{0x3C40,0x4240,0x4240,0x3C40,0x0840,0xFF40,0x0000,0x7FC0,0x4040,0x4040,0x7FC0},{0x3C40,0x4240,0x4240,0x3C40,0x0840,0xFF40,0x0000,0x4040,0x7FC0,0x4040,0x7FC0},{0x3C40,0x4240,0x4240,0x3C40,0x0840,0xFF40,0x0040,0x4900,0x7900,0x4A80,0x7C40},{0x3C40,0x4240,0x4240,0x3C40,0x0840,0xFF40,0x0040,0x0440,0x0400,0x1B00,0x60C0},
{0x3C40,0x4240,0x4240,0x3C40,0x0840,0xFF40,0x0040,0x1100,0x1100,0x2A80,0x4440},{0x3C40,0x4240,0x4240,0x3C40,0x0840,0xFF40,0x0000,0x3F80,0x4040,0x4040,0x3F80},{0x3C40,0x4240,0x4240,0x3C40,0x0840,0xFF40,0x0000,0x7FC0,0x0400,0x1B00,0x60C0},{0x3C40,0x4240,0x4240,0x3C40,0x0840,0xFF40,0x0040,0x0400,0x7FC0,0x1B00,0x60C0},
{0x3C40,0x4240,0x4240,0x3C40,0x0840,0xFF40,0x0000,0x7FC0,0x0040,0x7FC0,0x0040},{0x3C40,0x4240,0x3C40,0x0840,0xFF40,0x0000,0x7FC0,0x4000,0x7FC0,0x4000,0x7FC0},{0x3C40,0x4240,0x4240,0x3C40,0x0840,0xFF40,0x0000,0x7FC0,0x1100,0x1100,0x7FC0},{0x3C40,0x4240,0x4240,0x3C40,0x0840,0xFF40,0x0400,0x7FC0,0x1F00,0x2080,0x1F00},
{0x1F00,0x2080,0x4040,0x4040,0x4040,0x2080,0x1F00,0x1100,0x1100,0xFFE0,0x0000},{0x3F80,0x4040,0x4040,0x3F80,0x1100,0xFFE0,0x0000,0x7FC0,0x0040,0x0040,0x0040},{0x3F80,0x4040,0x4040,0x3F80,0x1100,0xFFE0,0x0000,0x7FC0,0x0440,0x0440,0x0440},{0x3F80,0x4040,0x4040,0x3F80,0x1100,0xFFE0,0x0000,0x7900,0x0900,0x0A80,0x0C40},
{0x3F80,0x4040,0x4040,0x3F80,0x1100,0xFFE0,0x0000,0x4000,0x4000,0x4000,0x7FC0},{0x3F80,0x4040,0x4040,0x3F80,0x1100,0xFFE0,0x0000,0x47C0,0x4100,0x4280,0x7C40},{0x3F80,0x4040,0x4040,0x3F80,0x1100,0xFFE0,0x0100,0x47C0,0x4380,0x4440,0x7B80},{0x3F80,0x4040,0x4040,0x3F80,0x1100,0xFFE0,0x0000,0x7FC0,0x4000,0x4000,0x7FC0},
{0x3F80,0x4040,0x3F80,0x1100,0xFFE0,0x0000,0x7FC0,0x0040,0x7FC0,0x4000,0x7FC0},{0x3F80,0x4040,0x3F80,0x1100,0xFFE0,0x0000,0x7BC0,0x0840,0x7840,0x4040,0x7840},{0x3F80,0x4040,0x3F80,0x1100,0xFFE0,0x0000,0x7BC0,0x0A40,0x7A40,0x4240,0x7BC0},{0x3F80,0x4040,0x3F80,0x1100,0xFFE0,0x0000,0x7A40,0x0A40,0x7BC0,0x4240,0x7BC0},
{0x3F80,0x4040,0x3F80,0x1100,0xFFE0,0x0000,0x7900,0x0900,0x7900,0x4280,0x7C40},{0x3F80,0x4040,0x3F80,0x1100,0xFFE0,0x0000,0x7BC0,0x0A00,0x7BC0,0x4200,0x7BC0},{0x3F80,0x4040,0x3F80,0x1100,0xFFE0,0x0000,0x7FC0,0x0A80,0x7A80,0x4280,0x7FC0},{0x3F80,0x4040,0x3F80,0x1100,0xFFE0,0x0000,0x7900,0x0FC0,0x7B80,0x4440,0x7B80},
{0x3F80,0x4040,0x4040,0x3F80,0x1100,0xFFE0,0x0000,0x7FC0,0x4040,0x4040,0x7FC0},{0x3F80,0x4040,0x4040,0x3F80,0x1100,0xFFE0,0x0000,0x4040,0x7FC0,0x4040,0x7FC0},{0x3F80,0x4040,0x4040,0x3F80,0x1100,0xFFE0,0x0000,0x4900,0x7900,0x4A80,0x7C40},{0x3F80,0x4040,0x4040,0x3F80,0x1100,0xFFE0,0x0000,0x0400,0x0400,0x1B00,0x60C0},
{0x3F80,0x4040,0x4040,0x3F80,0x1100,0xFFE0,0x0000,0x1100,0x1100,0x2A80,0x4440},{0x3F80,0x4040,0x4040,0x3F80,0x1100,0xFFE0,0x0000,0x3F80,0x4040,0x4040,0x3F80},{0x3F80,0x4040,0x4040,0x3F80,0x1100,0xFFE0,0x0000,0x7FC0,0x0400,0x1B00,0x60C0},{0x3F80,0x4040,0x4040,0x3F80,0x1100,0xFFE0,0x0000,0x0400,0x7FC0,0x1B00,0x60C0},
{0x3F80,0x4040,0x4040,0x3F80,0x1100,0xFFE0,0x0000,0x7FC0,0x0040,0x7FC0,0x0040},{0x3F80,0x4040,0x3F80,0x1100,0xFFE0,0x0000,0x7FC0,0x4000,0x7FC0,0x4000,0x7FC0},{0x3F80,0x4040,0x4040,0x3F80,0x1100,0xFFE0,0x0000,0x7FC0,0x1100,0x1100,0x7FC0},{0x3F80,0x4040,0x4040,0x3F80,0x1100,0xFFE0,0x0400,0x7FC0,0x1F00,0x2080,0x1F00},
{0x3F80,0x4040,0x4040,0x3F80,0x0000,0xFFE0,0x0400,0x0400,0x0400,0x0400,0x0400},{0x3F80,0x4040,0x4040,0x3F80,0x0000,0xFFE0,0x0400,0x7FC0,0x0040,0x0040,0x0040},{0x3F80,0x4040,0x4040,0x3F80,0x0000,0xFFE0,0x0400,0x7FC0,0x0440,0x0440,0x0440},{0x3F80,0x4040,0x4040,0x3F80,0x0000,0xFFE0,0x0400,0x7900,0x0900,0x0A80,0x0C40},
{0x3F80,0x4040,0x4040,0x3F80,0x0000,0xFFE0,0x0400,0x4400,0x4000,0x4000,0x7FC0},{0x3F80,0x4040,0x4040,0x3F80,0x0000,0xFFE0,0x0400,0x47C0,0x4100,0x4280,0x7C40},{0x3F80,0x4040,0x4040,0x3F80,0x0000,0xFFE0,0x0500,0x47C0,0x4380,0x4440,0x7B80},{0x3F80,0x4040,0x4040,0x3F80,0x0000,0xFFE0,0x0400,0x7FC0,0x4000,0x4000,0x7FC0},
{0x3F80,0x4040,0x3F80,0x0000,0xFFE0,0x0400,0x7FC0,0x0040,0x7FC0,0x4000,0x7FC0},{0x3F80,0x4040,0x3F80,0x0000,0xFFE0,0x0400,0x7BC0,0x0840,0x7840,0x4040,0x7840},{0x3F80,0x4040,0x3F80,0x0000,0xFFE0,0x0400,0x7BC0,0x0A40,0x7A40,0x4240,0x7BC0},{0x3F80,0x4040,0x3F80,0x0000,0xFFE0,0x0400,0x7A40,0x0A40,0x7BC0,0x4240,0x7BC0},
{0x3F80,0x4040,0x3F80,0x0000,0xFFE0,0x0400,0x7900,0x0900,0x7900,0x4280,0x7C40},{0x3F80,0x4040,0x3F80,0x0000,0xFFE0,0x0400,0x7BC0,0x0A00,0x7BC0,0x4200,0x7BC0},{0x3F80,0x4040,0x3F80,0x0000,0xFFE0,0x0400,0x7FC0,0x0A80,0x7A80,0x4280,0x7FC0},{0x3F80,0x4040,0x3F80,0x0000,0xFFE0,0x0400,0x7900,0x0FC0,0x7B80,0x4440,0x7B80},
{0x3F80,0x4040,0x4040,0x3F80,0x0000,0xFFE0,0x0400,0x7FC0,0x4040,0x4040,0x7FC0},{0x3F80,0x4040,0x4040,0x3F80,0x0000,0xFFE0,0x0400,0x4040,0x7FC0,0x4040,0x7FC0},{0x3F80,0x4040,0x4040,0x3F80,0x0000,0xFFE0,0x0400,0x4900,0x7900,0x4A80,0x7C40},{0x3F80,0x4040,0x4040,0x3F80,0x0000,0xFFE0,0x0400,0x0000,0x0400,0x1B00,0x60C0},
{0x3F80,0x4040,0x4040,0x3F80,0x0000,0xFFE0,0x0400,0x1500,0x1100,0x2A80,0x4440},{0x3F80,0x4040,0x4040,0x3F80,0x0000,0xFFE0,0x0400,0x3F80,0x4040,0x4040,0x3F80},{0x3F80,0x4040,0x3F80,0x0000,0xFFE0,0x0400,0x0000,0x7FC0,0x0400,0x1B00,0x60C0},{0x3F80,0x4040,0x3F80,0x0000,0xFFE0,0x0400,0x0000,0x0400,0x7FC0,0x1B00,0x60C0},
{0x3F80,0x4040,0x4040,0x3F80,0x0000,0xFFE0,0x0400,0x7FC0,0x0040,0x7FC0,0x0040},{0x3F80,0x4040,0x3F80,0x0000,0xFFE0,0x0400,0x7FC0,0x4000,0x7FC0,0x4000,0x7FC0},{0x3F80,0x4040,0x4040,0x3F80,0x0000,0xFFE0,0x0400,0x7FC0,0x1100,0x1100,0x7FC0},{0x3F80,0x4040,0x3F80,0x0000,0xFFE0,0x0400,0x0400,0x7FC0,0x1F00,0x2080,0x1F00},
{0x3C40,0x4240,0x4240,0x4240,0x3C40,0x0040,0xFF40,0x1040,0x13C0,0x1040,0x1040},{0x3C40,0x4240,0x3C40,0x0040,0xFF40,0x11C0,0x1040,0x7FC0,0x0040,0x0040,0x0040},{0x3C40,0x4240,0x3C40,0x0040,0xFF40,0x11C0,0x1040,0x7FC0,0x0440,0x0440,0x0440},{0x3C40,0x4240,0x3C40,0x0040,0xFF40,0x11C0,0x1040,0x7900,0x0900,0x0A80,0x0C40},
{0x3C40,0x4240,0x3C40,0x0040,0xFF40,0x1040,0x11C0,0x5040,0x4000,0x4000,0x7FC0},{0x3C40,0x4240,0x3C40,0x0040,0xFF40,0x11C0,0x1040,0x47C0,0x4100,0x4280,0x7C40},{0x3C40,0x4240,0x3C40,0x0040,0xFF40,0x11C0,0x1140,0x47C0,0x4380,0x4440,0x7B80},{0x3C40,0x4240,0x3C40,0x0040,0xFF40,0x11C0,0x1040,0x7FC0,0x4000,0x4000,0x7FC0},
{0x3C40,0x4240,0x3C40,0xFF40,0x11C0,0x1040,0x7FC0,0x0040,0x7FC0,0x4000,0x7FC0},{0x3C40,0x4240,0x3C40,0xFF40,0x11C0,0x1040,0x7BC0,0x0840,0x7840,0x4040,0x7840},{0x3C40,0x4240,0x3C40,0xFF40,0x11C0,0x1040,0x7BC0,0x0A40,0x7A40,0x4240,0x7BC0},{0x3C40,0x4240,0x3C40,0xFF40,0x11C0,0x1040,0x7A40,0x0A40,0x7BC0,0x4240,0x7BC0},
{0x3C40,0x4240,0x3C40,0xFF40,0x11C0,0x1040,0x7900,0x0900,0x7900,0x4280,0x7C40},{0x3C40,0x4240,0x3C40,0xFF40,0x11C0,0x1040,0x7BC0,0x0A00,0x7BC0,0x4200,0x7BC0},{0x3C40,0x4240,0x3C40,0xFF40,0x11C0,0x1040,0x7FC0,0x0A80,0x7A80,0x4280,0x7FC0},{0x3C40,0x4240,0x3C40,0xFF40,0x11C0,0x1040,0x7900,0x0FC0,0x7B80,0x4440,0x7B80},
{0x3C40,0x4240,0x3C40,0x0040,0xFF40,0x11C0,0x1040,0x7FC0,0x4040,0x4040,0x7FC0},{0x3C40,0x4240,0x3C40,0x0040,0xFF40,0x11C0,0x1040,0x4040,0x7FC0,0x4040,0x7FC0},{0x3C40,0x4240,0x3C40,0x0040,0xFF40,0x11C0,0x1040,0x4900,0x7900,0x4A80,0x7C40},{0x3C40,0x4240,0x3C40,0x0040,0xFF40,0x11C0,0x1040,0x0400,0x0400,0x1B00,0x60C0},
{0x3C40,0x4240,0x3C40,0x0040,0xFF40,0x11C0,0x1040,0x0000,0x1100,0x2A80,0x4440},{0x3C40,0x4240,0x3C40,0x0040,0xFF40,0x11C0,0x1040,0x3F80,0x4040,0x4040,0x3F80},{0x3C40,0x4240,0x3C40,0x0040,0xFF40,0x11C0,0x1040,0x7FC0,0x0400,0x1B00,0x60C0},{0x3C40,0x4240,0x3C40,0x0040,0xFF40,0x11C0,0x1040,0x0400,0x7FC0,0x1B00,0x60C0},
{0x3C40,0x4240,0x3C40,0x0040,0xFF40,0x11C0,0x1040,0x7FC0,0x0040,0x7FC0,0x0040},{0x3C40,0x4240,0x3C40,0xFF40,0x11C0,0x1040,0x7FC0,0x4000,0x7FC0,0x4000,0x7FC0},{0x3C40,0x4240,0x3C40,0x0040,0xFF40,0x11C0,0x1040,0x7FC0,0x1100,0x1100,0x7FC0},{0x3C40,0x4240,0x3C40,0x0040,0xFF40,0x11C0,0x1440,0x7FC0,0x1F00,0x2080,0x1F00},
{0x7940,0x8540,0x8540,0x8540,0x7940,0x0140,0xFD40,0x2140,0x2740,0x2140,0x2140},{0x7940,0x8540,0x7940,0x0140,0xFD40,0x1740,0x1140,0x7FC0,0x0040,0x0040,0x0040},{0x7940,0x8540,0x7940,0x0140,0xFD40,0x1740,0x1140,0x7FC0,0x0440,0x0440,0x0440},{0x7940,0x8540,0x7940,0x0140,0xFD40,0x1740,0x1140,0x7800,0x0900,0x0A80,0x0C40},
{0x7940,0x8540,0x7940,0x0140,0xFD40,0x1140,0x1740,0x5140,0x4000,0x4000,0x7FC0},{0x7940,0x8540,0x7940,0x0140,0xFD40,0x1740,0x1140,0x47C0,0x4100,0x4280,0x7C40},{0x7940,0x8540,0x7940,0x0140,0xFD40,0x1740,0x1140,0x47C0,0x4380,0x4440,0x7B80},{0x7940,0x8540,0x7940,0x0140,0xFD40,0x1740,0x1140,0x7FC0,0x4000,0x4000,0x7FC0},
{0x7940,0x8540,0x7940,0xFD40,0x1740,0x1140,0x7FC0,0x0040,0x7FC0,0x4000,0x7FC0},{0x7940,0x8540,0x7940,0xFD40,0x1740,0x1140,0x7BC0,0x0840,0x7840,0x4040,0x7840},{0x7940,0x8540,0x7940,0xFD40,0x1740,0x1140,0x7BC0,0x0A40,0x7A40,0x4240,0x7BC0},{0x7940,0x8540,0x7940,0xFD40,0x1740,0x1140,0x7A40,0x0A40,0x7BC0,0x4240,0x7BC0},
{0x7940,0x8540,0x7940,0xFD40,0x1740,0x1140,0x7800,0x0900,0x7900,0x4280,0x7C40},{0x7940,0x8540,0x7940,0xFD40,0x1740,0x1140,0x7BC0,0x0A00,0x7BC0,0x4200,0x7BC0},{0x7940,0x8540,0x7940,0xFD40,0x1740,0x1140,0x7FC0,0x0A80,0x7A80,0x4280,0x7FC0},{0x7940,0x8540,0x7940,0xFD40,0x1740,0x1140,0x7900,0x0FC0,0x7B80,0x4440,0x7B80},
{0x7940,0x8540,0x7940,0x0140,0xFD40,0x1740,0x1140,0x7FC0,0x4040,0x4040,0x7FC0},{0x7940,0x8540,0x7940,0x0140,0xFD40,0x1740,0x1140,0x4040,0x7FC0,0x4040,0x7FC0},{0x7940,0x8540,0x7940,0x0140,0xFD40,0x1740,0x1140,0x4800,0x7900,0x4A80,0x7C40},{0x7940,0x8540,0x7940,0x0140,0xFD40,0x1740,0x1140,0x1540,0x0400,0x1B00,0x60C0},
{0x7940,0x8540,0x7940,0x0140,0xFD40,0x1740,0x1140,0x0000,0x1100,0x2A80,0x4440},{0x7940,0x8540,0x7940,0x0140,0xFD40,0x1740,0x1140,0x3F80,0x4040,0x4040,0x3F80},{0x7940,0x8540,0x7940,0x0140,0xFD40,0x1740,0x1140,0x7FC0,0x0400,0x1B00,0x60C0},{0x7940,0x8540,0x7940,0x0140,0xFD40,0x1740,0x1140,0x0400,0x7FC0,0x1B00,0x60C0},
{0x7940,0x8540,0x7940,0x0140,0xFD40,0x1740,0x1140,0x7FC0,0x0040,0x7FC0,0x0040},{0x7940,0x8540,0x7940,0xFD40,0x1740,0x1140,0x7FC0,0x4000,0x7FC0,0x4000,0x7FC0},{0x7940,0x8540,0x7940,0x0140,0xFD40,0x1740,0x1140,0x7FC0,0x1100,0x1100,0x7FC0},{0x7940,0x8540,0x7940,0x0140,0xFD40,0x1740,0x1540,0x7FC0,0x1F00,0x2080,0x1F00},
{0x3C40,0x4240,0x4240,0x4240,0x3C40,0x0040,0xFF40,0x0840,0x0840,0x0840,0x0840},{0x3C40,0x4240,0x4240,0x3C40,0x0040,0xFF40,0x0800,0x7FC0,0x0040,0x0040,0x0040},{0x3C40,0x4240,0x4240,0x3C40,0x0040,0xFF40,0x0800,0x7FC0,0x0440,0x0440,0x0440},{0x3C40,0x4240,0x4240,0x3C40,0x0040,0xFF40,0x1040,0x7900,0x0900,0x0A80,0x0C40},
{0x3C40,0x4240,0x4240,0x3C40,0x0040,0xFF40,0x0840,0x4840,0x4000,0x4000,0x7FC0},{0x3C40,0x4240,0x4240,0x3C40,0x0040,0xFF40,0x1000,0x57C0,0x4100,0x4280,0x7C40},{0x3C40,0x4240,0x4240,0x3C40,0x0040,0xFF40,0x1100,0x57C0,0x4380,0x4440,0x7B80},{0x3C40,0x4240,0x4240,0x3C40,0x0040,0xFF40,0x0800,0x7FC0,0x4000,0x4000,0x7FC0},
{0x3C40,0x4240,0x3C40,0x0040,0xFF40,0x0800,0x7FC0,0x0040,0x7FC0,0x4000,0x7FC0},{0x3C40,0x4240,0x3C40,0x0040,0xFF40,0x1000,0x7BC0,0x0840,0x7840,0x4040,0x7840},{0x3C40,0x4240,0x3C40,0x0040,0xFF40,0x1000,0x7BC0,0x0A40,0x7A40,0x4240,0x7BC0},{0x3C40,0x4240,0x3C40,0x0040,0xFF40,0x1000,0x7A40,0x0A40,0x7BC0,0x4240,0x7BC0},
{0x3C40,0x4240,0x3C40,0x0040,0xFF40,0x1040,0x7900,0x0900,0x7900,0x4280,0x7C40},{0x3C40,0x4240,0x3C40,0x0040,0xFF40,0x1000,0x7BC0,0x0A00,0x7BC0,0x4200,0x7BC0},{0x3C40,0x4240,0x3C40,0x0040,0xFF40,0x1000,0x7FC0,0x0A80,0x7A80,0x4280,0x7FC0},{0x3C40,0x4240,0x3C40,0x0040,0xFF40,0x1040,0x7900,0x0FC0,0x7B80,0x4440,0x7B80},
{0x3C40,0x4240,0x4240,0x3C40,0x0040,0xFF40,0x0800,0x7FC0,0x4040,0x4040,0x7FC0},{0x3C40,0x4240,0x4240,0x3C40,0x0040,0xFF40,0x0800,0x4040,0x7FC0,0x4040,0x7FC0},{0x3C40,0x4240,0x4240,0x3C40,0x0040,0xFF40,0x1040,0x4900,0x7900,0x4A80,0x7C40},{0x3C40,0x4240,0x4240,0x3C40,0x0040,0xFF40,0x1040,0x1440,0x0400,0x1B00,0x60C0},
{0x3C40,0x4240,0x4240,0x3C40,0x0040,0xFF40,0x0840,0x0840,0x1100,0x2A80,0x4440},{0x3C40,0x4240,0x4240,0x3C40,0x0040,0xFF40,0x0800,0x3F80,0x4040,0x4040,0x3F80},{0x3C40,0x4240,0x4240,0x3C40,0x0040,0xFF40,0x0800,0x7FC0,0x0400,0x1B00,0x60C0},{0x3C40,0x4240,0x4240,0x3C40,0x0040,0xFF40,0x1040,0x0400,0x7FC0,0x1B00,0x60C0},
{0x3C40,0x4240,0x4240,0x3C40,0x0040,0xFF40,0x0800,0x7FC0,0x0040,0x7FC0,0x0040},{0x3C40,0x4240,0x3C40,0x0040,0xFF40,0x0800,0x7FC0,0x4000,0x7FC0,0x4000,0x7FC0},{0x3C40,0x4240,0x4240,0x3C40,0x0040,0xFF40,0x0800,0x7FC0,0x1100,0x1100,0x7FC0},{0x3C40,0x4240,0x3C40,0x0040,0xFF40,0x1040,0x0400,0x7FC0,0x1F00,0x2080,0x1F00},
{0x3F80,0x4040,0x4040,0x3F80,0x0000,0xFFE0,0x1100,0x1100,0x1100,0x1100,0x1100},{0x3F80,0x4040,0x4040,0x3F80,0x0000,0xFFE0,0x1100,0x7FC0,0x0040,0x0040,0x0040},{0x3F80,0x4040,0x4040,0x3F80,0x0000,0xFFE0,0x1100,0x7FC0,0x0440,0x0440,0x0440},{0x3F80,0x4040,0x4040,0x3F80,0x0000,0xFFE0,0x1100,0x7800,0x0900,0x0A80,0x0C40},
{0x3F80,0x4040,0x4040,0x3F80,0x0000,0xFFE0,0x1100,0x5100,0x4000,0x4000,0x7FC0},{0x3F80,0x4040,0x4040,0x3F80,0x0000,0xFFE0,0x1100,0x57C0,0x4100,0x4280,0x7C40},{0x3F80,0x4040,0x4040,0x3F80,0x0000,0xFFE0,0x1100,0x57C0,0x4380,0x4440,0x7B80},{0x3F80,0x4040,0x4040,0x3F80,0x0000,0xFFE0,0x1100,0x7FC0,0x4000,0x4000,0x7FC0},
{0x3F80,0x4040,0x3F80,0x0000,0xFFE0,0x1100,0x7FC0,0x0040,0x7FC0,0x4000,0x7FC0},{0x3F80,0x4040,0x3F80,0x0000,0xFFE0,0x1100,0x7BC0,0x0840,0x7840,0x4040,0x7840},{0x3F80,0x4040,0x3F80,0x0000,0xFFE0,0x1100,0x7BC0,0x0A40,0x7A40,0x4240,0x7BC0},{0x3F80,0x4040,0x3F80,0x0000,0xFFE0,0x1100,0x7A40,0x0A40,0x7BC0,0x4240,0x7BC0},
{0x3F80,0x4040,0x3F80,0x0000,0xFFE0,0x1100,0x7800,0x0900,0x7900,0x4280,0x7C40},{0x3F80,0x4040,0x3F80,0x0000,0xFFE0,0x1100,0x7BC0,0x0A00,0x7BC0,0x4200,0x7BC0},{0x3F80,0x4040,0x3F80,0x0000,0xFFE0,0x1100,0x7FC0,0x0A80,0x7A80,0x4280,0x7FC0},{0x3F80,0x4040,0x3F80,0x0000,0xFFE0,0x1100,0x7900,0x0FC0,0x7B80,0x4440,0x7B80},
{0x3F80,0x4040,0x4040,0x3F80,0x0000,0xFFE0,0x1100,0x7FC0,0x4040,0x4040,0x7FC0},{0x3F80,0x4040,0x4040,0x3F80,0x0000,0xFFE0,0x1100,0x4040,0x7FC0,0x4040,0x7FC0},{0x3F80,0x4040,0x4040,0x3F80,0x0000,0xFFE0,0x1100,0x4800,0x7900,0x4A80,0x7C40},{0x3F80,0x4040,0x4040,0x3F80,0x0000,0xFFE0,0x1100,0x1500,0x0400,0x1B00,0x60C0},
{0x3F80,0x4040,0x4040,0x3F80,0x0000,0xFFE0,0x1100,0x0000,0x1100,0x2A80,0x4440},{0x3F80,0x4040,0x4040,0x3F80,0x0000,0xFFE0,0x1100,0x3F80,0x4040,0x4040,0x3F80},{0x3F80,0x4040,0x4040,0x3F80,0x0000,0xFFE0,0x1100,0x7FC0,0x0400,0x1B00,0x60C0},{0x3F80,0x4040,0x4040,0x3F80,0x0000,0xFFE0,0x1100,0x0400,0x7FC0,0x1B00,0x60C0},
{0x3F80,0x4040,0x4040,0x3F80,0x0000,0xFFE0,0x1100,0x7FC0,0x0040,0x7FC0,0x0040},{0x3F80,0x4040,0x3F80,0x0000,0xFFE0,0x1100,0x7FC0,0x4000,0x7FC0,0x4000,0x7FC0},{0x3F80,0x4040,0x4040,0x3F80,0x0000,0xFFE0,0x1100,0x7FC0,0x1100,0x1100,0x7FC0},{0x3F80,0x4040,0x3F80,0x0000,0xFFE0,0x1100,0x0400,0x7FC0,0x1F00,0x2080,0x1F00},
{0x1F00,0x2080,0x4040,0x4040,0x4040,0x2080,0x1F00,0x0000,0x0000,0xFFE0,0x0000},{0x3F80,0x4040,0x4040,0x3F80,0x0000,0xFFE0,0x0000,0x7FC0,0x0040,0x0040,0x0040},{0x3F80,0x4040,0x4040,0x3F80,0x0000,0xFFE0,0x0000,0x7FC0,0x0440,0x0440,0x0440},{0x3F80,0x4040,0x4040,0x3F80,0x0000,0xFFE0,0x0000,0x7900,0x0900,0x0A80,0x0C40},
{0x3F80,0x4040,0x4040,0x3F80,0x0000,0xFFE0,0x0000,0x4000,0x4000,0x4000,0x7FC0},{0x3F80,0x4040,0x4040,0x3F80,0x0000,0xFFE0,0x0000,0x47C0,0x4100,0x4280,0x7C40},{0x3F80,0x4040,0x4040,0x3F80,0x0000,0xFFE0,0x0100,0x47C0,0x4380,0x4440,0x7B80},{0x3F80,0x4040,0x4040,0x3F80,0x0000,0xFFE0,0x0000,0x7FC0,0x4000,0x4000,0x7FC0},
{0x3F80,0x4040,0x3F80,0x0000,0xFFE0,0x0000,0x7FC0,0x0040,0x7FC0,0x4000,0x7FC0},{0x3F80,0x4040,0x3F80,0x0000,0xFFE0,0x0000,0x7BC0,0x0840,0x7840,0x4040,0x7840},{0x3F80,0x4040,0x3F80,0x0000,0xFFE0,0x0000,0x7BC0,0x0A40,0x7A40,0x4240,0x7BC0},{0x3F80,0x4040,0x3F80,0x0000,0xFFE0,0x0000,0x7A40,0x0A40,0x7BC0,0x4240,0x7BC0},
{0x3F80,0x4040,0x3F80,0x0000,0xFFE0,0x0000,0x7900,0x0900,0x7900,0x4280,0x7C40},{0x3F80,0x4040,0x3F80,0x0000,0xFFE0,0x0000,0x7BC0,0x0A00,0x7BC0,0x4200,0x7BC0},{0x3F80,0x4040,0x3F80,0x0000,0xFFE0,0x0000,0x7FC0,0x0A80,0x7A80,0x4280,0x7FC0},{0x3F80,0x4040,0x3F80,0x0000,0xFFE0,0x0000,0x7900,0x0FC0,0x7B80,0x4440,0x7B80},
{0x3F80,0x4040,0x4040,0x3F80,0x0000,0xFFE0,0x0000,0x7FC0,0x4040,0x4040,0x7FC0},{0x3F80,0x4040,0x4040,0x3F80,0x0000,0xFFE0,0x0000,0x4040,0x7FC0,0x4040,0x7FC0},{0x3F80,0x4040,0x4040,0x3F80,0x0000,0xFFE0,0x0000,0x4900,0x7900,0x4A80,0x7C40},{0x3F80,0x4040,0x4040,0x3F80,0x0000,0xFFE0,0x0000,0x0400,0x0400,0x1B00,0x60C0},
{0x3F80,0x4040,0x4040,0x3F80,0x0000,0xFFE0,0x0000,0x1100,0x1100,0x2A80,0x4440},{0x3F80,0x4040,0x4040,0x3F80,0x0000,0xFFE0,0x0000,0x3F80,0x4040,0x4040,0x3F80},{0x3F80,0x4040,0x4040,0x3F80,0x0000,0xFFE0,0x0000,0x7FC0,0x0400,0x1B00,0x60C0},{0x3F80,0x4040,0x4040,0x3F80,0x0000,0xFFE0,0x0000,0x0400,0x7FC0,0x1B00,0x60C0},
{0x3F80,0x4040,0x4040,0x3F80,0x0000,0xFFE0,0x0000,0x7FC0,0x0040,0x7FC0,0x0040},{0x3F80,0x4040,0x3F80,0x0000,0xFFE0,0x0000,0x7FC0,0x4000,0x7FC0,0x4000,0x7FC0},{0x3F80,0x4040,0x4040,0x3F80,0x0000,0xFFE0,0x0000,0x7FC0,0x1100,0x1100,0x7FC0},{0x3F80,0x4040,0x4040,0x3F80,0x0000,0xFFE0,0x0400,0x7FC0,0x1F00,0x2080,0x1F00},
{0x3840,0x4440,0x8240,0x8240,0x4440,0x3840,0x0040,0x0040,0xFF40,0x0040,0x0040},{0x3C40,0x4240,0x4240,0x3C40,0x0040,0xFF40,0x0000,0x7FC0,0x0040,0x0040,0x0040},{0x3C40,0x4240,0x4240,0x3C40,0x0040,0xFF40,0x0000,0x7FC0,0x0440,0x0440,0x0440},{0x3C40,0x4240,0x4240,0x3C40,0x0040,0xFF40,0x0040,0x7900,0x0900,0x0A80,0x0C40},
{0x3C40,0x4240,0x4240,0x3C40,0x0040,0xFF40,0x0040,0x4040,0x4000,0x4000,0x7FC0},{0x3C40,0x4240,0x4240,0x3C40,0x0040,0xFF40,0x0000,0x47C0,0x4100,0x4280,0x7C40},{0x3C40,0x4240,0x4240,0x3C40,0x0040,0xFF40,0x0100,0x47C0,0x4380,0x4440,0x7B80},{0x3C40,0x4240,0x4240,0x3C40,0x0040,0xFF40,0x0000,0x7FC0,0x4000,0x4000,0x7FC0},
{0x3C40,0x4240,0x3C40,0x0040,0xFF40,0x0000,0x7FC0,0x0040,0x7FC0,0x4000,0x7FC0},{0x3C40,0x4240,0x3C40,0x0040,0xFF40,0x0000,0x7BC0,0x0840,0x7840,0x4040,0x7840},{0x3C40,0x4240,0x3C40,0x0040,0xFF40,0x0000,0x7BC0,0x0A40,0x7A40,0x4240,0x7BC0},{0x3C40,0x4240,0x3C40,0x0040,0xFF40,0x0000,0x7A40,0x0A40,0x7BC0,0x4240,0x7BC0},
{0x3C40,0x4240,0x3C40,0x0040,0xFF40,0x0040,0x7900,0x0900,0x7900,0x4280,0x7C40},{0x3C40,0x4240,0x3C40,0x0040,0xFF40,0x0000,0x7BC0,0x0A00,0x7BC0,0x4200,0x7BC0},{0x3C40,0x4240,0x3C40,0x0040,0xFF40,0x0000,0x7FC0,0x0A80,0x7A80,0x4280,0x7FC0},{0x3C40,0x4240,0x3C40,0x0040,0xFF40,0x0040,0x7900,0x0FC0,0x7B80,0x4440,0x7B80},
{0x3C40,0x4240,0x4240,0x3C40,0x0040,0xFF40,0x0000,0x7FC0,0x4040,0x4040,0x7FC0},{0x3C40,0x4240,0x4240,0x3C40,0x0040,0xFF40,0x0000,0x4040,0x7FC0,0x4040,0x7FC0},{0x3C40,0x4240,0x4240,0x3C40,0x0040,0xFF40,0x0040,0x4900,0x7900,0x4A80,0x7C40},{0x3C40,0x4240,0x4240,0x3C40,0x0040,0xFF40,0x0040,0x0440,0x0400,0x1B00,0x60C0},
{0x3C40,0x4240,0x4240,0x3C40,0x0040,0xFF40,0x0040,0x1100,0x1100,0x2A80,0x4440},{0x3C40,0x4240,0x4240,0x3C40,0x0040,0xFF40,0x0000,0x3F80,0x4040,0x4040,0x3F80},{0x3C40,0x4240,0x4240,0x3C40,0x0040,0xFF40,0x0000,0x7FC0,0x0400,0x1B00,0x60C0},{0x3C40,0x4240,0x4240,0x3C40,0x0040,0xFF40,0x0040,0x0400,0x7FC0,0x1B00,0x60C0},
{0x3C40,0x4240,0x4240,0x3C40,0x0040,0xFF40,0x0000,0x7FC0,0x0040,0x7FC0,0x0040},{0x3C40,0x4240,0x3C40,0x0040,0xFF40,0x0000,0x7FC0,0x4000,0x7FC0,0x4000,0x7FC0},{0x3C40,0x4240,0x4240,0x3C40,0x0040,0xFF40,0x0000,0x7FC0,0x1100,0x1100,0x7FC0},{0x3C40,0x4240,0x4240,0x3C40,0x0040,0xFF40,0x0400,0x7FC0,0x1F00,0x2080,0x1F00},
{0x3840,0x4440,0x8240,0x8240,0x8240,0x8240,0x8240,0x8240,0x4440,0x3840,0x0040},{0x3840,0x4440,0x8240,0x8240,0x4440,0x3840,0x0000,0x7FC0,0x0040,0x0040,0x0040},{0x3840,0x4440,0x8240,0x8240,0x4440,0x3840,0x0000,0x7FC0,0x0440,0x0440,0x0440},{0x3840,0x4440,0x8240,0x8240,0x4440,0x3840,0x0040,0x7900,0x0900,0x0A80,0x0C40},
{0x3840,0x4440,0x8240,0x8240,0x4440,0x3840,0x0040,0x4040,0x4000,0x4000,0x7FC0},{0x3840,0x4440,0x8240,0x8240,0x4440,0x3840,0x0000,0x47C0,0x4100,0x4280,0x7C40},{0x3840,0x4440,0x8240,0x8240,0x4440,0x3840,0x0100,0x47C0,0x4380,0x4440,0x7B80},{0x3840,0x4440,0x8240,0x8240,0x4440,0x3840,0x0000,0x7FC0,0x4000,0x4000,0x7FC0},
{0x3840,0x4440,0x8240,0x8240,0x4440,0x3840,0x7FC0,0x0040,0x7FC0,0x4000,0x7FC0},{0x3840,0x4440,0x8240,0x8240,0x4440,0x3840,0x7BC0,0x0840,0x7840,0x4040,0x7840},{0x3840,0x4440,0x8240,0x8240,0x4440,0x3840,0x7BC0,0x0A40,0x7A40,0x4240,0x7BC0},{0x3840,0x4440,0x8240,0x8240,0x4440,0x3840,0x7A40,0x0A40,0x7BC0,0x4240,0x7BC0},
{0x3840,0x4440,0x8240,0x8240,0x4440,0x3840,0x7900,0x0900,0x7900,0x4280,0x7C40},{0x3840,0x4440,0x8240,0x8240,0x4440,0x3840,0x7BC0,0x0A00,0x7BC0,0x4200,0x7BC0},{0x3840,0x4440,0x8240,0x8240,0x4440,0x3840,0x7FC0,0x0A80,0x7A80,0x4280,0x7FC0},{0x3840,0x4440,0x8240,0x8240,0x4440,0x3840,0x7900,0x0FC0,0x7B80,0x4440,0x7B80},
{0x3840,0x4440,0x8240,0x8240,0x4440,0x3840,0x0000,0x7FC0,0x4040,0x4040,0x7FC0},{0x3840,0x4440,0x8240,0x8240,0x4440,0x3840,0x0000,0x4040,0x7FC0,0x4040,0x7FC0},{0x3840,0x4440,0x8240,0x8240,0x4440,0x3840,0x0040,0x4900,0x7900,0x4A80,0x7C40},{0x3840,0x4440,0x8240,0x8240,0x4440,0x3840,0x0040,0x0440,0x0400,0x1B00,0x60C0},
{0x3840,0x4440,0x8240,0x8240,0x4440,0x3840,0x0040,0x1100,0x1100,0x2A80,0x4440},{0x3840,0x4440,0x8240,0x8240,0x4440,0x3840,0x0000,0x3F80,0x4040,0x4040,0x3F80},{0x3840,0x4440,0x8240,0x8240,0x4440,0x3840,0x0000,0x7FC0,0x0400,0x1B00,0x60C0},{0x3840,0x4440,0x8240,0x8240,0x4440,0x3840,0x0040,0x0400,0x7FC0,0x1B00,0x60C0},
{0x3840,0x4440,0x8240,0x8240,0x4440,0x3840,0x0000,0x7FC0,0x0040,0x7FC0,0x0040},{0x3840,0x4440,0x8240,0x8240,0x4440,0x3840,0x7FC0,0x4000,0x7FC0,0x4000,0x7FC0},{0x3840,0x4440,0x8240,0x8240,0x4440,0x3840,0x0000,0x7FC0,0x1100,0x1100,0x7FC0},{0x3840,0x4440,0x8240,0x8240,0x4440,0x3840,0x0400,0x7FC0,0x1F00,0x2080,0x1F00},
{0xFE40,0x1040,0x1040,0x1040,0x2840,0x2860,0x2840,0x4440,0x4440,0x8240,0x0040},{0xFE40,0x1040,0x1060,0x2840,0x4440,0x8240,0x0000,0x7FC0,0x0040,0x0040,0x0040},{0xFE40,0x1040,0x1060,0x2840,0x4440,0x8240,0x0000,0x7FC0,0x0440,0x0440,0x0440},{0xFE40,0x1040,0x1060,0x2840,0x4440,0x8240,0x0040,0x7900,0x0900,0x0A80,0x0C40},
{0xFE40,0x1040,0x1040,0x2860,0x4440,0x8240,0x0040,0x4040,0x4000,0x4000,0x7FC0},{0xFE40,0x1040,0x1060,0x2840,0x4440,0x8240,0x0000,0x47C0,0x4100,0x4280,0x7C40},{0xFE40,0x1040,0x1060,0x2840,0x4440,0x8240,0x0100,0x47C0,0x4380,0x4440,0x7B80},{0xFE40,0x1040,0x1060,0x2840,0x4440,0x8240,0x0000,0x7FC0,0x4000,0x4000,0x7FC0},
{0xFE40,0x1040,0x2860,0x4440,0x8240,0x0000,0x7FC0,0x0040,0x7FC0,0x4000,0x7FC0},{0xFE40,0x1040,0x2860,0x4440,0x8240,0x0000,0x7BC0,0x0840,0x7840,0x4040,0x7840},{0xFE40,0x1040,0x2860,0x4440,0x8240,0x0000,0x7BC0,0x0A40,0x7A40,0x4240,0x7BC0},{0xFE40,0x1040,0x2860,0x4440,0x8240,0x0000,0x7A40,0x0A40,0x7BC0,0x4240,0x7BC0},
{0xFE40,0x1040,0x2860,0x4440,0x8240,0x0040,0x7900,0x0900,0x7900,0x4280,0x7C40},{0xFE40,0x1040,0x2860,0x4440,0x8240,0x0000,0x7BC0,0x0A00,0x7BC0,0x4200,0x7BC0},{0xFE40,0x1040,0x2860,0x4440,0x8240,0x0000,0x7FC0,0x0A80,0x7A80,0x4280,0x7FC0},{0xFE40,0x1040,0x2860,0x4440,0x8240,0x0040,0x7900,0x0FC0,0x7B80,0x4440,0x7B80},
{0xFE40,0x1040,0x1060,0x2840,0x4440,0x8240,0x0000,0x7FC0,0x4040,0x4040,0x7FC0},{0xFE40,0x1040,0x1060,0x2840,0x4440,0x8240,0x0000,0x4040,0x7FC0,0x4040,0x7FC0},{0xFE40,0x1040,0x1060,0x2840,0x4440,0x8240,0x0040,0x4900,0x7900,0x4A80,0x7C40},{0xFE40,0x1040,0x1040,0x2860,0x4440,0x8240,0x0040,0x0440,0x0400,0x1B00,0x60C0},
{0xFE40,0x1040,0x1060,0x2840,0x4440,0x8240,0x0040,0x1100,0x1100,0x2A80,0x4440},{0xFE40,0x1040,0x1060,0x2840,0x4440,0x8240,0x0000,0x3F80,0x4040,0x4040,0x3F80},{0xFE40,0x1040,0x1060,0x2840,0x4440,0x8240,0x0000,0x7FC0,0x0400,0x1B00,0x60C0},{0xFE40,0x1040,0x1060,0x2840,0x4440,0x8240,0x0040,0x0400,0x7FC0,0x1B00,0x60C0},
{0xFE40,0x1040,0x1060,0x2840,0x4440,0x8240,0x0000,0x7FC0,0x0040,0x7FC0,0x0040},{0xFE40,0x1040,0x2860,0x4440,0x8240,0x0000,0x7FC0,0x4000,0x7FC0,0x4000,0x7FC0},{0xFE40,0x1040,0x1060,0x2840,0x4440,0x8240,0x0000,0x7FC0,0x1100,0x1100,0x7FC0},{0xFE40,0x1040,0x1060,0x2840,0x4440,0x8240,0x0400,0x7FC0,0x1F00,0x2080,0x1F00},
{0xFF40,0x1140,0x1140,0x1140,0x2940,0x29C0,0x2940,0x4540,0x4540,0x8340,0x0140},{0xF940,0x2140,0x21C0,0x5140,0x5140,0x8940,0x0000,0x7FC0,0x0040,0x0040,0x0040},{0xF940,0x2140,0x21C0,0x5140,0x5140,0x8940,0x0000,0x7FC0,0x0440,0x0440,0x0440},{0xF940,0x2140,0x21C0,0x5140,0x5140,0x8940,0x0000,0x7900,0x0900,0x0A80,0x0C40},
{0xF940,0x2140,0x2140,0x51C0,0x5140,0x8940,0x0140,0x4140,0x4000,0x4000,0x7FC0},{0xF940,0x2140,0x21C0,0x5140,0x5140,0x8940,0x0000,0x47C0,0x4100,0x4280,0x7C40},{0xF940,0x2140,0x21C0,0x5140,0x5140,0x8940,0x0100,0x47C0,0x4380,0x4440,0x7B80},{0xF940,0x2140,0x21C0,0x5140,0x5140,0x8940,0x0000,0x7FC0,0x4000,0x4000,0x7FC0},
{0xF940,0x2140,0x21C0,0x5140,0x8940,0x0000,0x7FC0,0x0040,0x7FC0,0x4000,0x7FC0},{0xF940,0x2140,0x21C0,0x5140,0x8940,0x0000,0x7BC0,0x0840,0x7840,0x4040,0x7840},{0xF940,0x2140,0x21C0,0x5140,0x8940,0x0000,0x7BC0,0x0A40,0x7A40,0x4240,0x7BC0},{0xF940,0x2140,0x21C0,0x5140,0x8940,0x0000,0x7A40,0x0A40,0x7BC0,0x4240,0x7BC0},
{0xF940,0x2140,0x21C0,0x5140,0x8940,0x0000,0x7900,0x0900,0x7900,0x4280,0x7C40},{0xF940,0x2140,0x21C0,0x5140,0x8940,0x0000,0x7BC0,0x0A00,0x7BC0,0x4200,0x7BC0},{0xF940,0x2140,0x21C0,0x5140,0x8940,0x0000,0x7FC0,0x0A80,0x7A80,0x4280,0x7FC0},{0xF940,0x2140,0x21C0,0x5140,0x8940,0x0000,0x7900,0x0FC0,0x7B80,0x4440,0x7B80},
{0xF940,0x2140,0x21C0,0x5140,0x5140,0x8940,0x0000,0x7FC0,0x4040,0x4040,0x7FC0},{0xF940,0x2140,0x21C0,0x5140,0x5140,0x8940,0x0000,0x4040,0x7FC0,0x4040,0x7FC0},{0xF940,0x2140,0x21C0,0x5140,0x5140,0x8940,0x0000,0x4900,0x7900,0x4A80,0x7C40},{0xF940,0x2140,0x2140,0x51C0,0x5140,0x8940,0x0140,0x0540,0x0400,0x1B00,0x60C0},
{0xF940,0x2140,0x21C0,0x5140,0x5140,0x8940,0x0000,0x1100,0x1100,0x2A80,0x4440},{0xF940,0x2140,0x21C0,0x5140,0x5140,0x8940,0x0000,0x3F80,0x4040,0x4040,0x3F80},{0xF940,0x2140,0x21C0,0x5140,0x5140,0x8940,0x0000,0x7FC0,0x0400,0x1B00,0x60C0},{0xF940,0x2140,0x21C0,0x5140,0x5140,0x8940,0x0140,0x0400,0x7FC0,0x1B00,0x60C0},
{0xF940,0x2140,0x21C0,0x5140,0x5140,0x8940,0x0000,0x7FC0,0x0040,0x7FC0,0x0040},{0xF940,0x2140,0x21C0,0x5140,0x8940,0x0000,0x7FC0,0x4000,0x7FC0,0x4000,0x7FC0},{0xF940,0x2140,0x21C0,0x5140,0x5140,0x8940,0x0000,0x7FC0,0x1100,0x1100,0x7FC0},{0xF940,0x2140,0x21C0,0x5140,0x5140,0x8940,0x0400,0x7FC0,0x1F00,0x2080,0x1F00},
{0xFE40,0x1040,0x1040,0x1060,0x2840,0x2840,0x2840,0x4460,0x4440,0x8240,0x0040},{0xFE40,0x1060,0x1040,0x2860,0x4440,0x8240,0x0000,0x7FC0,0x0040,0x0040,0x0040},{0xFE40,0x1060,0x1040,0x2860,0x4440,0x8240,0x0000,0x7FC0,0x0440,0x0440,0x0440},{0xFE40,0x1060,0x1040,0x2860,0x4440,0x8240,0x0040,0x7900,0x0900,0x0A80,0x0C40},
{0xFE40,0x1040,0x1060,0x2840,0x4460,0x8240,0x0040,0x4040,0x4000,0x4000,0x7FC0},{0xFE40,0x1060,0x1040,0x2860,0x4440,0x8240,0x0000,0x47C0,0x4100,0x4280,0x7C40},{0xFE40,0x1060,0x1040,0x2860,0x4440,0x8240,0x0100,0x47C0,0x4380,0x4440,0x7B80},{0xFE40,0x1060,0x1040,0x2860,0x4440,0x8240,0x0000,0x7FC0,0x4000,0x4000,0x7FC0},
{0xFE40,0x1060,0x2840,0x4460,0x8240,0x0000,0x7FC0,0x0040,0x7FC0,0x4000,0x7FC0},{0xFE40,0x1060,0x2840,0x4460,0x8240,0x0000,0x7BC0,0x0840,0x7840,0x4040,0x7840},{0xFE40,0x1060,0x2840,0x4460,0x8240,0x0000,0x7BC0,0x0A40,0x7A40,0x4240,0x7BC0},{0xFE40,0x1060,0x2840,0x4460,0x8240,0x0000,0x7A40,0x0A40,0x7BC0,0x4240,0x7BC0},
{0xFE40,0x1060,0x2840,0x4460,0x8240,0x0040,0x7900,0x0900,0x7900,0x4280,0x7C40},{0xFE40,0x1060,0x2840,0x4460,0x8240,0x0000,0x7BC0,0x0A00,0x7BC0,0x4200,0x7BC0},{0xFE40,0x1060,0x2840,0x4460,0x8240,0x0000,0x7FC0,0x0A80,0x7A80,0x4280,0x7FC0},{0xFE40,0x1060,0x2840,0x4460,0x8240,0x0040,0x7900,0x0FC0,0x7B80,0x4440,0x7B80},
{0xFE40,0x1060,0x1040,0x2860,0x4440,0x8240,0x0000,0x7FC0,0x4040,0x4040,0x7FC0},{0xFE40,0x1060,0x1040,0x2860,0x4440,0x8240,0x0000,0x4040,0x7FC0,0x4040,0x7FC0},{0xFE40,0x1060,0x1040,0x2860,0x4440,0x8240,0x0040,0x4900,0x7900,0x4A80,0x7C40},{0xFE40,0x1040,0x1060,0x2840,0x4460,0x8240,0x0040,0x0440,0x0400,0x1B00,0x60C0},
{0xFE40,0x1060,0x1040,0x2860,0x4440,0x8240,0x0040,0x1100,0x1100,0x2A80,0x4440},{0xFE40,0x1060,0x1040,0x2860,0x4440,0x8240,0x0000,0x3F80,0x4040,0x4040,0x3F80},{0xFE40,0x1060,0x1040,0x2860,0x4440,0x8240,0x0000,0x7FC0,0x0400,0x1B00,0x60C0},{0xFE40,0x1060,0x1040,0x2860,0x4440,0x8240,0x0040,0x0400,0x7FC0,0x1B00,0x60C0},
{0xFE40,0x1060,0x1040,0x2860,0x4440,0x8240,0x0000,0x7FC0,0x0040,0x7FC0,0x0040},{0xFE40,0x1060,0x2840,0x4460,0x8240,0x0000,0x7BC0,0x0A40,0x7A40,0x4240,0x7BC0},{0xFE40,0x1060,0x1040,0x2860,0x4440,0x8240,0x0000,0x7FC0,0x1100,0x1100,0x7FC0},{0xFE40,0x1060,0x1040,0x2860,0x4440,0x8240,0x0400,0x7FC0,0x1F00,0x2080,0x1F00},
{0xFF40,0x1140,0x1140,0x11C0,0x2940,0x2940,0x2940,0x45C0,0x4540,0x8340,0x0140},{0xF940,0x21C0,0x2140,0x51C0,0x5140,0x8940,0x0000,0x7FC0,0x0040,0x0040,0x0040},{0xF940,0x21C0,0x2140,0x51C0,0x5140,0x8940,0x0000,0x7FC0,0x0440,0x0440,0x0440},{0xF940,0x21C0,0x2140,0x51C0,0x5140,0x8940,0x0000,0x7900,0x0900,0x0A80,0x0C40},
{0xF940,0x2140,0x21C0,0x5140,0x51C0,0x8940,0x0140,0x4140,0x4000,0x4000,0x7FC0},{0xF940,0x21C0,0x2140,0x51C0,0x5140,0x8940,0x0000,0x47C0,0x4100,0x4280,0x7C40},{0xF940,0x21C0,0x2140,0x51C0,0x5140,0x8940,0x0100,0x47C0,0x4380,0x4440,0x7B80},{0xF940,0x21C0,0x2140,0x51C0,0x5140,0x8940,0x0000,0x7FC0,0x4000,0x4000,0x7FC0},
{0xF940,0x21C0,0x2140,0x51C0,0x8940,0x0000,0x7FC0,0x0040,0x7FC0,0x4000,0x7FC0},{0xF940,0x21C0,0x2140,0x51C0,0x8940,0x0000,0x7BC0,0x0840,0x7840,0x4040,0x7840},{0xF940,0x21C0,0x2140,0x51C0,0x8940,0x0000,0x7BC0,0x0A40,0x7A40,0x4240,0x7BC0},{0xF940,0x21C0,0x2140,0x51C0,0x8940,0x0000,0x7A40,0x0A40,0x7BC0,0x4240,0x7BC0},
{0xF940,0x21C0,0x2140,0x51C0,0x8940,0x0000,0x7900,0x0900,0x7900,0x4280,0x7C40},{0xF940,0x21C0,0x2140,0x51C0,0x8940,0x0000,0x7BC0,0x0A00,0x7BC0,0x4200,0x7BC0},{0xF940,0x21C0,0x2140,0x51C0,0x8940,0x0000,0x7FC0,0x0A80,0x7A80,0x4280,0x7FC0},{0xF940,0x21C0,0x2140,0x51C0,0x8940,0x0000,0x7900,0x0FC0,0x7B80,0x4440,0x7B80},
{0xF940,0x21C0,0x2140,0x51C0,0x5140,0x8940,0x0000,0x7FC0,0x4040,0x4040,0x7FC0},{0xF940,0x21C0,0x2140,0x51C0,0x5140,0x8940,0x0000,0x4040,0x7FC0,0x4040,0x7FC0},{0xF940,0x21C0,0x2140,0x51C0,0x5140,0x8940,0x0000,0x4900,0x7900,0x4A80,0x7C40},{0xF940,0x2140,0x21C0,0x5140,0x51C0,0x8940,0x0140,0x0540,0x0400,0x1B00,0x60C0},
{0xF940,0x21C0,0x2140,0x51C0,0x5140,0x8940,0x0000,0x1100,0x1100,0x2A80,0x4440},{0xF940,0x21C0,0x2140,0x51C0,0x5140,0x8940,0x0000,0x3F80,0x4040,0x4040,0x3F80},{0xF940,0x21C0,0x2140,0x51C0,0x5140,0x8940,0x0000,0x7FC0,0x0400,0x1B00,0x60C0},{0xF940,0x21C0,0x2140,0x51C0,0x5140,0x8940,0x0140,0x0400,0x7FC0,0x1B00,0x60C0},
{0xF940,0x21C0,0x2140,0x51C0,0x5140,0x8940,0x0000,0x7FC0,0x0040,0x7FC0,0x0040},{0xF940,0x21C0,0x2140,0x51C0,0x8940,0x0000,0x7FC0,0x4000,0x7FC0,0x4000,0x7FC0},{0xF940,0x21C0,0x2140,0x51C0,0x5140,0x8940,0x0000,0x7FC0,0x1100,0x1100,0x7FC0},{0xF940,0x21C0,0x2140,0x51C0,0x5140,0x8940,0x0400,0x7FC0,0x1F00,0x2080,0x1F00},
{0xFE40,0x1040,0x1040,0x1040,0x29C0,0x2840,0x2840,0x4440,0x4440,0x8240,0x0040},{0xFE40,0x1040,0x11C0,0x2840,0x4440,0x8240,0x0000,0x7FC0,0x0040,0x0040,0x0040},{0xFE40,0x1040,0x11C0,0x2840,0x4440,0x8240,0x0000,0x7FC0,0x0440,0x0440,0x0440},{0xFE40,0x1040,0x11C0,0x2840,0x4440,0x8240,0x0040,0x7900,0x0900,0x0A80,0x0C40},
{0xFE40,0x1040,0x11C0,0x2840,0x4440,0x8240,0x0040,0x4040,0x4000,0x4000,0x7FC0},{0xFE40,0x1040,0x11C0,0x2840,0x4440,0x8240,0x0000,0x47C0,0x4100,0x4280,0x7C40},{0xFE40,0x1040,0x11C0,0x2840,0x4440,0x8240,0x0100,0x47C0,0x4380,0x4440,0x7B80},{0xFE40,0x1040,0x11C0,0x2840,0x4440,0x8240,0x0000,0x7FC0,0x4000,0x4000,0x7FC0},
{0xFE40,0x1040,0x29C0,0x4440,0x8240,0x0000,0x7FC0,0x0040,0x7FC0,0x4000,0x7FC0},{0xFE40,0x1040,0x29C0,0x4440,0x8240,0x0000,0x7BC0,0x0840,0x7840,0x4040,0x7840},{0xFE40,0x1040,0x29C0,0x4440,0x8240,0x0000,0x7BC0,0x0A40,0x7A40,0x4240,0x7BC0},{0xFE40,0x1040,0x29C0,0x4440,0x8240,0x0000,0x7A40,0x0A40,0x7BC0,0x4240,0x7BC0},
{0xFE40,0x1040,0x29C0,0x4440,0x8240,0x0040,0x7900,0x0900,0x7900,0x4280,0x7C40},{0xFE40,0x1040,0x29C0,0x4440,0x8240,0x0000,0x7BC0,0x0A00,0x7BC0,0x4200,0x7BC0},{0xFE40,0x1040,0x29C0,0x4440,0x8240,0x0000,0x7FC0,0x0A80,0x7A80,0x4280,0x7FC0},{0xFE40,0x1040,0x29C0,0x4440,0x8240,0x0040,0x7900,0x0FC0,0x7B80,0x4440,0x7B80},
{0xFE40,0x1040,0x11C0,0x2840,0x4440,0x8240,0x0000,0x7FC0,0x4040,0x4040,0x7FC0},{0xFE40,0x1040,0x11C0,0x2840,0x4440,0x8240,0x0000,0x4040,0x7FC0,0x4040,0x7FC0},{0xFE40,0x1040,0x11C0,0x2840,0x4440,0x8240,0x0040,0x4900,0x7900,0x4A80,0x7C40},{0xFE40,0x1040,0x11C0,0x2840,0x4440,0x8240,0x0040,0x0440,0x0400,0x1B00,0x60C0},
{0xFE40,0x1040,0x11C0,0x2840,0x4440,0x8240,0x0040,0x1100,0x1100,0x2A80,0x4440},{0xFE40,0x1040,0x11C0,0x2840,0x4440,0x8240,0x0000,0x3F80,0x4040,0x4040,0x3F80},{0xFE40,0x1040,0x11C0,0x2840,0x4440,0x8240,0x0000,0x7FC0,0x0400,0x1B00,0x60C0},{0xFE40,0x1040,0x11C0,0x2840,0x4440,0x8240,0x0040,0x0400,0x7FC0,0x1B00,0x60C0},
{0xFE40,0x1040,0x11C0,0x2840,0x4440,0x8240,0x0000,0x7FC0,0x0040,0x7FC0,0x0040},{0xFE40,0x1040,0x29C0,0x4440,0x8240,0x0000,0x7FC0,0x4000,0x7FC0,0x4000,0x7FC0},{0xFE40,0x1040,0x11C0,0x2840,0x4440,0x8240,0x0000,0x7FC0,0x1100,0x1100,0x7FC0},{0xFE40,0x1040,0x11C0,0x2840,0x4440,0x8240,0x0400,0x7FC0,0x1F00,0x2080,0x1F00},
{0xF940,0x2140,0x2140,0x2140,0x5740,0x5140,0x5140,0x8940,0x8940,0x8940,0x0140},{0xF940,0x2140,0x2740,0x5140,0x5140,0x8940,0x0000,0x7FC0,0x0040,0x0040,0x0040},{0xF940,0x2140,0x2740,0x5140,0x5140,0x8940,0x0000,0x7FC0,0x0440,0x0440,0x0440},{0xF940,0x2140,0x2740,0x5140,0x5140,0x8940,0x0000,0x7900,0x0900,0x0A80,0x0C40},
{0xF940,0x2140,0x2140,0x5740,0x5140,0x8940,0x0140,0x4140,0x4000,0x4000,0x7FC0},{0xF940,0x2140,0x2740,0x5140,0x5140,0x8940,0x0000,0x47C0,0x4100,0x4280,0x7C40},{0xF940,0x2140,0x2740,0x5140,0x5140,0x8940,0x0100,0x47C0,0x4380,0x4440,0x7B80},{0xF940,0x2140,0x2740,0x5140,0x5140,0x8940,0x0000,0x7FC0,0x4000,0x4000,0x7FC0},
{0xF940,0x2140,0x2740,0x5140,0x8940,0x0000,0x7FC0,0x0040,0x7FC0,0x4000,0x7FC0},{0xF940,0x2140,0x2740,0x5140,0x8940,0x0000,0x7BC0,0x0840,0x7840,0x4040,0x7840},{0xF940,0x2140,0x2740,0x5140,0x8940,0x0000,0x7BC0,0x0A40,0x7A40,0x4240,0x7BC0},{0xF940,0x2140,0x2740,0x5140,0x8940,0x0000,0x7A40,0x0A40,0x7BC0,0x4240,0x7BC0},
{0xF940,0x2140,0x2740,0x5140,0x8940,0x0000,0x7900,0x0900,0x7900,0x4280,0x7C40},{0xF940,0x2140,0x2740,0x5140,0x8940,0x0000,0x7BC0,0x0A00,0x7BC0,0x4200,0x7BC0},{0xF940,0x2140,0x2740,0x5140,0x8940,0x0000,0x7FC0,0x0A80,0x7A80,0x4280,0x7FC0},{0xF940,0x2140,0x2740,0x5140,0x8940,0x0000,0x7900,0x0FC0,0x7B80,0x4440,0x7B80},
{0xF940,0x2140,0x2740,0x5140,0x5140,0x8940,0x0000,0x7FC0,0x4040,0x4040,0x7FC0},{0xF940,0x2140,0x2740,0x5140,0x5140,0x8940,0x0000,0x4040,0x7FC0,0x4040,0x7FC0},{0xF940,0x2140,0x2740,0x5140,0x5140,0x8940,0x0000,0x4900,0x7900,0x4A80,0x7C40},{0xF940,0x2140,0x2140,0x5740,0x5140,0x8940,0x0140,0x0540,0x0400,0x1B00,0x60C0},
{0xF940,0x2140,0x2740,0x5140,0x5140,0x8940,0x0000,0x1100,0x1100,0x2A80,0x4440},{0xF940,0x2140,0x2740,0x5140,0x5140,0x8940,0x0000,0x3F80,0x4040,0x4040,0x3F80},{0xF940,0x2140,0x2740,0x5140,0x5140,0x8940,0x0000,0x7FC0,0x0400,0x1B00,0x60C0},{0xF940,0x2140,0x2740,0x5140,0x5140,0x8940,0x0140,0x0400,0x7FC0,0x1B00,0x60C0},
{0xF940,0x2140,0x2740,0x5140,0x5140,0x8940,0x0000,0x7FC0,0x0040,0x7FC0,0x0040},{0xF940,0x2140,0x2740,0x5140,0x8940,0x0000,0x7FC0,0x4000,0x7FC0,0x4000,0x7FC0},{0xF940,0x2140,0x2740,0x5140,0x5140,0x8940,0x0000,0x7FC0,0x1100,0x1100,0x7FC0},{0xF940,0x2140,0x2740,0x5140,0x5140,0x8940,0x0400,0x7FC0,0x1F00,0x2080,0x1F00},
{0xFE40,0x1040,0x1040,0x11C0,0x2840,0x2840,0x29C0,0x4440,0x4440,0x8240,0x0040},{0xFE40,0x11C0,0x1040,0x29C0,0x4440,0x8240,0x0000,0x7FC0,0x0040,0x0040,0x0040},{0xFE40,0x11C0,0x1040,0x29C0,0x4440,0x8240,0x0000,0x7FC0,0x0440,0x0440,0x0440},{0xFE40,0x11C0,0x1040,0x29C0,0x4440,0x8240,0x0040,0x7900,0x0900,0x0A80,0x0C40},
{0xFE40,0x1040,0x11C0,0x2840,0x45C0,0x8240,0x0040,0x4040,0x4000,0x4000,0x7FC0},{0xFE40,0x11C0,0x1040,0x29C0,0x4440,0x8240,0x0000,0x47C0,0x4100,0x4280,0x7C40},{0xFE40,0x11C0,0x1040,0x29C0,0x4440,0x8240,0x0100,0x47C0,0x4380,0x4440,0x7B80},{0xFE40,0x11C0,0x1040,0x29C0,0x4440,0x8240,0x0000,0x7FC0,0x4000,0x4000,0x7FC0},
{0xFE40,0x11C0,0x2840,0x45C0,0x8240,0x0000,0x7FC0,0x0040,0x7FC0,0x4000,0x7FC0},{0xFE40,0x11C0,0x2840,0x45C0,0x8240,0x0000,0x7BC0,0x0840,0x7840,0x4040,0x7840},{0xFE40,0x11C0,0x2840,0x45C0,0x8240,0x0000,0x7BC0,0x0A40,0x7A40,0x4240,0x7BC0},{0xFE40,0x11C0,0x2840,0x45C0,0x8240,0x0000,0x7A40,0x0A40,0x7BC0,0x4240,0x7BC0},
{0xFE40,0x11C0,0x2840,0x45C0,0x8240,0x0040,0x7900,0x0900,0x7900,0x4280,0x7C40},{0xFE40,0x11C0,0x2840,0x45C0,0x8240,0x0000,0x7BC0,0x0A00,0x7BC0,0x4200,0x7BC0},{0xFE40,0x11C0,0x2840,0x45C0,0x8240,0x0000,0x7FC0,0x0A80,0x7A80,0x4280,0x7FC0},{0xFE40,0x11C0,0x2840,0x45C0,0x8240,0x0040,0x7900,0x0FC0,0x7B80,0x4440,0x7B80},
{0xFE40,0x11C0,0x1040,0x29C0,0x4440,0x8240,0x0000,0x7FC0,0x4040,0x4040,0x7FC0},{0xFE40,0x11C0,0x1040,0x29C0,0x4440,0x8240,0x0000,0x4040,0x7FC0,0x4040,0x7FC0},{0xFE40,0x11C0,0x1040,0x29C0,0x4440,0x8240,0x0040,0x4900,0x7900,0x4A80,0x7C40},{0xFE40,0x1040,0x11C0,0x2840,0x45C0,0x8240,0x0040,0x0440,0x0400,0x1B00,0x60C0},
{0xFE40,0x11C0,0x1040,0x29C0,0x4440,0x8240,0x0040,0x1100,0x1100,0x2A80,0x4440},{0xFE40,0x11C0,0x1040,0x29C0,0x4440,0x8240,0x0000,0x3F80,0x4040,0x4040,0x3F80},{0xFE40,0x11C0,0x1040,0x29C0,0x4440,0x8240,0x0000,0x7FC0,0x0400,0x1B00,0x60C0},{0xFE40,0x11C0,0x1040,0x29C0,0x4440,0x8240,0x0040,0x0400,0x7FC0,0x1B00,0x60C0},
{0xFE40,0x11C0,0x1040,0x29C0,0x4440,0x8240,0x0000,0x7FC0,0x0040,0x7FC0,0x0040},{0xFE40,0x11C0,0x2840,0x45C0,0x8240,0x0000,0x7FC0,0x4000,0x7FC0,0x4000,0x7FC0},{0xFE40,0x11C0,0x1040,0x29C0,0x4440,0x8240,0x0000,0x7FC0,0x1100,0x1100,0x7FC0},{0xFE40,0x11C0,0x1040,0x29C0,0x4440,0x8240,0x0400,0x7FC0,0x1F00,0x2080,0x1F00},
{0xF940,0x2140,0x2140,0x2740,0x2140,0x5140,0x5740,0x5140,0x8940,0x8940,0x0140},{0xF940,0x2740,0x2140,0x5740,0x5140,0x8940,0x0000,0x7FC0,0x0040,0x0040,0x0040},{0xF940,0x2740,0x2140,0x5740,0x5140,0x8940,0x0000,0x7FC0,0x0440,0x0440,0x0440},{0xF940,0x2740,0x2140,0x5740,0x5140,0x8940,0x0000,0x7900,0x0900,0x0A80,0x0C40},
{0xF940,0x2140,0x2740,0x5140,0x5740,0x8940,0x0140,0x4140,0x4000,0x4000,0x7FC0},{0xF940,0x2740,0x2140,0x5740,0x5140,0x8940,0x0000,0x47C0,0x4100,0x4280,0x7C40},{0xF940,0x2740,0x2140,0x5740,0x5140,0x8940,0x0100,0x47C0,0x4380,0x4440,0x7B80},{0xF940,0x2740,0x2140,0x5740,0x5140,0x8940,0x0000,0x7FC0,0x4000,0x4000,0x7FC0},
{0xF940,0x2740,0x2140,0x5740,0x8940,0x0000,0x7FC0,0x0040,0x7FC0,0x4000,0x7FC0},{0xF940,0x2740,0x2140,0x5740,0x8940,0x0000,0x7BC0,0x0840,0x7840,0x4040,0x7840},{0xF940,0x2740,0x2140,0x5740,0x8940,0x0000,0x7BC0,0x0A40,0x7A40,0x4240,0x7BC0},{0xF940,0x2740,0x2140,0x5740,0x8940,0x0000,0x7A40,0x0A40,0x7BC0,0x4240,0x7BC0},
{0xF940,0x2740,0x2140,0x5740,0x8940,0x0000,0x7900,0x0900,0x7900,0x4280,0x7C40},{0xF940,0x2740,0x2140,0x5740,0x8940,0x0000,0x7BC0,0x0A00,0x7BC0,0x4200,0x7BC0},{0xF940,0x2740,0x2140,0x5740,0x8940,0x0000,0x7FC0,0x0A80,0x7A80,0x4280,0x7FC0},{0xF940,0x2740,0x2140,0x5740,0x8940,0x0000,0x7900,0x0FC0,0x7B80,0x4440,0x7B80},
{0xF940,0x2740,0x2140,0x5740,0x5140,0x8940,0x0000,0x7FC0,0x4040,0x4040,0x7FC0},{0xF940,0x2740,0x2140,0x5740,0x5140,0x8940,0x0000,0x4040,0x7FC0,0x4040,0x7FC0},{0xF940,0x2740,0x2140,0x5740,0x5140,0x8940,0x0000,0x4900,0x7900,0x4A80,0x7C40},{0xF940,0x2140,0x2740,0x5140,0x5740,0x8940,0x0140,0x0540,0x0400,0x1B00,0x60C0},
{0xF940,0x2740,0x2140,0x5740,0x5140,0x8940,0x0000,0x1100,0x1100,0x2A80,0x4440},{0xF940,0x2740,0x2140,0x5740,0x5140,0x8940,0x0000,0x3F80,0x4040,0x4040,0x3F80},{0xF940,0x2740,0x2140,0x5740,0x5140,0x8940,0x0000,0x7FC0,0x0400,0x1B00,0x60C0},{0xF940,0x2740,0x2140,0x5740,0x5140,0x8940,0x0140,0x0400,0x7FC0,0x1B00,0x60C0},
{0xF940,0x2740,0x2140,0x5740,0x5140,0x8940,0x0000,0x7FC0,0x0040,0x7FC0,0x0040},{0xF940,0x2740,0x2140,0x5740,0x8940,0x0000,0x7FC0,0x4000,0x7FC0,0x4000,0x7FC0},{0xF940,0x2740,0x2140,0x5740,0x5140,0x8940,0x0000,0x7FC0,0x1100,0x1100,0x7FC0},{0xF940,0x2740,0x2140,0x5740,0x5140,0x8940,0x0400,0x7FC0,0x1F00,0x2080,0x1F00},
{0x7FC0,0x0400,0x0400,0x0A00,0x1100,0x60C0,0x0400,0x0400,0x0400,0xFFE0,0x0000},{0x7FC0,0x0400,0x1B00,0x60C0,0x0400,0xFFE0,0x0000,0x7FC0,0x0040,0x0040,0x0040},{0x7FC0,0x0400,0x1B00,0x60C0,0x0400,0xFFE0,0x0000,0x7FC0,0x0440,0x0440,0x0440},{0x7FC0,0x0400,0x1B00,0x60C0,0x0400,0xFFE0,0x0000,0x7900,0x0900,0x0A80,0x0C40},
{0x7FC0,0x0400,0x1B00,0x60C0,0x0400,0xFFE0,0x0000,0x4000,0x4000,0x4000,0x7FC0},{0x7FC0,0x0400,0x1B00,0x60C0,0x0400,0xFFE0,0x0000,0x47C0,0x4100,0x4280,0x7C40},{0x7FC0,0x0400,0x1B00,0x60C0,0x0400,0xFFE0,0x0100,0x47C0,0x4380,0x4440,0x7B80},{0x7FC0,0x0400,0x1B00,0x60C0,0x0400,0xFFE0,0x0000,0x7FC0,0x4000,0x4000,0x7FC0},
{0x7FC0,0x0A00,0x71C0,0x0400,0xFFE0,0x0000,0x7FC0,0x0040,0x7FC0,0x4000,0x7FC0},{0x7FC0,0x0A00,0x71C0,0x0400,0xFFE0,0x0000,0x7BC0,0x0840,0x7840,0x4040,0x7840},{0x7FC0,0x0A00,0x71C0,0x0400,0xFFE0,0x0000,0x7BC0,0x0A40,0x7A40,0x4240,0x7BC0},{0x7FC0,0x0A00,0x71C0,0x0400,0xFFE0,0x0000,0x7A40,0x0A40,0x7BC0,0x4240,0x7BC0},
{0x7FC0,0x0A00,0x71C0,0x0400,0xFFE0,0x0000,0x7900,0x0900,0x7900,0x4280,0x7C40},{0x7FC0,0x0A00,0x71C0,0x0400,0xFFE0,0x0000,0x7BC0,0x0A00,0x7BC0,0x4200,0x7BC0},{0x7FC0,0x0A00,0x71C0,0x0400,0xFFE0,0x0000,0x7FC0,0x0A80,0x7A80,0x4280,0x7FC0},{0x7FC0,0x0A00,0x71C0,0x0400,0xFFE0,0x0000,0x7900,0x0FC0,0x7B80,0x4440,0x7B80},
{0x7FC0,0x0400,0x1B00,0x60C0,0x0400,0xFFE0,0x0000,0x7FC0,0x4040,0x4040,0x7FC0},{0x7FC0,0x0400,0x1B00,0x60C0,0x0400,0xFFE0,0x0000,0x4040,0x7FC0,0x4040,0x7FC0},{0x7FC0,0x0400,0x1B00,0x60C0,0x0400,0xFFE0,0x0000,0x4900,0x7900,0x4A80,0x7C40},{0x7FC0,0x0400,0x1B00,0x60C0,0x0400,0xFFE0,0x0000,0x0400,0x0400,0x1B00,0x60C0},
{0x7FC0,0x0400,0x1B00,0x60C0,0x0400,0xFFE0,0x0000,0x1100,0x1100,0x2A80,0x4440},{0x7FC0,0x0400,0x1B00,0x60C0,0x0400,0xFFE0,0x0000,0x3F80,0x4040,0x4040,0x3F80},{0x7FC0,0x0400,0x1B00,0x60C0,0x0400,0xFFE0,0x0000,0x7FC0,0x0400,0x1B00,0x60C0},{0x7FC0,0x0400,0x1B00,0x60C0,0x0400,0xFFE0,0x0000,0x0400,0x7FC0,0x1B00,0x60C0},
{0x7FC0,0x0400,0x1B00,0x60C0,0x0400,0xFFE0,0x0000,0x7FC0,0x0040,0x7FC0,0x0040},{0x7FC0,0x0A00,0x71C0,0x0400,0xFFE0,0x0000,0x7FC0,0x4000,0x7FC0,0x4000,0x7FC0},{0x7FC0,0x0400,0x1B00,0x60C0,0x0400,0xFFE0,0x0000,0x7FC0,0x1100,0x1100,0x7FC0},{0x7FC0,0x0400,0x1B00,0x60C0,0x0400,0xFFE0,0x0400,0x7FC0,0x1F00,0x2080,0x1F00},
{0xFE40,0x1040,0x1040,0x2840,0x4440,0x8260,0x1040,0x1040,0x1040,0xFF40,0x0040},{0xFE40,0x1040,0x2860,0xC640,0x1040,0xFF40,0x0000,0x7FC0,0x0040,0x0040,0x0040},{0xFE40,0x1040,0x2860,0xC640,0x1040,0xFF40,0x0000,0x7FC0,0x0440,0x0440,0x0440},{0xFE40,0x1040,0x2860,0xC640,0x1040,0xFF40,0x0040,0x7900,0x0900,0x0A80,0x0C40},
{0xFE40,0x1040,0x2840,0xC660,0x1040,0xFF40,0x0040,0x4040,0x4000,0x4000,0x7FC0},{0xFE40,0x1040,0x2860,0xC640,0x1040,0xFF40,0x0000,0x47C0,0x4100,0x4280,0x7C40},{0xFE40,0x1040,0x2860,0xC640,0x1040,0xFF40,0x0100,0x47C0,0x4380,0x4440,0x7B80},{0xFE40,0x1040,0x2860,0xC640,0x1040,0xFF40,0x0000,0x7FC0,0x4000,0x4000,0x7FC0},
{0xFE40,0x2840,0xC660,0x1040,0xFF40,0x0000,0x7FC0,0x0040,0x7FC0,0x4000,0x7FC0},{0xFE40,0x2840,0xC660,0x1040,0xFF40,0x0000,0x7BC0,0x0840,0x7840,0x4040,0x7840},{0xFE40,0x2840,0xC660,0x1040,0xFF40,0x0000,0x7BC0,0x0A40,0x7A40,0x4240,0x7BC0},{0xFE40,0x2840,0xC660,0x1040,0xFF40,0x0000,0x7A40,0x0A40,0x7BC0,0x4240,0x7BC0},
{0xFE40,0x2840,0xC660,0x1040,0xFF40,0x0040,0x7900,0x0900,0x7900,0x4280,0x7C40},{0xFE40,0x2840,0xC660,0x1040,0xFF40,0x0000,0x7BC0,0x0A00,0x7BC0,0x4200,0x7BC0},{0xFE40,0x2840,0xC660,0x1040,0xFF40,0x0000,0x7FC0,0x0A80,0x7A80,0x4280,0x7FC0},{0xFE40,0x2840,0xC660,0x1040,0xFF40,0x0040,0x7900,0x0FC0,0x7B80,0x4440,0x7B80},
{0xFE40,0x1040,0x2860,0xC640,0x1040,0xFF40,0x0000,0x7FC0,0x4040,0x4040,0x7FC0},{0xFE40,0x1040,0x2860,0xC640,0x1040,0xFF40,0x0000,0x4040,0x7FC0,0x4040,0x7FC0},{0xFE40,0x1040,0x2860,0xC640,0x1040,0xFF40,0x0040,0x4900,0x7900,0x4A80,0x7C40},{0xFE40,0x1040,0x2840,0xC660,0x1040,0xFF40,0x0040,0x0440,0x0400,0x1B00,0x60C0},
{0xFE40,0x1040,0x2860,0xC640,0x1040,0xFF40,0x0040,0x1100,0x1100,0x2A80,0x4440},{0xFE40,0x1040,0x2860,0xC640,0x1040,0xFF40,0x0000,0x3F80,0x4040,0x4040,0x3F80},{0xFE40,0x1040,0x2860,0xC640,0x1040,0xFF40,0x0000,0x7FC0,0x0400,0x1B00,0x60C0},{0xFE40,0x1040,0x2860,0xC640,0x1040,0xFF40,0x0040,0x0400,0x7FC0,0x1B00,0x60C0},
{0xFE40,0x1040,0x2860,0xC640,0x1040,0xFF40,0x0000,0x7FC0,0x0040,0x7FC0,0x0040},{0xFE40,0x2840,0xC660,0x1040,0xFF40,0x0000,0x7FC0,0x4000,0x7FC0,0x4000,0x7FC0},{0xFE40,0x1040,0x2860,0xC640,0x1040,0xFF40,0x0000,0x7FC0,0x1100,0x1100,0x7FC0},{0xFE40,0x1040,0x2860,0xC640,0x1040,0xFF40,0x0400,0x7FC0,0x1F00,0x2080,0x1F00},
{0xFF40,0x1140,0x1140,0x2940,0x4540,0x83C0,0x1140,0x1140,0x1140,0xFF40,0x0140},{0xF940,0x2140,0x51C0,0x8940,0x2140,0xFD40,0x0000,0x7FC0,0x0040,0x0040,0x0040},{0xF940,0x2140,0x51C0,0x8940,0x2140,0xFD40,0x0000,0x7FC0,0x0440,0x0440,0x0440},{0xF940,0x2140,0x51C0,0x8940,0x2140,0xFD40,0x0000,0x7900,0x0900,0x0A80,0x0C40},
{0xF940,0x2140,0x5140,0x89C0,0x2140,0xFD40,0x0140,0x4140,0x4000,0x4000,0x7FC0},{0xF940,0x2140,0x51C0,0x8940,0x2140,0xFD40,0x0000,0x47C0,0x4100,0x4280,0x7C40},{0xF940,0x2140,0x51C0,0x8940,0x2140,0xFD40,0x0100,0x47C0,0x4380,0x4440,0x7B80},{0xF940,0x2140,0x51C0,0x8940,0x2140,0xFD40,0x0000,0x7FC0,0x4000,0x4000,0x7FC0},
{0xF940,0x2140,0xD9C0,0x2140,0xFD40,0x0000,0x7FC0,0x0040,0x7FC0,0x4000,0x7FC0},{0xF940,0x2140,0xD9C0,0x2140,0xFD40,0x0000,0x7BC0,0x0840,0x7840,0x4040,0x7840},{0xF940,0x2140,0xD9C0,0x2140,0xFD40,0x0000,0x7BC0,0x0A40,0x7A40,0x4240,0x7BC0},{0xF940,0x2140,0xD9C0,0x2140,0xFD40,0x0000,0x7A40,0x0A40,0x7BC0,0x4240,0x7BC0},
{0xF940,0x2140,0xD9C0,0x2140,0xFD40,0x0000,0x7900,0x0900,0x7900,0x4280,0x7C40},{0xF940,0x2140,0xD9C0,0x2140,0xFD40,0x0000,0x7BC0,0x0A00,0x7BC0,0x4200,0x7BC0},{0xF940,0x2140,0xD9C0,0x2140,0xFD40,0x0000,0x7FC0,0x0A80,0x7A80,0x4280,0x7FC0},{0xF940,0x2140,0xD9C0,0x2140,0xFD40,0x0000,0x7900,0x0FC0,0x7B80,0x4440,0x7B80},
{0xF940,0x2140,0x51C0,0x8940,0x2140,0xFD40,0x0000,0x7FC0,0x4040,0x4040,0x7FC0},{0xF940,0x2140,0x51C0,0x8940,0x2140,0xFD40,0x0000,0x4040,0x7FC0,0x4040,0x7FC0},{0xF940,0x2140,0x51C0,0x8940,0x2140,0xFD40,0x0000,0x4900,0x7900,0x4A80,0x7C40},{0xF940,0x2140,0x5140,0x89C0,0x2140,0xFD40,0x0140,0x0540,0x0400,0x1B00,0x60C0},
{0xF940,0x2140,0x51C0,0x8940,0x2140,0xFD40,0x0000,0x1100,0x1100,0x2A80,0x4440},{0xF940,0x2140,0x51C0,0x8940,0x2140,0xFD40,0x0000,0x3F80,0x4040,0x4040,0x3F80},{0xF940,0x2140,0x51C0,0x8940,0x2140,0xFD40,0x0000,0x7FC0,0x0400,0x1B00,0x60C0},{0xF940,0x2140,0x51C0,0x8940,0x2140,0xFD40,0x0140,0x0400,0x7FC0,0x1B00,0x60C0},
{0xF940,0x2140,0x51C0,0x8940,0x2140,0xFD40,0x0000,0x7FC0,0x0040,0x7FC0,0x0040},{0xF940,0x2140,0xD9C0,0x2140,0xFD40,0x0000,0x7FC0,0x4000,0x7FC0,0x4000,0x7FC0},{0xF940,0x2140,0x51C0,0x8940,0x2140,0xFD40,0x0000,0x7FC0,0x1100,0x1100,0x7FC0},{0xF940,0x2140,0x51C0,0x8940,0x2140,0xFD40,0x0400,0x7FC0,0x1F00,0x2080,0x1F00},
{0xFE40,0x1040,0x1040,0x2840,0x4440,0x8240,0x1040,0x1040,0x1040,0xFF40,0x0040},{0xFE40,0x1040,0x2840,0xC640,0x1040,0xFF40,0x0000,0x7FC0,0x0040,0x0040,0x0040},{0xFE40,0x1040,0x2840,0xC640,0x1040,0xFF40,0x0000,0x7FC0,0x0440,0x0440,0x0440},{0xFE40,0x1040,0x2840,0xC640,0x1040,0xFF40,0x0040,0x7900,0x0900,0x0A80,0x0C40},
{0xFE40,0x1040,0x2840,0xC640,0x1040,0xFF40,0x0040,0x4040,0x4000,0x4000,0x7FC0},{0xFE40,0x1040,0x2840,0xC640,0x1040,0xFF40,0x0000,0x47C0,0x4100,0x4280,0x7C40},{0xFE40,0x1040,0x2840,0xC640,0x1040,0xFF40,0x0100,0x47C0,0x4380,0x4440,0x7B80},{0xFE40,0x1040,0x2840,0xC640,0x1040,0xFF40,0x0000,0x7FC0,0x4000,0x4000,0x7FC0},
{0xFE40,0x2840,0xC640,0x1040,0xFF40,0x0000,0x7FC0,0x0040,0x7FC0,0x4000,0x7FC0},{0xFE40,0x2840,0xC640,0x1040,0xFF40,0x0000,0x7BC0,0x0840,0x7840,0x4040,0x7840},{0xFE40,0x2840,0xC640,0x1040,0xFF40,0x0000,0x7BC0,0x0A40,0x7A40,0x4240,0x7BC0},{0xFE40,0x2840,0xC640,0x1040,0xFF40,0x0000,0x7A40,0x0A40,0x7BC0,0x4240,0x7BC0},
{0xFE40,0x2840,0xC640,0x1040,0xFF40,0x0040,0x7900,0x0900,0x7900,0x4280,0x7C40},{0xFE40,0x2840,0xC640,0x1040,0xFF40,0x0000,0x7BC0,0x0A00,0x7BC0,0x4200,0x7BC0},{0xFE40,0x2840,0xC640,0x1040,0xFF40,0x0000,0x7FC0,0x0A80,0x7A80,0x4280,0x7FC0},{0xFE40,0x2840,0xC640,0x1040,0xFF40,0x0040,0x7900,0x0FC0,0x7B80,0x4440,0x7B80},
{0xFE40,0x1040,0x2840,0xC640,0x1040,0xFF40,0x0000,0x7FC0,0x4040,0x4040,0x7FC0},{0xFE40,0x1040,0x2840,0xC640,0x1040,0xFF40,0x0000,0x4040,0x7FC0,0x4040,0x7FC0},{0xFE40,0x1040,0x2840,0xC640,0x1040,0xFF40,0x0040,0x4900,0x7900,0x4A80,0x7C40},{0xFE40,0x1040,0x2840,0xC640,0x1040,0xFF40,0x0040,0x0440,0x0400,0x1B00,0x60C0},
{0xFE40,0x1040,0x2840,0xC640,0x1040,0xFF40,0x0040,0x1100,0x1100,0x2A80,0x4440},{0xFE40,0x1040,0x2840,0xC640,0x1040,0xFF40,0x0000,0x3F80,0x4040,0x4040,0x3F80},{0xFE40,0x1040,0x2840,0xC640,0x1040,0xFF40,0x0000,0x7FC0,0x0400,0x1B00,0x60C0},{0xFE40,0x1040,0x2840,0xC640,0x1040,0xFF40,0x0040,0x0400,0x7FC0,0x1B00,0x60C0},
{0xFE40,0x1040,0x2840,0xC640,0x1040,0xFF40,0x0000,0x7FC0,0x0040,0x7FC0,0x0040},{0xFE40,0x2840,0xC640,0x1040,0xFF40,0x0000,0x7FC0,0x4000,0x7FC0,0x4000,0x7FC0},{0xFE40,0x1040,0x2840,0xC640,0x1040,0xFF40,0x0000,0x7FC0,0x1100,0x1100,0x7FC0},{0xFE40,0x1040,0x2840,0xC640,0x1040,0xFF40,0x0400,0x7FC0,0x1F00,0x2080,0x1F00},
{0x7FC0,0x0400,0x0400,0x0A00,0x1100,0x60C0,0x1100,0x1100,0x1100,0xFFE0,0x0000},{0x7FC0,0x0400,0x1B00,0x60C0,0x1100,0xFFE0,0x0000,0x7FC0,0x0040,0x0040,0x0040},{0x7FC0,0x0400,0x1B00,0x60C0,0x1100,0xFFE0,0x0000,0x7FC0,0x0440,0x0440,0x0440},{0x7FC0,0x0400,0x1B00,0x60C0,0x1100,0xFFE0,0x0000,0x7900,0x0900,0x0A80,0x0C40},
{0x7FC0,0x0400,0x1B00,0x60C0,0x1100,0xFFE0,0x0000,0x4000,0x4000,0x4000,0x7FC0},{0x7FC0,0x0400,0x1B00,0x60C0,0x1100,0xFFE0,0x0000,0x47C0,0x4100,0x4280,0x7C40},{0x7FC0,0x0400,0x1B00,0x60C0,0x1100,0xFFE0,0x0100,0x47C0,0x4380,0x4440,0x7B80},{0x7FC0,0x0400,0x1B00,0x60C0,0x1100,0xFFE0,0x0000,0x7FC0,0x4000,0x4000,0x7FC0},
{0x7FC0,0x0A00,0x71C0,0x1100,0xFFE0,0x0000,0x7FC0,0x0040,0x7FC0,0x4000,0x7FC0},{0x7FC0,0x0A00,0x71C0,0x1100,0xFFE0,0x0000,0x7BC0,0x0840,0x7840,0x4040,0x7840},{0x7FC0,0x0A00,0x71C0,0x1100,0xFFE0,0x0000,0x7BC0,0x0A40,0x7A40,0x4240,0x7BC0},{0x7FC0,0x0A00,0x71C0,0x1100,0xFFE0,0x0000,0x7A40,0x0A40,0x7BC0,0x4240,0x7BC0},
{0x7FC0,0x0A00,0x71C0,0x1100,0xFFE0,0x0000,0x7900,0x0900,0x7900,0x4280,0x7C40},{0x7FC0,0x0A00,0x71C0,0x1100,0xFFE0,0x0000,0x7BC0,0x0A00,0x7BC0,0x4200,0x7BC0},{0x7FC0,0x0A00,0x71C0,0x1100,0xFFE0,0x0000,0x7FC0,0x0A80,0x7A80,0x4280,0x7FC0},{0x7FC0,0x0A00,0x71C0,0x1100,0xFFE0,0x0000,0x7900,0x0FC0,0x7B80,0x4440,0x7B80},
{0x7FC0,0x0400,0x1B00,0x60C0,0x1100,0xFFE0,0x0000,0x7FC0,0x4040,0x4040,0x7FC0},{0x7FC0,0x0400,0x1B00,0x60C0,0x1100,0xFFE0,0x0000,0x4040,0x7FC0,0x4040,0x7FC0},{0x7FC0,0x0400,0x1B00,0x60C0,0x1100,0xFFE0,0x0000,0x4900,0x7900,0x4A80,0x7C40},{0x7FC0,0x0400,0x1B00,0x60C0,0x1100,0xFFE0,0x0000,0x0400,0x0400,0x1B00,0x60C0},
{0x7FC0,0x0400,0x1B00,0x60C0,0x1100,0xFFE0,0x0000,0x1100,0x1100,0x2A80,0x4440},{0x7FC0,0x0400,0x1B00,0x60C0,0x1100,0xFFE0,0x0000,0x3F80,0x4040,0x4040,0x3F80},{0x7FC0,0x0400,0x1B00,0x60C0,0x1100,0xFFE0,0x0000,0x7FC0,0x0400,0x1B00,0x60C0},{0x7FC0,0x0400,0x1B00,0x60C0,0x1100,0xFFE0,0x0000,0x0400,0x7FC0,0x1B00,0x60C0},
{0x7FC0,0x0400,0x1B00,0x60C0,0x1100,0xFFE0,0x0000,0x7FC0,0x0040,0x7FC0,0x0040},{0x7FC0,0x0A00,0x71C0,0x1100,0xFFE0,0x0000,0x7FC0,0x4000,0x7FC0,0x4000,0x7FC0},{0x7FC0,0x0400,0x1B00,0x60C0,0x1100,0xFFE0,0x0000,0x7FC0,0x1100,0x1100,0x7FC0},{0x7FC0,0x0400,0x1B00,0x60C0,0x1100,0xFFE0,0x0400,0x7FC0,0x1F00,0x2080,0x1F00},
{0x7FC0,0x0400,0x0400,0x1B00,0x60C0,0x0000,0xFFE0,0x0400,0x0400,0x0400,0x0400},{0x7FC0,0x0400,0x1B00,0x60C0,0x0000,0xFFE0,0x0400,0x7FC0,0x0040,0x0040,0x0040},{0x7FC0,0x0400,0x1B00,0x60C0,0x0000,0xFFE0,0x0400,0x7FC0,0x0440,0x0440,0x0440},{0x7FC0,0x0400,0x1B00,0x60C0,0x0000,0xFFE0,0x0400,0x7900,0x0900,0x0A80,0x0C40},
{0x7FC0,0x0400,0x1B00,0x60C0,0x0000,0xFFE0,0x0400,0x4400,0x4000,0x4000,0x7FC0},{0x7FC0,0x0400,0x1B00,0x60C0,0x0000,0xFFE0,0x0400,0x47C0,0x4100,0x4280,0x7C40},{0x7FC0,0x0400,0x1B00,0x60C0,0x0000,0xFFE0,0x0500,0x47C0,0x4380,0x4440,0x7B80},{0x7FC0,0x0400,0x1B00,0x60C0,0x0000,0xFFE0,0x0400,0x7FC0,0x4000,0x4000,0x7FC0},
{0x7FC0,0x0A00,0x71C0,0x0000,0xFFE0,0x0400,0x7FC0,0x0040,0x7FC0,0x4000,0x7FC0},{0x7FC0,0x0A00,0x71C0,0x0000,0xFFE0,0x0400,0x7BC0,0x0840,0x7840,0x4040,0x7840},{0x7FC0,0x0A00,0x71C0,0x0000,0xFFE0,0x0400,0x7BC0,0x0A40,0x7A40,0x4240,0x7BC0},{0x7FC0,0x0A00,0x71C0,0x0000,0xFFE0,0x0400,0x7A40,0x0A40,0x7BC0,0x4240,0x7BC0},
{0x7FC0,0x0A00,0x71C0,0x0000,0xFFE0,0x0400,0x7900,0x0900,0x7900,0x4280,0x7C40},{0x7FC0,0x0A00,0x71C0,0x0000,0xFFE0,0x0400,0x7BC0,0x0A00,0x7BC0,0x4200,0x7BC0},{0x7FC0,0x0A00,0x71C0,0x0000,0xFFE0,0x0400,0x7FC0,0x0A80,0x7A80,0x4280,0x7FC0},{0x7FC0,0x0A00,0x71C0,0x0000,0xFFE0,0x0400,0x7900,0x0FC0,0x7B80,0x4440,0x7B80},
{0x7FC0,0x0400,0x1B00,0x60C0,0x0000,0xFFE0,0x0400,0x7FC0,0x4040,0x4040,0x7FC0},{0x7FC0,0x0400,0x1B00,0x60C0,0x0000,0xFFE0,0x0400,0x4040,0x7FC0,0x4040,0x7FC0},{0x7FC0,0x0400,0x1B00,0x60C0,0x0000,0xFFE0,0x0400,0x4900,0x7900,0x4A80,0x7C40},{0x7FC0,0x0400,0x1B00,0x60C0,0x0000,0xFFE0,0x0400,0x0000,0x0400,0x1B00,0x60C0},
{0x7FC0,0x0400,0x1B00,0x60C0,0x0000,0xFFE0,0x0400,0x1500,0x1100,0x2A80,0x4440},{0x7FC0,0x0400,0x1B00,0x60C0,0x0000,0xFFE0,0x0400,0x3F80,0x4040,0x4040,0x3F80},{0x7FC0,0x0400,0x1B00,0x60C0,0x0000,0xFFE0,0x0400,0x7FC0,0x0400,0x1B00,0x60C0},{0x7FC0,0x0A00,0x71C0,0x0000,0xFFE0,0x0400,0x0000,0x0400,0x7FC0,0x1B00,0x60C0},
{0x7FC0,0x0400,0x1B00,0x60C0,0x0000,0xFFE0,0x0400,0x7FC0,0x0040,0x7FC0,0x0040},{0x7FC0,0x0A00,0x71C0,0x0000,0xFFE0,0x0400,0x7FC0,0x4000,0x7FC0,0x4000,0x7FC0},{0x7FC0,0x0400,0x1B00,0x60C0,0x0000,0xFFE0,0x0400,0x7FC0,0x1100,0x1100,0x7FC0},{0x7FC0,0x0A00,0x71C0,0x0000,0xFFE0,0x0400,0x0400,0x7FC0,0x1F00,0x2080,0x1F00},
{0xFE40,0x1040,0x1040,0x2840,0xC640,0x0040,0xFF40,0x1040,0x13C0,0x1040,0x1040},{0xFE40,0x2840,0xC640,0x0040,0xFF40,0x11C0,0x1040,0x7FC0,0x0040,0x0040,0x0040},{0xFE40,0x2840,0xC640,0x0040,0xFF40,0x11C0,0x1040,0x7FC0,0x0440,0x0440,0x0440},{0xFE40,0x2840,0xC640,0x0040,0xFF40,0x11C0,0x1040,0x7900,0x0900,0x0A80,0x0C40},
{0xFE40,0x2840,0xC640,0x0040,0xFF40,0x1040,0x11C0,0x5040,0x4000,0x4000,0x7FC0},{0xFE40,0x2840,0xC640,0x0040,0xFF40,0x11C0,0x1040,0x47C0,0x4100,0x4280,0x7C40},{0xFE40,0x2840,0xC640,0x0040,0xFF40,0x11C0,0x1140,0x47C0,0x4380,0x4440,0x7B80},{0xFE40,0x2840,0xC640,0x0040,0xFF40,0x11C0,0x1040,0x7FC0,0x4000,0x4000,0x7FC0},
{0xFE40,0x2840,0xC640,0xFF40,0x11C0,0x1040,0x7FC0,0x0040,0x7FC0,0x4000,0x7FC0},{0xFE40,0x2840,0xC640,0xFF40,0x11C0,0x1040,0x7BC0,0x0840,0x7840,0x4040,0x7840},{0xFE40,0x2840,0xC640,0xFF40,0x11C0,0x1040,0x7BC0,0x0A40,0x7A40,0x4240,0x7BC0},{0xFE40,0x2840,0xC640,0xFF40,0x11C0,0x1040,0x7A40,0x0A40,0x7BC0,0x4240,0x7BC0},
{0xFE40,0x2840,0xC640,0xFF40,0x11C0,0x1040,0x7900,0x0900,0x7900,0x4280,0x7C40},{0xFE40,0x2840,0xC640,0xFF40,0x11C0,0x1040,0x7BC0,0x0A00,0x7BC0,0x4200,0x7BC0},{0xFE40,0x2840,0xC640,0xFF40,0x11C0,0x1040,0x7FC0,0x0A80,0x7A80,0x4280,0x7FC0},{0xFE40,0x2840,0xC640,0xFF40,0x11C0,0x1040,0x7900,0x0FC0,0x7B80,0x4440,0x7B80},
{0xFE40,0x2840,0xC640,0x0040,0xFF40,0x11C0,0x1040,0x7FC0,0x4040,0x4040,0x7FC0},{0xFE40,0x2840,0xC640,0x0040,0xFF40,0x11C0,0x1040,0x4040,0x7FC0,0x4040,0x7FC0},{0xFE40,0x2840,0xC640,0x0040,0xFF40,0x11C0,0x1040,0x4900,0x7900,0x4A80,0x7C40},{0xFE40,0x2840,0xC640,0x0040,0xFF40,0x1040,0x11C0,0x1440,0x0400,0x1B00,0x60C0},
{0xFE40,0x2840,0xC640,0x0040,0xFF40,0x11C0,0x1040,0x0000,0x1100,0x2A80,0x4440},{0xFE40,0x2840,0xC640,0x0040,0xFF40,0x11C0,0x1040,0x3F80,0x4040,0x4040,0x3F80},{0xFE40,0x2840,0xC640,0x0040,0xFF40,0x11C0,0x1040,0x7FC0,0x0400,0x1B00,0x60C0},{0xFE40,0x2840,0xC640,0x0040,0xFF40,0x11C0,0x1040,0x0400,0x7FC0,0x1B00,0x60C0},
{0xFE40,0x2840,0xC640,0x0040,0xFF40,0x11C0,0x1040,0x7FC0,0x0040,0x7FC0,0x0040},{0xFE40,0x2840,0xC640,0xFF40,0x11C0,0x1040,0x7BC0,0x0A40,0x7A40,0x4240,0x7BC0},{0xFE40,0x2840,0xC640,0x0040,0xFF40,0x11C0,0x1040,0x7FC0,0x1100,0x1100,0x7FC0},{0xFE40,0x2840,0xC640,0x0040,0xFF40,0x11C0,0x1440,0x7FC0,0x1F00,0x2080,0x1F00},
{0xF940,0x2140,0x5140,0x5140,0x8940,0x0140,0xFD40,0x2140,0x2740,0x2140,0x2140},{0xF940,0x2140,0xD940,0x0140,0xFD40,0x2740,0x2140,0x7FC0,0x0040,0x0040,0x0040},{0xF940,0x2140,0xD940,0x0140,0xFD40,0x2740,0x2140,0x7FC0,0x0440,0x0440,0x0440},{0xF940,0x2140,0xD940,0x0140,0xFD40,0x2740,0x2140,0x7800,0x0900,0x0A80,0x0C40},
{0xF940,0x2140,0xD940,0x0140,0xFD40,0x1140,0x1740,0x5140,0x4000,0x4000,0x7FC0},{0xF940,0x2140,0xD940,0x0140,0xFD40,0x2740,0x2140,0x47C0,0x4100,0x4280,0x7C40},{0xF940,0x2140,0xD940,0x0140,0xFD40,0x2740,0x2140,0x47C0,0x4380,0x4440,0x7B80},{0xF940,0x2140,0xD940,0x0140,0xFD40,0x2740,0x2140,0x7FC0,0x4000,0x4000,0x7FC0},
{0xF940,0x2140,0xD940,0xFD40,0x2740,0x2140,0x7FC0,0x0040,0x7FC0,0x4000,0x7FC0},{0xF940,0x2140,0xD940,0xFD40,0x2740,0x2140,0x7BC0,0x0840,0x7840,0x4040,0x7840},{0xF940,0x2140,0xD940,0xFD40,0x2740,0x2140,0x7BC0,0x0A40,0x7A40,0x4240,0x7BC0},{0xF940,0x2140,0xD940,0xFD40,0x2740,0x2140,0x7A40,0x0A40,0x7BC0,0x4240,0x7BC0},
{0xF940,0x2140,0xD940,0xFD40,0x2740,0x2140,0x7800,0x0900,0x7900,0x4280,0x7C40},{0xF940,0x2140,0xD940,0xFD40,0x2740,0x2140,0x7BC0,0x0A00,0x7BC0,0x4200,0x7BC0},{0xF940,0x2140,0xD940,0xFD40,0x2740,0x2140,0x7FC0,0x0A80,0x7A80,0x4280,0x7FC0},{0xF940,0x2140,0xD940,0xFD40,0x2740,0x2140,0x7900,0x0FC0,0x7B80,0x4440,0x7B80},
{0xF940,0x2140,0xD940,0x0140,0xFD40,0x2740,0x2140,0x7FC0,0x4040,0x4040,0x7FC0},{0xF940,0x2140,0xD940,0x0140,0xFD40,0x2740,0x2140,0x4040,0x7FC0,0x4040,0x7FC0},{0xF940,0x2140,0xD940,0x0140,0xFD40,0x2740,0x2140,0x4800,0x7900,0x4A80,0x7C40},{0xF940,0x2140,0xD940,0x0140,0xFD40,0x2740,0x2140,0x2540,0x0400,0x1B00,0x60C0},
{0xF940,0x2140,0xD940,0x0140,0xFD40,0x2740,0x2140,0x0000,0x1100,0x2A80,0x4440},{0xF940,0x2140,0xD940,0x0140,0xFD40,0x2740,0x2140,0x3F80,0x4040,0x4040,0x3F80},{0xF940,0x2140,0xD940,0x0140,0xFD40,0x2740,0x2140,0x7FC0,0x0400,0x1B00,0x60C0},{0xF940,0x2140,0xD940,0x0140,0xFD40,0x2740,0x2140,0x0400,0x7FC0,0x1B00,0x60C0},
{0xF940,0x2140,0xD940,0x0140,0xFD40,0x2740,0x2140,0x7FC0,0x0040,0x7FC0,0x0040},{0xF940,0x2140,0xD940,0xFD40,0x2740,0x2140,0x7FC0,0x4000,0x7FC0,0x4000,0x7FC0},{0xF940,0x2140,0xD940,0x0140,0xFD40,0x2740,0x2140,0x7FC0,0x1100,0x1100,0x7FC0},{0xF940,0x2140,0xD940,0x0140,0xFD40,0x2740,0x2540,0x7FC0,0x1F00,0x2080,0x1F00},
{0xFE40,0x1040,0x1040,0x2840,0xC640,0x0040,0xFF40,0x1040,0x1040,0x1040,0x1040},{0xFE40,0x1040,0x2840,0xC640,0x0040,0xFF40,0x1000,0x7FC0,0x0040,0x0040,0x0040},{0xFE40,0x1040,0x2840,0xC640,0x0040,0xFF40,0x1000,0x7FC0,0x0440,0x0440,0x0440},{0xFE40,0x1040,0x2840,0xC640,0x0040,0xFF40,0x1040,0x7900,0x0900,0x0A80,0x0C40},
{0xFE40,0x1040,0x2840,0xC640,0x0040,0xFF40,0x1040,0x5040,0x4000,0x4000,0x7FC0},{0xFE40,0x1040,0x2840,0xC640,0x0040,0xFF40,0x1000,0x57C0,0x4100,0x4280,0x7C40},{0xFE40,0x1040,0x2840,0xC640,0x0040,0xFF40,0x1100,0x57C0,0x4380,0x4440,0x7B80},{0xFE40,0x1040,0x2840,0xC640,0x0040,0xFF40,0x1000,0x7FC0,0x4000,0x4000,0x7FC0},
{0xFE40,0x2840,0xC640,0x0040,0xFF40,0x1000,0x7FC0,0x0040,0x7FC0,0x4000,0x7FC0},{0xFE40,0x2840,0xC640,0x0040,0xFF40,0x1000,0x7BC0,0x0840,0x7840,0x4040,0x7840},{0xFE40,0x2840,0xC640,0x0040,0xFF40,0x1000,0x7BC0,0x0A40,0x7A40,0x4240,0x7BC0},{0xFE40,0x2840,0xC640,0x0040,0xFF40,0x1000,0x7A40,0x0A40,0x7BC0,0x4240,0x7BC0},
{0xFE40,0x2840,0xC640,0x0040,0xFF40,0x1040,0x7900,0x0900,0x7900,0x4280,0x7C40},{0xFE40,0x2840,0xC640,0x0040,0xFF40,0x1000,0x7BC0,0x0A00,0x7BC0,0x4200,0x7BC0},{0xFE40,0x2840,0xC640,0x0040,0xFF40,0x1000,0x7FC0,0x0A80,0x7A80,0x4280,0x7FC0},{0xFE40,0x2840,0xC640,0x0040,0xFF40,0x1040,0x7900,0x0FC0,0x7B80,0x4440,0x7B80},
{0xFE40,0x1040,0x2840,0xC640,0x0040,0xFF40,0x1000,0x7FC0,0x4040,0x4040,0x7FC0},{0xFE40,0x1040,0x2840,0xC640,0x0040,0xFF40,0x1000,0x4040,0x7FC0,0x4040,0x7FC0},{0xFE40,0x1040,0x2840,0xC640,0x0040,0xFF40,0x1040,0x4900,0x7900,0x4A80,0x7C40},{0xFE40,0x1040,0x2840,0xC640,0x0040,0xFF40,0x1040,0x1440,0x0400,0x1B00,0x60C0},
{0xFE40,0x1040,0x2840,0xC640,0x0040,0xFF40,0x1040,0x0000,0x1100,0x2A80,0x4440},{0xFE40,0x1040,0x2840,0xC640,0x0040,0xFF40,0x1000,0x3F80,0x4040,0x4040,0x3F80},{0xFE40,0x1040,0x2840,0xC640,0x0040,0xFF40,0x1000,0x7FC0,0x0400,0x1B00,0x60C0},{0xFE40,0x1040,0x2840,0xC640,0x0040,0xFF40,0x1040,0x0400,0x7FC0,0x1B00,0x60C0},
{0xFE40,0x1040,0x2840,0xC640,0x0040,0xFF40,0x1000,0x7FC0,0x0040,0x7FC0,0x0040},{0xFE40,0x2840,0xC640,0x0040,0xFF40,0x1000,0x7FC0,0x4000,0x7FC0,0x4000,0x7FC0},{0xFE40,0x1040,0x2840,0xC640,0x0040,0xFF40,0x1000,0x7FC0,0x1100,0x1100,0x7FC0},{0xFE40,0x2840,0xC640,0x0040,0xFF40,0x1040,0x0400,0x7FC0,0x1F00,0x2080,0x1F00},
{0x7FC0,0x0400,0x0400,0x1B00,0x60C0,0x0000,0xFFE0,0x1100,0x1100,0x1100,0x1100},{0x7FC0,0x0400,0x1B00,0x60C0,0x0000,0xFFE0,0x1100,0x7FC0,0x0040,0x0040,0x0040},{0x7FC0,0x0400,0x1B00,0x60C0,0x0000,0xFFE0,0x1100,0x7FC0,0x0440,0x0440,0x0440},{0x7FC0,0x0400,0x1B00,0x60C0,0x0000,0xFFE0,0x1100,0x7800,0x0900,0x0A80,0x0C40},
{0x7FC0,0x0400,0x1B00,0x60C0,0x0000,0xFFE0,0x1100,0x5100,0x4000,0x4000,0x7FC0},{0x7FC0,0x0400,0x1B00,0x60C0,0x0000,0xFFE0,0x1100,0x57C0,0x4100,0x4280,0x7C40},{0x7FC0,0x0400,0x1B00,0x60C0,0x0000,0xFFE0,0x1100,0x47C0,0x4380,0x4440,0x7B80},{0x7FC0,0x0400,0x1B00,0x60C0,0x0000,0xFFE0,0x1100,0x7FC0,0x4000,0x4000,0x7FC0},
{0x7FC0,0x0A00,0x71C0,0x0000,0xFFE0,0x1100,0x7FC0,0x0040,0x7FC0,0x4000,0x7FC0},{0x7FC0,0x0A00,0x71C0,0x0000,0xFFE0,0x1100,0x7BC0,0x0840,0x7840,0x4040,0x7840},{0x7FC0,0x0A00,0x71C0,0x0000,0xFFE0,0x1100,0x7BC0,0x0A40,0x7A40,0x4240,0x7BC0},{0x7FC0,0x0A00,0x71C0,0x0000,0xFFE0,0x1100,0x7A40,0x0A40,0x7BC0,0x4240,0x7BC0},
{0x7FC0,0x0A00,0x71C0,0x0000,0xFFE0,0x1100,0x7800,0x0900,0x7900,0x4280,0x7C40},{0x7FC0,0x0A00,0x71C0,0x0000,0xFFE0,0x1100,0x7BC0,0x0A00,0x7BC0,0x4200,0x7BC0},{0x7FC0,0x0A00,0x71C0,0x0000,0xFFE0,0x1100,0x7FC0,0x0A80,0x7A80,0x4280,0x7FC0},{0x7FC0,0x0A00,0x71C0,0x0000,0xFFE0,0x1100,0x7900,0x0FC0,0x7B80,0x4440,0x7B80},
{0x7FC0,0x0400,0x1B00,0x60C0,0x0000,0xFFE0,0x1100,0x7FC0,0x4040,0x4040,0x7FC0},{0x7FC0,0x0400,0x1B00,0x60C0,0x0000,0xFFE0,0x1100,0x4040,0x7FC0,0x4040,0x7FC0},{0x7FC0,0x0400,0x1B00,0x60C0,0x0000,0xFFE0,0x1100,0x4800,0x7900,0x4A80,0x7C40},{0x7FC0,0x0400,0x1B00,0x60C0,0x0000,0xFFE0,0x1100,0x1500,0x0400,0x1B00,0x60C0},
{0x7FC0,0x0400,0x1B00,0x60C0,0x0000,0xFFE0,0x1100,0x0000,0x1100,0x2A80,0x4440},{0x7FC0,0x0400,0x1B00,0x60C0,0x0000,0xFFE0,0x1100,0x3F80,0x4040,0x4040,0x3F80},{0x7FC0,0x0400,0x1B00,0x60C0,0x0000,0xFFE0,0x1100,0x7FC0,0x0400,0x1B00,0x60C0},{0x7FC0,0x0400,0x1B00,0x60C0,0x0000,0xFFE0,0x1100,0x0400,0x7FC0,0x1B00,0x60C0},
{0x7FC0,0x0400,0x1B00,0x60C0,0x0000,0xFFE0,0x1100,0x7FC0,0x0040,0x7FC0,0x0040},{0x7FC0,0x0A00,0x71C0,0x0000,0xFFE0,0x1100,0x7FC0,0x4000,0x7FC0,0x4000,0x7FC0},{0x7FC0,0x0400,0x1B00,0x60C0,0x0000,0xFFE0,0x1100,0x7FC0,0x1100,0x1100,0x7FC0},{0x7FC0,0x0A00,0x71C0,0x0000,0xFFE0,0x1100,0x0400,0x7FC0,0x1F00,0x2080,0x1F00},
{0x7FC0,0x0400,0x0400,0x0A00,0x1100,0x60C0,0x0000,0x0000,0x0000,0xFFE0,0x0000},{0x7FC0,0x0400,0x1B00,0x60C0,0x0000,0xFFE0,0x0000,0x7FC0,0x0040,0x0040,0x0040},{0x7FC0,0x0400,0x1B00,0x60C0,0x0000,0xFFE0,0x0000,0x7FC0,0x0440,0x0440,0x0440},{0x7FC0,0x0400,0x1B00,0x60C0,0x0000,0xFFE0,0x0000,0x7900,0x0900,0x0A80,0x0C40},
{0x7FC0,0x0400,0x1B00,0x60C0,0x0000,0xFFE0,0x0000,0x4000,0x4000,0x4000,0x7FC0},{0x7FC0,0x0400,0x1B00,0x60C0,0x0000,0xFFE0,0x0000,0x47C0,0x4100,0x4280,0x7C40},{0x7FC0,0x0400,0x1B00,0x60C0,0x0000,0xFFE0,0x0100,0x47C0,0x4380,0x4440,0x7B80},{0x7FC0,0x0400,0x1B00,0x60C0,0x0000,0xFFE0,0x0000,0x7FC0,0x4000,0x4000,0x7FC0},
{0x7FC0,0x0A00,0x71C0,0x0000,0xFFE0,0x0000,0x7FC0,0x0040,0x7FC0,0x4000,0x7FC0},{0x7FC0,0x0A00,0x71C0,0x0000,0xFFE0,0x0000,0x7BC0,0x0840,0x7840,0x4040,0x7840},{0x7FC0,0x0A00,0x71C0,0x0000,0xFFE0,0x0000,0x7BC0,0x0A40,0x7A40,0x4240,0x7BC0},{0x7FC0,0x0A00,0x71C0,0x0000,0xFFE0,0x0000,0x7A40,0x0A40,0x7BC0,0x4240,0x7BC0},
{0x7FC0,0x0A00,0x71C0,0x0000,0xFFE0,0x0000,0x7900,0x0900,0x7900,0x4280,0x7C40},{0x7FC0,0x0A00,0x71C0,0x0000,0xFFE0,0x0000,0x7BC0,0x0A00,0x7BC0,0x4200,0x7BC0},{0x7FC0,0x0A00,0x71C0,0x0000,0xFFE0,0x0000,0x7FC0,0x0A80,0x7A80,0x4280,0x7FC0},{0x7FC0,0x0A00,0x71C0,0x0000,0xFFE0,0x0000,0x7900,0x0FC0,0x7B80,0x4440,0x7B80},
{0x7FC0,0x0400,0x1B00,0x60C0,0x0000,0xFFE0,0x0000,0x7FC0,0x4040,0x4040,0x7FC0},{0x7FC0,0x0400,0x1B00,0x60C0,0x0000,0xFFE0,0x0000,0x4040,0x7FC0,0x4040,0x7FC0},{0x7FC0,0x0400,0x1B00,0x60C0,0x0000,0xFFE0,0x0000,0x4900,0x7900,0x4A80,0x7C40},{0x7FC0,0x0400,0x1B00,0x60C0,0x0000,0xFFE0,0x0000,0x0400,0x0400,0x1B00,0x60C0},
{0x7FC0,0x0400,0x1B00,0x60C0,0x0000,0xFFE0,0x0000,0x1100,0x1100,0x2A80,0x4440},{0x7FC0,0x0400,0x1B00,0x60C0,0x0000,0xFFE0,0x0000,0x3F80,0x4040,0x4040,0x3F80},{0x7FC0,0x0400,0x1B00,0x60C0,0x0000,0xFFE0,0x0000,0x7FC0,0x0400,0x1B00,0x60C0},{0x7FC0,0x0400,0x1B00,0x60C0,0x0000,0xFFE0,0x0000,0x0400,0x7FC0,0x1B00,0x60C0},
{0x7FC0,0x0400,0x1B00,0x60C0,0x0000,0xFFE0,0x0000,0x7FC0,0x0040,0x7FC0,0x0040},{0x7FC0,0x0A00,0x71C0,0x0000,0xFFE0,0x0000,0x7FC0,0x4000,0x7FC0,0x4000,0x7FC0},{0x7FC0,0x0400,0x1B00,0x60C0,0x0000,0xFFE0,0x0000,0x7FC0,0x1100,0x1100,0x7FC0},{0x7FC0,0x0400,0x1B00,0x60C0,0x0000,0xFFE0,0x0400,0x7FC0,0x1F00,0x2080,0x1F00},
{0xFE40,0x1040,0x1040,0x2840,0x2840,0x4440,0x8240,0x0040,0x0040,0xFF40,0x0040},{0xFE40,0x1040,0x2840,0xC640,0x0040,0xFF40,0x0000,0x7FC0,0x0040,0x0040,0x0040},{0xFE40,0x1040,0x2840,0xC640,0x0040,0xFF40,0x0000,0x7FC0,0x0440,0x0440,0x0440},{0xFE40,0x1040,0x2840,0xC640,0x0040,0xFF40,0x0040,0x7900,0x0900,0x0A80,0x0C40},
{0xFE40,0x1040,0x2840,0xC640,0x0040,0xFF40,0x0040,0x4040,0x4000,0x4000,0x7FC0},{0xFE40,0x1040,0x2840,0xC640,0x0040,0xFF40,0x0000,0x47C0,0x4100,0x4280,0x7C40},{0xFE40,0x1040,0x2840,0xC640,0x0040,0xFF40,0x0100,0x47C0,0x4380,0x4440,0x7B80},{0xFE40,0x1040,0x2840,0xC640,0x0040,0xFF40,0x0000,0x7FC0,0x4000,0x4000,0x7FC0},
{0xFE40,0x2840,0xC640,0x0040,0xFF40,0x0000,0x7FC0,0x0040,0x7FC0,0x4000,0x7FC0},{0xFE40,0x2840,0xC640,0x0040,0xFF40,0x0000,0x7BC0,0x0840,0x7840,0x4040,0x7840},{0xFE40,0x2840,0xC640,0x0040,0xFF40,0x0000,0x7BC0,0x0A40,0x7A40,0x4240,0x7BC0},{0xFE40,0x2840,0xC640,0x0040,0xFF40,0x0000,0x7A40,0x0A40,0x7BC0,0x4240,0x7BC0},
{0xFE40,0x2840,0xC640,0x0040,0xFF40,0x0040,0x7900,0x0900,0x7900,0x4280,0x7C40},{0xFE40,0x2840,0xC640,0x0040,0xFF40,0x0000,0x7BC0,0x0A00,0x7BC0,0x4200,0x7BC0},{0xFE40,0x2840,0xC640,0x0040,0xFF40,0x0000,0x7FC0,0x0A80,0x7A80,0x4280,0x7FC0},{0xFE40,0x2840,0xC640,0x0040,0xFF40,0x0040,0x7900,0x0FC0,0x7B80,0x4440,0x7B80},
{0xFE40,0x1040,0x2840,0xC640,0x0040,0xFF40,0x0000,0x7FC0,0x4040,0x4040,0x7FC0},{0xFE40,0x1040,0x2840,0xC640,0x0040,0xFF40,0x0000,0x4040,0x7FC0,0x4040,0x7FC0},{0xFE40,0x1040,0x2840,0xC640,0x0040,0xFF40,0x0040,0x4900,0x7900,0x4A80,0x7C40},{0xFE40,0x1040,0x2840,0xC640,0x0040,0xFF40,0x0040,0x0440,0x0400,0x1B00,0x60C0},
{0xFE40,0x1040,0x2840,0xC640,0x0040,0xFF40,0x0040,0x1100,0x1100,0x2A80,0x4440},{0xFE40,0x1040,0x2840,0xC640,0x0040,0xFF40,0x0000,0x3F80,0x4040,0x4040,0x3F80},{0xFE40,0x1040,0x2840,0xC640,0x0040,0xFF40,0x0000,0x7FC0,0x0400,0x1B00,0x60C0},{0xFE40,0x1040,0x2840,0xC640,0x0040,0xFF40,0x0040,0x0400,0x7FC0,0x1B00,0x60C0},
{0xFE40,0x1040,0x2840,0xC640,0x0040,0xFF40,0x0000,0x7FC0,0x0040,0x7FC0,0x0040},{0xFE40,0x2840,0xC640,0x0040,0xFF40,0x0000,0x7FC0,0x4000,0x7FC0,0x4000,0x7FC0},{0xFE40,0x1040,0x2840,0xC640,0x0040,0xFF40,0x0000,0x7FC0,0x1100,0x1100,0x7FC0},{0xFE40,0x1040,0x2840,0xC640,0x0040,0xFF40,0x0400,0x7FC0,0x1F00,0x2080,0x1F00},
{0xFE40,0x1040,0x1040,0x1040,0x2840,0x2840,0x2840,0x4440,0x4440,0x8240,0x0040},{0xFE40,0x1040,0x1040,0x2840,0x4440,0x8240,0x0000,0x7FC0,0x0040,0x0040,0x0040},{0xFE40,0x1040,0x1040,0x2840,0x4440,0x8240,0x0000,0x7FC0,0x0440,0x0440,0x0440},{0xFE40,0x1040,0x1040,0x2840,0x4440,0x8240,0x0040,0x7900,0x0900,0x0A80,0x0C40},
{0xFE40,0x1040,0x1040,0x2840,0x4440,0x8240,0x0040,0x4040,0x4000,0x4000,0x7FC0},{0xFE40,0x1040,0x1040,0x2840,0x4440,0x8240,0x0000,0x47C0,0x4100,0x4280,0x7C40},{0xFE40,0x1040,0x1040,0x2840,0x4440,0x8240,0x0100,0x47C0,0x4380,0x4440,0x7B80},{0xFE40,0x1040,0x1040,0x2840,0x4440,0x8240,0x0000,0x7FC0,0x4000,0x4000,0x7FC0},
{0xFE40,0x1040,0x2840,0x4440,0x8240,0x0000,0x7FC0,0x0040,0x7FC0,0x4000,0x7FC0},{0xFE40,0x1040,0x2840,0x4440,0x8240,0x0000,0x7BC0,0x0840,0x7840,0x4040,0x7840},{0xFE40,0x1040,0x2840,0x4440,0x8240,0x0000,0x7BC0,0x0A40,0x7A40,0x4240,0x7BC0},{0xFE40,0x1040,0x2840,0x4440,0x8240,0x0000,0x7A40,0x0A40,0x7BC0,0x4240,0x7BC0},
{0xFE40,0x1040,0x2840,0x4440,0x8240,0x0040,0x7900,0x0900,0x7900,0x4280,0x7C40},{0xFE40,0x1040,0x2840,0x4440,0x8240,0x0000,0x7BC0,0x0A00,0x7BC0,0x4200,0x7BC0},{0xFE40,0x1040,0x2840,0x4440,0x8240,0x0000,0x7FC0,0x0A80,0x7A80,0x4280,0x7FC0},{0xFE40,0x1040,0x2840,0x4440,0x8240,0x0040,0x7900,0x0FC0,0x7B80,0x4440,0x7B80},
{0xFE40,0x1040,0x1040,0x2840,0x4440,0x8240,0x0000,0x7FC0,0x4040,0x4040,0x7FC0},{0xFE40,0x1040,0x1040,0x2840,0x4440,0x8240,0x0000,0x4040,0x7FC0,0x4040,0x7FC0},{0xFE40,0x1040,0x1040,0x2840,0x4440,0x8240,0x0040,0x4900,0x7900,0x4A80,0x7C40},{0xFE40,0x1040,0x1040,0x2840,0x4440,0x8240,0x0040,0x0440,0x0400,0x1B00,0x60C0},
{0xFE40,0x1040,0x1040,0x2840,0x4440,0x8240,0x0040,0x1100,0x1100,0x2A80,0x4440},{0xFE40,0x1040,0x1040,0x2840,0x4440,0x8240,0x0000,0x3F80,0x4040,0x4040,0x3F80},{0xFE40,0x1040,0x1040,0x2840,0x4440,0x8240,0x0000,0x7FC0,0x0400,0x1B00,0x60C0},{0xFE40,0x1040,0x1040,0x2840,0x4440,0x8240,0x0040,0x0400,0x7FC0,0x1B00,0x60C0},
{0xFE40,0x1040,0x1040,0x2840,0x4440,0x8240,0x0000,0x7FC0,0x0040,0x7FC0,0x0040},{0xFE40,0x1040,0x2840,0x4440,0x8240,0x0000,0x7FC0,0x4000,0x7FC0,0x4000,0x7FC0},{0xFE40,0x1040,0x1040,0x2840,0x4440,0x8240,0x0000,0x7FC0,0x1100,0x1100,0x7FC0},{0xFE40,0x1040,0x1040,0x2840,0x4440,0x8240,0x0400,0x7FC0,0x1F00,0x2080,0x1F00},
{0xFE40,0x2840,0x2840,0x2840,0x2840,0x5460,0x5440,0x5440,0x9240,0x9240,0x0040},{0xFE40,0x2840,0x2860,0x5440,0x5440,0x9240,0x0000,0x7FC0,0x0040,0x0040,0x0040},{0xFE40,0x2840,0x2860,0x5440,0x5440,0x9240,0x0000,0x7FC0,0x0440,0x0440,0x0440},{0xFE40,0x2840,0x2860,0x5440,0x5440,0x9240,0x0040,0x7900,0x0900,0x0A80,0x0C40},
{0xFE40,0x2840,0x2840,0x5460,0x5440,0x9240,0x0040,0x4040,0x4000,0x4000,0x7FC0},{0xFE40,0x2840,0x2860,0x5440,0x5440,0x9240,0x0000,0x47C0,0x4100,0x4280,0x7C40},{0xFE40,0x2840,0x2860,0x5440,0x5440,0x9240,0x0100,0x47C0,0x4380,0x4440,0x7B80},{0xFE40,0x2840,0x2860,0x5440,0x5440,0x9240,0x0000,0x7FC0,0x4000,0x4000,0x7FC0},
{0xFE40,0x2840,0x2860,0x5440,0x9240,0x0000,0x7FC0,0x0040,0x7FC0,0x4000,0x7FC0},{0xFE40,0x2840,0x2860,0x5440,0x9240,0x0000,0x7BC0,0x0840,0x7840,0x4040,0x7840},{0xFE40,0x2840,0x2860,0x5440,0x9240,0x0000,0x7BC0,0x0A40,0x7A40,0x4240,0x7BC0},{0xFE40,0x2840,0x2860,0x5440,0x9240,0x0000,0x7A40,0x0A40,0x7BC0,0x4240,0x7BC0},
{0xFE40,0x2840,0x2860,0x5440,0x9240,0x0040,0x7900,0x0900,0x7900,0x4280,0x7C40},{0xFE40,0x2840,0x2860,0x5440,0x9240,0x0000,0x7BC0,0x0A00,0x7BC0,0x4200,0x7BC0},{0xFE40,0x2840,0x2860,0x5440,0x9240,0x0000,0x7FC0,0x0A80,0x7A80,0x4280,0x7FC0},{0xFE40,0x2840,0x2860,0x5440,0x9240,0x0040,0x7900,0x0FC0,0x7B80,0x4440,0x7B80},
{0xFE40,0x2840,0x2860,0x5440,0x5440,0x9240,0x0000,0x7FC0,0x4040,0x4040,0x7FC0},{0xFE40,0x2840,0x2860,0x5440,0x5440,0x9240,0x0000,0x4040,0x7FC0,0x4040,0x7FC0},{0xFE40,0x2840,0x2860,0x5440,0x5440,0x9240,0x0040,0x4900,0x7900,0x4A80,0x7C40},{0xFE40,0x2840,0x2840,0x5460,0x5440,0x9240,0x0040,0x0440,0x0400,0x1B00,0x60C0},
{0xFE40,0x2840,0x2860,0x5440,0x5440,0x9240,0x0040,0x1100,0x1100,0x2A80,0x4440},{0xFE40,0x2840,0x2860,0x5440,0x5440,0x9240,0x0000,0x3F80,0x4040,0x4040,0x3F80},{0xFE40,0x2840,0x2860,0x5440,0x5440,0x9240,0x0000,0x7FC0,0x0400,0x1B00,0x60C0},{0xFE40,0x2840,0x2860,0x5440,0x5440,0x9240,0x0040,0x0400,0x7FC0,0x1B00,0x60C0},
{0xFE40,0x2840,0x2860,0x5440,0x5440,0x9240,0x0000,0x7FC0,0x0040,0x7FC0,0x0040},{0xFE40,0x2840,0x2860,0x5440,0x9240,0x0000,0x7FC0,0x4000,0x7FC0,0x4000,0x7FC0},{0xFE40,0x2840,0x2860,0x5440,0x5440,0x9240,0x0000,0x7FC0,0x1100,0x1100,0x7FC0},{0xFE40,0x2840,0x2860,0x5440,0x5440,0x9240,0x0400,0x7FC0,0x1F00,0x2080,0x1F00},
{0xFF40,0x2940,0x2940,0x2940,0x2940,0x55C0,0x5540,0x5540,0x9340,0x9340,0x0140},{0xFF40,0x2940,0x29C0,0x5540,0x5540,0x9340,0x0000,0x7FC0,0x0040,0x0040,0x0040},{0xFF40,0x2940,0x29C0,0x5540,0x5540,0x9340,0x0000,0x7FC0,0x0440,0x0440,0x0440},{0xFF40,0x2940,0x29C0,0x5540,0x5540,0x9340,0x0000,0x7900,0x0900,0x0A80,0x0C40},
{0xFF40,0x2940,0x2940,0x55C0,0x5540,0x9340,0x0140,0x4140,0x4000,0x4000,0x7FC0},{0xFF40,0x2940,0x29C0,0x5540,0x5540,0x9340,0x0000,0x47C0,0x4100,0x4280,0x7C40},{0xFF40,0x2940,0x29C0,0x5540,0x5540,0x9340,0x0100,0x47C0,0x4380,0x4440,0x7B80},{0xFF40,0x2940,0x29C0,0x5540,0x5540,0x9340,0x0000,0x7FC0,0x4000,0x4000,0x7FC0},
{0xFF40,0x2940,0x29C0,0x5540,0x9340,0x0000,0x7FC0,0x0040,0x7FC0,0x4000,0x7FC0},{0xFF40,0x2940,0x29C0,0x5540,0x9340,0x0000,0x7BC0,0x0840,0x7840,0x4040,0x7840},{0xFF40,0x2940,0x29C0,0x5540,0x9340,0x0000,0x7BC0,0x0A40,0x7A40,0x4240,0x7BC0},{0xFF40,0x2940,0x29C0,0x5540,0x9340,0x0000,0x7A40,0x0A40,0x7BC0,0x4240,0x7BC0},
{0xFF40,0x2940,0x29C0,0x5540,0x9340,0x0000,0x7900,0x0900,0x7900,0x4280,0x7C40},{0xFF40,0x2940,0x29C0,0x5540,0x9340,0x0000,0x7BC0,0x0A00,0x7BC0,0x4200,0x7BC0},{0xFF40,0x2940,0x29C0,0x5540,0x9340,0x0000,0x7FC0,0x0A80,0x7A80,0x4280,0x7FC0},{0xFF40,0x2940,0x29C0,0x5540,0x9340,0x0000,0x7900,0x0FC0,0x7B80,0x4440,0x7B80},
{0xFF40,0x2940,0x29C0,0x5540,0x5540,0x9340,0x0000,0x7FC0,0x4040,0x4040,0x7FC0},{0xFF40,0x2940,0x29C0,0x5540,0x5540,0x9340,0x0000,0x4040,0x7FC0,0x4040,0x7FC0},{0xFF40,0x2940,0x29C0,0x5540,0x5540,0x9340,0x0000,0x4900,0x7900,0x4A80,0x7C40},{0xFF40,0x2940,0x2940,0x55C0,0x5540,0x9340,0x0140,0x0540,0x0400,0x1B00,0x60C0},
{0xFF40,0x2940,0x29C0,0x5540,0x5540,0x9340,0x0000,0x1100,0x1100,0x2A80,0x4440},{0xFF40,0x2940,0x29C0,0x5540,0x5540,0x9340,0x0000,0x3F80,0x4040,0x4040,0x3F80},{0xFF40,0x2940,0x29C0,0x5540,0x5540,0x9340,0x0000,0x7FC0,0x0400,0x1B00,0x60C0},{0xFF40,0x2940,0x29C0,0x5540,0x5540,0x9340,0x0140,0x0400,0x7FC0,0x1B00,0x60C0},
{0xFF40,0x2940,0x29C0,0x5540,0x5540,0x9340,0x0000,0x7FC0,0x0040,0x7FC0,0x0040},{0xFF40,0x2940,0x29C0,0x5540,0x9340,0x0000,0x7FC0,0x4000,0x7FC0,0x4000,0x7FC0},{0xFF40,0x2940,0x29C0,0x5540,0x5540,0x9340,0x0000,0x7FC0,0x1100,0x1100,0x7FC0},{0xFF40,0x2940,0x29C0,0x5540,0x5540,0x9340,0x0400,0x7FC0,0x1F00,0x2080,0x1F00},
{0xFE40,0x2840,0x2840,0x2860,0x2840,0x5440,0x5440,0x5460,0x9240,0x9240,0x0040},{0xFE40,0x2860,0x2840,0x5460,0x5440,0x9240,0x0000,0x7FC0,0x0040,0x0040,0x0040},{0xFE40,0x2860,0x2840,0x5460,0x5440,0x9240,0x0000,0x7FC0,0x0440,0x0440,0x0440},{0xFE40,0x2860,0x2840,0x5460,0x5440,0x9240,0x0040,0x7900,0x0900,0x0A80,0x0C40},
{0xFE40,0x2840,0x2860,0x5440,0x5460,0x9240,0x0040,0x4040,0x4000,0x4000,0x7FC0},{0xFE40,0x2860,0x2840,0x5460,0x5440,0x9240,0x0000,0x47C0,0x4100,0x4280,0x7C40},{0xFE40,0x2860,0x2840,0x5460,0x5440,0x9240,0x0100,0x47C0,0x4380,0x4440,0x7B80},{0xFE40,0x2860,0x2840,0x5460,0x5440,0x9240,0x0000,0x7FC0,0x4000,0x4000,0x7FC0},
{0xFE40,0x2860,0x2840,0x5460,0x9240,0x0000,0x7FC0,0x0040,0x7FC0,0x4000,0x7FC0},{0xFE40,0x2860,0x2840,0x5460,0x9240,0x0000,0x7BC0,0x0840,0x7840,0x4040,0x7840},{0xFE40,0x2860,0x2840,0x5460,0x9240,0x0000,0x7BC0,0x0A40,0x7A40,0x4240,0x7BC0},{0xFE40,0x2860,0x2840,0x5460,0x9240,0x0000,0x7A40,0x0A40,0x7BC0,0x4240,0x7BC0},
{0xFE40,0x2860,0x2840,0x5460,0x9240,0x0040,0x7900,0x0900,0x7900,0x4280,0x7C40},{0xFE40,0x2860,0x2840,0x5460,0x9240,0x0000,0x7BC0,0x0A00,0x7BC0,0x4200,0x7BC0},{0xFE40,0x2860,0x2840,0x5460,0x9240,0x0000,0x7FC0,0x0A80,0x7A80,0x4280,0x7FC0},{0xFE40,0x2860,0x2840,0x5460,0x9240,0x0040,0x7900,0x0FC0,0x7B80,0x4440,0x7B80},
{0xFE40,0x2860,0x2840,0x5460,0x5440,0x9240,0x0000,0x7FC0,0x4040,0x4040,0x7FC0},{0xFE40,0x2860,0x2840,0x5460,0x5440,0x9240,0x0000,0x4040,0x7FC0,0x4040,0x7FC0},{0xFE40,0x2860,0x2840,0x5460,0x5440,0x9240,0x0040,0x4900,0x7900,0x4A80,0x7C40},{0xFE40,0x2840,0x2860,0x5440,0x5460,0x9240,0x0040,0x0440,0x0400,0x1B00,0x60C0},
{0xFE40,0x2860,0x2840,0x5460,0x5440,0x9240,0x0040,0x1100,0x1100,0x2A80,0x4440},{0xFE40,0x2860,0x2840,0x5460,0x5440,0x9240,0x0000,0x3F80,0x4040,0x4040,0x3F80},{0xFE40,0x2860,0x2840,0x5460,0x5440,0x9240,0x0000,0x7FC0,0x0400,0x1B00,0x60C0},{0xFE40,0x2860,0x2840,0x5460,0x5440,0x9240,0x0040,0x0400,0x7FC0,0x1B00,0x60C0},
{0xFE40,0x2860,0x2840,0x5460,0x5440,0x9240,0x0000,0x7FC0,0x0040,0x7FC0,0x0040},{0xFE40,0x2860,0x2840,0x5460,0x9240,0x0000,0x7FC0,0x4000,0x7FC0,0x4000,0x7FC0},{0xFE40,0x2860,0x2840,0x5460,0x5440,0x9240,0x0000,0x7FC0,0x1100,0x1100,0x7FC0},{0xFE40,0x2860,0x2840,0x5460,0x5440,0x9240,0x0400,0x7FC0,0x1F00,0x2080,0x1F00},
{0xFF40,0x2940,0x2940,0x29C0,0x2940,0x5540,0x5540,0x55C0,0x9340,0x9340,0x0140},{0xFF40,0x29C0,0x2940,0x55C0,0x5540,0x9340,0x0000,0x7FC0,0x0040,0x0040,0x0040},{0xFF40,0x29C0,0x2940,0x55C0,0x5540,0x9340,0x0000,0x7FC0,0x0440,0x0440,0x0440},{0xFF40,0x29C0,0x2940,0x55C0,0x5540,0x9340,0x0000,0x7900,0x0900,0x0A80,0x0C40},
{0xFF40,0x2940,0x29C0,0x5540,0x55C0,0x9340,0x0140,0x4140,0x4000,0x4000,0x7FC0},{0xFF40,0x29C0,0x2940,0x55C0,0x5540,0x9340,0x0000,0x47C0,0x4100,0x4280,0x7C40},{0xFF40,0x29C0,0x2940,0x55C0,0x5540,0x9340,0x0100,0x47C0,0x4380,0x4440,0x7B80},{0xFF40,0x29C0,0x2940,0x55C0,0x5540,0x9340,0x0000,0x7FC0,0x4000,0x4000,0x7FC0},
{0xFF40,0x29C0,0x2940,0x55C0,0x9340,0x0000,0x7FC0,0x0040,0x7FC0,0x4000,0x7FC0},{0xFF40,0x29C0,0x2940,0x55C0,0x9340,0x0000,0x7BC0,0x0840,0x7840,0x4040,0x7840},{0xFF40,0x29C0,0x2940,0x55C0,0x9340,0x0000,0x7BC0,0x0A40,0x7A40,0x4240,0x7BC0},{0xFF40,0x29C0,0x2940,0x55C0,0x9340,0x0000,0x7A40,0x0A40,0x7BC0,0x4240,0x7BC0},
{0xFF40,0x29C0,0x2940,0x55C0,0x9340,0x0000,0x7900,0x0900,0x7900,0x4280,0x7C40},{0xFF40,0x29C0,0x2940,0x55C0,0x9340,0x0000,0x7BC0,0x0A00,0x7BC0,0x4200,0x7BC0},{0xFF40,0x29C0,0x2940,0x55C0,0x9340,0x0000,0x7FC0,0x0A80,0x7A80,0x4280,0x7FC0},{0xFF40,0x29C0,0x2940,0x55C0,0x9340,0x0000,0x7900,0x0FC0,0x7B80,0x4440,0x7B80},
{0xFF40,0x29C0,0x2940,0x55C0,0x5540,0x9340,0x0000,0x7FC0,0x4040,0x4040,0x7FC0},{0xFF40,0x29C0,0x2940,0x55C0,0x5540,0x9340,0x0000,0x4040,0x7FC0,0x4040,0x7FC0},{0xFF40,0x29C0,0x2940,0x55C0,0x5540,0x9340,0x0000,0x4900,0x7900,0x4A80,0x7C40},{0xFF40,0x2940,0x29C0,0x5540,0x55C0,0x9340,0x0140,0x0540,0x0400,0x1B00,0x60C0},
{0xFF40,0x29C0,0x2940,0x55C0,0x5540,0x9340,0x0000,0x1100,0x1100,0x2A80,0x4440},{0xFF40,0x29C0,0x2940,0x55C0,0x5540,0x9340,0x0000,0x3F80,0x4040,0x4040,0x3F80},{0xFF40,0x29C0,0x2940,0x55C0,0x5540,0x9340,0x0000,0x7FC0,0x0400,0x1B00,0x60C0},{0xFF40,0x29C0,0x2940,0x55C0,0x5540,0x9340,0x0140,0x0400,0x7FC0,0x1B00,0x60C0},
{0xFF40,0x29C0,0x2940,0x55C0,0x5540,0x9340,0x0000,0x7FC0,0x0040,0x7FC0,0x0040},{0xFF40,0x29C0,0x2940,0x55C0,0x9340,0x0000,0x7FC0,0x4000,0x7FC0,0x4000,0x7FC0},{0xFF40,0x29C0,0x2940,0x55C0,0x5540,0x9340,0x0000,0x7FC0,0x1100,0x1100,0x7FC0},{0xFF40,0x29C0,0x2940,0x55C0,0x5540,0x9340,0x0400,0x7FC0,0x1F00,0x2080,0x1F00},
{0xFE40,0x2840,0x2840,0x2840,0x29C0,0x5440,0x5440,0x5440,0x9240,0x9240,0x0040},{0xFE40,0x2840,0x29C0,0x5440,0x5440,0x9240,0x0000,0x7FC0,0x0040,0x0040,0x0040},{0xFE40,0x2840,0x29C0,0x5440,0x5440,0x9240,0x0000,0x7FC0,0x0440,0x0440,0x0440},{0xFE40,0x2840,0x29C0,0x5440,0x5440,0x9240,0x0040,0x7900,0x0900,0x0A80,0x0C40},
{0xFE40,0x2840,0x29C0,0x5440,0x5440,0x9240,0x0040,0x4040,0x4000,0x4000,0x7FC0},{0xFE40,0x2840,0x29C0,0x5440,0x5440,0x9240,0x0000,0x47C0,0x4100,0x4280,0x7C40},{0xFE40,0x2840,0x29C0,0x5440,0x5440,0x9240,0x0100,0x47C0,0x4380,0x4440,0x7B80},{0xFE40,0x2840,0x29C0,0x5440,0x5440,0x9240,0x0000,0x7FC0,0x4000,0x4000,0x7FC0},
{0xFE40,0x2840,0x29C0,0x5440,0x9240,0x0000,0x7FC0,0x0040,0x7FC0,0x4000,0x7FC0},{0xFE40,0x2840,0x29C0,0x5440,0x9240,0x0000,0x7BC0,0x0840,0x7840,0x4040,0x7840},{0xFE40,0x2840,0x29C0,0x5440,0x9240,0x0000,0x7BC0,0x0A40,0x7A40,0x4240,0x7BC0},{0xFE40,0x2840,0x29C0,0x5440,0x9240,0x0000,0x7A40,0x0A40,0x7BC0,0x4240,0x7BC0},
{0xFE40,0x2840,0x29C0,0x5440,0x9240,0x0040,0x7900,0x0900,0x7900,0x4280,0x7C40},{0xFE40,0x2840,0x29C0,0x5440,0x9240,0x0000,0x7BC0,0x0A00,0x7BC0,0x4200,0x7BC0},{0xFE40,0x2840,0x29C0,0x5440,0x9240,0x0000,0x7FC0,0x0A80,0x7A80,0x4280,0x7FC0},{0xFE40,0x2840,0x29C0,0x5440,0x9240,0x0040,0x7900,0x0FC0,0x7B80,0x4440,0x7B80},
{0xFE40,0x2840,0x29C0,0x5440,0x5440,0x9240,0x0000,0x7FC0,0x4040,0x4040,0x7FC0},{0xFE40,0x2840,0x29C0,0x5440,0x5440,0x9240,0x0000,0x4040,0x7FC0,0x4040,0x7FC0},{0xFE40,0x2840,0x29C0,0x5440,0x5440,0x9240,0x0040,0x4900,0x7900,0x4A80,0x7C40},{0xFE40,0x2840,0x29C0,0x5440,0x5440,0x9240,0x0040,0x0440,0x0400,0x1B00,0x60C0},
{0xFE40,0x2840,0x29C0,0x5440,0x5440,0x9240,0x0040,0x1100,0x1100,0x2A80,0x4440},{0xFE40,0x2840,0x29C0,0x5440,0x5440,0x9240,0x0000,0x3F80,0x4040,0x4040,0x3F80},{0xFE40,0x2840,0x29C0,0x5440,0x5440,0x9240,0x0000,0x7FC0,0x0400,0x1B00,0x60C0},{0xFE40,0x2840,0x29C0,0x5440,0x5440,0x9240,0x0040,0x0400,0x7FC0,0x1B00,0x60C0},
{0xFE40,0x2840,0x29C0,0x5440,0x5440,0x9240,0x0000,0x7FC0,0x0040,0x7FC0,0x0040},{0xFE40,0x2840,0x29C0,0x5440,0x9240,0x0000,0x7FC0,0x4000,0x7FC0,0x4000,0x7FC0},{0xFE40,0x2840,0x29C0,0x5440,0x5440,0x9240,0x0000,0x7FC0,0x1100,0x1100,0x7FC0},{0xFE40,0x2840,0x29C0,0x5440,0x5440,0x9240,0x0400,0x7FC0,0x1F00,0x2080,0x1F00},
{0xF940,0x5140,0x5140,0x5140,0x5740,0xA940,0xA940,0xA940,0xA940,0xA940,0x0140},{0xF940,0x5140,0x5740,0xA940,0xA940,0xA940,0x0000,0x7FC0,0x0040,0x0040,0x0040},{0xF940,0x5140,0x5740,0xA940,0xA940,0xA940,0x0000,0x7FC0,0x0440,0x0440,0x0440},{0xF940,0x5140,0x5740,0xA940,0xA940,0xA940,0x0000,0x7900,0x0900,0x0A80,0x0C40},
{0xF940,0x5140,0x5140,0xAF40,0xA940,0xA940,0x0140,0x4140,0x4000,0x4000,0x7FC0},{0xF940,0x5140,0x5740,0xA940,0xA940,0xA940,0x0000,0x47C0,0x4100,0x4280,0x7C40},{0xF940,0x5140,0x5740,0xA940,0xA940,0xA940,0x0100,0x47C0,0x4380,0x4440,0x7B80},{0xF940,0x5140,0x5740,0xA940,0xA940,0xA940,0x0000,0x7FC0,0x4000,0x4000,0x7FC0},
{0xF940,0x5140,0x5740,0xA940,0xA940,0x0000,0x7FC0,0x0040,0x7FC0,0x4000,0x7FC0},{0xF940,0x5140,0x5740,0xA940,0xA940,0x0000,0x7BC0,0x0840,0x7840,0x4040,0x7840},{0xF940,0x5140,0x5740,0xA940,0xA940,0x0000,0x7BC0,0x0A40,0x7A40,0x4240,0x7BC0},{0xF940,0x5140,0x5740,0xA940,0xA940,0x0000,0x7A40,0x0A40,0x7BC0,0x4240,0x7BC0},
{0xF940,0x5140,0x5740,0xA940,0xA940,0x0000,0x7900,0x0900,0x7900,0x4280,0x7C40},{0xF940,0x5140,0x5740,0xA940,0xA940,0x0000,0x7BC0,0x0A00,0x7BC0,0x4200,0x7BC0},{0xF940,0x5140,0x5740,0xA940,0xA940,0x0000,0x7FC0,0x0A80,0x7A80,0x4280,0x7FC0},{0xF940,0x5140,0x5740,0xA940,0xA940,0x0000,0x7900,0x0FC0,0x7B80,0x4440,0x7B80},
{0xF940,0x5140,0x5740,0xA940,0xA940,0xA940,0x0000,0x7FC0,0x4040,0x4040,0x7FC0},{0xF940,0x5140,0x5740,0xA940,0xA940,0xA940,0x0000,0x4040,0x7FC0,0x4040,0x7FC0},{0xF940,0x5140,0x5740,0xA940,0xA940,0xA940,0x0000,0x4900,0x7900,0x4A80,0x7C40},{0xF940,0x5140,0x5140,0xAF40,0xA940,0xA940,0x0140,0x0540,0x0400,0x1B00,0x60C0},
{0xF940,0x5140,0x5740,0xA940,0xA940,0xA940,0x0000,0x1100,0x1100,0x2A80,0x4440},{0xF940,0x5140,0x5740,0x5140,0xA940,0xA940,0x0000,0x3F80,0x4040,0x4040,0x3F80},{0xF940,0x5140,0x5740,0xA940,0xA940,0xA940,0x0000,0x7FC0,0x0400,0x1B00,0x60C0},{0xF940,0x5140,0x5740,0xA940,0xA940,0xA940,0x0140,0x0400,0x7FC0,0x1B00,0x60C0},
{0xF940,0x5140,0x5740,0xA940,0xA940,0xA940,0x0000,0x7FC0,0x0040,0x7FC0,0x0040},{0xF940,0x5140,0x5740,0xA940,0xA940,0x0000,0x7FC0,0x4000,0x7FC0,0x4000,0x7FC0},{0xF940,0x5140,0x5740,0xA940,0xA940,0xA940,0x0000,0x7FC0,0x1100,0x1100,0x7FC0},{0xF940,0x5140,0x5740,0xA940,0xA940,0xA940,0x0400,0x7FC0,0x1F00,0x2080,0x1F00},
{0xFE40,0x2840,0x2840,0x29C0,0x2840,0x5440,0x55C0,0x5440,0x9240,0x9240,0x0040},{0xFE40,0x29C0,0x2840,0x55C0,0x5440,0x9240,0x0000,0x7FC0,0x0040,0x0040,0x0040},{0xFE40,0x29C0,0x2840,0x55C0,0x5440,0x9240,0x0000,0x7FC0,0x0440,0x0440,0x0440},{0xFE40,0x29C0,0x2840,0x55C0,0x5440,0x9240,0x0040,0x7900,0x0900,0x0A80,0x0C40},
{0xFE40,0x2840,0x29C0,0x5440,0x55C0,0x9240,0x0040,0x4040,0x4000,0x4000,0x7FC0},{0xFE40,0x29C0,0x2840,0x55C0,0x5440,0x9240,0x0000,0x47C0,0x4100,0x4280,0x7C40},{0xFE40,0x29C0,0x2840,0x55C0,0x5440,0x9240,0x0100,0x47C0,0x4380,0x4440,0x7B80},{0xFE40,0x29C0,0x2840,0x55C0,0x5440,0x9240,0x0000,0x7FC0,0x4000,0x4000,0x7FC0},
{0xFE40,0x29C0,0x2840,0x55C0,0x9240,0x0000,0x7FC0,0x0040,0x7FC0,0x4000,0x7FC0},{0xFE40,0x29C0,0x2840,0x55C0,0x9240,0x0000,0x7BC0,0x0840,0x7840,0x4040,0x7840},{0xFE40,0x29C0,0x2840,0x55C0,0x9240,0x0000,0x7BC0,0x0A40,0x7A40,0x4240,0x7BC0},{0xFE40,0x29C0,0x2840,0x55C0,0x9240,0x0000,0x7A40,0x0A40,0x7BC0,0x4240,0x7BC0},
{0xFE40,0x29C0,0x2840,0x55C0,0x9240,0x0040,0x7900,0x0900,0x7900,0x4280,0x7C40},{0xFE40,0x29C0,0x2840,0x55C0,0x9240,0x0000,0x7BC0,0x0A00,0x7BC0,0x4200,0x7BC0},{0xFE40,0x29C0,0x2840,0x55C0,0x9240,0x0000,0x7FC0,0x0A80,0x7A80,0x4280,0x7FC0},{0xFE40,0x29C0,0x2840,0x55C0,0x9240,0x0040,0x7900,0x0FC0,0x7B80,0x4440,0x7B80},
{0xFE40,0x29C0,0x2840,0x55C0,0x5440,0x9240,0x0000,0x7FC0,0x4040,0x4040,0x7FC0},{0xFE40,0x29C0,0x2840,0x55C0,0x5440,0x9240,0x0000,0x4040,0x7FC0,0x4040,0x7FC0},{0xFE40,0x29C0,0x2840,0x55C0,0x5440,0x9240,0x0040,0x4900,0x7900,0x4A80,0x7C40},{0xFE40,0x2840,0x29C0,0x5440,0x55C0,0x9240,0x0040,0x0440,0x0400,0x1B00,0x60C0},
{0xFE40,0x29C0,0x2840,0x55C0,0x5440,0x9240,0x0040,0x1100,0x1100,0x2A80,0x4440},{0xFE40,0x29C0,0x2840,0x55C0,0x5440,0x9240,0x0000,0x3F80,0x4040,0x4040,0x3F80},{0xFE40,0x29C0,0x2840,0x55C0,0x5440,0x9240,0x0000,0x7FC0,0x0400,0x1B00,0x60C0},{0xFE40,0x29C0,0x2840,0x55C0,0x5440,0x9240,0x0040,0x0400,0x7FC0,0x1B00,0x60C0},
{0xFE40,0x29C0,0x2840,0x55C0,0x5440,0x9240,0x0000,0x7FC0,0x0040,0x7FC0,0x0040},{0xFE40,0x29C0,0x2840,0x55C0,0x9240,0x0000,0x7FC0,0x4000,0x7FC0,0x4000,0x7FC0},{0xFE40,0x29C0,0x2840,0x55C0,0x5440,0x9240,0x0000,0x7FC0,0x1100,0x1100,0x7FC0},{0xFE40,0x29C0,0x2840,0x55C0,0x5440,0x9240,0x0400,0x7FC0,0x1F00,0x2080,0x1F00},
{0xF940,0x5140,0x5140,0x5740,0x5140,0xA940,0xAF40,0xA940,0xA940,0xA940,0x0140},{0xF940,0x5740,0x5140,0xAF40,0xA940,0xA940,0x0000,0x7FC0,0x0040,0x0040,0x0040},{0xF940,0x5740,0x5140,0xAF40,0xA940,0xA940,0x0000,0x7FC0,0x0440,0x0440,0x0440},{0xF940,0x5740,0x5140,0xAF40,0xA940,0xA940,0x0000,0x7900,0x0900,0x0A80,0x0C40},
{0xF940,0x5140,0x5740,0xA940,0xAF40,0xA940,0x0140,0x4140,0x4000,0x4000,0x7FC0},{0xF940,0x5740,0x5140,0xAF40,0xA940,0xA940,0x0000,0x47C0,0x4100,0x4280,0x7C40},{0xF940,0x5740,0x5140,0xAF40,0xA940,0xA940,0x0100,0x47C0,0x4380,0x4440,0x7B80},{0xF940,0x5740,0x5140,0xAF40,0xA940,0xA940,0x0000,0x7FC0,0x4000,0x4000,0x7FC0},
{0xF940,0x5740,0x5140,0xAF40,0xA940,0x0000,0x7FC0,0x0040,0x7FC0,0x4000,0x7FC0},{0xF940,0x5740,0x5140,0xAF40,0xA940,0x0000,0x7BC0,0x0840,0x7840,0x4040,0x7840},{0xF940,0x5740,0x5140,0xAF40,0xA940,0x0000,0x7BC0,0x0A40,0x7A40,0x4240,0x7BC0},{0xF940,0x5740,0x5140,0xAF40,0xA940,0x0000,0x7A40,0x0A40,0x7BC0,0x4240,0x7BC0},
{0xF940,0x5740,0x5140,0xAF40,0xA940,0x0000,0x7900,0x0900,0x7900,0x4280,0x7C40},{0xF940,0x5740,0x5140,0xAF40,0xA940,0x0000,0x7BC0,0x0A00,0x7BC0,0x4200,0x7BC0},{0xF940,0x5740,0x5140,0xAF40,0xA940,0x0000,0x7FC0,0x0A80,0x7A80,0x4280,0x7FC0},{0xF940,0x5740,0x5140,0xAF40,0xA940,0x0000,0x7900,0x0FC0,0x7B80,0x4440,0x7B80},
{0xF940,0x5740,0x5140,0xAF40,0xA940,0xA940,0x0000,0x7FC0,0x4040,0x4040,0x7FC0},{0xF940,0x5740,0x5140,0xAF40,0xA940,0xA940,0x0000,0x4040,0x7FC0,0x4040,0x7FC0},{0xF940,0x5740,0x5140,0xAF40,0xA940,0xA940,0x0000,0x4900,0x7900,0x4A80,0x7C40},{0xF940,0x5140,0x5740,0xA940,0xAF40,0xA940,0x0140,0x0540,0x0400,0x1B00,0x60C0},
{0xF940,0x5740,0x5140,0xAF40,0xA940,0xA940,0x0000,0x1100,0x1100,0x2A80,0x4440},{0xF940,0x5740,0x5140,0xAF40,0xA940,0xA940,0x0000,0x3F80,0x4040,0x4040,0x3F80},{0xF940,0x5740,0x5140,0xAF40,0xA940,0xA940,0x0000,0x7FC0,0x0400,0x1B00,0x60C0},{0xF940,0x5740,0x5140,0xAF40,0xA940,0xA940,0x0140,0x0400,0x7FC0,0x1B00,0x60C0},
{0xF940,0x5740,0x5140,0xAF40,0xA940,0xA940,0x0000,0x7FC0,0x0040,0x7FC0,0x0040},{0xF940,0x5740,0x5140,0xAF40,0xA940,0x0000,0x7FC0,0x4000,0x7FC0,0x4000,0x7FC0},{0xF940,0x5740,0x5140,0xAF40,0xA940,0xA940,0x0000,0x7FC0,0x1100,0x1100,0x7FC0},{0xF940,0x5740,0x5140,0xAF40,0xA940,0xA940,0x0400,0x7FC0,0x1F00,0x2080,0x1F00},
{0x7FC0,0x1100,0x1100,0x2A80,0x2A80,0x4440,0x4040,0x0400,0x0400,0xFFE0,0x0000},{0x7FC0,0x1100,0x2A80,0x4040,0x0400,0xFFE0,0x0000,0x7FC0,0x0040,0x0040,0x0040},{0x7FC0,0x1100,0x2A80,0x4040,0x0400,0xFFE0,0x0000,0x7FC0,0x0440,0x0440,0x0440},{0x7FC0,0x1100,0x2A80,0x4040,0x0400,0xFFE0,0x0000,0x7900,0x0900,0x0A80,0x0C40},
{0x7FC0,0x1100,0x2A80,0x4040,0x0400,0xFFE0,0x0000,0x4000,0x4000,0x4000,0x7FC0},{0x7FC0,0x1100,0x2A80,0x4040,0x0400,0xFFE0,0x0000,0x47C0,0x4100,0x4280,0x7C40},{0x7FC0,0x1100,0x2A80,0x4040,0x0400,0xFFE0,0x0100,0x47C0,0x4380,0x4440,0x7B80},{0x7FC0,0x1100,0x2A80,0x4040,0x0400,0xFFE0,0x0000,0x7FC0,0x4000,0x4000,0x7FC0},
{0x7FC0,0x1100,0x6EC0,0x0400,0xFFE0,0x0000,0x7FC0,0x0040,0x7FC0,0x4000,0x7FC0},{0x7FC0,0x1100,0x6EC0,0x0400,0xFFE0,0x0000,0x7BC0,0x0840,0x7840,0x4040,0x7840},{0x7FC0,0x1100,0x6EC0,0x0400,0xFFE0,0x0000,0x7BC0,0x0A40,0x7A40,0x4240,0x7BC0},{0x7FC0,0x1100,0x6EC0,0x0400,0xFFE0,0x0000,0x7A40,0x0A40,0x7BC0,0x4240,0x7BC0},
{0x7FC0,0x1100,0x6EC0,0x0400,0xFFE0,0x0000,0x7900,0x0900,0x7900,0x4280,0x7C40},{0x7FC0,0x1100,0x6EC0,0x0400,0xFFE0,0x0000,0x7BC0,0x0A00,0x7BC0,0x4200,0x7BC0},{0x7FC0,0x1100,0x6EC0,0x0400,0xFFE0,0x0000,0x7FC0,0x0A80,0x7A80,0x4280,0x7FC0},{0x7FC0,0x1100,0x6EC0,0x0400,0xFFE0,0x0000,0x7900,0x0FC0,0x7B80,0x4440,0x7B80},
{0x7FC0,0x1100,0x2A80,0x4040,0x0400,0xFFE0,0x0000,0x7FC0,0x4040,0x4040,0x7FC0},{0x7FC0,0x1100,0x2A80,0x4040,0x0400,0xFFE0,0x0000,0x4040,0x7FC0,0x4040,0x7FC0},{0x7FC0,0x1100,0x2A80,0x4040,0x0400,0xFFE0,0x0000,0x4900,0x7900,0x4A80,0x7C40},{0x7FC0,0x1100,0x2A80,0x4040,0x0400,0xFFE0,0x0000,0x0400,0x0400,0x1B00,0x60C0},
{0x7FC0,0x1100,0x2A80,0x4040,0x0400,0xFFE0,0x0000,0x1100,0x1100,0x2A80,0x4440},{0x7FC0,0x1100,0x2A80,0x4040,0x0400,0xFFE0,0x0000,0x3F80,0x4040,0x4040,0x3F80},{0x7FC0,0x1100,0x2A80,0x4040,0x0400,0xFFE0,0x0000,0x7FC0,0x0400,0x1B00,0x60C0},{0x7FC0,0x1100,0x2A80,0x4040,0x0400,0xFFE0,0x0000,0x0400,0x7FC0,0x1B00,0x60C0},
{0x7FC0,0x1100,0x2A80,0x4040,0x0400,0xFFE0,0x0000,0x7FC0,0x0040,0x7FC0,0x0040},{0x7FC0,0x1100,0x6EC0,0x0400,0xFFE0,0x0000,0x7FC0,0x4000,0x7FC0,0x4000,0x7FC0},{0x7FC0,0x1100,0x2A80,0x4040,0x0400,0xFFE0,0x0000,0x7FC0,0x1100,0x1100,0x7FC0},{0x7FC0,0x1100,0x2A80,0x4040,0x0400,0xFFE0,0x0400,0x7FC0,0x1F00,0x2080,0x1F00},
{0xFE40,0x2840,0x2840,0x5440,0x5440,0x9260,0x0040,0x1040,0x1040,0xFF40,0x0040},{0xFE40,0x2840,0x5460,0x8240,0x1040,0xFF40,0x0000,0x7FC0,0x0040,0x0040,0x0040},{0xFE40,0x2840,0x5460,0x8240,0x1040,0xFF40,0x0000,0x7FC0,0x0440,0x0440,0x0440},{0xFE40,0x2840,0x5460,0x8240,0x1040,0xFF40,0x0040,0x7900,0x0900,0x0A80,0x0C40},
{0xFE40,0x2840,0x5440,0x8260,0x1040,0xFF40,0x0040,0x4040,0x4000,0x4000,0x7FC0},{0xFE40,0x2840,0x5460,0x8240,0x1040,0xFF40,0x0000,0x47C0,0x4100,0x4280,0x7C40},{0xFE40,0x2840,0x5460,0x8240,0x1040,0xFF40,0x0100,0x47C0,0x4380,0x4440,0x7B80},{0xFE40,0x2840,0x5460,0x8240,0x1040,0xFF40,0x0000,0x7FC0,0x4000,0x4000,0x7FC0},
{0xFE40,0x2840,0xD660,0x1040,0xFF40,0x0000,0x7FC0,0x0040,0x7FC0,0x4000,0x7FC0},{0xFE40,0x2840,0xD660,0x1040,0xFF40,0x0000,0x7BC0,0x0840,0x7840,0x4040,0x7840},{0xFE40,0x2840,0xD660,0x1040,0xFF40,0x0000,0x7BC0,0x0A40,0x7A40,0x4240,0x7BC0},{0xFE40,0x2840,0xD660,0x1040,0xFF40,0x0000,0x7A40,0x0A40,0x7BC0,0x4240,0x7BC0},
{0xFE40,0x2840,0xD660,0x1040,0xFF40,0x0040,0x7900,0x0900,0x7900,0x4280,0x7C40},{0xFE40,0x2840,0xD660,0x1040,0xFF40,0x0000,0x7BC0,0x0A00,0x7BC0,0x4200,0x7BC0},{0xFE40,0x2840,0xD660,0x1040,0xFF40,0x0000,0x7FC0,0x0A80,0x7A80,0x4280,0x7FC0},{0xFE40,0x2840,0xD660,0x1040,0xFF40,0x0040,0x7900,0x0FC0,0x7B80,0x4440,0x7B80},
{0xFE40,0x2840,0x5460,0x8240,0x1040,0xFF40,0x0000,0x7FC0,0x4040,0x4040,0x7FC0},{0xFE40,0x2840,0x5460,0x8240,0x1040,0xFF40,0x0000,0x4040,0x7FC0,0x4040,0x7FC0},{0xFE40,0x2840,0x5460,0x8240,0x1040,0xFF40,0x0000,0x4900,0x7900,0x4A80,0x7C40},{0xFE40,0x2840,0x5440,0x8260,0x1040,0xFF40,0x0040,0x0440,0x0400,0x1B00,0x60C0},
{0xFE40,0x2840,0x5460,0x8240,0x1040,0xFF40,0x0040,0x1100,0x1100,0x2A80,0x4440},{0xFE40,0x2840,0x5460,0x8240,0x1040,0xFF40,0x0000,0x3F80,0x4040,0x4040,0x3F80},{0xFE40,0x2840,0x5460,0x8240,0x1040,0xFF40,0x0000,0x7FC0,0x0400,0x1B00,0x60C0},{0xFE40,0x2840,0x5460,0x8240,0x1040,0xFF40,0x0040,0x0400,0x7FC0,0x1B00,0x60C0},
{0xFE40,0x2840,0x5460,0x8240,0x1040,0xFF40,0x0000,0x7FC0,0x0040,0x7FC0,0x0040},{0xFE40,0x2840,0xD660,0x1040,0xFF40,0x0000,0x7FC0,0x4000,0x7FC0,0x4000,0x7FC0},{0xFE40,0x2840,0x5460,0x8240,0x1040,0xFF40,0x0000,0x7FC0,0x1100,0x1100,0x7FC0},{0xFE40,0x2840,0x5460,0x8240,0x1040,0xFF40,0x0400,0x7FC0,0x1F00,0x2080,0x1F00},
{0xFF40,0x2940,0x2940,0x5540,0x5540,0x93C0,0x0140,0x1140,0x1140,0xFF40,0x0140},{0xFF40,0x2940,0x55C0,0x8340,0x1140,0xFF40,0x0000,0x7FC0,0x0040,0x0040,0x0040},{0xFF40,0x2940,0x55C0,0x8340,0x1140,0xFF40,0x0000,0x7FC0,0x0440,0x0440,0x0440},{0xFF40,0x2940,0x55C0,0x8340,0x1140,0xFF40,0x0000,0x7900,0x0900,0x0A80,0x0C40},
{0xFF40,0x2940,0x5540,0x83C0,0x1140,0xFF40,0x0140,0x4140,0x4000,0x4000,0x7FC0},{0xFF40,0x2940,0x55C0,0x8340,0x1140,0xFF40,0x0000,0x47C0,0x4100,0x4280,0x7C40},{0xFF40,0x2940,0x55C0,0x8340,0x1140,0xFF40,0x0100,0x47C0,0x4380,0x4440,0x7B80},{0xFF40,0x2940,0x55C0,0x8340,0x1140,0xFF40,0x0000,0x7FC0,0x4000,0x4000,0x7FC0},
{0xFF40,0x2940,0xD7C0,0x1140,0xFF40,0x0000,0x7FC0,0x0040,0x7FC0,0x4000,0x7FC0},{0xFF40,0x2940,0xD7C0,0x1140,0xFF40,0x0000,0x7BC0,0x0840,0x7840,0x4040,0x7840},{0xFF40,0x2940,0xD7C0,0x1140,0xFF40,0x0000,0x7BC0,0x0A40,0x7A40,0x4240,0x7BC0},{0xFF40,0x2940,0xD7C0,0x1140,0xFF40,0x0000,0x7A40,0x0A40,0x7BC0,0x4240,0x7BC0},
{0xFF40,0x2940,0xD7C0,0x1140,0xFF40,0x0000,0x7900,0x0900,0x7900,0x4280,0x7C40},{0xFF40,0x2940,0xD7C0,0x1140,0xFF40,0x0000,0x7BC0,0x0A00,0x7BC0,0x4200,0x7BC0},{0xFF40,0x2940,0xD7C0,0x1140,0xFF40,0x0000,0x7FC0,0x0A80,0x7A80,0x4280,0x7FC0},{0xFF40,0x2940,0xD7C0,0x1140,0xFF40,0x0000,0x7900,0x0FC0,0x7B80,0x4440,0x7B80},
{0xFF40,0x2940,0x55C0,0x8340,0x1140,0xFF40,0x0000,0x7FC0,0x4040,0x4040,0x7FC0},{0xFF40,0x2940,0x55C0,0x8340,0x1140,0xFF40,0x0000,0x4040,0x7FC0,0x4040,0x7FC0},{0xFF40,0x2940,0x55C0,0x8340,0x1140,0xFF40,0x0000,0x4900,0x7900,0x4A80,0x7C40},{0xFF40,0x2940,0x5540,0x83C0,0x1140,0xFF40,0x0140,0x0540,0x0400,0x1B00,0x60C0},
{0xFF40,0x2940,0x55C0,0x8340,0x1140,0xFF40,0x0000,0x1100,0x1100,0x2A80,0x4440},{0xFF40,0x2940,0x55C0,0x8340,0x1140,0xFF40,0x0000,0x3F80,0x4040,0x4040,0x3F80},{0xFF40,0x2940,0x55C0,0x8340,0x1140,0xFF40,0x0000,0x7FC0,0x0400,0x1B00,0x60C0},{0xFF40,0x2940,0x55C0,0x8340,0x1140,0xFF40,0x0140,0x0400,0x7FC0,0x1B00,0x60C0},
{0xFF40,0x2940,0x55C0,0x8340,0x1140,0xFF40,0x0000,0x7FC0,0x0040,0x7FC0,0x0040},{0xFF40,0x2940,0xD7C0,0x1140,0xFF40,0x0000,0x7FC0,0x4000,0x7FC0,0x4000,0x7FC0},{0xFF40,0x2940,0x55C0,0x8340,0x1140,0xFF40,0x0000,0x7FC0,0x1100,0x1100,0x7FC0},{0xFF40,0x2940,0x55C0,0x8340,0x1140,0xFF40,0x0400,0x7FC0,0x1F00,0x2080,0x1F00},
{0xFE40,0x2840,0x2840,0x5440,0x5440,0x9240,0x0040,0x1040,0x1040,0xFF40,0x0040},{0xFE40,0x2840,0x5440,0x8240,0x1040,0xFF40,0x0000,0x7FC0,0x0040,0x0040,0x0040},{0xFE40,0x2840,0x5440,0x8240,0x1040,0xFF40,0x0000,0x7FC0,0x0440,0x0440,0x0440},{0xFE40,0x2840,0x5440,0x8240,0x1040,0xFF40,0x0040,0x7900,0x0900,0x0A80,0x0C40},
{0xFE40,0x2840,0x5440,0x8240,0x1040,0xFF40,0x0040,0x4040,0x4000,0x4000,0x7FC0},{0xFE40,0x2840,0x5440,0x8240,0x1040,0xFF40,0x0000,0x47C0,0x4100,0x4280,0x7C40},{0xFE40,0x2840,0x5440,0x8240,0x1040,0xFF40,0x0100,0x47C0,0x4380,0x4440,0x7B80},{0xFE40,0x2840,0x5440,0x8240,0x1040,0xFF40,0x0000,0x7FC0,0x4000,0x4000,0x7FC0},
{0xFE40,0x2840,0xD640,0x1040,0xFF40,0x0000,0x7FC0,0x0040,0x7FC0,0x4000,0x7FC0},{0xFE40,0x2840,0xD640,0x1040,0xFF40,0x0000,0x7BC0,0x0840,0x7840,0x4040,0x7840},{0xFE40,0x2840,0xD640,0x1040,0xFF40,0x0000,0x7BC0,0x0A40,0x7A40,0x4240,0x7BC0},{0xFE40,0x2840,0xD640,0x1040,0xFF40,0x0000,0x7A40,0x0A40,0x7BC0,0x4240,0x7BC0},
{0xFE40,0x2840,0xD640,0x1040,0xFF40,0x0040,0x7900,0x0900,0x7900,0x4280,0x7C40},{0xFE40,0x2840,0xD640,0x1040,0xFF40,0x0000,0x7BC0,0x0A00,0x7BC0,0x4200,0x7BC0},{0xFE40,0x2840,0xD640,0x1040,0xFF40,0x0000,0x7FC0,0x0A80,0x7A80,0x4280,0x7FC0},{0xFE40,0x2840,0xD640,0x1040,0xFF40,0x0040,0x7900,0x0FC0,0x7B80,0x4440,0x7B80},
{0xFE40,0x2840,0x5440,0x8240,0x1040,0xFF40,0x0000,0x7FC0,0x4040,0x4040,0x7FC0},{0xFE40,0x2840,0x5440,0x8240,0x1040,0xFF40,0x0000,0x4040,0x7FC0,0x4040,0x7FC0},{0xFE40,0x2840,0x5440,0x8240,0x1040,0xFF40,0x0040,0x4900,0x7900,0x4A80,0x7C40},{0xFE40,0x2840,0x5440,0x8240,0x1040,0xFF40,0x0040,0x0440,0x0400,0x1B00,0x60C0},
{0xFE40,0x2840,0x5440,0x8240,0x1040,0xFF40,0x0040,0x1100,0x1100,0x2A80,0x4440},{0xFE40,0x2840,0x5440,0x8240,0x1040,0xFF40,0x0000,0x3F80,0x4040,0x4040,0x3F80},{0xFE40,0x2840,0x5440,0x8240,0x1040,0xFF40,0x0000,0x7FC0,0x0400,0x1B00,0x60C0},{0xFE40,0x2840,0x5440,0x8240,0x1040,0xFF40,0x0040,0x0400,0x7FC0,0x1B00,0x60C0},
{0xFE40,0x2840,0x5440,0x8240,0x1040,0xFF40,0x0000,0x7FC0,0x0040,0x7FC0,0x0040},{0xFE40,0x2840,0xD640,0x1040,0xFF40,0x0000,0x7FC0,0x4000,0x7FC0,0x4000,0x7FC0},{0xFE40,0x2840,0x5440,0x8240,0x1040,0xFF40,0x0000,0x7FC0,0x1100,0x1100,0x7FC0},{0xFE40,0x2840,0x5440,0x8240,0x1040,0xFF40,0x0400,0x7FC0,0x1F00,0x2080,0x1F00},
{0x7FC0,0x1100,0x1100,0x2A80,0x2A80,0x4440,0x5540,0x1100,0x1100,0xFFE0,0x0000},{0x7FC0,0x1100,0x2A80,0x4440,0x1100,0xFFE0,0x0000,0x7FC0,0x0040,0x0040,0x0040},{0x7FC0,0x1100,0x2A80,0x4440,0x1100,0xFFE0,0x0000,0x7FC0,0x0440,0x0440,0x0440},{0x7FC0,0x1100,0x2A80,0x4440,0x1100,0xFFE0,0x0000,0x7900,0x0900,0x0A80,0x0C40},
{0x7FC0,0x1100,0x2A80,0x4440,0x1100,0xFFE0,0x0000,0x4000,0x4000,0x4000,0x7FC0},{0x7FC0,0x1100,0x2A80,0x4440,0x1100,0xFFE0,0x0000,0x47C0,0x4100,0x4280,0x7C40},{0x7FC0,0x1100,0x2A80,0x4440,0x1100,0xFFE0,0x0100,0x47C0,0x4380,0x4440,0x7B80},{0x7FC0,0x1100,0x2A80,0x4440,0x1100,0xFFE0,0x0000,0x7FC0,0x4000,0x4000,0x7FC0},
{0x7FC0,0x1100,0x6EC0,0x1100,0xFFE0,0x0000,0x7FC0,0x0040,0x7FC0,0x4000,0x7FC0},{0x7FC0,0x1100,0x6EC0,0x1100,0xFFE0,0x0000,0x7BC0,0x0840,0x7840,0x4040,0x7840},{0x7FC0,0x1100,0x6EC0,0x1100,0xFFE0,0x0000,0x7BC0,0x0A40,0x7A40,0x4240,0x7BC0},{0x7FC0,0x1100,0x6EC0,0x1100,0xFFE0,0x0000,0x7A40,0x0A40,0x7BC0,0x4240,0x7BC0},
{0x7FC0,0x1100,0x6EC0,0x1100,0xFFE0,0x0000,0x7900,0x0900,0x7900,0x4280,0x7C40},{0x7FC0,0x1100,0x6EC0,0x1100,0xFFE0,0x0000,0x7BC0,0x0A00,0x7BC0,0x4200,0x7BC0},{0x7FC0,0x1100,0x6EC0,0x1100,0xFFE0,0x0000,0x7FC0,0x0A80,0x7A80,0x4280,0x7FC0},{0x7FC0,0x1100,0x6EC0,0x1100,0xFFE0,0x0000,0x7900,0x0FC0,0x7B80,0x4440,0x7B80},
{0x7FC0,0x1100,0x2A80,0x4440,0x1100,0xFFE0,0x0000,0x7FC0,0x4040,0x4040,0x7FC0},{0x7FC0,0x1100,0x2A80,0x4440,0x1100,0xFFE0,0x0000,0x4040,0x7FC0,0x4040,0x7FC0},{0x7FC0,0x1100,0x2A80,0x4440,0x1100,0xFFE0,0x0000,0x4900,0x7900,0x4A80,0x7C40},{0x7FC0,0x1100,0x2A80,0x4440,0x1100,0xFFE0,0x0000,0x0400,0x0400,0x1B00,0x60C0},
{0x7FC0,0x1100,0x2A80,0x4440,0x1100,0xFFE0,0x0000,0x1100,0x1100,0x2A80,0x4440},{0x7FC0,0x1100,0x2A80,0x5540,0x1100,0xFFE0,0x0000,0x3F80,0x4040,0x4040,0x3F80},{0x7FC0,0x1100,0x2A80,0x4440,0x1100,0xFFE0,0x0000,0x7FC0,0x0400,0x1B00,0x60C0},{0x7FC0,0x1100,0x2A80,0x4440,0x1100,0xFFE0,0x0000,0x0400,0x7FC0,0x1B00,0x60C0},
{0x7FC0,0x1100,0x2A80,0x4440,0x1100,0xFFE0,0x0000,0x7FC0,0x0040,0x7FC0,0x0040},{0x7FC0,0x1100,0x6EC0,0x1100,0xFFE0,0x0000,0x7FC0,0x4000,0x7FC0,0x4000,0x7FC0},{0x7FC0,0x1100,0x2A80,0x4440,0x1100,0xFFE0,0x0000,0x7FC0,0x1100,0x1100,0x7FC0},{0x7FC0,0x1100,0x2A80,0x4440,0x1100,0xFFE0,0x0400,0x7FC0,0x1F00,0x2080,0x1F00},
{0x7FC0,0x1100,0x1100,0x2A80,0x4440,0x0000,0xFFE0,0x0400,0x0400,0x0400,0x0400},{0x7FC0,0x1100,0x2A80,0x4440,0x0000,0xFFE0,0x0400,0x7FC0,0x0040,0x0040,0x0040},{0x7FC0,0x1100,0x2A80,0x4440,0x0000,0xFFE0,0x0400,0x7FC0,0x0440,0x0440,0x0440},{0x7FC0,0x1100,0x2A80,0x4440,0x0000,0xFFE0,0x0400,0x7900,0x0900,0x0A80,0x0C40},
{0x7FC0,0x1100,0x2A80,0x4440,0x0000,0xFFE0,0x0400,0x4400,0x4000,0x4000,0x7FC0},{0x7FC0,0x1100,0x2A80,0x4440,0x0000,0xFFE0,0x0400,0x47C0,0x4100,0x4280,0x7C40},{0x7FC0,0x1100,0x2A80,0x4440,0x0000,0xFFE0,0x0500,0x47C0,0x4380,0x4440,0x7B80},{0x7FC0,0x1100,0x2A80,0x4440,0x0000,0xFFE0,0x0400,0x7FC0,0x4000,0x4000,0x7FC0},
{0x7FC0,0x1100,0x6EC0,0x0000,0xFFE0,0x0400,0x7FC0,0x0040,0x7FC0,0x4000,0x7FC0},{0x7FC0,0x1100,0x6EC0,0x0000,0xFFE0,0x0400,0x7BC0,0x0840,0x7840,0x4040,0x7840},{0x7FC0,0x1100,0x6EC0,0x0000,0xFFE0,0x0400,0x7BC0,0x0A40,0x7A40,0x4240,0x7BC0},{0x7FC0,0x1100,0x6EC0,0x0000,0xFFE0,0x0400,0x7A40,0x0A40,0x7BC0,0x4240,0x7BC0},
{0x7FC0,0x1100,0x6EC0,0x0000,0xFFE0,0x0400,0x7900,0x0900,0x7900,0x4280,0x7C40},{0x7FC0,0x1100,0x6EC0,0x0000,0xFFE0,0x0400,0x7BC0,0x0A00,0x7BC0,0x4200,0x7BC0},{0x7FC0,0x1100,0x6EC0,0x0000,0xFFE0,0x0400,0x7FC0,0x0A80,0x7A80,0x4280,0x7FC0},{0x7FC0,0x1100,0x6EC0,0x0000,0xFFE0,0x0400,0x7900,0x0FC0,0x7B80,0x4440,0x7B80},
{0x7FC0,0x1100,0x2A80,0x4440,0x0000,0xFFE0,0x0400,0x7FC0,0x4040,0x4040,0x7FC0},{0x7FC0,0x1100,0x2A80,0x4440,0x0000,0xFFE0,0x0400,0x4040,0x7FC0,0x4040,0x7FC0},{0x7FC0,0x1100,0x2A80,0x4440,0x0000,0xFFE0,0x0400,0x4900,0x7900,0x4A80,0x7C40},{0x7FC0,0x1100,0x2A80,0x4440,0x0000,0xFFE0,0x0400,0x0000,0x0400,0x1B00,0x60C0},
{0x7FC0,0x1100,0x2A80,0x4440,0x0000,0xFFE0,0x0400,0x1500,0x1100,0x2A80,0x4440},{0x7FC0,0x1100,0x2A80,0x4440,0x0000,0xFFE0,0x0400,0x3F80,0x4040,0x4040,0x3F80},{0x7FC0,0x1100,0x2A80,0x4440,0x0000,0xFFE0,0x0400,0x7FC0,0x0400,0x1B00,0x60C0},{0x7FC0,0x1100,0x6EC0,0x0000,0xFFE0,0x0400,0x0000,0x0400,0x7FC0,0x1B00,0x60C0},
{0x7FC0,0x1100,0x2A80,0x4440,0x0000,0xFFE0,0x0400,0x7FC0,0x0040,0x7FC0,0x0040},{0x7FC0,0x1100,0x6EC0,0x0000,0xFFE0,0x0400,0x7FC0,0x4000,0x7FC0,0x4000,0x7FC0},{0x7FC0,0x1100,0x2A80,0x4440,0x0000,0xFFE0,0x0400,0x7FC0,0x1100,0x1100,0x7FC0},{0x7FC0,0x1100,0x2A80,0x4440,0x0000,0xFFE0,0x0400,0x7FC0,0x1F00,0x2080,0x1F00},
{0xFE40,0x2840,0x2840,0x5440,0x9240,0x0040,0xFF40,0x1040,0x13C0,0x1040,0x1040},{0xFE40,0x2840,0xD640,0x0040,0xFF40,0x11C0,0x1040,0x7FC0,0x0040,0x0040,0x0040},{0xFE40,0x2840,0xD640,0x0040,0xFF40,0x11C0,0x1040,0x7FC0,0x0440,0x0440,0x0440},{0xFE40,0x2840,0xD640,0x0040,0xFF40,0x11C0,0x1040,0x7900,0x0900,0x0A80,0x0C40},
{0xFE40,0x2840,0x5440,0x9240,0x0040,0xFF40,0x11C0,0x5040,0x4000,0x4000,0x7FC0},{0xFE40,0x2840,0xD640,0x0040,0xFF40,0x11C0,0x1040,0x47C0,0x4100,0x4280,0x7C40},{0xFE40,0x2840,0xD640,0x0040,0xFF40,0x11C0,0x1140,0x47C0,0x4380,0x4440,0x7B80},{0xFE40,0x2840,0xD640,0x0040,0xFF40,0x11C0,0x1040,0x7FC0,0x4000,0x4000,0x7FC0},
{0xFE40,0x2840,0xD640,0xFF40,0x11C0,0x1040,0x7FC0,0x0040,0x7FC0,0x4000,0x7FC0},{0xFE40,0x2840,0xD640,0xFF40,0x11C0,0x1040,0x7BC0,0x0840,0x7840,0x4040,0x7840},{0xFE40,0x2840,0xD640,0xFF40,0x11C0,0x1040,0x7BC0,0x0A40,0x7A40,0x4240,0x7BC0},{0xFE40,0x2840,0xD640,0xFF40,0x11C0,0x1040,0x7A40,0x0A40,0x7BC0,0x4240,0x7BC0},
{0xFE40,0x2840,0xD640,0xFF40,0x11C0,0x1040,0x7900,0x0900,0x7900,0x4280,0x7C40},{0xFE40,0x2840,0xD640,0xFF40,0x11C0,0x1040,0x7BC0,0x0A00,0x7BC0,0x4200,0x7BC0},{0xFE40,0x2840,0xD640,0xFF40,0x11C0,0x1040,0x7FC0,0x0A80,0x7A80,0x4280,0x7FC0},{0xFE40,0x2840,0xD640,0xFF40,0x11C0,0x1040,0x7900,0x0FC0,0x7B80,0x4440,0x7B80},
{0xFE40,0x2840,0xD640,0x0040,0xFF40,0x11C0,0x1040,0x7FC0,0x4040,0x4040,0x7FC0},{0xFE40,0x2840,0xD640,0x0040,0xFF40,0x11C0,0x1040,0x4040,0x7FC0,0x4040,0x7FC0},{0xFE40,0x2840,0xD640,0x0040,0xFF40,0x11C0,0x1040,0x4900,0x7900,0x4A80,0x7C40},{0xFE40,0x2840,0x5440,0x9240,0x0040,0xFF40,0x11C0,0x1440,0x0400,0x1B00,0x60C0},
{0xFE40,0x2840,0xD640,0x0040,0xFF40,0x11C0,0x1040,0x0000,0x1100,0x2A80,0x4440},{0xFE40,0x2840,0xD640,0x0040,0xFF40,0x11C0,0x1040,0x3F80,0x4040,0x4040,0x3F80},{0xFE40,0x2840,0xD640,0x0040,0xFF40,0x11C0,0x1040,0x7FC0,0x0400,0x1B00,0x60C0},{0xFE40,0x2840,0xD640,0x0040,0xFF40,0x11C0,0x1040,0x0400,0x7FC0,0x1B00,0x60C0},
{0xFE40,0x2840,0xD640,0x0040,0xFF40,0x11C0,0x1040,0x7FC0,0x0040,0x7FC0,0x0040},{0xFE40,0x2840,0xD640,0xFF40,0x11C0,0x1040,0x7FC0,0x4000,0x7FC0,0x4000,0x7FC0},{0xFE40,0x2840,0xD640,0x0040,0xFF40,0x11C0,0x1040,0x7FC0,0x1100,0x1100,0x7FC0},{0xFE40,0x2840,0xD640,0x0040,0xFF40,0x11C0,0x1440,0x7FC0,0x1F00,0x2080,0x1F00},
{0xFF40,0x2940,0x2940,0x5540,0x9340,0x0140,0xFF40,0x1140,0x1740,0x1140,0x1140},{0xFF40,0x2940,0xD740,0x0140,0xFD40,0x1740,0x1140,0x7FC0,0x0040,0x0040,0x0040},{0xFF40,0x2940,0xD740,0x0140,0xFD40,0x1740,0x1140,0x7FC0,0x0440,0x0440,0x0440},{0xFF40,0x2940,0xD740,0x0140,0xFD40,0x1740,0x1140,0x7800,0x0900,0x0A80,0x0C40},
{0xFF40,0x2940,0x5540,0x9340,0x0140,0xFD40,0x1740,0x5140,0x4000,0x4000,0x7FC0},{0xFF40,0x2940,0xD740,0x0140,0xFD40,0x1740,0x1140,0x47C0,0x4100,0x4280,0x7C40},{0xFF40,0x2940,0xD740,0x0140,0xFD40,0x1740,0x1140,0x7FC0,0x4000,0x4000,0x7FC0},{0xFF40,0x2940,0xD740,0x0140,0xFD40,0x1740,0x1140,0x7FC0,0x4000,0x4000,0x7FC0},
{0xFF40,0x2940,0xD740,0xFD40,0x1740,0x1140,0x7FC0,0x0040,0x7FC0,0x4000,0x7FC0},{0xFF40,0x2940,0xD740,0xFD40,0x1740,0x1140,0x7BC0,0x0840,0x7840,0x4040,0x7840},{0xFF40,0x2940,0xD740,0xFD40,0x1740,0x1140,0x7BC0,0x0A40,0x7A40,0x4240,0x7BC0},{0xFF40,0x2940,0xD740,0xFD40,0x1740,0x1140,0x7A40,0x0A40,0x7BC0,0x4240,0x7BC0},
{0xFF40,0x2940,0xD740,0xFD40,0x1740,0x1140,0x7800,0x0900,0x7900,0x4280,0x7C40},{0xFF40,0x2940,0xD740,0xFD40,0x1740,0x1140,0x7BC0,0x0A00,0x7BC0,0x4200,0x7BC0},{0xFF40,0x2940,0xD740,0xFD40,0x1740,0x1140,0x7FC0,0x0A80,0x7A80,0x4280,0x7FC0},{0xFF40,0x2940,0xD740,0xFD40,0x1740,0x1140,0x7900,0x0FC0,0x7B80,0x4440,0x7B80},
{0xFF40,0x2940,0xD740,0x0140,0xFD40,0x1740,0x1140,0x7FC0,0x4040,0x4040,0x7FC0},{0xFF40,0x2940,0xD740,0x0140,0xFD40,0x1740,0x1140,0x4040,0x7FC0,0x4040,0x7FC0},{0xFF40,0x2940,0xD740,0x0140,0xFD40,0x1740,0x1140,0x4800,0x7900,0x4A80,0x7C40},{0xFF40,0x2940,0x5540,0x9340,0x0140,0xFD40,0x1740,0x1140,0x0400,0x1B00,0x60C0},
{0xFF40,0x2940,0xD740,0x0140,0xFD40,0x1740,0x1140,0x0000,0x1100,0x2A80,0x4440},{0xFF40,0x2940,0xD740,0x0140,0xFD40,0x1740,0x1140,0x3F80,0x4040,0x4040,0x3F80},{0xFF40,0x2940,0xD740,0x0140,0xFD40,0x1740,0x1140,0x7FC0,0x0400,0x1B00,0x60C0},{0xFF40,0x2940,0xD740,0x0140,0xFD40,0x1740,0x1140,0x0400,0x7FC0,0x1B00,0x60C0},
{0xFF40,0x2940,0xD740,0x0140,0xFD40,0x1740,0x1140,0x7FC0,0x0040,0x7FC0,0x0040},{0xFF40,0x2940,0xD740,0xFD40,0x1740,0x1140,0x7FC0,0x4000,0x7FC0,0x4000,0x7FC0},{0xFF40,0x2940,0xD740,0x0140,0xFD40,0x1740,0x1140,0x7FC0,0x1100,0x1100,0x7FC0},{0xFF40,0x2940,0xD740,0x0140,0xFD40,0x1740,0x1540,0x7FC0,0x1F00,0x2080,0x1F00},
{0xFE40,0x2840,0x2840,0x5440,0x9240,0x0040,0xFF40,0x1040,0x1040,0x1040,0x1040},{0xFE40,0x2840,0x5440,0x9240,0x0040,0xFF40,0x1000,0x7FC0,0x0040,0x0040,0x0040},{0xFE40,0x2840,0x5440,0x9240,0x0040,0xFF40,0x1000,0x7FC0,0x0440,0x0440,0x0440},{0xFE40,0x2840,0x5440,0x9240,0x0040,0xFF40,0x1040,0x7900,0x0900,0x0A80,0x0C40},
{0xFE40,0x2840,0x5440,0x9240,0x0040,0xFF40,0x1040,0x5040,0x4000,0x4000,0x7FC0},{0xFE40,0x2840,0x5440,0x9240,0x0040,0xFF40,0x1000,0x57C0,0x4100,0x4280,0x7C40},{0xFE40,0x2840,0x5440,0x9240,0x0040,0xFF40,0x1100,0x57C0,0x4380,0x4440,0x7B80},{0xFE40,0x2840,0x5440,0x9240,0x0040,0xFF40,0x1000,0x7FC0,0x4000,0x4000,0x7FC0},
{0xFE40,0x2840,0xD640,0x0040,0xFF40,0x1000,0x7FC0,0x0040,0x7FC0,0x4000,0x7FC0},{0xFE40,0x2840,0xD640,0x0040,0xFF40,0x1000,0x7BC0,0x0840,0x7840,0x4040,0x7840},{0xFE40,0x2840,0xD640,0x0040,0xFF40,0x1000,0x7BC0,0x0A40,0x7A40,0x4240,0x7BC0},{0xFE40,0x2840,0xD640,0x0040,0xFF40,0x1000,0x7A40,0x0A40,0x7BC0,0x4240,0x7BC0},
{0xFE40,0x2840,0xD640,0x0040,0xFF40,0x1040,0x7900,0x0900,0x7900,0x4280,0x7C40},{0xFE40,0x2840,0xD640,0x0040,0xFF40,0x1000,0x7BC0,0x0A00,0x7BC0,0x4200,0x7BC0},{0xFE40,0x2840,0xD640,0x0040,0xFF40,0x1000,0x7FC0,0x0A80,0x7A80,0x4280,0x7FC0},{0xFE40,0x2840,0xD640,0x0040,0xFF40,0x1040,0x7900,0x0FC0,0x7B80,0x4440,0x7B80},
{0xFE40,0x2840,0x5440,0x9240,0x0040,0xFF40,0x1000,0x7FC0,0x4040,0x4040,0x7FC0},{0xFE40,0x2840,0x5440,0x9240,0x0040,0xFF40,0x1000,0x4040,0x7FC0,0x4040,0x7FC0},{0xFE40,0x2840,0x5440,0x9240,0x0040,0xFF40,0x1040,0x4900,0x7900,0x4A80,0x7C40},{0xFE40,0x2840,0x5440,0x9240,0x0040,0xFF40,0x1040,0x1440,0x0400,0x1B00,0x60C0},
{0xFE40,0x2840,0x5440,0x9240,0x0040,0xFF40,0x1040,0x0000,0x1100,0x2A80,0x4440},{0xFE40,0x2840,0x5440,0x9240,0x0040,0xFF40,0x1000,0x3F80,0x4040,0x4040,0x3F80},{0xFE40,0x2840,0x5440,0x9240,0x0040,0xFF40,0x1000,0x7FC0,0x0400,0x1B00,0x60C0},{0xFE40,0x2840,0x5440,0x9240,0x0040,0xFF40,0x1040,0x0400,0x7FC0,0x1B00,0x60C0},
{0xFE40,0x2840,0x5440,0x9240,0x0040,0xFF40,0x1000,0x7FC0,0x0040,0x7FC0,0x0040},{0xFE40,0x2840,0xD640,0x0040,0xFF40,0x1000,0x7FC0,0x4000,0x7FC0,0x4000,0x7FC0},{0xFE40,0x2840,0x5440,0x9240,0x0040,0xFF40,0x1000,0x7FC0,0x1100,0x1100,0x7FC0},{0xFE40,0x2840,0xD640,0x0040,0xFF40,0x1040,0x0400,0x7FC0,0x1F00,0x2080,0x1F00},
{0x7FC0,0x1100,0x1100,0x2A80,0x4440,0x0000,0xFFE0,0x1100,0x1100,0x1100,0x1100},{0x7FC0,0x1100,0x2A80,0x4440,0x0000,0xFFE0,0x1100,0x7FC0,0x0040,0x0040,0x0040},{0x7FC0,0x1100,0x2A80,0x4440,0x0000,0xFFE0,0x1100,0x7FC0,0x0440,0x0440,0x0440},{0x7FC0,0x1100,0x2A80,0x4440,0x0000,0xFFE0,0x1100,0x7800,0x0900,0x0A80,0x0C40},
{0x7FC0,0x1100,0x2A80,0x4440,0x0000,0xFFE0,0x1100,0x5100,0x4000,0x4000,0x7FC0},{0x7FC0,0x1100,0x2A80,0x4440,0x0000,0xFFE0,0x1100,0x57C0,0x4100,0x4280,0x7C40},{0x7FC0,0x1100,0x2A80,0x4440,0x0000,0xFFE0,0x1100,0x57C0,0x4380,0x4440,0x7B80},{0x7FC0,0x1100,0x2A80,0x4440,0x0000,0xFFE0,0x1100,0x7FC0,0x4000,0x4000,0x7FC0},
{0x7FC0,0x1100,0x6EC0,0x0000,0xFFE0,0x1100,0x7FC0,0x0040,0x7FC0,0x4000,0x7FC0},{0x7FC0,0x1100,0x6EC0,0x0000,0xFFE0,0x1100,0x7BC0,0x0840,0x7840,0x4040,0x7840},{0x7FC0,0x1100,0x6EC0,0x0000,0xFFE0,0x1100,0x7BC0,0x0A40,0x7A40,0x4240,0x7BC0},{0x7FC0,0x1100,0x6EC0,0x0000,0xFFE0,0x1100,0x7A40,0x0A40,0x7BC0,0x4240,0x7BC0},
{0x7FC0,0x1100,0x6EC0,0x0000,0xFFE0,0x1100,0x7800,0x0900,0x7900,0x4280,0x7C40},{0x7FC0,0x1100,0x6EC0,0x0000,0xFFE0,0x1100,0x7BC0,0x0A00,0x7BC0,0x4200,0x7BC0},{0x7FC0,0x1100,0x6EC0,0x0000,0xFFE0,0x1100,0x7FC0,0x0A80,0x7A80,0x4280,0x7FC0},{0x7FC0,0x1100,0x6EC0,0x0000,0xFFE0,0x1100,0x7900,0x0FC0,0x7B80,0x4440,0x7B80},
{0x7FC0,0x1100,0x2A80,0x4440,0x0000,0xFFE0,0x1100,0x7FC0,0x4040,0x4040,0x7FC0},{0x7FC0,0x1100,0x2A80,0x4440,0x0000,0xFFE0,0x1100,0x4040,0x7FC0,0x4040,0x7FC0},{0x7FC0,0x1100,0x2A80,0x4440,0x0000,0xFFE0,0x1100,0x4800,0x7900,0x4A80,0x7C40},{0x7FC0,0x1100,0x2A80,0x4440,0x0000,0xFFE0,0x1100,0x1500,0x0400,0x1B00,0x60C0},
{0x7FC0,0x1100,0x2A80,0x4440,0x0000,0xFFE0,0x1100,0x0000,0x1100,0x2A80,0x4440},{0x7FC0,0x1100,0x2A80,0x4440,0x0000,0xFFE0,0x1100,0x3F80,0x4040,0x4040,0x3F80},{0x7FC0,0x1100,0x2A80,0x4440,0x0000,0xFFE0,0x1100,0x7FC0,0x0400,0x1B00,0x60C0},{0x7FC0,0x1100,0x2A80,0x4440,0x0000,0xFFE0,0x1100,0x0400,0x7FC0,0x1B00,0x60C0},
{0x7FC0,0x1100,0x2A80,0x4440,0x0000,0xFFE0,0x1100,0x7FC0,0x0040,0x7FC0,0x0040},{0x7FC0,0x1100,0x6EC0,0x0000,0xFFE0,0x1100,0x7FC0,0x4000,0x7FC0,0x4000,0x7FC0},{0x7FC0,0x1100,0x2A80,0x4440,0x0000,0xFFE0,0x1100,0x7FC0,0x1100,0x1100,0x7FC0},{0x7FC0,0x1100,0x6EC0,0x0000,0xFFE0,0x1100,0x0400,0x7FC0,0x1F00,0x2080,0x1F00},
{0x7FC0,0x1100,0x1100,0x2A80,0x2A80,0x4440,0x4440,0x0000,0x0000,0xFFE0,0x0000},{0x7FC0,0x1100,0x2A80,0x4440,0x0000,0xFFE0,0x0000,0x7FC0,0x0040,0x0040,0x0040},{0x7FC0,0x1100,0x2A80,0x4440,0x0000,0xFFE0,0x0000,0x7FC0,0x0440,0x0440,0x0440},{0x7FC0,0x1100,0x2A80,0x4440,0x0000,0xFFE0,0x0000,0x7900,0x0900,0x0A80,0x0C40},
{0x7FC0,0x1100,0x2A80,0x4440,0x0000,0xFFE0,0x0000,0x4000,0x4000,0x4000,0x7FC0},{0x7FC0,0x1100,0x2A80,0x4440,0x0000,0xFFE0,0x0000,0x47C0,0x4100,0x4280,0x7C40},{0x7FC0,0x1100,0x2A80,0x4440,0x0000,0xFFE0,0x0100,0x47C0,0x4380,0x4440,0x7B80},{0x7FC0,0x1100,0x2A80,0x4440,0x0000,0xFFE0,0x0000,0x7FC0,0x4000,0x4000,0x7FC0},
{0x7FC0,0x1100,0x6EC0,0x0000,0xFFE0,0x0000,0x7FC0,0x0040,0x7FC0,0x4000,0x7FC0},{0x7FC0,0x1100,0x6EC0,0x0000,0xFFE0,0x0000,0x7BC0,0x0840,0x7840,0x4040,0x7840},{0x7FC0,0x1100,0x6EC0,0x0000,0xFFE0,0x0000,0x7BC0,0x0A40,0x7A40,0x4240,0x7BC0},{0x7FC0,0x1100,0x6EC0,0x0000,0xFFE0,0x0000,0x7A40,0x0A40,0x7BC0,0x4240,0x7BC0},
{0x7FC0,0x1100,0x6EC0,0x0000,0xFFE0,0x0000,0x7900,0x0900,0x7900,0x4280,0x7C40},{0x7FC0,0x1100,0x6EC0,0x0000,0xFFE0,0x0000,0x7BC0,0x0A00,0x7BC0,0x4200,0x7BC0},{0x7FC0,0x1100,0x6EC0,0x0000,0xFFE0,0x0000,0x7FC0,0x0A80,0x7A80,0x4280,0x7FC0},{0x7FC0,0x1100,0x6EC0,0x0000,0xFFE0,0x0000,0x7900,0x0FC0,0x7B80,0x4440,0x7B80},
{0x7FC0,0x1100,0x2A80,0x4440,0x0000,0xFFE0,0x0000,0x7FC0,0x4040,0x4040,0x7FC0},{0x7FC0,0x1100,0x2A80,0x4440,0x0000,0xFFE0,0x0000,0x4040,0x7FC0,0x4040,0x7FC0},{0x7FC0,0x1100,0x2A80,0x4440,0x0000,0xFFE0,0x0000,0x4900,0x7900,0x4A80,0x7C40},{0x7FC0,0x1100,0x2A80,0x4440,0x0000,0xFFE0,0x0000,0x0400,0x0400,0x1B00,0x60C0},
{0x7FC0,0x1100,0x2A80,0x4440,0x0000,0xFFE0,0x0000,0x1100,0x1100,0x2A80,0x4440},{0x7FC0,0x1100,0x2A80,0x4440,0x0000,0xFFE0,0x0000,0x3F80,0x4040,0x4040,0x3F80},{0x7FC0,0x1100,0x2A80,0x4440,0x0000,0xFFE0,0x0000,0x7FC0,0x0400,0x1B00,0x60C0},{0x7FC0,0x1100,0x2A80,0x4440,0x0000,0xFFE0,0x0000,0x0400,0x7FC0,0x1B00,0x60C0},
{0x7FC0,0x1100,0x2A80,0x4440,0x0000,0xFFE0,0x0000,0x7FC0,0x0040,0x7FC0,0x0040},{0x7FC0,0x1100,0x6EC0,0x0000,0xFFE0,0x0000,0x7FC0,0x4000,0x7FC0,0x4000,0x7FC0},{0x7FC0,0x1100,0x2A80,0x4440,0x0000,0xFFE0,0x0000,0x7FC0,0x1100,0x1100,0x7FC0},{0x7FC0,0x1100,0x2A80,0x4440,0x0000,0xFFE0,0x0400,0x7FC0,0x1F00,0x2080,0x1F00},
{0xFE40,0x2840,0x2840,0x2840,0x5440,0x5440,0x9240,0x0040,0x0040,0xFF40,0x0040},{0xFE40,0x2840,0x5440,0x9240,0x0040,0xFF40,0x0000,0x7FC0,0x0040,0x0040,0x0040},{0xFE40,0x2840,0x5440,0x9240,0x0040,0xFF40,0x0000,0x7FC0,0x0440,0x0440,0x0440},{0xFE40,0x2840,0x5440,0x9240,0x0040,0xFF40,0x0040,0x7900,0x0900,0x0A80,0x0C40},
{0xFE40,0x2840,0x5440,0x9240,0x0040,0xFF40,0x0040,0x4040,0x4000,0x4000,0x7FC0},{0xFE40,0x2840,0x5440,0x9240,0x0040,0xFF40,0x0000,0x47C0,0x4100,0x4280,0x7C40},{0xFE40,0x2840,0x5440,0x9240,0x0040,0xFF40,0x0100,0x47C0,0x4380,0x4440,0x7B80},{0xFE40,0x2840,0x5440,0x9240,0x0040,0xFF40,0x0000,0x7FC0,0x4000,0x4000,0x7FC0},
{0xFE40,0x2840,0xD640,0x0040,0xFF40,0x0000,0x7FC0,0x0040,0x7FC0,0x4000,0x7FC0},{0xFE40,0x2840,0xD640,0x0040,0xFF40,0x0000,0x7BC0,0x0840,0x7840,0x4040,0x7840},{0xFE40,0x2840,0xD640,0x0040,0xFF40,0x0000,0x7BC0,0x0A40,0x7A40,0x4240,0x7BC0},{0xFE40,0x2840,0xD640,0x0040,0xFF40,0x0000,0x7A40,0x0A40,0x7BC0,0x4240,0x7BC0},
{0xFE40,0x2840,0xD640,0x0040,0xFF40,0x0040,0x7900,0x0900,0x7900,0x4280,0x7C40},{0xFE40,0x2840,0xD640,0x0040,0xFF40,0x0000,0x7BC0,0x0A00,0x7BC0,0x4200,0x7BC0},{0xFE40,0x2840,0xD640,0x0040,0xFF40,0x0000,0x7FC0,0x0A80,0x7A80,0x4280,0x7FC0},{0xFE40,0x2840,0xD640,0x0040,0xFF40,0x0040,0x7900,0x0FC0,0x7B80,0x4440,0x7B80},
{0xFE40,0x2840,0x5440,0x9240,0x0040,0xFF40,0x0000,0x7FC0,0x4040,0x4040,0x7FC0},{0xFE40,0x2840,0x5440,0x9240,0x0040,0xFF40,0x0000,0x4040,0x7FC0,0x4040,0x7FC0},{0xFE40,0x2840,0x5440,0x9240,0x0040,0xFF40,0x0040,0x4900,0x7900,0x4A80,0x7C40},{0xFE40,0x2840,0x5440,0x9240,0x0040,0xFF40,0x0040,0x0440,0x0400,0x1B00,0x60C0},
{0xFE40,0x2840,0x5440,0x9240,0x0040,0xFF40,0x0040,0x1100,0x1100,0x2A80,0x4440},{0xFE40,0x2840,0x5440,0x9240,0x0040,0xFF40,0x0000,0x3F80,0x4040,0x4040,0x3F80},{0xFE40,0x2840,0x5440,0x9240,0x0040,0xFF40,0x0000,0x7FC0,0x0400,0x1B00,0x60C0},{0xFE40,0x2840,0x5440,0x9240,0x0040,0xFF40,0x0040,0x0400,0x7FC0,0x1B00,0x60C0},
{0xFE40,0x2840,0x5440,0x9240,0x0040,0xFF40,0x0000,0x7FC0,0x0040,0x7FC0,0x0040},{0xFE40,0x2840,0xD640,0x0040,0xFF40,0x0000,0x7FC0,0x4000,0x7FC0,0x4000,0x7FC0},{0xFE40,0x2840,0x5440,0x9240,0x0040,0xFF40,0x0000,0x7FC0,0x1100,0x1100,0x7FC0},{0xFE40,0x2840,0x5440,0x9240,0x0040,0xFF40,0x0400,0x7FC0,0x1F00,0x2080,0x1F00},
{0xFE40,0x2840,0x2840,0x2840,0x2840,0x5440,0x5440,0x5440,0x9240,0x9240,0x0040},{0xFE40,0x2840,0x2840,0x5440,0x5440,0x9240,0x0000,0x7FC0,0x0040,0x0040,0x0040},{0xFE40,0x2840,0x2840,0x5440,0x5440,0x9240,0x0000,0x7FC0,0x0440,0x0440,0x0440},{0xFE40,0x2840,0x2840,0x5440,0x5440,0x9240,0x0040,0x7900,0x0900,0x0A80,0x0C40},
{0xFE40,0x2840,0x2840,0x5440,0x5440,0x9240,0x0040,0x4040,0x4000,0x4000,0x7FC0},{0xFE40,0x2840,0x2840,0x5440,0x5440,0x9240,0x0000,0x47C0,0x4100,0x4280,0x7C40},{0xFE40,0x2840,0x2840,0x5440,0x5440,0x9240,0x0100,0x47C0,0x4380,0x4440,0x7B80},{0xFE40,0x2840,0x2840,0x5440,0x5440,0x9240,0x0000,0x7FC0,0x4000,0x4000,0x7FC0},
{0xFE40,0x2840,0x2840,0x5440,0x9240,0x0000,0x7FC0,0x0040,0x7FC0,0x4000,0x7FC0},{0xFE40,0x2840,0x2840,0x5440,0x9240,0x0000,0x7BC0,0x0840,0x7840,0x4040,0x7840},{0xFE40,0x2840,0x2840,0x5440,0x9240,0x0000,0x7BC0,0x0A40,0x7A40,0x4240,0x7BC0},{0xFE40,0x2840,0x2840,0x5440,0x9240,0x0000,0x7A40,0x0A40,0x7BC0,0x4240,0x7BC0},
{0xFE40,0x2840,0x2840,0x5440,0x9240,0x0040,0x7900,0x0900,0x7900,0x4280,0x7C40},{0xFE40,0x2840,0x2840,0x5440,0x9240,0x0000,0x7BC0,0x0A00,0x7BC0,0x4200,0x7BC0},{0xFE40,0x2840,0x2840,0x5440,0x9240,0x0000,0x7FC0,0x0A80,0x7A80,0x4280,0x7FC0},{0xFE40,0x2840,0x2840,0x5440,0x9240,0x0040,0x7900,0x0FC0,0x7B80,0x4440,0x7B80},
{0xFE40,0x2840,0x2840,0x5440,0x5440,0x9240,0x0000,0x7FC0,0x4040,0x4040,0x7FC0},{0xFE40,0x2840,0x2840,0x5440,0x5440,0x9240,0x0000,0x4040,0x7FC0,0x4040,0x7FC0},{0xFE40,0x2840,0x2840,0x5440,0x5440,0x9240,0x0040,0x4900,0x7900,0x4A80,0x7C40},{0xFE40,0x2840,0x2840,0x5440,0x5440,0x9240,0x0040,0x0440,0x0400,0x1B00,0x60C0},
{0xFE40,0x2840,0x2840,0x5440,0x5440,0x9240,0x0040,0x1100,0x1100,0x2A80,0x4440},{0xFE40,0x2840,0x2840,0x5440,0x5440,0x9240,0x0000,0x3F80,0x4040,0x4040,0x3F80},{0xFE40,0x2840,0x2840,0x5440,0x5440,0x9240,0x0000,0x7FC0,0x0400,0x1B00,0x60C0},{0xFE40,0x2840,0x2840,0x5440,0x5440,0x9240,0x0040,0x0400,0x7FC0,0x1B00,0x60C0},
{0xFE40,0x2840,0x2840,0x5440,0x5440,0x9240,0x0000,0x7FC0,0x0040,0x7FC0,0x0040},{0xFE40,0x2840,0x2840,0x5440,0x9240,0x0000,0x7FC0,0x4000,0x7FC0,0x4000,0x7FC0},{0xFE40,0x2840,0x2840,0x5440,0x5440,0x9240,0x0000,0x7FC0,0x1100,0x1100,0x7FC0},{0xFE40,0x2840,0x2840,0x5440,0x5440,0x9240,0x0400,0x7FC0,0x1F00,0x2080,0x1F00},
{0x3840,0x0040,0xFE40,0x1040,0x1040,0x1060,0x2840,0x2840,0x4440,0x8240,0x0040},{0x3840,0x0040,0xFE40,0x1060,0x2840,0xC640,0x0000,0x7FC0,0x0040,0x0040,0x0040},{0x3840,0x0040,0xFE40,0x1060,0x2840,0xC640,0x0000,0x7FC0,0x0440,0x0440,0x0440},{0x3840,0x0040,0xFE40,0x1060,0x2840,0xC640,0x0040,0x7900,0x0900,0x0A80,0x0C40},
{0x3840,0x0040,0xFE40,0x1060,0x2840,0xC640,0x0040,0x4040,0x4000,0x4000,0x7FC0},{0x3840,0x0040,0xFE40,0x1060,0x2840,0xC640,0x0000,0x47C0,0x4100,0x4280,0x7C40},{0x3840,0x0040,0xFE40,0x1060,0x2840,0xC640,0x0100,0x47C0,0x4380,0x4440,0x7B80},{0x3840,0x0040,0xFE40,0x1060,0x2840,0xC640,0x0000,0x7FC0,0x4000,0x4000,0x7FC0},
{0x3840,0x0040,0xFE40,0x1060,0x2840,0xC640,0x7FC0,0x0040,0x7FC0,0x4000,0x7FC0},{0x3840,0x0040,0xFE40,0x1060,0x2840,0xC640,0x7BC0,0x0840,0x7840,0x4040,0x7840},{0x3840,0x0040,0xFE40,0x1060,0x2840,0xC640,0x7BC0,0x0A40,0x7A40,0x4240,0x7BC0},{0x3840,0x0040,0xFE40,0x1060,0x2840,0xC640,0x7A40,0x0A40,0x7BC0,0x4240,0x7BC0},
{0x3840,0x0040,0xFE40,0x1060,0x2840,0xC640,0x7900,0x0900,0x7900,0x4280,0x7C40},{0x3840,0x0040,0xFE40,0x1060,0x2840,0xC640,0x7BC0,0x0A00,0x7BC0,0x4200,0x7BC0},{0x3840,0x0040,0xFE40,0x1060,0x2840,0xC640,0x7FC0,0x0A80,0x7A80,0x4280,0x7FC0},{0x3840,0x0040,0xFE40,0x1060,0x2840,0xC640,0x7900,0x0FC0,0x7B80,0x4440,0x7B80},
{0x3840,0x0040,0xFE40,0x1060,0x2840,0xC640,0x0000,0x7FC0,0x4040,0x4040,0x7FC0},{0x3840,0x0040,0xFE40,0x1060,0x2840,0xC640,0x0000,0x4040,0x7FC0,0x4040,0x7FC0},{0x3840,0x0040,0xFE40,0x1060,0x2840,0xC640,0x0040,0x4900,0x7900,0x4A80,0x7C40},{0x3840,0x0040,0xFE40,0x1060,0x2840,0xC640,0x0040,0x0440,0x0400,0x1B00,0x60C0},
{0x3840,0x0040,0xFE40,0x1060,0x2840,0xC640,0x0040,0x1100,0x1100,0x2A80,0x4440},{0x3840,0x0040,0xFE40,0x1060,0x2840,0xC640,0x0000,0x3F80,0x4040,0x4040,0x3F80},{0x3840,0x0040,0xFE40,0x1060,0x2840,0xC640,0x0000,0x7FC0,0x0400,0x1B00,0x60C0},{0x3840,0x0040,0xFE40,0x1060,0x2840,0xC640,0x0040,0x0400,0x7FC0,0x1B00,0x60C0},
{0x3840,0x0040,0xFE40,0x1060,0x2840,0xC640,0x0000,0x7FC0,0x0040,0x7FC0,0x0040},{0x3840,0x0040,0xFE40,0x1060,0x2840,0xC640,0x7FC0,0x4000,0x7FC0,0x4000,0x7FC0},{0x3840,0x0040,0xFE40,0x1060,0x2840,0xC640,0x0000,0x7FC0,0x1100,0x1100,0x7FC0},{0x3840,0x0040,0xFE40,0x1060,0x2840,0xC640,0x0400,0x7FC0,0x1F00,0x2080,0x1F00},
{0x3940,0x0140,0xFF40,0x1140,0x1140,0x11C0,0x2940,0x2940,0x4540,0x8340,0x0140},{0x3940,0x0140,0xFF40,0x11C0,0x2940,0xC740,0x0000,0x7FC0,0x0040,0x0040,0x0040},{0x3940,0x0140,0xFF40,0x11C0,0x2940,0xC740,0x0000,0x7FC0,0x0440,0x0440,0x0440},{0x3940,0x0140,0xFF40,0x11C0,0x2940,0xC740,0x0000,0x7900,0x0900,0x0A80,0x0C40},
{0x3940,0x0140,0xFF40,0x11C0,0x2940,0xC740,0x0140,0x4140,0x4000,0x4000,0x7FC0},{0x3940,0x0140,0xFF40,0x11C0,0x2940,0xC740,0x0000,0x47C0,0x4100,0x4280,0x7C40},{0x3940,0x0140,0xFF40,0x11C0,0x2940,0xC740,0x0100,0x47C0,0x4380,0x4440,0x7B80},{0x3940,0x0140,0xFF40,0x11C0,0x2940,0xC740,0x0000,0x7FC0,0x4000,0x4000,0x7FC0},
{0x3940,0x0140,0xFF40,0x11C0,0x2940,0xC740,0x7FC0,0x0040,0x7FC0,0x4000,0x7FC0},{0x3940,0x0140,0xFF40,0x11C0,0x2940,0xC740,0x7BC0,0x0840,0x7840,0x4040,0x7840},{0x3940,0x0140,0xFF40,0x11C0,0x2940,0xC740,0x7BC0,0x0A40,0x7A40,0x4240,0x7BC0},{0x3940,0x0140,0xFF40,0x11C0,0x2940,0xC740,0x7A40,0x0A40,0x7BC0,0x4240,0x7BC0},
{0x3940,0x0140,0xFF40,0x11C0,0x2940,0xC740,0x7800,0x0900,0x7900,0x4280,0x7C40},{0x3940,0x0140,0xFF40,0x11C0,0x2940,0xC740,0x7BC0,0x0A00,0x7BC0,0x4200,0x7BC0},{0x3940,0x0140,0xFF40,0x11C0,0x2940,0xC740,0x7FC0,0x0A80,0x7A80,0x4280,0x7FC0},{0x3940,0x0140,0xFF40,0x11C0,0x2940,0xC740,0x7900,0x0FC0,0x7B80,0x4440,0x7B80},
{0x3940,0x0140,0xFF40,0x11C0,0x2940,0xC740,0x0000,0x7FC0,0x4040,0x4040,0x7FC0},{0x3940,0x0140,0xFF40,0x11C0,0x2940,0xC740,0x0000,0x4040,0x7FC0,0x4040,0x7FC0},{0x3940,0x0140,0xFF40,0x11C0,0x2940,0xC740,0x0000,0x4900,0x7900,0x4A80,0x7C40},{0x3940,0x0140,0xFF40,0x11C0,0x2940,0xC740,0x0140,0x0540,0x0400,0x1B00,0x60C0},
{0x3940,0x0140,0xFF40,0x11C0,0x2940,0xC740,0x0000,0x1100,0x1100,0x2A80,0x4440},{0x3940,0x0140,0xFF40,0x11C0,0x2940,0xC740,0x0000,0x3F80,0x4040,0x4040,0x3F80},{0x3940,0x0140,0xFF40,0x11C0,0x2940,0xC740,0x0000,0x7FC0,0x0400,0x1B00,0x60C0},{0x3940,0x0140,0xFF40,0x11C0,0x2940,0xC740,0x0140,0x0400,0x7FC0,0x1B00,0x60C0},
{0x3940,0x0140,0xFF40,0x11C0,0x2940,0xC740,0x0000,0x7FC0,0x0040,0x7FC0,0x0040},{0x3940,0x0140,0xFF40,0x11C0,0x2940,0xC740,0x7FC0,0x4000,0x7FC0,0x4000,0x7FC0},{0x3940,0x0140,0xFF40,0x11C0,0x2940,0xC740,0x0000,0x7FC0,0x1100,0x1100,0x7FC0},{0x3940,0x0140,0xFF40,0x11C0,0x2940,0xC740,0x0400,0x7FC0,0x1F00,0x2080,0x1F00},
{0x3840,0x0040,0xFE40,0x1060,0x1040,0x1040,0x2840,0x2860,0x4440,0x8240,0x0040},{0x3840,0x0040,0xFE60,0x1040,0x2860,0xC640,0x0000,0x7FC0,0x0040,0x0040,0x0040},{0x3840,0x0040,0xFE60,0x1040,0x2860,0xC640,0x0000,0x7FC0,0x0440,0x0440,0x0440},{0x3840,0x0040,0xFE60,0x1040,0x2860,0xC640,0x0040,0x7900,0x0900,0x0A80,0x0C40},
{0x3840,0x0040,0xFE60,0x1040,0x2860,0xC640,0x0040,0x4040,0x4000,0x4000,0x7FC0},{0x3840,0x0040,0xFE60,0x1040,0x2860,0xC640,0x0000,0x47C0,0x4100,0x4280,0x7C40},{0x3840,0x0040,0xFE60,0x1040,0x2860,0xC640,0x0100,0x47C0,0x4380,0x4440,0x7B80},{0x3840,0x0040,0xFE60,0x1040,0x2860,0xC640,0x0000,0x7FC0,0x4000,0x4000,0x7FC0},
{0x3840,0x0040,0xFE60,0x1040,0x2860,0xC640,0x7FC0,0x0040,0x7FC0,0x4000,0x7FC0},{0x3840,0x0040,0xFE60,0x1040,0x2860,0xC640,0x7BC0,0x0840,0x7840,0x4040,0x7840},{0x3840,0x0040,0xFE60,0x1040,0x2860,0xC640,0x7BC0,0x0A40,0x7A40,0x4240,0x7BC0},{0x3840,0x0040,0xFE60,0x1040,0x2860,0xC640,0x7A40,0x0A40,0x7BC0,0x4240,0x7BC0},
{0x3840,0x0040,0xFE60,0x1040,0x2860,0xC640,0x7840,0x0900,0x7900,0x4280,0x7C40},{0x3840,0x0040,0xFE60,0x1040,0x2860,0xC640,0x7BC0,0x0A00,0x7BC0,0x4200,0x7BC0},{0x3840,0x0040,0xFE60,0x1040,0x2860,0xC640,0x7FC0,0x0A80,0x7A80,0x4280,0x7FC0},{0x3840,0x0040,0xFE60,0x1040,0x2860,0xC640,0x7900,0x0FC0,0x7B80,0x4440,0x7B80},
{0x3840,0x0040,0xFE60,0x1040,0x2860,0xC640,0x0000,0x7FC0,0x4040,0x4040,0x7FC0},{0x3840,0x0040,0xFE60,0x1040,0x2860,0xC640,0x0000,0x4040,0x7FC0,0x4040,0x7FC0},{0x3840,0x0040,0xFE60,0x1040,0x2860,0xC640,0x0040,0x4900,0x7900,0x4A80,0x7C40},{0x3840,0x0040,0xFE60,0x1040,0x2860,0xC640,0x0040,0x0440,0x0400,0x1B00,0x60C0},
{0x3840,0x0040,0xFE60,0x1040,0x2860,0xC640,0x0040,0x1100,0x1100,0x2A80,0x4440},{0x3840,0x0040,0xFE60,0x1040,0x2860,0xC640,0x0000,0x3F80,0x4040,0x4040,0x3F80},{0x3840,0x0040,0xFE60,0x1040,0x2860,0xC640,0x0000,0x7FC0,0x0400,0x1B00,0x60C0},{0x3840,0x0040,0xFE60,0x1040,0x2860,0xC640,0x0040,0x0400,0x7FC0,0x1B00,0x60C0},
{0x3840,0x0040,0xFE60,0x1040,0x2860,0xC640,0x0000,0x7FC0,0x0040,0x7FC0,0x0040},{0x3840,0x0040,0xFE60,0x1040,0x2860,0xC640,0x7FC0,0x4000,0x7FC0,0x4000,0x7FC0},{0x3840,0x0040,0xFE60,0x1040,0x2860,0xC640,0x0000,0x7FC0,0x1100,0x1100,0x7FC0},{0x3840,0x0040,0xFE60,0x1040,0x2860,0xC640,0x0400,0x7FC0,0x1F00,0x2080,0x1F00},
{0x3940,0x0140,0xFF40,0x11C0,0x1140,0x1140,0x2940,0x29C0,0x4540,0x8340,0x0140},{0x3940,0x0140,0xFFC0,0x1140,0x29C0,0xC740,0x0000,0x7FC0,0x0040,0x0040,0x0040},{0x3940,0x0140,0xFFC0,0x1140,0x29C0,0xC740,0x0000,0x7FC0,0x0440,0x0440,0x0440},{0x3940,0x0140,0xFFC0,0x1140,0x29C0,0xC740,0x0000,0x7900,0x0900,0x0A80,0x0C40},
{0x3940,0x0140,0xFFC0,0x1140,0x29C0,0xC740,0x0140,0x4140,0x4000,0x4000,0x7FC0},{0x3940,0x0140,0xFFC0,0x1140,0x29C0,0xC740,0x0000,0x47C0,0x4100,0x4280,0x7C40},{0x3940,0x0140,0xFFC0,0x1140,0x29C0,0xC740,0x0100,0x47C0,0x4380,0x4440,0x7B80},{0x3940,0x0140,0xFFC0,0x1140,0x29C0,0xC740,0x0000,0x7FC0,0x4000,0x4000,0x7FC0},
{0x3940,0x0140,0xFFC0,0x1140,0x29C0,0xC740,0x7FC0,0x0040,0x7FC0,0x4000,0x7FC0},{0x3940,0x0140,0xFFC0,0x1140,0x29C0,0xC740,0x7BC0,0x0840,0x7840,0x4040,0x7840},{0x3940,0x0140,0xFFC0,0x1140,0x29C0,0xC740,0x7BC0,0x0A40,0x7A40,0x4240,0x7BC0},{0x3940,0x0140,0xFFC0,0x1140,0x29C0,0xC740,0x7A40,0x0A40,0x7BC0,0x4240,0x7BC0},
{0x3940,0x0140,0xFFC0,0x1140,0x29C0,0xC740,0x7800,0x0900,0x7900,0x4280,0x7C40},{0x3940,0x0140,0xFFC0,0x1140,0x29C0,0xC740,0x7BC0,0x0A00,0x7BC0,0x4200,0x7BC0},{0x3940,0x0140,0xFFC0,0x1140,0x29C0,0xC740,0x7FC0,0x0A80,0x7A80,0x4280,0x7FC0},{0x3940,0x0140,0xFFC0,0x1140,0x29C0,0xC740,0x7900,0x0FC0,0x7B80,0x4440,0x7B80},
{0x3940,0x0140,0xFFC0,0x1140,0x29C0,0xC740,0x0000,0x7FC0,0x4040,0x4040,0x7FC0},{0x3940,0x0140,0xFFC0,0x1140,0x29C0,0xC740,0x0000,0x4040,0x7FC0,0x4040,0x7FC0},{0x3940,0x0140,0xFFC0,0x1140,0x29C0,0xC740,0x0000,0x4900,0x7900,0x4A80,0x7C40},{0x3940,0x0140,0xFFC0,0x1140,0x29C0,0xC740,0x0140,0x0540,0x0400,0x1B00,0x60C0},
{0x3940,0x0140,0xFFC0,0x1140,0x29C0,0xC740,0x0000,0x1100,0x1100,0x2A80,0x4440},{0x3940,0x0140,0xFFC0,0x1140,0x29C0,0xC740,0x0000,0x3F80,0x4040,0x4040,0x3F80},{0x3940,0x0140,0xFFC0,0x1140,0x29C0,0xC740,0x0000,0x7FC0,0x0400,0x1B00,0x60C0},{0x3940,0x0140,0xFFC0,0x1140,0x29C0,0xC740,0x0140,0x0400,0x7FC0,0x1B00,0x60C0},
{0x3940,0x0140,0xFFC0,0x1140,0x29C0,0xC740,0x0000,0x7FC0,0x0040,0x7FC0,0x0040},{0x3940,0x0140,0xFFC0,0x1140,0x29C0,0xC740,0x7FC0,0x4000,0x7FC0,0x4000,0x7FC0},{0x3940,0x0140,0xFFC0,0x1140,0x29C0,0xC740,0x0000,0x7FC0,0x1100,0x1100,0x7FC0},{0x3940,0x0140,0xFFC0,0x1140,0x29C0,0xC740,0x0400,0x7FC0,0x1F00,0x2080,0x1F00},
{0x3840,0x0040,0xFE40,0x1040,0x1040,0x11C0,0x2840,0x2840,0x4440,0x8240,0x0040},{0x3840,0x0040,0xFE40,0x11C0,0x2840,0xC640,0x0000,0x7FC0,0x0040,0x0040,0x0040},{0x3840,0x0040,0xFE40,0x11C0,0x2840,0xC640,0x0000,0x7FC0,0x0440,0x0440,0x0440},{0x3840,0x0040,0xFE40,0x11C0,0x2840,0xC640,0x0040,0x7900,0x0900,0x0A80,0x0C40},
{0x3840,0x0040,0xFE40,0x11C0,0x2840,0xC640,0x0040,0x4040,0x4000,0x4000,0x7FC0},{0x3840,0x0040,0xFE40,0x11C0,0x2840,0xC640,0x0000,0x47C0,0x4100,0x4280,0x7C40},{0x3840,0x0040,0xFE40,0x11C0,0x2840,0xC640,0x0100,0x47C0,0x4380,0x4440,0x7B80},{0x3840,0x0040,0xFE40,0x11C0,0x2840,0xC640,0x0000,0x7FC0,0x4000,0x4000,0x7FC0},
{0x3840,0x0040,0xFE40,0x11C0,0x2840,0xC640,0x7FC0,0x0040,0x7FC0,0x4000,0x7FC0},{0x3840,0x0040,0xFE40,0x11C0,0x2840,0xC640,0x7BC0,0x0840,0x7840,0x4040,0x7840},{0x3840,0x0040,0xFE40,0x11C0,0x2840,0xC640,0x7BC0,0x0A40,0x7A40,0x4240,0x7BC0},{0x3840,0x0040,0xFE40,0x11C0,0x2840,0xC640,0x7A40,0x0A40,0x7BC0,0x4240,0x7BC0},
{0x3840,0x0040,0xFE40,0x11C0,0x2840,0xC640,0x7900,0x0900,0x7900,0x4280,0x7C40},{0x3840,0x0040,0xFE40,0x11C0,0x2840,0xC640,0x7BC0,0x0A00,0x7BC0,0x4200,0x7BC0},{0x3840,0x0040,0xFE40,0x11C0,0x2840,0xC640,0x7FC0,0x0A80,0x7A80,0x4280,0x7FC0},{0x3840,0x0040,0xFE40,0x11C0,0x2840,0xC640,0x7900,0x0FC0,0x7B80,0x4440,0x7B80},
{0x3840,0x0040,0xFE40,0x11C0,0x2840,0xC640,0x0000,0x7FC0,0x4040,0x4040,0x7FC0},{0x3840,0x0040,0xFE40,0x11C0,0x2840,0xC640,0x0000,0x4040,0x7FC0,0x4040,0x7FC0},{0x3840,0x0040,0xFE40,0x11C0,0x2840,0xC640,0x0040,0x4900,0x7900,0x4A80,0x7C40},{0x3840,0x0040,0xFE40,0x11C0,0x2840,0xC640,0x0040,0x0440,0x0400,0x1B00,0x60C0},
{0x3840,0x0040,0xFE40,0x11C0,0x2840,0xC640,0x0040,0x1100,0x1100,0x2A80,0x4440},{0x3840,0x0040,0xFE40,0x11C0,0x2840,0xC640,0x0000,0x3F80,0x4040,0x4040,0x3F80},{0x3840,0x0040,0xFE40,0x11C0,0x2840,0xC640,0x0000,0x7FC0,0x0400,0x1B00,0x60C0},{0x3840,0x0040,0xFE40,0x11C0,0x2840,0xC640,0x0040,0x0400,0x7FC0,0x1B00,0x60C0},
{0x3840,0x0040,0xFE40,0x11C0,0x2840,0xC640,0x0000,0x7FC0,0x0040,0x7FC0,0x0040},{0x3840,0x0040,0xFE40,0x11C0,0x2840,0xC640,0x7FC0,0x4000,0x7FC0,0x4000,0x7FC0},{0x3840,0x0040,0xFE40,0x11C0,0x2840,0xC640,0x0000,0x7FC0,0x1100,0x1100,0x7FC0},{0x3840,0x0040,0xFE40,0x11C0,0x2840,0xC640,0x0400,0x7FC0,0x1F00,0x2080,0x1F00},
{0x7140,0x0140,0xF940,0x2140,0x2140,0x2740,0x5140,0x5140,0x8940,0x8940,0x0140},{0x7140,0x0140,0xF940,0x2740,0x5140,0x8940,0x0000,0x7FC0,0x0040,0x0040,0x0040},{0x7140,0x0140,0xF940,0x2740,0x5140,0x8940,0x0000,0x7FC0,0x0440,0x0440,0x0440},{0x7140,0x0140,0xF940,0x2740,0x5140,0x8940,0x0000,0x7900,0x0900,0x0A80,0x0C40},
{0x7140,0x0140,0xF940,0x2740,0x5140,0x8940,0x0140,0x4140,0x4000,0x4000,0x7FC0},{0x7140,0x0140,0xF940,0x2740,0x5140,0x8940,0x0000,0x47C0,0x4100,0x4280,0x7C40},{0x7140,0x0140,0xF940,0x2740,0x5140,0x8940,0x0100,0x47C0,0x4380,0x4440,0x7B80},{0x7140,0x0140,0xF940,0x2740,0x5140,0x8940,0x0000,0x7FC0,0x4000,0x4000,0x7FC0},
{0x7140,0x0140,0xF940,0x2740,0x5140,0x8940,0x7FC0,0x0040,0x7FC0,0x4000,0x7FC0},{0x7140,0x0140,0xF940,0x2740,0x5140,0x8940,0x7BC0,0x0840,0x7840,0x4040,0x7840},{0x7140,0x0140,0xF940,0x2740,0x5140,0x8940,0x7BC0,0x0A40,0x7A40,0x4240,0x7BC0},{0x7140,0x0140,0xF940,0x2740,0x5140,0x8940,0x7A40,0x0A40,0x7BC0,0x4240,0x7BC0},
{0x7140,0x0140,0xF940,0x2740,0x5140,0x8940,0x7800,0x0900,0x7900,0x4280,0x7C40},{0x7140,0x0140,0xF940,0x2740,0x5140,0x8940,0x7BC0,0x0A00,0x7BC0,0x4200,0x7BC0},{0x7140,0x0140,0xF940,0x2740,0x5140,0x8940,0x7FC0,0x0A80,0x7A80,0x4280,0x7FC0},{0x7140,0x0140,0xF940,0x2740,0x5140,0x8940,0x7900,0x0FC0,0x7B80,0x4440,0x7B80},
{0x7140,0x0140,0xF940,0x2740,0x5140,0x8940,0x0000,0x7FC0,0x4040,0x4040,0x7FC0},{0x7140,0x0140,0xF940,0x2740,0x5140,0x8940,0x0000,0x4040,0x7FC0,0x4040,0x7FC0},{0x7140,0x0140,0xF940,0x2740,0x5140,0x8940,0x0000,0x4900,0x7900,0x4A80,0x7C40},{0x7140,0x0140,0xF940,0x2740,0x5140,0x8940,0x0140,0x0540,0x0400,0x1B00,0x60C0},
{0x7140,0x0140,0xF940,0x2740,0x5140,0x8940,0x0000,0x1100,0x1100,0x2A80,0x4440},{0x7140,0x0140,0xF940,0x2740,0x5140,0x8940,0x0000,0x3F80,0x4040,0x4040,0x3F80},{0x7140,0x0140,0xF940,0x2740,0x5140,0x8940,0x0000,0x7FC0,0x0400,0x1B00,0x60C0},{0x7140,0x0140,0xF940,0x2740,0x5140,0x8940,0x0140,0x0400,0x7FC0,0x1B00,0x60C0},
{0x7140,0x0140,0xF940,0x2740,0x5140,0x8940,0x0000,0x7FC0,0x0040,0x7FC0,0x0040},{0x7140,0x0140,0xF940,0x2740,0x5140,0x8940,0x7FC0,0x4000,0x7FC0,0x4000,0x7FC0},{0x7140,0x0140,0xF940,0x2740,0x5140,0x8940,0x0000,0x7FC0,0x1100,0x1100,0x7FC0},{0x7140,0x0140,0xF940,0x2740,0x5140,0x8940,0x0400,0x7FC0,0x1F00,0x2080,0x1F00},
{0x3840,0x0040,0xFE40,0x11C0,0x1040,0x1040,0x29C0,0x2840,0x4440,0x8240,0x0040},{0x3840,0x0040,0xFEC0,0x1040,0x28C0,0xC640,0x0000,0x7FC0,0x0040,0x0040,0x0040},{0x3840,0x0040,0xFEC0,0x1040,0x28C0,0xC640,0x0000,0x7FC0,0x0440,0x0440,0x0440},{0x3840,0x0040,0xFEC0,0x1040,0x28C0,0xC640,0x0040,0x7900,0x0900,0x0A80,0x0C40},
{0x3840,0x0040,0xFEC0,0x1040,0x28C0,0xC640,0x0040,0x4040,0x4000,0x4000,0x7FC0},{0x3840,0x0040,0xFEC0,0x1040,0x28C0,0xC640,0x0000,0x47C0,0x4100,0x4280,0x7C40},{0x3840,0x0040,0xFEC0,0x1040,0x28C0,0xC640,0x0100,0x47C0,0x4380,0x4440,0x7B80},{0x3840,0x0040,0xFEC0,0x1040,0x28C0,0xC640,0x0000,0x7FC0,0x4000,0x4000,0x7FC0},
{0x3840,0x0040,0xFEC0,0x1040,0x28C0,0xC640,0x7FC0,0x0040,0x7FC0,0x4000,0x7FC0},{0x3840,0x0040,0xFEC0,0x1040,0x28C0,0xC640,0x7BC0,0x0840,0x7840,0x4040,0x7840},{0x3840,0x0040,0xFEC0,0x1040,0x28C0,0xC640,0x7BC0,0x0A40,0x7A40,0x4240,0x7BC0},{0x3840,0x0040,0xFEC0,0x1040,0x28C0,0xC640,0x7A40,0x0A40,0x7BC0,0x4240,0x7BC0},
{0x3840,0x0040,0xFEC0,0x1040,0x28C0,0xC640,0x7840,0x0900,0x7900,0x4280,0x7C40},{0x3840,0x0040,0xFEC0,0x1040,0x28C0,0xC640,0x7BC0,0x0A00,0x7BC0,0x4200,0x7BC0},{0x3840,0x0040,0xFEC0,0x1040,0x28C0,0xC640,0x7FC0,0x0A80,0x7A80,0x4280,0x7FC0},{0x3840,0x0040,0xFEC0,0x1040,0x28C0,0xC640,0x7900,0x0FC0,0x7B80,0x4440,0x7B80},
{0x3840,0x0040,0xFEC0,0x1040,0x28C0,0xC640,0x0000,0x7FC0,0x4040,0x4040,0x7FC0},{0x3840,0x0040,0xFEC0,0x1040,0x28C0,0xC640,0x0000,0x4040,0x7FC0,0x4040,0x7FC0},{0x3840,0x0040,0xFEC0,0x1040,0x28C0,0xC640,0x0040,0x4900,0x7900,0x4A80,0x7C40},{0x3840,0x0040,0xFEC0,0x1040,0x28C0,0xC640,0x0040,0x0440,0x0400,0x1B00,0x60C0},
{0x3840,0x0040,0xFEC0,0x1040,0x28C0,0xC640,0x0040,0x1100,0x1100,0x2A80,0x4440},{0x3840,0x0040,0xFEC0,0x1040,0x28C0,0xC640,0x0000,0x3F80,0x4040,0x4040,0x3F80},{0x3840,0x0040,0xFEC0,0x1040,0x28C0,0xC640,0x0000,0x7FC0,0x0400,0x1B00,0x60C0},{0x3840,0x0040,0xFEC0,0x1040,0x28C0,0xC640,0x0040,0x0400,0x7FC0,0x1B00,0x60C0},
{0x3840,0x0040,0xFEC0,0x1040,0x28C0,0xC640,0x0000,0x7FC0,0x0040,0x7FC0,0x0040},{0x3840,0x0040,0xFEC0,0x1040,0x28C0,0xC640,0x7FC0,0x4000,0x7FC0,0x4000,0x7FC0},{0x3840,0x0040,0xFEC0,0x1040,0x28C0,0xC640,0x0000,0x7FC0,0x1100,0x1100,0x7FC0},{0x3840,0x0040,0xFEC0,0x1040,0x28C0,0xC640,0x0400,0x7FC0,0x1F00,0x2080,0x1F00},
{0x7140,0x0140,0xF940,0x2740,0x2140,0x2140,0x5740,0x5140,0x8940,0x8940,0x0140},{0x7140,0x0140,0xFB40,0x2140,0x5340,0x8940,0x0000,0x7FC0,0x0040,0x0040,0x0040},{0x7140,0x0140,0xFB40,0x2140,0x5340,0x8940,0x0000,0x7FC0,0x0440,0x0440,0x0440},{0x7140,0x0140,0xFB40,0x2140,0x5340,0x8940,0x0000,0x7900,0x0900,0x0A80,0x0C40},
{0x7140,0x0140,0xFB40,0x2140,0x5340,0x8940,0x0140,0x4140,0x4000,0x4000,0x7FC0},{0x7140,0x0140,0xFB40,0x2140,0x5340,0x8940,0x0000,0x47C0,0x4100,0x4280,0x7C40},{0x7140,0x0140,0xFB40,0x2140,0x5340,0x8940,0x0100,0x47C0,0x4380,0x4440,0x7B80},{0x7140,0x0140,0xFB40,0x2140,0x5340,0x8940,0x0000,0x7FC0,0x4000,0x4000,0x7FC0},
{0x7140,0x0140,0xFB40,0x2140,0x5340,0x8940,0x7FC0,0x0040,0x7FC0,0x4000,0x7FC0},{0x7140,0x0140,0xFB40,0x2140,0x5340,0x8940,0x7BC0,0x0840,0x7840,0x4040,0x7840},{0x7140,0x0140,0xFB40,0x2140,0x5340,0x8940,0x7BC0,0x0A40,0x7A40,0x4240,0x7BC0},{0x7140,0x0140,0xFB40,0x2140,0x5340,0x8940,0x7A40,0x0A40,0x7BC0,0x4240,0x7BC0},
{0x7140,0x0140,0xFB40,0x2140,0x5340,0x8940,0x7800,0x0900,0x7900,0x4280,0x7C40},{0x7140,0x0140,0xFB40,0x2140,0x5340,0x8940,0x7BC0,0x0A00,0x7BC0,0x4200,0x7BC0},{0x7140,0x0140,0xFB40,0x2140,0x5340,0x8940,0x7FC0,0x0A80,0x7A80,0x4280,0x7FC0},{0x7140,0x0140,0xFB40,0x2140,0x5340,0x8940,0x7900,0x0FC0,0x7B80,0x4440,0x7B80},
{0x7140,0x0140,0xFB40,0x2140,0x5340,0x8940,0x0000,0x7FC0,0x4040,0x4040,0x7FC0},{0x7140,0x0140,0xFB40,0x2140,0x5340,0x8940,0x0000,0x4040,0x7FC0,0x4040,0x7FC0},{0x7140,0x0140,0xFB40,0x2140,0x5340,0x8940,0x0000,0x4900,0x7900,0x4A80,0x7C40},{0x7140,0x0140,0xFB40,0x2140,0x5340,0x8940,0x0140,0x0540,0x0400,0x1B00,0x60C0},
{0x7140,0x0140,0xFB40,0x2140,0x5340,0x8940,0x0000,0x1100,0x1100,0x2A80,0x4440},{0x7140,0x0140,0xFB40,0x2140,0x5340,0x8940,0x0000,0x3F80,0x4040,0x4040,0x3F80},{0x7140,0x0140,0xFB40,0x2140,0x5340,0x8940,0x0000,0x7FC0,0x0400,0x1B00,0x60C0},{0x7140,0x0140,0xFB40,0x2140,0x5340,0x8940,0x0140,0x0400,0x7FC0,0x1B00,0x60C0},
{0x7140,0x0140,0xFB40,0x2140,0x5340,0x8940,0x0000,0x7FC0,0x0040,0x7FC0,0x0040},{0x7140,0x0140,0xFB40,0x2140,0x5340,0x8940,0x7FC0,0x4000,0x7FC0,0x4000,0x7FC0},{0x7140,0x0140,0xFB40,0x2140,0x5340,0x8940,0x0000,0x7FC0,0x1100,0x1100,0x7FC0},{0x7140,0x0140,0xFB40,0x2140,0x5340,0x8940,0x0400,0x7FC0,0x1F00,0x2080,0x1F00},
{0x1F00,0x0000,0x7FC0,0x0400,0x0A00,0x1100,0x60C0,0x0400,0x0400,0xFFE0,0x0000},{0x1F00,0x0000,0x7FC0,0x0A00,0x71C0,0x0400,0xFFE0,0x0000,0x7FC0,0x0040,0x0040},{0x1F00,0x0000,0x7FC0,0x0A00,0x71C0,0x0400,0xFFE0,0x0000,0x7FC0,0x0440,0x0440},{0x1F00,0x0000,0x7FC0,0x0A00,0x71C0,0x0400,0xFFE0,0x0000,0x7900,0x0A80,0x0C40},
{0x1F00,0x0000,0x7FC0,0x0A00,0x71C0,0x0400,0xFFE0,0x0000,0x4000,0x4000,0x7FC0},{0x1F00,0x0000,0x7FC0,0x0A00,0x71C0,0x0400,0xFFE0,0x0000,0x47C0,0x4280,0x7C40},{0x1F00,0x0000,0x7FC0,0x0A00,0x71C0,0x0400,0xFFE0,0x0100,0x4FC0,0x4440,0x7B80},{0x1F00,0x0000,0x7FC0,0x0A00,0x71C0,0x0400,0xFFE0,0x0000,0x7FC0,0x4000,0x7FC0},
{0x1F00,0x0000,0x7FC0,0x0A00,0x71C0,0x0400,0xFFE0,0x0040,0x7FC0,0x4000,0x7FC0},{0x1F00,0x0000,0x7FC0,0x0A00,0x71C0,0x0400,0xFFE0,0x0BC0,0x7840,0x4040,0x7840},{0x1F00,0x0000,0x7FC0,0x0A00,0x71C0,0x0400,0xFFE0,0x0BC0,0x7A40,0x4240,0x7BC0},{0x1F00,0x0000,0x7FC0,0x0A00,0x71C0,0x0400,0xFFE0,0x0A40,0x7BC0,0x4240,0x7BC0},
{0x1F00,0x0000,0x7FC0,0x0A00,0x71C0,0x0400,0xFFE0,0x0900,0x7900,0x4280,0x7C40},{0x1F00,0x0000,0x7FC0,0x0A00,0x71C0,0x0400,0xFFE0,0x0A00,0x7BC0,0x4200,0x7BC0},{0x1F00,0x0000,0x7FC0,0x0A00,0x71C0,0x0400,0xFFE0,0x0FC0,0x7A80,0x4280,0x7FC0},{0x1F00,0x0000,0x7FC0,0x0A00,0x71C0,0x0400,0xFFE0,0x0900,0x7FC0,0x4440,0x7B80},
{0x1F00,0x0000,0x7FC0,0x0A00,0x71C0,0x0400,0xFFE0,0x0000,0x7FC0,0x4040,0x7FC0},{0x1F00,0x0000,0x7FC0,0x0A00,0x71C0,0x0400,0xFFE0,0x4040,0x7FC0,0x4040,0x7FC0},{0x1F00,0x0000,0x7FC0,0x0A00,0x71C0,0x0400,0xFFE0,0x4800,0x7900,0x4A80,0x7C40},{0x1F00,0x0000,0x7FC0,0x0A00,0x71C0,0x0400,0xFFE0,0x0000,0x0400,0x1B00,0x60C0},
{0x1F00,0x0000,0x7FC0,0x0A00,0x71C0,0x0400,0xFFE0,0x0000,0x1100,0x2A80,0x4440},{0x1F00,0x0000,0x7FC0,0x0A00,0x71C0,0x0400,0xFFE0,0x0000,0x3F80,0x4040,0x3F80},{0x1F00,0x0000,0x7FC0,0x0A00,0x71C0,0x0400,0xFFE0,0x0000,0x7FC0,0x1B00,0x60C0},{0x1F00,0x0000,0x7FC0,0x0A00,0x71C0,0x0400,0xFFE0,0x0400,0x7FC0,0x1B00,0x60C0},
{0x0400,0x7FC0,0x0A00,0x71C0,0x0400,0xFFE0,0x0000,0x7FC0,0x0040,0x7FC0,0x0040},{0x1F00,0x0000,0x7FC0,0x0A00,0x71C0,0x0400,0xFFE0,0x4000,0x7FC0,0x4000,0x7FC0},{0x1F00,0x0000,0x7FC0,0x0A00,0x71C0,0x0400,0xFFE0,0x0000,0x7FC0,0x1100,0x7FC0},{0x1F00,0x0000,0x7FC0,0x0A00,0x71C0,0x0400,0xFFE0,0x0400,0x7FC0,0x2080,0x1F00},
{0x3840,0x0040,0xFE40,0x1040,0x2840,0x4460,0x8240,0x1040,0x1040,0xFF40,0x0040},{0x3840,0x0040,0xFE40,0x2860,0xC640,0x1040,0xFF40,0x0000,0x7FC0,0x0040,0x0040},{0x3840,0x0040,0xFE40,0x2860,0xC640,0x1040,0xFF40,0x0000,0x7FC0,0x0440,0x0440},{0x3840,0x0040,0xFE40,0x2860,0xC640,0x1040,0xFF40,0x0040,0x7900,0x0A80,0x0C40},
{0x3840,0x0040,0xFE40,0x2860,0xC640,0x1040,0xFF40,0x0040,0x4000,0x4000,0x7FC0},{0x3840,0x0040,0xFE40,0x2860,0xC640,0x1040,0xFF40,0x0000,0x47C0,0x4280,0x7C40},{0x3840,0x0040,0xFE40,0x2860,0xC640,0x1040,0xFF40,0x0100,0x4FC0,0x4440,0x7B80},{0x3840,0x0040,0xFE40,0x2860,0xC640,0x1040,0xFF40,0x0000,0x7FC0,0x4000,0x7FC0},
{0x1040,0xFE40,0x2860,0xC640,0x1040,0xFF40,0x7FC0,0x0040,0x7FC0,0x4000,0x7FC0},{0x1040,0xFE40,0x2860,0xC640,0x1040,0xFF40,0x7BC0,0x0840,0x7840,0x4040,0x7840},{0x1040,0xFE40,0x2860,0xC640,0x1040,0xFF40,0x7BC0,0x0A40,0x7A40,0x4240,0x7BC0},{0x1040,0xFE40,0x2860,0xC640,0x1040,0xFF40,0x7A40,0x0A40,0x7BC0,0x4240,0x7BC0},
{0x1040,0xFE40,0x2860,0xC640,0x1040,0xFF40,0x7840,0x0900,0x7900,0x4280,0x7C40},{0x1040,0xFE40,0x2860,0xC640,0x1040,0xFF40,0x7BC0,0x0A00,0x7BC0,0x4200,0x7BC0},{0x1040,0xFE40,0x2860,0xC640,0x1040,0xFF40,0x7FC0,0x0A80,0x7A80,0x4280,0x7FC0},{0x1040,0xFE40,0x2860,0xC640,0x1040,0xFF40,0x7900,0x0FC0,0x7B80,0x4440,0x7B80},
{0x3840,0x0040,0xFE40,0x2860,0xC640,0x1040,0xFF40,0x0000,0x7FC0,0x4040,0x7FC0},{0x3840,0x0040,0xFE40,0x2860,0xC640,0x1040,0xFF40,0x4040,0x7FC0,0x4040,0x7FC0},{0x3840,0x0040,0xFE40,0x2860,0xC640,0x1040,0xFF40,0x4840,0x7900,0x4A80,0x7C40},{0x3840,0x0040,0xFE40,0x2860,0xC640,0x1040,0xFF40,0x0040,0x0400,0x1B00,0x60C0},
{0x3840,0x0040,0xFE40,0x2860,0xC640,0x1040,0xFF40,0x0040,0x1100,0x2A80,0x4440},{0x3840,0x0040,0xFE40,0x2860,0xC640,0x1040,0xFF40,0x0000,0x3F80,0x4040,0x3F80},{0x3840,0x0040,0xFE40,0x2860,0xC640,0x1040,0xFF40,0x0000,0x7FC0,0x1B00,0x60C0},{0x3840,0x0040,0xFE40,0x2860,0xC640,0x1040,0xFF40,0x0400,0x7FC0,0x1B00,0x60C0},
{0x3840,0x0040,0xFE40,0x2860,0xC640,0x1040,0xFF40,0x7FC0,0x0040,0x7FC0,0x0040},{0x1040,0xFE40,0x2860,0xC640,0x1040,0xFF40,0x7FC0,0x4000,0x7FC0,0x4000,0x7FC0},{0x3840,0x0040,0xFE40,0x2860,0xC640,0x1040,0xFF40,0x0000,0x7FC0,0x1100,0x7FC0},{0x3840,0x0040,0xFE40,0x2860,0xC640,0x1040,0xFF40,0x0400,0x7FC0,0x2080,0x1F00},
{0x3940,0x0140,0xFF40,0x1140,0x2940,0x45C0,0x8340,0x1140,0x1140,0xFF40,0x0140},{0x7140,0x0140,0xF940,0x21C0,0xD940,0x2140,0xFD40,0x0000,0x7FC0,0x0040,0x0040},{0x7140,0x0140,0xF940,0x21C0,0xD940,0x2140,0xFD40,0x0000,0x7FC0,0x0440,0x0440},{0x7140,0x0140,0xF940,0x21C0,0xD940,0x2140,0xFD40,0x0000,0x7900,0x0A80,0x0C40},
{0x7140,0x0140,0xF940,0x21C0,0xD940,0x2140,0xFD40,0x0140,0x4000,0x4000,0x7FC0},{0x7140,0x0140,0xF940,0x21C0,0xD940,0x2140,0xFD40,0x0000,0x47C0,0x4280,0x7C40},{0x7140,0x0140,0xF940,0x21C0,0xD940,0x2140,0xFD40,0x0100,0x4FC0,0x4440,0x7B80},{0x7140,0x0140,0xF940,0x21C0,0xD940,0x2140,0xFD40,0x0000,0x7FC0,0x4000,0x7FC0},
{0x2140,0xF940,0x2140,0xD9C0,0x2140,0xFD40,0x7FC0,0x0040,0x7FC0,0x4000,0x7FC0},{0x2140,0xF940,0x2140,0xD9C0,0x2140,0xFD40,0x7BC0,0x0A40,0x7A40,0x4240,0x7BC0},{0x2140,0xF940,0x2140,0xD9C0,0x2140,0xFD40,0x7BC0,0x0A40,0x7A40,0x4240,0x7BC0},{0x2140,0xF940,0x2140,0xD9C0,0x2140,0xFD40,0x7BC0,0x0A40,0x7A40,0x4240,0x7BC0},
{0x2140,0xF940,0x2140,0xD9C0,0x2140,0xFD40,0x7BC0,0x0A40,0x7A40,0x4240,0x7BC0},{0x2140,0xF940,0x2140,0xD9C0,0x2140,0xFD40,0x7BC0,0x0A40,0x7A40,0x4240,0x7BC0},{0x2140,0xF940,0x2140,0xD9C0,0x2140,0xFD40,0x7BC0,0x0A40,0x7A40,0x4240,0x7BC0},{0x2140,0xF940,0x2140,0xD9C0,0x2140,0xFD40,0x7900,0x0FC0,0x7B80,0x4440,0x7B80},
{0x7140,0x0140,0xF940,0x21C0,0xD940,0x2140,0xFD40,0x0000,0x7FC0,0x4040,0x7FC0},{0x7140,0x0140,0xF940,0x21C0,0xD940,0x2140,0xFD40,0x4040,0x7FC0,0x4040,0x7FC0},{0x7140,0x0140,0xF940,0x21C0,0xD940,0x2140,0xFD40,0x4800,0x7900,0x4A80,0x7C40},{0x7140,0x0140,0xF940,0x21C0,0xD940,0x2140,0xFD40,0x0140,0x0400,0x1B00,0x60C0},
{0x7140,0x0140,0xF940,0x21C0,0xD940,0x2140,0xFD40,0x0000,0x1100,0x2A80,0x4440},{0x7140,0x0140,0xF940,0x21C0,0xD940,0x2140,0xFD40,0x0000,0x3F80,0x4040,0x3F80},{0x7140,0x0140,0xF940,0x21C0,0xD940,0x2140,0xFD40,0x0000,0x7FC0,0x1B00,0x60C0},{0x7140,0x0140,0xF940,0x21C0,0xD940,0x2140,0xFD40,0x0400,0x7FC0,0x1B00,0x60C0},
{0x7140,0x0140,0xF940,0x21C0,0xD940,0x2140,0xFD40,0x7FC0,0x0040,0x7FC0,0x0040},{0x2140,0xF940,0x2140,0xD9C0,0x2140,0xFD40,0x7FC0,0x4000,0x7FC0,0x4000,0x7FC0},{0x7140,0x0140,0xF940,0x21C0,0xD940,0x2140,0xFD40,0x0000,0x7FC0,0x1100,0x7FC0},{0x7140,0x0140,0xF940,0x21C0,0xD940,0x2140,0xFD40,0x0400,0x7FC0,0x2080,0x1F00},
{0x3840,0x0040,0xFE40,0x1040,0x2840,0x4440,0x8240,0x1040,0x1040,0xFF40,0x0040},{0x3840,0x0040,0xFE40,0x2840,0xC640,0x1040,0xFF40,0x0000,0x7FC0,0x0040,0x0040},{0x3840,0x0040,0xFE40,0x2840,0xC640,0x1040,0xFF40,0x0000,0x7FC0,0x0440,0x0440},{0x3840,0x0040,0xFE40,0x2840,0xC640,0x1040,0xFF40,0x0040,0x7900,0x0A80,0x0C40},
{0x3840,0x0040,0xFE40,0x2840,0xC640,0x1040,0xFF40,0x0040,0x4000,0x4000,0x7FC0},{0x3840,0x0040,0xFE40,0x2840,0xC640,0x1040,0xFF40,0x0000,0x47C0,0x4280,0x7C40},{0x3840,0x0040,0xFE40,0x2840,0xC640,0x1040,0xFF40,0x0100,0x4FC0,0x4440,0x7B80},{0x3840,0x0040,0xFE40,0x2840,0xC640,0x1040,0xFF40,0x0000,0x7FC0,0x4000,0x7FC0},
{0x1040,0xFE40,0x2840,0xC640,0x1040,0xFF40,0x7FC0,0x0040,0x7FC0,0x4000,0x7FC0},{0x1040,0xFE40,0x2840,0xC640,0x1040,0xFF40,0x7BC0,0x0840,0x7840,0x4040,0x7840},{0x1040,0xFE40,0x2840,0xC640,0x1040,0xFF40,0x7BC0,0x0A40,0x7A40,0x4240,0x7BC0},{0x1040,0xFE40,0x2840,0xC640,0x1040,0xFF40,0x7A40,0x0A40,0x7BC0,0x4240,0x7BC0},
{0x1040,0xFE40,0x2840,0xC640,0x1040,0xFF40,0x7840,0x0900,0x7900,0x4280,0x7C40},{0x1040,0xFE40,0x2840,0xC640,0x1040,0xFF40,0x7BC0,0x0A00,0x7BC0,0x4200,0x7BC0},{0x1040,0xFE40,0x2840,0xC640,0x1040,0xFF40,0x7FC0,0x0A80,0x7A80,0x4280,0x7FC0},{0x1040,0xFE40,0x2840,0xC640,0x1040,0xFF40,0x7900,0x0FC0,0x7B80,0x4440,0x7B80},
{0x3840,0x0040,0xFE40,0x2840,0xC640,0x1040,0xFF40,0x0000,0x7FC0,0x4040,0x7FC0},{0x3840,0x0040,0xFE40,0x2840,0xC640,0x1040,0xFF40,0x4040,0x7FC0,0x4040,0x7FC0},{0x3840,0x0040,0xFE40,0x2840,0xC640,0x1040,0xFF40,0x4840,0x7900,0x4A80,0x7C40},{0x3840,0x0040,0xFE40,0x2840,0xC640,0x1040,0xFF40,0x0040,0x0400,0x1B00,0x60C0},
{0x3840,0x0040,0xFE40,0x2840,0xC640,0x1040,0xFF40,0x0040,0x1100,0x2A80,0x4440},{0x3840,0x0040,0xFE40,0x2840,0xC640,0x1040,0xFF40,0x0000,0x3F80,0x4040,0x3F80},{0x3840,0x0040,0xFE40,0x2840,0xC640,0x1040,0xFF40,0x0000,0x7FC0,0x1B00,0x60C0},{0x3840,0x0040,0xFE40,0x2840,0xC640,0x1040,0xFF40,0x0400,0x7FC0,0x1B00,0x60C0},
{0x3840,0x0040,0xFE40,0x2840,0xC640,0x1040,0xFF40,0x7FC0,0x0040,0x7FC0,0x0040},{0x1040,0xFE40,0x2840,0xC640,0x1040,0xFF40,0x7FC0,0x4000,0x7FC0,0x4000,0x7FC0},{0x3840,0x0040,0xFE40,0x2840,0xC640,0x1040,0xFF40,0x0000,0x7FC0,0x1100,0x7FC0},{0x3840,0x0040,0xFE40,0x2840,0xC640,0x1040,0xFF40,0x0400,0x7FC0,0x2080,0x1F00},
{0x1F00,0x0000,0x7FC0,0x0400,0x0A00,0x1100,0x60C0,0x1100,0x1100,0xFFE0,0x0000},{0x1F00,0x0000,0x7FC0,0x0A00,0x71C0,0x1100,0xFFE0,0x0000,0x7FC0,0x0040,0x0040},{0x1F00,0x0000,0x7FC0,0x0A00,0x71C0,0x1100,0xFFE0,0x0000,0x7FC0,0x0440,0x0440},{0x1F00,0x0000,0x7FC0,0x0A00,0x71C0,0x1100,0xFFE0,0x0000,0x7900,0x0A80,0x0C40},
{0x1F00,0x0000,0x7FC0,0x0A00,0x71C0,0x1100,0xFFE0,0x0000,0x4000,0x4000,0x7FC0},{0x1F00,0x0000,0x7FC0,0x0A00,0x71C0,0x1100,0xFFE0,0x0000,0x47C0,0x4280,0x7C40},{0x1F00,0x0000,0x7FC0,0x0A00,0x71C0,0x1100,0xFFE0,0x0100,0x4FC0,0x4440,0x7B80},{0x1F00,0x0000,0x7FC0,0x0A00,0x71C0,0x1100,0xFFE0,0x0000,0x7FC0,0x4000,0x7FC0},
{0x1F00,0x0000,0x7FC0,0x0A00,0x71C0,0x1100,0xFFE0,0x0040,0x7FC0,0x4000,0x7FC0},{0x1F00,0x0000,0x7FC0,0x0A00,0x71C0,0x1100,0xFFE0,0x0BC0,0x7840,0x4040,0x7840},{0x1F00,0x0000,0x7FC0,0x0A00,0x71C0,0x1100,0xFFE0,0x0BC0,0x7A40,0x4240,0x7BC0},{0x1F00,0x0000,0x7FC0,0x0A00,0x71C0,0x1100,0xFFE0,0x0A40,0x7BC0,0x4240,0x7BC0},
{0x1F00,0x0000,0x7FC0,0x0A00,0x71C0,0x1100,0xFFE0,0x0900,0x7900,0x4280,0x7C40},{0x1F00,0x0000,0x7FC0,0x0A00,0x71C0,0x1100,0xFFE0,0x0A00,0x7BC0,0x4200,0x7BC0},{0x1F00,0x0000,0x7FC0,0x0A00,0x71C0,0x1100,0xFFE0,0x0FC0,0x7A80,0x4280,0x7FC0},{0x1F00,0x0000,0x7FC0,0x0A00,0x71C0,0x1100,0xFFE0,0x0900,0x7FC0,0x4440,0x7B80},
{0x1F00,0x0000,0x7FC0,0x0A00,0x71C0,0x1100,0xFFE0,0x0000,0x7FC0,0x4040,0x7FC0},{0x1F00,0x0000,0x7FC0,0x0A00,0x71C0,0x1100,0xFFE0,0x4040,0x7FC0,0x4040,0x7FC0},{0x1F00,0x0000,0x7FC0,0x0A00,0x71C0,0x1100,0xFFE0,0x4800,0x7900,0x4A80,0x7C40},{0x1F00,0x0000,0x7FC0,0x0A00,0x71C0,0x1100,0xFFE0,0x0000,0x0400,0x1B00,0x60C0},
{0x1F00,0x0000,0x7FC0,0x0A00,0x71C0,0x1100,0xFFE0,0x0000,0x1100,0x2A80,0x4440},{0x1F00,0x0000,0x7FC0,0x0A00,0x71C0,0x1100,0xFFE0,0x0000,0x3F80,0x4040,0x3F80},{0x1F00,0x0000,0x7FC0,0x0A00,0x71C0,0x1100,0xFFE0,0x0000,0x7FC0,0x1B00,0x60C0},{0x1F00,0x0000,0x7FC0,0x0A00,0x71C0,0x1100,0xFFE0,0x0400,0x7FC0,0x1B00,0x60C0},
{0x1F00,0x0000,0x7FC0,0x0A00,0x71C0,0x1100,0xFFE0,0x7FC0,0x0040,0x7FC0,0x0040},{0x1F00,0x0000,0x7FC0,0x0A00,0x71C0,0x1100,0xFFE0,0x4000,0x7FC0,0x4000,0x7FC0},{0x1F00,0x0000,0x7FC0,0x0A00,0x71C0,0x1100,0xFFE0,0x0000,0x7FC0,0x1100,0x7FC0},{0x1F00,0x0000,0x7FC0,0x0A00,0x71C0,0x1100,0xFFE0,0x0400,0x7FC0,0x2080,0x1F00},
{0x1F00,0x0000,0x7FC0,0x0400,0x1B00,0x60C0,0x0000,0xFFE0,0x0400,0x0400,0x0400},{0x1F00,0x0000,0x7FC0,0x0A00,0x71C0,0x0000,0xFFE0,0x0400,0x7FC0,0x0040,0x0040},{0x1F00,0x0000,0x7FC0,0x0A00,0x71C0,0x0000,0xFFE0,0x0400,0x7FC0,0x0440,0x0440},{0x1F00,0x0000,0x7FC0,0x0A00,0x71C0,0x0000,0xFFE0,0x0400,0x7900,0x0A80,0x0C40},
{0x1F00,0x0000,0x7FC0,0x0A00,0x71C0,0x0000,0xFFE0,0x0400,0x4400,0x4000,0x7FC0},{0x1F00,0x0000,0x7FC0,0x0A00,0x71C0,0xFFE0,0x0400,0x47C0,0x4100,0x4280,0x7C40},{0x1F00,0x0000,0x7FC0,0x0A00,0x71C0,0xFFE0,0x0500,0x47C0,0x4380,0x4440,0x7B80},{0x1F00,0x0000,0x7FC0,0x0A00,0x71C0,0x0000,0xFFE0,0x0400,0x7FC0,0x4000,0x7FC0},
{0x0400,0x7FC0,0x0A00,0x71C0,0xFFE0,0x0400,0x7FC0,0x0040,0x7FC0,0x4000,0x7FC0},{0x0400,0x7FC0,0x0A00,0x71C0,0xFFE0,0x0400,0x7BC0,0x0840,0x7840,0x4040,0x7840},{0x0400,0x7FC0,0x0A00,0x71C0,0xFFE0,0x0400,0x7BC0,0x0A40,0x7A40,0x4240,0x7BC0},{0x0400,0x7FC0,0x0A00,0x71C0,0xFFE0,0x0400,0x7A40,0x0A40,0x7BC0,0x4240,0x7BC0},
{0x0400,0x7FC0,0x0A00,0x71C0,0xFFE0,0x0400,0x7900,0x0900,0x7900,0x4280,0x7C40},{0x0400,0x7FC0,0x0A00,0x71C0,0xFFE0,0x0400,0x7BC0,0x0A00,0x7BC0,0x4200,0x7BC0},{0x0400,0x7FC0,0x0A00,0x71C0,0xFFE0,0x0400,0x7FC0,0x0A80,0x7A80,0x4280,0x7FC0},{0x0400,0x7FC0,0x0A00,0x71C0,0xFFE0,0x0400,0x7900,0x0FC0,0x7B80,0x4440,0x7B80},
{0x1F00,0x0000,0x7FC0,0x0A00,0x71C0,0x0000,0xFFE0,0x0400,0x7FC0,0x4040,0x7FC0},{0x1F00,0x0000,0x7FC0,0x0A00,0x71C0,0x0000,0xFFE0,0x4440,0x7FC0,0x4040,0x7FC0},{0x1F00,0x0000,0x7FC0,0x0A00,0x71C0,0xFFE0,0x0400,0x4900,0x7900,0x4A80,0x7C40},{0x1F00,0x0000,0x7FC0,0x0A00,0x71C0,0x0000,0xFFE0,0x0400,0x0400,0x1B00,0x60C0},
{0x1F00,0x0000,0x7FC0,0x0A00,0x71C0,0x0000,0xFFE0,0x0400,0x1100,0x2A80,0x4440},{0x1F00,0x0000,0x7FC0,0x0A00,0x71C0,0x0000,0xFFE0,0x0400,0x3F80,0x4040,0x3F80},{0x1F00,0x0000,0x7FC0,0x0A00,0x71C0,0x0000,0xFFE0,0x0400,0x7FC0,0x1B00,0x60C0},{0x1F00,0x0000,0x7FC0,0x0A00,0x71C0,0xFFE0,0x0400,0x0400,0x7FC0,0x1B00,0x60C0},
{0x1F00,0x0000,0x7FC0,0x0A00,0x71C0,0xFFE0,0x0400,0x7FC0,0x0040,0x7FC0,0x0040},{0x0400,0x7FC0,0x0A00,0x71C0,0xFFE0,0x0400,0x7FC0,0x4000,0x7FC0,0x4000,0x7FC0},{0x1F00,0x0000,0x7FC0,0x0A00,0x71C0,0x0000,0xFFE0,0x0400,0x7FC0,0x1100,0x7FC0},{0x1F00,0x0000,0x7FC0,0x0A00,0x71C0,0xFFE0,0x0400,0x0400,0x7FC0,0x2080,0x1F00},
{0x3840,0x0040,0xFE40,0x2840,0xC640,0x0040,0xFF40,0x1040,0x13C0,0x1040,0x1040},{0x1040,0xFE40,0x2840,0xC640,0x0040,0xFF40,0x11C0,0x1040,0x7FC0,0x0040,0x0040},{0x1040,0xFE40,0x2840,0xC640,0x0040,0xFF40,0x11C0,0x1040,0x7FC0,0x0440,0x0440},{0x1040,0xFE40,0x2840,0xC640,0x0040,0xFF40,0x11C0,0x1040,0x7900,0x0A80,0x0C40},
{0x1040,0xFE40,0x2840,0xC640,0x0040,0xFF40,0x11C0,0x5040,0x4000,0x4000,0x7FC0},{0x1040,0xFE40,0x2840,0xC640,0x0040,0xFF40,0x11C0,0x1040,0x47C0,0x4280,0x7C40},{0x1040,0xFE40,0x2840,0xC640,0x0040,0xFF40,0x11C0,0x1140,0x4FC0,0x4440,0x7B80},{0x1040,0xFE40,0x2840,0xC640,0x0040,0xFF40,0x11C0,0x1040,0x7FC0,0x4000,0x7FC0},
{0x1040,0xFE40,0x2840,0xC640,0xFF40,0x11C0,0x7FC0,0x0040,0x7FC0,0x4000,0x7FC0},{0x1040,0xFE40,0x2840,0xC640,0xFF40,0x11C0,0x7BC0,0x0840,0x7840,0x4040,0x7840},{0x1040,0xFE40,0x2840,0xC640,0xFF40,0x11C0,0x7BC0,0x0A40,0x7A40,0x4240,0x7BC0},{0x1040,0xFE40,0x2840,0xC640,0xFF40,0x11C0,0x7A40,0x0A40,0x7BC0,0x4240,0x7BC0},
{0x1040,0xFE40,0x2840,0xC640,0xFF40,0x11C0,0x7840,0x0900,0x7900,0x4280,0x7C40},{0x1040,0xFE40,0x2840,0xC640,0xFF40,0x11C0,0x7BC0,0x0A00,0x7BC0,0x4200,0x7BC0},{0x1040,0xFE40,0x2840,0xC640,0xFF40,0x11C0,0x7FC0,0x0A80,0x7A80,0x4280,0x7FC0},{0x1040,0xFE40,0x2840,0xC640,0xFF40,0x11C0,0x7940,0x0FC0,0x7B80,0x4440,0x7B80},
{0x1040,0xFE40,0x2840,0xC640,0x0040,0xFF40,0x11C0,0x1040,0x7FC0,0x4040,0x7FC0},{0x1040,0xFE40,0x2840,0xC640,0x0040,0xFF40,0x11C0,0x4040,0x7FC0,0x4040,0x7FC0},{0x1040,0xFE40,0x2840,0xC640,0xFF40,0x11C0,0x1040,0x4900,0x7900,0x4A80,0x7C40},{0x1040,0xFE40,0x2840,0xC640,0x0040,0xFF40,0x11C0,0x1440,0x0400,0x1B00,0x60C0},
{0x1040,0xFE40,0x2840,0xC640,0x0040,0xFF40,0x11C0,0x1040,0x1100,0x2A80,0x4440},{0x1040,0xFE40,0x2840,0xC640,0x0040,0xFF40,0x11C0,0x1040,0x3F80,0x4040,0x3F80},{0x1040,0xFE40,0x2840,0xC640,0x0040,0xFF40,0x11C0,0x1040,0x7FC0,0x1B00,0x60C0},{0x1040,0xFE40,0x2840,0xC640,0x0040,0xFF40,0x11C0,0x1440,0x7FC0,0x1B00,0x60C0},
{0x1040,0xFE40,0x2840,0xC640,0xFF40,0x11C0,0x1040,0x7FC0,0x0040,0x7FC0,0x0040},{0x1040,0xFE40,0x2840,0xC640,0xFF40,0x11C0,0x7FC0,0x4000,0x7FC0,0x4000,0x7FC0},{0x1040,0xFE40,0x2840,0xC640,0x0040,0xFF40,0x11C0,0x1040,0x7FC0,0x1100,0x7FC0},{0x1040,0xFE40,0x2840,0xC640,0x0040,0xFF40,0x11C0,0x1440,0x7FC0,0x2080,0x1F00},
{0x7140,0x0140,0xF940,0x2140,0x5140,0x8940,0x0140,0xFD40,0x2140,0x2740,0x2140},{0x2140,0xF940,0x2140,0xD940,0x0140,0xFD40,0x2740,0x2140,0x7FC0,0x0040,0x0040},{0x2140,0xF940,0x2140,0xD940,0x0140,0xFD40,0x2740,0x2140,0x7FC0,0x0440,0x0440},{0x2140,0xF940,0x2140,0xD940,0x0140,0xFD40,0x2740,0x2140,0x7900,0x0A80,0x0C40},
{0x2140,0xF940,0x2140,0xD940,0x0140,0xFD40,0x2740,0x2140,0x4000,0x4000,0x7FC0},{0x2140,0xF940,0x2140,0xD940,0x0140,0xFD40,0x2740,0x2140,0x47C0,0x4280,0x7C40},{0x2140,0xF940,0x2140,0xD940,0x0140,0xFD40,0x2740,0x2140,0x4FC0,0x4440,0x7B80},{0x2140,0xF940,0x2140,0xD940,0x0140,0xFD40,0x2740,0x2140,0x7FC0,0x4000,0x7FC0},
{0x2140,0xF940,0x2140,0xD940,0xFD40,0x2740,0x7FC0,0x0040,0x7FC0,0x4000,0x7FC0},{0x2140,0xF940,0x2140,0xD940,0xFD40,0x2740,0x7BC0,0x0840,0x7840,0x4040,0x7840},{0x2140,0xF940,0x2140,0xD940,0xFD40,0x2740,0x7BC0,0x0A40,0x7A40,0x4240,0x7BC0},{0x2140,0xF940,0x2140,0xD940,0xFD40,0x2740,0x7A40,0x0A40,0x7BC0,0x4240,0x7BC0},
{0x2140,0xF940,0x2140,0xD940,0xFD40,0x2740,0x7940,0x0900,0x7900,0x4280,0x7C40},{0x2140,0xF940,0x2140,0xD940,0xFD40,0x2740,0x7BC0,0x0A00,0x7BC0,0x4200,0x7BC0},{0x2140,0xF940,0x2140,0xD940,0xFD40,0x2740,0x7FC0,0x0A80,0x7A80,0x4280,0x7FC0},{0x2140,0xF940,0x2140,0xD940,0xFD40,0x2740,0x7940,0x0FC0,0x7B80,0x4440,0x7B80},
{0x2140,0xF940,0x2140,0xD940,0x0140,0xFD40,0x2740,0x2140,0x7FC0,0x4040,0x7FC0},{0x2140,0xF940,0x2140,0xD940,0x0140,0xFD40,0x2740,0x4140,0x7FC0,0x4040,0x7FC0},{0x2140,0xF940,0x2140,0xD940,0x0140,0xFD40,0x2740,0x4800,0x7900,0x4A80,0x7C40},{0x2140,0xF940,0x2140,0xD940,0x0140,0xFD40,0x2740,0x2140,0x0400,0x1B00,0x60C0},
{0x2140,0xF940,0x2140,0xD940,0x0140,0xFD40,0x2740,0x2140,0x1100,0x2A80,0x4440},{0x2140,0xF940,0x2140,0xD940,0x0140,0xFD40,0x2740,0x2140,0x3F80,0x4040,0x3F80},{0x2140,0xF940,0x2140,0xD940,0x0140,0xFD40,0x2740,0x2140,0x7FC0,0x1B00,0x60C0},{0x2140,0xF940,0x2140,0xD940,0xFD40,0x2740,0x2140,0x0400,0x7FC0,0x1B00,0x60C0},
{0x2140,0xF940,0x2140,0xD940,0xFD40,0x2740,0x2140,0x7FC0,0x0040,0x7FC0,0x0040},{0x2140,0xF940,0x2140,0xD940,0xFD40,0x2740,0x7FC0,0x4000,0x7FC0,0x4000,0x7FC0},{0x2140,0xF940,0x2140,0xD940,0x0140,0xFD40,0x2740,0x2140,0x7FC0,0x1100,0x7FC0},{0x2140,0xF940,0x2140,0xD940,0xFD40,0x2740,0x2140,0x0400,0x7FC0,0x2080,0x1F00},
{0x3840,0x0040,0xFE40,0x1040,0x2840,0xC640,0x0040,0xFF40,0x1040,0x1040,0x1040},{0x1040,0xFE40,0x2840,0xC640,0x0040,0xFF40,0x1000,0x7FC0,0x0040,0x0040,0x0040},{0x1040,0xFE40,0x2840,0xC640,0x0040,0xFF40,0x1000,0x7FC0,0x0440,0x0440,0x0440},{0x1040,0xFE40,0x2840,0xC640,0x0040,0xFF40,0x1040,0x7900,0x0900,0x0A80,0x0C40},
{0x1040,0xFE40,0x2840,0xC640,0x0040,0xFF40,0x1040,0x5040,0x4000,0x4000,0x7FC0},{0x1040,0xFE40,0x2840,0xC640,0x0040,0xFF40,0x1000,0x57C0,0x4100,0x4280,0x7C40},{0x1040,0xFE40,0x2840,0xC640,0x0040,0xFF40,0x1100,0x57C0,0x4380,0x4440,0x7B80},{0x1040,0xFE40,0x2840,0xC640,0x0040,0xFF40,0x1000,0x7FC0,0x4000,0x4000,0x7FC0},
{0x1040,0xFE40,0x2840,0xC640,0xFF40,0x1000,0x7FC0,0x0040,0x7FC0,0x4000,0x7FC0},{0x1040,0xFE40,0x2840,0xC640,0xFF40,0x1000,0x7BC0,0x0840,0x7840,0x4040,0x7840},{0x1040,0xFE40,0x2840,0xC640,0xFF40,0x1000,0x7BC0,0x0A40,0x7A40,0x4240,0x7BC0},{0x1040,0xFE40,0x2840,0xC640,0xFF40,0x1000,0x7A40,0x0A40,0x7BC0,0x4240,0x7BC0},
{0x1040,0xFE40,0x2840,0xC640,0xFF40,0x1040,0x7900,0x0900,0x7900,0x4280,0x7C40},{0x1040,0xFE40,0x2840,0xC640,0xFF40,0x1000,0x7BC0,0x0A00,0x7BC0,0x4200,0x7BC0},{0x1040,0xFE40,0x2840,0xC640,0xFF40,0x1000,0x7FC0,0x0A80,0x7A80,0x4280,0x7FC0},{0x1040,0xFE40,0x2840,0xC640,0xFF40,0x1040,0x7900,0x0FC0,0x7B80,0x4440,0x7B80},
{0x1040,0xFE40,0x2840,0xC640,0x0040,0xFF40,0x1000,0x7FC0,0x4040,0x4040,0x7FC0},{0x1040,0xFE40,0x2840,0xC640,0x0040,0xFF40,0x1000,0x4040,0x7FC0,0x4040,0x7FC0},{0x1040,0xFE40,0x2840,0xC640,0x0040,0xFF40,0x1040,0x4900,0x7900,0x4A80,0x7C40},{0x1040,0xFE40,0x2840,0xC640,0x0040,0xFF40,0x1040,0x1440,0x0400,0x1B00,0x60C0},
{0x1040,0xFE40,0x2840,0xC640,0x0040,0xFF40,0x1040,0x0000,0x1100,0x2A80,0x4440},{0x1040,0xFE40,0x2840,0xC640,0x0040,0xFF40,0x1000,0x3F80,0x4040,0x4040,0x3F80},{0x1040,0xFE40,0x2840,0xC640,0x0040,0xFF40,0x1000,0x7FC0,0x0400,0x1B00,0x60C0},{0x1040,0xFE40,0x2840,0xC640,0x0040,0xFF40,0x1040,0x0400,0x7FC0,0x1B00,0x60C0},
{0x1040,0xFE40,0x2840,0xC640,0x0040,0xFF40,0x1000,0x7FC0,0x0040,0x7FC0,0x0040},{0x1040,0xFE40,0x2840,0xC640,0xFF40,0x1000,0x7FC0,0x4000,0x7FC0,0x4000,0x7FC0},{0x1040,0xFE40,0x2840,0xC640,0x0040,0xFF40,0x1000,0x7FC0,0x1100,0x1100,0x7FC0},{0x1040,0xFE40,0x2840,0xC640,0xFF40,0x1040,0x0400,0x7FC0,0x1F00,0x2080,0x1F00},
{0x1F00,0x0000,0x7FC0,0x0A00,0x71C0,0x0000,0xFFE0,0x1100,0x1100,0x1100,0x1100},{0x1F00,0x0000,0x7FC0,0x0A00,0x71C0,0x0000,0xFFE0,0x1100,0x7FC0,0x0040,0x0040},{0x1F00,0x0000,0x7FC0,0x0A00,0x71C0,0x0000,0xFFE0,0x1100,0x7FC0,0x0440,0x0440},{0x1F00,0x0000,0x7FC0,0x0A00,0x71C0,0x0000,0xFFE0,0x1100,0x7900,0x0A80,0x0C40},
{0x1F00,0x0000,0x7FC0,0x0A00,0x71C0,0x0000,0xFFE0,0x1100,0x5100,0x4000,0x7FC0},{0x1F00,0x0000,0x7FC0,0x0A00,0x71C0,0xFFE0,0x1100,0x57C0,0x4100,0x4280,0x7C40},{0x1F00,0x0000,0x7FC0,0x0A00,0x71C0,0xFFE0,0x1100,0x57C0,0x4380,0x4440,0x7B80},{0x1F00,0x0000,0x7FC0,0x0A00,0x71C0,0x0000,0xFFE0,0x1100,0x7FC0,0x4000,0x7FC0},
{0x0400,0x7FC0,0x0A00,0x71C0,0xFFE0,0x1100,0x7FC0,0x0040,0x7FC0,0x4000,0x7FC0},{0x0400,0x7FC0,0x0A00,0x71C0,0xFFE0,0x1100,0x7BC0,0x0840,0x7840,0x4040,0x7840},{0x0400,0x7FC0,0x0A00,0x71C0,0xFFE0,0x1100,0x7BC0,0x0A40,0x7A40,0x4240,0x7BC0},{0x0400,0x7FC0,0x0A00,0x71C0,0xFFE0,0x1100,0x7A40,0x0A40,0x7BC0,0x4240,0x7BC0},
{0x0400,0x7FC0,0x0A00,0x71C0,0xFFE0,0x1100,0x7800,0x0900,0x7900,0x4280,0x7C40},{0x0400,0x7FC0,0x0A00,0x71C0,0xFFE0,0x1100,0x7BC0,0x0A00,0x7BC0,0x4200,0x7BC0},{0x0400,0x7FC0,0x0A00,0x71C0,0xFFE0,0x1100,0x7FC0,0x0A80,0x7A80,0x4280,0x7FC0},{0x0400,0x7FC0,0x0A00,0x71C0,0xFFE0,0x1100,0x7900,0x0FC0,0x7B80,0x4440,0x7B80},
{0x1F00,0x0000,0x7FC0,0x0A00,0x71C0,0x0000,0xFFE0,0x1100,0x7FC0,0x4040,0x7FC0},{0x1F00,0x0000,0x7FC0,0x0A00,0x71C0,0xFFE0,0x1100,0x4040,0x7FC0,0x4040,0x7FC0},{0x1F00,0x0000,0x7FC0,0x0A00,0x71C0,0xFFE0,0x1100,0x4800,0x7900,0x4A80,0x7C40},{0x1F00,0x0000,0x7FC0,0x0A00,0x71C0,0x0000,0xFFE0,0x1100,0x0400,0x1B00,0x60C0},
{0x1F00,0x0000,0x7FC0,0x0A00,0x71C0,0xFFE0,0x1100,0x0000,0x1100,0x2A80,0x4440},{0x1F00,0x0000,0x7FC0,0x0A00,0x71C0,0x0000,0xFFE0,0x1100,0x3F80,0x4040,0x3F80},{0x1F00,0x0000,0x7FC0,0x0A00,0x71C0,0x0000,0xFFE0,0x1100,0x7FC0,0x1B00,0x60C0},{0x1F00,0x0000,0x7FC0,0x0A00,0x71C0,0xFFE0,0x1100,0x0400,0x7FC0,0x1B00,0x60C0},
{0x1F00,0x0000,0x7FC0,0x0A00,0x71C0,0xFFE0,0x1100,0x7FC0,0x0040,0x7FC0,0x0040},{0x0400,0x7FC0,0x0A00,0x71C0,0xFFE0,0x1100,0x7FC0,0x4000,0x7FC0,0x4000,0x7FC0},{0x1F00,0x0000,0x7FC0,0x0A00,0x71C0,0x0000,0xFFE0,0x1100,0x7FC0,0x1100,0x7FC0},{0x1F00,0x0000,0x7FC0,0x0A00,0x71C0,0xFFE0,0x1100,0x0400,0x7FC0,0x2080,0x1F00},
{0x1F00,0x0000,0x7FC0,0x0400,0x0A00,0x1100,0x60C0,0x0000,0x0000,0xFFE0,0x0000},{0x1F00,0x0000,0x7FC0,0x0A00,0x71C0,0x0000,0xFFE0,0x0000,0x7FC0,0x0040,0x0040},{0x1F00,0x0000,0x7FC0,0x0A00,0x71C0,0x0000,0xFFE0,0x0000,0x7FC0,0x0440,0x0440},{0x1F00,0x0000,0x7FC0,0x0A00,0x71C0,0x0000,0xFFE0,0x0000,0x7900,0x0A80,0x0C40},
{0x1F00,0x0000,0x7FC0,0x0A00,0x71C0,0x0000,0xFFE0,0x0000,0x4000,0x4000,0x7FC0},{0x1F00,0x0000,0x7FC0,0x0A00,0x71C0,0xFFE0,0x0000,0x47C0,0x4100,0x4280,0x7C40},{0x1F00,0x0000,0x7FC0,0x0A00,0x71C0,0xFFE0,0x0100,0x47C0,0x4380,0x4440,0x7B80},{0x1F00,0x0000,0x7FC0,0x0A00,0x71C0,0x0000,0xFFE0,0x0000,0x7FC0,0x4000,0x7FC0},
{0x1F00,0x0000,0x7FC0,0x0A00,0x71C0,0x0000,0xFFE0,0x0040,0x7FC0,0x4000,0x7FC0},{0x1F00,0x0000,0x7FC0,0x0A00,0x71C0,0x0000,0xFFE0,0x0BC0,0x7840,0x4040,0x7840},{0x1F00,0x0000,0x7FC0,0x0A00,0x71C0,0x0000,0xFFE0,0x0BC0,0x7A40,0x4240,0x7BC0},{0x1F00,0x0000,0x7FC0,0x0A00,0x71C0,0x0000,0xFFE0,0x0A40,0x7BC0,0x4240,0x7BC0},
{0x1F00,0x0000,0x7FC0,0x0A00,0x71C0,0x0000,0xFFE0,0x0900,0x7900,0x4280,0x7C40},{0x1F00,0x0000,0x7FC0,0x0A00,0x71C0,0x0000,0xFFE0,0x0A00,0x7BC0,0x4200,0x7BC0},{0x1F00,0x0000,0x7FC0,0x0A00,0x71C0,0x0000,0xFFE0,0x0FC0,0x7A80,0x4280,0x7FC0},{0x1F00,0x0000,0x7FC0,0x0A00,0x71C0,0x0000,0xFFE0,0x0900,0x7FC0,0x4440,0x7B80},
{0x1F00,0x0000,0x7FC0,0x0A00,0x71C0,0x0000,0xFFE0,0x0000,0x7FC0,0x4040,0x7FC0},{0x1F00,0x0000,0x7FC0,0x0A00,0x71C0,0x0000,0xFFE0,0x4040,0x7FC0,0x4040,0x7FC0},{0x1F00,0x0000,0x7FC0,0x0A00,0x71C0,0x0000,0xFFE0,0x4800,0x7900,0x4A80,0x7C40},{0x1F00,0x0000,0x7FC0,0x0A00,0x71C0,0x0000,0xFFE0,0x0000,0x0400,0x1B00,0x60C0},
{0x1F00,0x0000,0x7FC0,0x0A00,0x71C0,0x0000,0xFFE0,0x0000,0x1100,0x2A80,0x4440},{0x1F00,0x0000,0x7FC0,0x0A00,0x71C0,0x0000,0xFFE0,0x0000,0x3F80,0x4040,0x3F80},{0x1F00,0x0000,0x7FC0,0x0A00,0x71C0,0x0000,0xFFE0,0x0000,0x7FC0,0x1B00,0x60C0},{0x1F00,0x0000,0x7FC0,0x0A00,0x71C0,0xFFE0,0x0000,0x0400,0x7FC0,0x1B00,0x60C0},
{0x1F00,0x0000,0x7FC0,0x0A00,0x71C0,0xFFE0,0x0000,0x7FC0,0x0040,0x7FC0,0x0040},{0x1F00,0x0000,0x7FC0,0x0A00,0x71C0,0x0000,0xFFE0,0x4000,0x7FC0,0x4000,0x7FC0},{0x1F00,0x0000,0x7FC0,0x0A00,0x71C0,0x0000,0xFFE0,0x0040,0x7FC0,0x4000,0x7FC0},{0x0400,0x7FC0,0x0A00,0x71C0,0x0000,0xFFE0,0x0400,0x7FC0,0x1F00,0x2080,0x1F00},
{0x3840,0x0040,0xFE40,0x1040,0x2840,0x4440,0x8240,0x0040,0x0040,0xFF40,0x0040},{0x3840,0x0040,0xFE40,0x2840,0xC640,0x0040,0xFF40,0x0000,0x7FC0,0x0040,0x0040},{0x3840,0x0040,0xFE40,0x2840,0xC640,0x0040,0xFF40,0x0000,0x7FC0,0x0440,0x0440},{0x3840,0x0040,0xFE40,0x2840,0xC640,0x0040,0xFF40,0x0040,0x7900,0x0A80,0x0C40},
{0x3840,0x0040,0xFE40,0x2840,0xC640,0x0040,0xFF40,0x0040,0x4000,0x4000,0x7FC0},{0x3840,0x0040,0xFE40,0x2840,0xC640,0x0040,0xFF40,0x0000,0x47C0,0x4280,0x7C40},{0x3840,0x0040,0xFE40,0x2840,0xC640,0x0040,0xFF40,0x0100,0x4FC0,0x4440,0x7B80},{0x3840,0x0040,0xFE40,0x2840,0xC640,0x0040,0xFF40,0x0000,0x7FC0,0x4000,0x7FC0},
{0x1040,0xFE40,0x2840,0xC640,0xFF40,0x0000,0x7FC0,0x0040,0x7FC0,0x4000,0x7FC0},{0x1040,0xFE40,0x2840,0xC640,0xFF40,0x0000,0x7BC0,0x0840,0x7840,0x4040,0x7840},{0x1040,0xFE40,0x2840,0xC640,0xFE40,0x0000,0x7BC0,0x0A40,0x7A40,0x4240,0x7BC0},{0x1040,0xFE40,0x2840,0xC640,0xFF40,0x0000,0x7A40,0x0A40,0x7BC0,0x4240,0x7BC0},
{0x1040,0xFE40,0x2840,0xC640,0xFF40,0x0040,0x7900,0x0900,0x7900,0x4280,0x7C40},{0x1040,0xFE40,0x2840,0xC640,0xFF40,0x0000,0x7BC0,0x0A00,0x7BC0,0x4200,0x7BC0},{0x1040,0xFE40,0x2840,0xC640,0xFF40,0x0000,0x7FC0,0x0A80,0x7A80,0x4280,0x7FC0},{0x1040,0xFE40,0x2840,0xC640,0xFF40,0x0040,0x7900,0x0FC0,0x7B80,0x4440,0x7B80},
{0x3840,0x0040,0xFE40,0x2840,0xC640,0x0040,0xFF40,0x0000,0x7FC0,0x4040,0x7FC0},{0x3840,0x0040,0xFE40,0x2840,0xC640,0x0040,0xFF40,0x4040,0x7FC0,0x4040,0x7FC0},{0x3840,0x0040,0xFE40,0x2840,0xC640,0x0040,0xFF40,0x4840,0x7900,0x4A80,0x7C40},{0x3840,0x0040,0xFE40,0x2840,0xC640,0x0040,0xFF40,0x0040,0x0400,0x1B00,0x60C0},
{0x3840,0x0040,0xFE40,0x2840,0xC640,0x0040,0xFF40,0x0040,0x1100,0x2A80,0x4440},{0x3840,0x0040,0xFE40,0x2840,0xC640,0x0040,0xFF40,0x0000,0x3F80,0x4040,0x3F80},{0x3840,0x0040,0xFE40,0x2840,0xC640,0x0040,0xFF40,0x0000,0x7FC0,0x1B00,0x60C0},{0x3840,0x0040,0xFE40,0x2840,0xC640,0x0040,0xFF40,0x0400,0x7FC0,0x1B00,0x60C0},
{0x1040,0xFE40,0x2840,0xC640,0x0040,0xFF40,0x0000,0x7FC0,0x0040,0x7FC0,0x0040},{0x1040,0xFE40,0x2840,0xC640,0xFF40,0x0000,0x7FC0,0x4000,0x7FC0,0x4000,0x7FC0},{0x3840,0x0040,0xFE40,0x2840,0xC640,0x0040,0xFF40,0x0000,0x7FC0,0x1100,0x7FC0},{0x1040,0xFE40,0x2840,0xC640,0x0040,0xFF40,0x0400,0x7FC0,0x1F00,0x2080,0x1F00},
{0x3840,0x0040,0xFE40,0x1040,0x1040,0x1040,0x2840,0x2840,0x4440,0x8240,0x0040},{0x3840,0x0040,0xFE40,0x1040,0x2840,0xC640,0x0000,0x7FC0,0x0040,0x0040,0x0040},{0x3840,0x0040,0xFE40,0x1040,0x2840,0xC640,0x0000,0x7FC0,0x0440,0x0440,0x0440},{0x3840,0x0040,0xFE40,0x1040,0x2840,0xC640,0x0040,0x7900,0x0900,0x0A80,0x0C40},
{0x3840,0x0040,0xFE40,0x1040,0x2840,0xC640,0x0040,0x4040,0x4000,0x4000,0x7FC0},{0x3840,0x0040,0xFE40,0x1040,0x2840,0xC640,0x0000,0x47C0,0x4100,0x4280,0x7C40},{0x3840,0x0040,0xFE40,0x1040,0x2840,0xC640,0x0100,0x47C0,0x4380,0x4440,0x7B80},{0x3840,0x0040,0xFE40,0x1040,0x2840,0xC640,0x0000,0x7FC0,0x4000,0x4000,0x7FC0},
{0x3840,0x0040,0xFE40,0x2840,0xC640,0x0000,0x7FC0,0x0040,0x7FC0,0x4000,0x7FC0},{0x3840,0x0040,0xFE40,0x2840,0xC640,0x0000,0x7BC0,0x0840,0x7840,0x4040,0x7840},{0x3840,0x0040,0xFE40,0x2840,0xC640,0x0000,0x7BC0,0x0A40,0x7A40,0x4240,0x7BC0},{0x3840,0x0040,0xFE40,0x2840,0xC640,0x0000,0x7A40,0x0A40,0x7BC0,0x4240,0x7BC0},
{0x3840,0x0040,0xFE40,0x2840,0xC640,0x0040,0x7900,0x0900,0x7900,0x4280,0x7C40},{0x3840,0x0040,0xFE40,0x2840,0xC640,0x0000,0x7BC0,0x0A00,0x7BC0,0x4200,0x7BC0},{0x3840,0x0040,0xFE40,0x2840,0xC640,0x0000,0x7FC0,0x0A80,0x7A80,0x4280,0x7FC0},{0x3840,0x0040,0xFE40,0x2840,0xC640,0x0040,0x7900,0x0FC0,0x7B80,0x4440,0x7B80},
{0x3840,0x0040,0xFE40,0x1040,0x2840,0xC640,0x0000,0x7FC0,0x4040,0x4040,0x7FC0},{0x3840,0x0040,0xFE40,0x1040,0x2840,0xC640,0x0000,0x4040,0x7FC0,0x4040,0x7FC0},{0x3840,0x0040,0xFE40,0x1040,0x2840,0xC640,0x0040,0x4900,0x7900,0x4A80,0x7C40},{0x3840,0x0040,0xFE40,0x1040,0x2840,0xC640,0x0040,0x0440,0x0400,0x1B00,0x60C0},
{0x3840,0x0040,0xFE40,0x1040,0x2840,0xC640,0x0040,0x1100,0x1100,0x2A80,0x4440},{0x3840,0x0040,0xFE40,0x1040,0x2840,0xC640,0x0000,0x3F80,0x4040,0x4040,0x3F80},{0x3840,0x0040,0xFE40,0x1040,0x2840,0xC640,0x0000,0x7FC0,0x0400,0x1B00,0x60C0},{0x3840,0x0040,0xFE40,0x1040,0x2840,0xC640,0x0040,0x0400,0x7FC0,0x1B00,0x60C0},
{0x3840,0x0040,0xFE40,0x1040,0x2840,0xC640,0x0000,0x7FC0,0x0040,0x7FC0,0x0040},{0x3840,0x0040,0xFE40,0x2840,0xC640,0x0000,0x7FC0,0x4000,0x7FC0,0x4000,0x7FC0},{0x3840,0x0040,0xFE40,0x1040,0x2840,0xC640,0x0000,0x7FC0,0x1100,0x1100,0x7FC0},{0x3840,0x0040,0xFE40,0x1040,0x2840,0xC640,0x0400,0x7FC0,0x1F00,0x2080,0x1F00},
{0xFC40,0x0440,0x0440,0x0440,0xFC40,0x0860,0x0840,0x1040,0x2040,0xC040,0x0040},{0xFC40,0x0440,0xFC60,0x0840,0x1040,0xE040,0x0000,0x7FC0,0x0040,0x0040,0x0040},{0xFC40,0x0440,0xFC60,0x0840,0x1040,0xE040,0x0000,0x7FC0,0x0440,0x0440,0x0440},{0xFC40,0x0440,0xFC60,0x0840,0x1040,0xE040,0x0040,0x7900,0x0900,0x0A80,0x0C40},
{0xFC40,0x0440,0xFC40,0x0860,0x1040,0xE040,0x0040,0x4040,0x4000,0x4000,0x7FC0},{0xFC40,0x0440,0xFC60,0x0840,0x1040,0xE040,0x0000,0x47C0,0x4100,0x4280,0x7C40},{0xFC40,0x0440,0xFC60,0x0840,0x1040,0xE040,0x0100,0x47C0,0x4380,0x4440,0x7B80},{0xFC40,0x0440,0xFC60,0x0840,0x1040,0xE040,0x0000,0x7FC0,0x4000,0x4000,0x7FC0},
{0xFC40,0x0440,0xFC60,0x0840,0x1040,0xE040,0x7FC0,0x0040,0x7FC0,0x4000,0x7FC0},{0xFC40,0x0440,0xFC60,0x0840,0x1040,0xE040,0x7BC0,0x0840,0x7840,0x4040,0x7840},{0xFC40,0x0440,0xFC60,0x0840,0x1040,0xE040,0x7BC0,0x0A40,0x7A40,0x4240,0x7BC0},{0xFC40,0x0440,0xFC60,0x0840,0x1040,0xE040,0x7A40,0x0A40,0x7BC0,0x4240,0x7BC0},
{0xFC40,0x0440,0xFC60,0x0840,0x1040,0xE040,0x7900,0x0900,0x7900,0x4280,0x7C40},{0xFC40,0x0440,0xFC60,0x0840,0x1040,0xE040,0x7BC0,0x0A00,0x7BC0,0x4200,0x7BC0},{0xFC40,0x0440,0xFC60,0x0840,0x1040,0xE040,0x7FC0,0x0A80,0x7A80,0x4280,0x7FC0},{0xFC40,0x0440,0xFC60,0x0840,0x1040,0xE040,0x7900,0x0FC0,0x7B80,0x4440,0x7B80},
{0xFC40,0x0440,0xFC60,0x0840,0x1040,0xE040,0x0000,0x7FC0,0x4040,0x4040,0x7FC0},{0xFC40,0x0440,0xFC60,0x0840,0x1040,0xE040,0x0000,0x4040,0x7FC0,0x4040,0x7FC0},{0xFC40,0x0440,0xFC60,0x0840,0x1040,0xE040,0x0040,0x4900,0x7900,0x4A80,0x7C40},{0xFC40,0x0440,0xFC40,0x0860,0x1040,0xE040,0x0040,0x0440,0x0400,0x1B00,0x60C0},
{0xFC40,0x0440,0xFC60,0x0840,0x1040,0xE040,0x0040,0x1100,0x1100,0x2A80,0x4440},{0xFC40,0x0440,0xFC60,0x0840,0x1040,0xE040,0x0000,0x3F80,0x4040,0x4040,0x3F80},{0xFC40,0x0440,0xFC60,0x0840,0x1040,0xE040,0x0000,0x7FC0,0x0400,0x1B00,0x60C0},{0xFC40,0x0440,0xFC60,0x0840,0x1040,0xE040,0x0400,0x7FC0,0x0400,0x1B00,0x60C0},
{0xFC40,0x0440,0xFC60,0x0840,0x1040,0xE040,0x0000,0x7FC0,0x0040,0x7FC0,0x0040},{0xFC40,0x0440,0xFC60,0x0840,0x1040,0xE040,0x7FC0,0x4000,0x7FC0,0x4000,0x7FC0},{0xFC40,0x0440,0xFC60,0x0840,0x1040,0xE040,0x0000,0x7FC0,0x1100,0x1100,0x7FC0},{0xFC40,0x0440,0xFC60,0x0840,0x1040,0xE040,0x0400,0x7FC0,0x1F00,0x2080,0x1F00},
{0xFD40,0x0540,0x0540,0x0540,0xFD40,0x09C0,0x0940,0x1140,0x2140,0xC140,0x0140},{0xFD40,0x0540,0xFDC0,0x0940,0x1140,0xE140,0x0000,0x7FC0,0x0040,0x0040,0x0040},{0xFD40,0x0540,0xFDC0,0x0940,0x1140,0xE140,0x0000,0x7FC0,0x0440,0x0440,0x0440},{0xFD40,0x0540,0xFDC0,0x0940,0x1140,0xE140,0x0000,0x7900,0x0900,0x0A80,0x0C40},
{0xFD40,0x0540,0xFD40,0x09C0,0x1140,0xE140,0x0140,0x4140,0x4000,0x4000,0x7FC0},{0xFD40,0x0540,0xFDC0,0x0940,0x1140,0xE140,0x0000,0x47C0,0x4100,0x4280,0x7C40},{0xFD40,0x0540,0xFDC0,0x0940,0x1140,0xE140,0x0100,0x47C0,0x4380,0x4440,0x7B80},{0xFD40,0x0540,0xFDC0,0x0940,0x1140,0xE140,0x0000,0x7FC0,0x4000,0x4000,0x7FC0},
{0xFD40,0x0540,0xFDC0,0x0940,0x1140,0xE140,0x7FC0,0x0040,0x7FC0,0x4000,0x7FC0},{0xFD40,0x0540,0xFDC0,0x0940,0x1140,0xE140,0x7BC0,0x0840,0x7840,0x4040,0x7840},{0xFD40,0x0540,0xFDC0,0x0940,0x1140,0xE140,0x7BC0,0x0A40,0x7A40,0x4240,0x7BC0},{0xFD40,0x0540,0xFDC0,0x0940,0x1140,0xE140,0x7A40,0x0A40,0x7BC0,0x4240,0x7BC0},
{0xFD40,0x0540,0xFDC0,0x0940,0x1140,0xE140,0x7800,0x0900,0x7900,0x4280,0x7C40},{0xFD40,0x0540,0xFDC0,0x0940,0x1140,0xE140,0x7BC0,0x0A00,0x7BC0,0x4200,0x7BC0},{0xFD40,0x0540,0xFDC0,0x0940,0x1140,0xE140,0x7FC0,0x0A80,0x7A80,0x4280,0x7FC0},{0xFD40,0x0540,0xFDC0,0x0940,0x1140,0xE140,0x7900,0x0FC0,0x7B80,0x4440,0x7B80},
{0xFD40,0x0540,0xFDC0,0x0940,0x1140,0xE140,0x0000,0x7FC0,0x4040,0x4040,0x7FC0},{0xFD40,0x0540,0xFDC0,0x0940,0x1140,0xE140,0x0000,0x4040,0x7FC0,0x4040,0x7FC0},{0xFD40,0x0540,0xFDC0,0x0940,0x1140,0xE140,0x0000,0x4900,0x7900,0x4A80,0x7C40},{0xFD40,0x0540,0xFD40,0x09C0,0x1140,0xE140,0x0140,0x0540,0x0400,0x1B00,0x60C0},
{0xFD40,0x0540,0xFDC0,0x0940,0x1140,0xE140,0x0000,0x1100,0x1100,0x2A80,0x4440},{0xFD40,0x0540,0xFDC0,0x0940,0x1140,0xE140,0x0000,0x3F80,0x4040,0x4040,0x3F80},{0xFD40,0x0540,0xFDC0,0x0940,0x1140,0xE140,0x0000,0x7FC0,0x0400,0x1B00,0x60C0},{0xFD40,0x0540,0xFDC0,0x0940,0x1140,0xE140,0x0400,0x7FC0,0x0400,0x1B00,0x60C0},
{0xFD40,0x0540,0xFDC0,0x0940,0x1140,0xE140,0x0000,0x7FC0,0x0040,0x7FC0,0x0040},{0xFD40,0x0540,0xFDC0,0x0940,0x1140,0xE140,0x7FC0,0x4000,0x7FC0,0x4000,0x7FC0},{0xFD40,0x0540,0xFDC0,0x0940,0x1140,0xE140,0x0000,0x7FC0,0x1100,0x1100,0x7FC0},{0xFD40,0x0540,0xFDC0,0x0940,0x1140,0xE140,0x0400,0x7FC0,0x1F00,0x2080,0x1F00},
{0xFC40,0x0440,0x0440,0x0460,0xFC40,0x0840,0x0840,0x1060,0x2040,0xC040,0x0040},{0xFC40,0x0460,0xFC40,0x0860,0x1040,0xE040,0x0000,0x7FC0,0x0040,0x0040,0x0040},{0xFC40,0x0460,0xFC40,0x0860,0x1040,0xE040,0x0000,0x7FC0,0x0440,0x0440,0x0440},{0xFC40,0x0460,0xFC40,0x0860,0x1040,0xE040,0x0040,0x7900,0x0900,0x0A80,0x0C40},
{0xFC40,0x0440,0xFC60,0x0840,0x1060,0xE040,0x0040,0x4040,0x4000,0x4000,0x7FC0},{0xFC40,0x0460,0xFC40,0x0860,0x1040,0xE040,0x0000,0x47C0,0x4100,0x4280,0x7C40},{0xFC40,0x0460,0xFC40,0x0860,0x1040,0xE040,0x0100,0x47C0,0x4380,0x4440,0x7B80},{0xFC40,0x0460,0xFC40,0x0860,0x1040,0xE040,0x0000,0x7FC0,0x4000,0x4000,0x7FC0},
{0xFC40,0x0460,0xFC40,0x0860,0x1040,0xE040,0x7FC0,0x0040,0x7FC0,0x4000,0x7FC0},{0xFC40,0x0460,0xFC40,0x0860,0x1040,0xE040,0x7BC0,0x0840,0x7840,0x4040,0x7840},{0xFC40,0x0460,0xFC40,0x0860,0x1040,0xE040,0x7BC0,0x0A40,0x7A40,0x4240,0x7BC0},{0xFC40,0x0460,0xFC40,0x0860,0x1040,0xE040,0x7A40,0x0A40,0x7BC0,0x4240,0x7BC0},
{0xFC40,0x0460,0xFC40,0x0860,0x1040,0xE040,0x7900,0x0900,0x7900,0x4280,0x7C40},{0xFC40,0x0460,0xFC40,0x0860,0x1040,0xE040,0x7BC0,0x0A00,0x7BC0,0x4200,0x7BC0},{0xFC40,0x0460,0xFC40,0x0860,0x1040,0xE040,0x7FC0,0x0A80,0x7A80,0x4280,0x7FC0},{0xFC40,0x0460,0xFC40,0x0860,0x1040,0xE040,0x7900,0x0FC0,0x7B80,0x4440,0x7B80},
{0xFC40,0x0460,0xFC40,0x0860,0x1040,0xE040,0x0000,0x7FC0,0x4040,0x4040,0x7FC0},{0xFC40,0x0460,0xFC40,0x0860,0x1040,0xE040,0x0000,0x4040,0x7FC0,0x4040,0x7FC0},{0xFC40,0x0460,0xFC40,0x0860,0x1040,0xE040,0x0040,0x4900,0x7900,0x4A80,0x7C40},{0xFC40,0x0440,0xFC60,0x0840,0x1060,0xE040,0x0040,0x0440,0x0400,0x1B00,0x60C0},
{0xFC40,0x0460,0xFC40,0x0860,0x1040,0xE040,0x0040,0x1100,0x1100,0x2A80,0x4440},{0xFC40,0x0460,0xFC40,0x0860,0x1040,0xE040,0x0000,0x3F80,0x4040,0x4040,0x3F80},{0xFC40,0x0460,0xFC40,0x0860,0x1040,0xE040,0x0000,0x7FC0,0x0400,0x1B00,0x60C0},{0xFC40,0x0460,0xFC40,0x0860,0x1040,0xE040,0x0400,0x7FC0,0x0400,0x1B00,0x60C0},
{0xFC40,0x0460,0xFC40,0x0860,0x1040,0xE040,0x0000,0x7FC0,0x0040,0x7FC0,0x0040},{0xFC40,0x0460,0xFC40,0x0860,0x1040,0xE040,0x7FC0,0x4000,0x7FC0,0x4000,0x7FC0},{0xFC40,0x0460,0xFC40,0x0860,0x1040,0xE040,0x0000,0x7FC0,0x1100,0x1100,0x7FC0},{0xFC40,0x0460,0xFC40,0x0860,0x1040,0xE040,0x0400,0x7FC0,0x1F00,0x2080,0x1F00},
{0xFD40,0x0540,0x0540,0x05C0,0xFD40,0x0940,0x0940,0x11C0,0x2140,0xC140,0x0140},{0xFD40,0x05C0,0xFD40,0x09C0,0x1140,0xE140,0x0000,0x7FC0,0x0040,0x0040,0x0040},{0xFD40,0x05C0,0xFD40,0x09C0,0x1140,0xE140,0x0000,0x7FC0,0x0440,0x0440,0x0440},{0xFD40,0x05C0,0xFD40,0x09C0,0x1140,0xE140,0x0000,0x7900,0x0900,0x0A80,0x0C40},
{0xFD40,0x0540,0xFDC0,0x0940,0x11C0,0xE140,0x0140,0x4140,0x4000,0x4000,0x7FC0},{0xFD40,0x05C0,0xFD40,0x09C0,0x1140,0xE140,0x0000,0x47C0,0x4100,0x4280,0x7C40},{0xFD40,0x05C0,0xFD40,0x09C0,0x1140,0xE140,0x0100,0x47C0,0x4380,0x4440,0x7B80},{0xFD40,0x05C0,0xFD40,0x09C0,0x1140,0xE140,0x0000,0x7FC0,0x4000,0x4000,0x7FC0},
{0xFD40,0x05C0,0xFD40,0x09C0,0x1140,0xE140,0x7FC0,0x0040,0x7FC0,0x4000,0x7FC0},{0xFD40,0x05C0,0xFD40,0x09C0,0x1140,0xE140,0x7BC0,0x0840,0x7840,0x4040,0x7840},{0xFD40,0x05C0,0xFD40,0x09C0,0x1140,0xE140,0x7BC0,0x0A40,0x7A40,0x4240,0x7BC0},{0xFD40,0x05C0,0xFD40,0x09C0,0x1140,0xE140,0x7A40,0x0A40,0x7BC0,0x4240,0x7BC0},
{0xFD40,0x05C0,0xFD40,0x09C0,0x1140,0xE140,0x7800,0x0900,0x7900,0x4280,0x7C40},{0xFD40,0x05C0,0xFD40,0x09C0,0x1140,0xE140,0x7BC0,0x0A00,0x7BC0,0x4200,0x7BC0},{0xFD40,0x05C0,0xFD40,0x09C0,0x1140,0xE140,0x7FC0,0x0A80,0x7A80,0x4280,0x7FC0},{0xFD40,0x05C0,0xFD40,0x09C0,0x1140,0xE140,0x7900,0x0FC0,0x7B80,0x4440,0x7B80},
{0xFD40,0x05C0,0xFD40,0x09C0,0x1140,0xE140,0x0000,0x7FC0,0x4040,0x4040,0x7FC0},{0xFD40,0x05C0,0xFD40,0x09C0,0x1140,0xE140,0x0000,0x4040,0x7FC0,0x4040,0x7FC0},{0xFD40,0x05C0,0xFD40,0x09C0,0x1140,0xE140,0x0000,0x4900,0x7900,0x4A80,0x7C40},{0xFD40,0x0540,0xFDC0,0x0940,0x11C0,0xE140,0x0140,0x0540,0x0400,0x1B00,0x60C0},
{0xFD40,0x05C0,0xFD40,0x09C0,0x1140,0xE140,0x0000,0x1100,0x1100,0x2A80,0x4440},{0xFD40,0x05C0,0xFD40,0x09C0,0x1140,0xE140,0x0000,0x3F80,0x4040,0x4040,0x3F80},{0xFD40,0x05C0,0xFD40,0x09C0,0x1140,0xE140,0x0000,0x7FC0,0x0400,0x1B00,0x60C0},{0xFD40,0x05C0,0xFD40,0x09C0,0x1140,0xE140,0x0400,0x7FC0,0x0400,0x1B00,0x60C0},
{0xFD40,0x05C0,0xFD40,0x09C0,0x1140,0xE140,0x0000,0x7FC0,0x0040,0x7FC0,0x0040},{0xFD40,0x05C0,0xFD40,0x09C0,0x1140,0xE140,0x7FC0,0x4000,0x7FC0,0x4000,0x7FC0},{0xFD40,0x05C0,0xFD40,0x09C0,0x1140,0xE140,0x0000,0x7FC0,0x1100,0x1100,0x7FC0},{0xFD40,0x05C0,0xFD40,0x09C0,0x1140,0xE140,0x0400,0x7FC0,0x1F00,0x2080,0x1F00},
{0xFC40,0x0440,0x0440,0x0440,0xFDC0,0x0840,0x0840,0x1040,0x2040,0xC040,0x0040},{0xFC40,0x0440,0xFDC0,0x0840,0x1040,0xE040,0x0000,0x7FC0,0x0040,0x0040,0x0040},{0xFC40,0x0440,0xFDC0,0x0840,0x1040,0xE040,0x0000,0x7FC0,0x0440,0x0440,0x0440},{0xFC40,0x0440,0xFDC0,0x0840,0x1040,0xE040,0x0040,0x7900,0x0900,0x0A80,0x0C40},
{0xFC40,0x0440,0xFC40,0x09C0,0x1040,0xE040,0x0040,0x4040,0x4000,0x4000,0x7FC0},{0xFC40,0x0440,0xFDC0,0x0840,0x1040,0xE040,0x0000,0x47C0,0x4100,0x4280,0x7C40},{0xFC40,0x0440,0xFDC0,0x0840,0x1040,0xE040,0x0100,0x47C0,0x4380,0x4440,0x7B80},{0xFC40,0x0440,0xFDC0,0x0840,0x1040,0xE040,0x0000,0x7FC0,0x4000,0x4000,0x7FC0},
{0xFC40,0x0440,0xFDC0,0x0840,0x1040,0xE040,0x7FC0,0x0040,0x7FC0,0x4000,0x7FC0},{0xFC40,0x0440,0xFDC0,0x0840,0x1040,0xE040,0x7BC0,0x0840,0x7840,0x4040,0x7840},{0xFC40,0x0440,0xFDC0,0x0840,0x1040,0xE040,0x7BC0,0x0A40,0x7A40,0x4240,0x7BC0},{0xFC40,0x0440,0xFDC0,0x0840,0x1040,0xE040,0x7A40,0x0A40,0x7BC0,0x4240,0x7BC0},
{0xFC40,0x0440,0xFDC0,0x0840,0x1040,0xE040,0x7900,0x0900,0x7900,0x4280,0x7C40},{0xFC40,0x0440,0xFDC0,0x0840,0x1040,0xE040,0x7BC0,0x0A00,0x7BC0,0x4200,0x7BC0},{0xFC40,0x0440,0xFDC0,0x0840,0x1040,0xE040,0x7FC0,0x0A80,0x7A80,0x4280,0x7FC0},{0xFC40,0x0440,0xFDC0,0x0840,0x1040,0xE040,0x7900,0x0FC0,0x7B80,0x4440,0x7B80},
{0xFC40,0x0440,0xFDC0,0x0840,0x1040,0xE040,0x0000,0x7FC0,0x4040,0x4040,0x7FC0},{0xFC40,0x0440,0xFDC0,0x0840,0x1040,0xE040,0x0000,0x4040,0x7FC0,0x4040,0x7FC0},{0xFC40,0x0440,0xFDC0,0x0840,0x1040,0xE040,0x0040,0x4900,0x7900,0x4A80,0x7C40},{0xFC40,0x0440,0xFC40,0x09C0,0x1040,0xE040,0x0040,0x0440,0x0400,0x1B00,0x60C0},
{0xFC40,0x0440,0xFDC0,0x0840,0x1040,0xE040,0x0040,0x1100,0x1100,0x2A80,0x4440},{0xFC40,0x0440,0xFDC0,0x0840,0x1040,0xE040,0x0000,0x3F80,0x4040,0x4040,0x3F80},{0xFC40,0x0440,0xFDC0,0x0840,0x1040,0xE040,0x0000,0x7FC0,0x0400,0x1B00,0x60C0},{0xFC40,0x0440,0xFDC0,0x0840,0x1040,0xE040,0x0400,0x7FC0,0x0400,0x1B00,0x60C0},
{0xFC40,0x0440,0xFDC0,0x0840,0x1040,0xE040,0x0000,0x7FC0,0x0040,0x7FC0,0x0040},{0xFC40,0x0440,0xFDC0,0x0840,0x1040,0xE040,0x7FC0,0x4000,0x7FC0,0x4000,0x7FC0},{0xFC40,0x0440,0xFDC0,0x0840,0x1040,0xE040,0x0000,0x7FC0,0x1100,0x1100,0x7FC0},{0xFC40,0x0440,0xFDC0,0x0840,0x1040,0xE040,0x0400,0x7FC0,0x1F00,0x2080,0x1F00},
{0xF940,0x0940,0x0940,0x0940,0xFF40,0x0940,0x1140,0x1140,0x2140,0xC140,0x0140},{0xF940,0x0940,0xFF40,0x1140,0x2140,0xC140,0x0000,0x7FC0,0x0040,0x0040,0x0040},{0xF940,0x0940,0xFF40,0x1140,0x2140,0xC140,0x0000,0x7FC0,0x0440,0x0440,0x0440},{0xF940,0x0940,0xFF40,0x1140,0x2140,0xC140,0x0000,0x7900,0x0900,0x0A80,0x0C40},
{0xF940,0x0940,0xF940,0x1740,0x2140,0xC140,0x0140,0x4140,0x4000,0x4000,0x7FC0},{0xF940,0x0940,0xFF40,0x1140,0x2140,0xC140,0x0000,0x47C0,0x4100,0x4280,0x7C40},{0xF940,0x0940,0xFF40,0x1140,0x2140,0xC140,0x0100,0x47C0,0x4380,0x4440,0x7B80},{0xF940,0x0940,0xFF40,0x1140,0x2140,0xC140,0x0000,0x7FC0,0x4000,0x4000,0x7FC0},
{0xF940,0x0940,0xFF40,0x1140,0x2140,0xC140,0x7FC0,0x0040,0x7FC0,0x4000,0x7FC0},{0xF940,0x0940,0xFF40,0x1140,0x2140,0xC140,0x7BC0,0x0840,0x7840,0x4040,0x7840},{0xF940,0x0940,0xFF40,0x1140,0x2140,0xC140,0x7BC0,0x0A40,0x7A40,0x4240,0x7BC0},{0xF940,0x0940,0xFF40,0x1140,0x2140,0xC140,0x7A40,0x0A40,0x7BC0,0x4240,0x7BC0},
{0xF940,0x0940,0xFF40,0x1140,0x2140,0xC140,0x7800,0x0900,0x7900,0x4280,0x7C40},{0xF940,0x0940,0xFF40,0x1140,0x2140,0xC140,0x7BC0,0x0A00,0x7BC0,0x4200,0x7BC0},{0xF940,0x0940,0xFF40,0x1140,0x2140,0xC140,0x7FC0,0x0A80,0x7A80,0x4280,0x7FC0},{0xF940,0x0940,0xFF40,0x1140,0x2140,0xC140,0x7900,0x0FC0,0x7B80,0x4440,0x7B80},
{0xF940,0x0940,0xFF40,0x1140,0x2140,0xC140,0x0000,0x7FC0,0x4040,0x4040,0x7FC0},{0xF940,0x0940,0xFF40,0x1140,0x2140,0xC140,0x0000,0x4040,0x7FC0,0x4040,0x7FC0},{0xF940,0x0940,0xFF40,0x1140,0x2140,0xC140,0x0000,0x4900,0x7900,0x4A80,0x7C40},{0xF940,0x0940,0xF940,0x1740,0x2140,0xC140,0x0140,0x0540,0x0400,0x1B00,0x60C0},
{0xF940,0x0940,0xFF40,0x1140,0x2140,0xC140,0x0000,0x1100,0x1100,0x2A80,0x4440},{0xF940,0x0940,0xFF40,0x1140,0x2140,0xC140,0x0000,0x3F80,0x4040,0x4040,0x3F80},{0xF940,0x0940,0xFF40,0x1140,0x2140,0xC140,0x0000,0x7FC0,0x0400,0x1B00,0x60C0},{0xF940,0x0940,0xFF40,0x1140,0x2140,0xC140,0x0400,0x7FC0,0x0400,0x1B00,0x60C0},
{0xF940,0x0940,0xFF40,0x1140,0x2140,0xC140,0x0000,0x7FC0,0x0040,0x7FC0,0x0040},{0xF940,0x0940,0xFF40,0x1140,0x2140,0xC140,0x7FC0,0x4000,0x7FC0,0x4000,0x7FC0},{0xF940,0x0940,0xFF40,0x1140,0x2140,0xC140,0x0000,0x7FC0,0x1100,0x1100,0x7FC0},{0xF940,0x0940,0xFF40,0x1140,0x2140,0xC140,0x0400,0x7FC0,0x1F00,0x2080,0x1F00},
{0xFC40,0x0440,0x0440,0x05C0,0xFC40,0x0840,0x09C0,0x1040,0x2040,0xC040,0x0040},{0xFC40,0x05C0,0xFC40,0x09C0,0x1040,0xE040,0x0000,0x7FC0,0x0040,0x0040,0x0040},{0xFC40,0x05C0,0xFC40,0x09C0,0x1040,0xE040,0x0000,0x7FC0,0x0440,0x0440,0x0440},{0xFC40,0x05C0,0xFC40,0x09C0,0x1040,0xE040,0x0040,0x7900,0x0900,0x0A80,0x0C40},
{0xFC40,0x0440,0xFDC0,0x0840,0x11C0,0xE040,0x0040,0x4040,0x4000,0x4000,0x7FC0},{0xFC40,0x05C0,0xFC40,0x09C0,0x1040,0xE040,0x0000,0x47C0,0x4100,0x4280,0x7C40},{0xFC40,0x05C0,0xFC40,0x09C0,0x1040,0xE040,0x0100,0x47C0,0x4380,0x4440,0x7B80},{0xFC40,0x05C0,0xFC40,0x09C0,0x1040,0xE040,0x0000,0x7FC0,0x4000,0x4000,0x7FC0},
{0xFC40,0x05C0,0xFC40,0x09C0,0x1040,0xE040,0x7FC0,0x0040,0x7FC0,0x4000,0x7FC0},{0xFC40,0x05C0,0xFC40,0x09C0,0x1040,0xE040,0x7BC0,0x0840,0x7840,0x4040,0x7840},{0xFC40,0x05C0,0xFC40,0x09C0,0x1040,0xE040,0x7BC0,0x0A40,0x7A40,0x4240,0x7BC0},{0xFC40,0x05C0,0xFC40,0x09C0,0x1040,0xE040,0x7A40,0x0A40,0x7BC0,0x4240,0x7BC0},
{0xFC40,0x05C0,0xFC40,0x09C0,0x1040,0xE040,0x7900,0x0900,0x7900,0x4280,0x7C40},{0xFC40,0x05C0,0xFC40,0x09C0,0x1040,0xE040,0x7BC0,0x0A00,0x7BC0,0x4200,0x7BC0},{0xFC40,0x05C0,0xFC40,0x09C0,0x1040,0xE040,0x7FC0,0x0A80,0x7A80,0x4280,0x7FC0},{0xFC40,0x05C0,0xFC40,0x09C0,0x1040,0xE040,0x7900,0x0FC0,0x7B80,0x4440,0x7B80},
{0xFC40,0x05C0,0xFC40,0x09C0,0x1040,0xE040,0x0000,0x7FC0,0x4040,0x4040,0x7FC0},{0xFC40,0x05C0,0xFC40,0x09C0,0x1040,0xE040,0x0000,0x4040,0x7FC0,0x4040,0x7FC0},{0xFC40,0x05C0,0xFC40,0x09C0,0x1040,0xE040,0x0040,0x4900,0x7900,0x4A80,0x7C40},{0xFC40,0x0440,0xFDC0,0x0840,0x11C0,0xE040,0x0040,0x0440,0x0400,0x1B00,0x60C0},
{0xFC40,0x05C0,0xFC40,0x09C0,0x1040,0xE040,0x0040,0x1100,0x1100,0x2A80,0x4440},{0xFC40,0x05C0,0xFC40,0x09C0,0x1040,0xE040,0x0000,0x3F80,0x4040,0x4040,0x3F80},{0xFC40,0x05C0,0xFC40,0x09C0,0x1040,0xE040,0x0000,0x7FC0,0x0400,0x1B00,0x60C0},{0xFC40,0x05C0,0xFC40,0x09C0,0x1040,0xE040,0x0400,0x7FC0,0x0400,0x1B00,0x60C0},
{0xFC40,0x05C0,0xFC40,0x09C0,0x1040,0xE040,0x0000,0x7FC0,0x0040,0x7FC0,0x0040},{0xFC40,0x05C0,0xFC40,0x09C0,0x1040,0xE040,0x7FC0,0x4000,0x7FC0,0x4000,0x7FC0},{0xFC40,0x05C0,0xFC40,0x09C0,0x1040,0xE040,0x0000,0x7FC0,0x1100,0x1100,0x7FC0},{0xFC40,0x05C0,0xFC40,0x09C0,0x1040,0xE040,0x0400,0x7FC0,0x1F00,0x2080,0x1F00},
{0xF940,0x0940,0x0940,0x0F40,0xF940,0x0940,0x1740,0x1140,0x2140,0xC140,0x0140},{0xF940,0x0F40,0xF940,0x1740,0x2140,0xC140,0x0000,0x7FC0,0x0040,0x0040,0x0040},{0xF940,0x0F40,0xF940,0x1740,0x2140,0xC140,0x0000,0x7FC0,0x0440,0x0440,0x0440},{0xF940,0x0F40,0xF940,0x1740,0x2140,0xC140,0x0000,0x7900,0x0900,0x0A80,0x0C40},
{0xF940,0x0940,0xFF40,0x1140,0x2740,0xC140,0x0140,0x4140,0x4000,0x4000,0x7FC0},{0xF940,0x0F40,0xF940,0x1740,0x2140,0xC140,0x0000,0x47C0,0x4100,0x4280,0x7C40},{0xF940,0x0F40,0xF940,0x1740,0x2140,0xC140,0x0100,0x47C0,0x4380,0x4440,0x7B80},{0xF940,0x0F40,0xF940,0x1740,0x2140,0xC140,0x0000,0x7FC0,0x4000,0x4000,0x7FC0},
{0xF940,0x0F40,0xF940,0x1740,0x2140,0xC140,0x7FC0,0x0040,0x7FC0,0x4000,0x7FC0},{0xF940,0x0F40,0xF940,0x1740,0x2140,0xC140,0x7BC0,0x0840,0x7840,0x4040,0x7840},{0xF940,0x0F40,0xF940,0x1740,0x2140,0xC140,0x7BC0,0x0A40,0x7A40,0x4240,0x7BC0},{0xF940,0x0F40,0xF940,0x1740,0x2140,0xC140,0x7A40,0x0A40,0x7BC0,0x4240,0x7BC0},
{0xF940,0x0F40,0xF940,0x1740,0x2140,0xC140,0x7800,0x0900,0x7900,0x4280,0x7C40},{0xF940,0x0F40,0xF940,0x1740,0x2140,0xC140,0x7BC0,0x0A00,0x7BC0,0x4200,0x7BC0},{0xF940,0x0F40,0xF940,0x1740,0x2140,0xC140,0x7FC0,0x0A80,0x7A80,0x4280,0x7FC0},{0xF940,0x0F40,0xF940,0x1740,0x2140,0xC140,0x7900,0x0FC0,0x7B80,0x4440,0x7B80},
{0xF940,0x0F40,0xF940,0x1740,0x2140,0xC140,0x0000,0x7FC0,0x4040,0x4040,0x7FC0},{0xF940,0x0F40,0xF940,0x1740,0x2140,0xC140,0x0000,0x4040,0x7FC0,0x4040,0x7FC0},{0xF940,0x0F40,0xF940,0x1740,0x2140,0xC140,0x0000,0x4900,0x7900,0x4A80,0x7C40},{0xF940,0x0940,0xFF40,0x1140,0x2740,0xC140,0x0140,0x0540,0x0400,0x1B00,0x60C0},
{0xF940,0x0F40,0xF940,0x1740,0x2140,0xC140,0x0000,0x1100,0x1100,0x2A80,0x4440},{0xF940,0x0F40,0xF940,0x1740,0x2140,0xC140,0x0000,0x3F80,0x4040,0x4040,0x3F80},{0xF940,0x0F40,0xF940,0x1740,0x2140,0xC140,0x0000,0x7FC0,0x0400,0x1B00,0x60C0},{0xF940,0x0F40,0xF940,0x1740,0x2140,0xC140,0x0400,0x7FC0,0x0400,0x1B00,0x60C0},
{0xF940,0x0F40,0xF940,0x1740,0x2140,0xC140,0x0000,0x7FC0,0x0040,0x7FC0,0x0040},{0xF940,0x0F40,0xF940,0x1740,0x2140,0xC140,0x7FC0,0x4000,0x7FC0,0x4000,0x7FC0},{0xF940,0x0F40,0xF940,0x1740,0x2140,0xC140,0x0000,0x7FC0,0x1100,0x1100,0x7FC0},{0xF940,0x0F40,0xF940,0x1740,0x2140,0xC140,0x0400,0x7FC0,0x1F00,0x2080,0x1F00},
{0x7FC0,0x0040,0x0040,0x0040,0x7FC0,0x0040,0x0440,0x0440,0x0480,0xFFE0,0x0000},{0x7FC0,0x0040,0x7FC0,0x0440,0x0440,0xFFE0,0x0000,0x7FC0,0x0040,0x0040,0x0040},{0x7FC0,0x0040,0x7FC0,0x0440,0x0440,0xFFE0,0x0000,0x7FC0,0x0440,0x0440,0x0440},{0x7FC0,0x0040,0x7FC0,0x0440,0x0440,0xFFE0,0x0000,0x7900,0x0900,0x0A80,0x0C40},
{0x7FC0,0x0040,0x7FC0,0x0440,0x0440,0xFFE0,0x0000,0x4000,0x4000,0x4000,0x7FC0},{0x7FC0,0x0040,0x7FC0,0x0440,0x0440,0xFFE0,0x0000,0x47C0,0x4100,0x4280,0x7C40},{0x7FC0,0x0040,0x7FC0,0x0440,0x0440,0xFFE0,0x0100,0x47C0,0x4380,0x4440,0x7B80},{0x7FC0,0x0040,0x7FC0,0x0440,0x0440,0xFFE0,0x0000,0x7FC0,0x4000,0x4000,0x7FC0},
{0x7FC0,0x0040,0x7FC0,0x0440,0xFFE0,0x0000,0x7FC0,0x0040,0x7FC0,0x4000,0x7FC0},{0x7FC0,0x0040,0x7FC0,0x0440,0xFFE0,0x0000,0x7BC0,0x0840,0x7840,0x4040,0x7840},{0x7FC0,0x0040,0x7FC0,0x0440,0xFFE0,0x0000,0x7BC0,0x0A40,0x7A40,0x4240,0x7BC0},{0x7FC0,0x0040,0x7FC0,0x0440,0xFFE0,0x0000,0x7A40,0x0A40,0x7BC0,0x4240,0x7BC0},
{0x7FC0,0x0040,0x7FC0,0x0440,0xFFE0,0x0000,0x7900,0x0900,0x7900,0x4280,0x7C40},{0x7FC0,0x0040,0x7FC0,0x0440,0xFFE0,0x0000,0x7BC0,0x0A00,0x7BC0,0x4200,0x7BC0},{0x7FC0,0x0040,0x7FC0,0x0440,0xFFE0,0x0000,0x7FC0,0x0A80,0x7A80,0x4280,0x7FC0},{0x7FC0,0x0040,0x7FC0,0x0440,0xFFE0,0x0000,0x7900,0x0FC0,0x7B80,0x4440,0x7B80},
{0x7FC0,0x0040,0x7FC0,0x0440,0x0440,0xFFE0,0x0000,0x7FC0,0x4040,0x4040,0x7FC0},{0x7FC0,0x0040,0x7FC0,0x0440,0x0440,0xFFE0,0x0000,0x4040,0x7FC0,0x4040,0x7FC0},{0x7FC0,0x0040,0x7FC0,0x0440,0x0440,0xFFE0,0x0000,0x4900,0x7900,0x4A80,0x7C40},{0x7FC0,0x0040,0x7FC0,0x0440,0x0440,0xFFE0,0x0000,0x0400,0x0400,0x1B00,0x60C0},
{0x7FC0,0x0040,0x7FC0,0x0440,0x0440,0xFFE0,0x0000,0x1100,0x1100,0x2A80,0x4440},{0x7FC0,0x0040,0x7FC0,0x0440,0x0440,0xFFE0,0x0000,0x3F80,0x4040,0x4040,0x3F80},{0x7FC0,0x0040,0x7FC0,0x0440,0x0440,0xFFE0,0x0000,0x7FC0,0x0400,0x1B00,0x60C0},{0x7FC0,0x0040,0x7FC0,0x0440,0x0440,0xFFE0,0x0000,0x0400,0x7FC0,0x1B00,0x60C0},
{0x7FC0,0x0040,0x7FC0,0x0440,0x0440,0xFFE0,0x0000,0x7FC0,0x0040,0x7FC0,0x0040},{0x7FC0,0x0040,0x7FC0,0x0440,0xFFE0,0x0000,0x7FC0,0x4000,0x7FC0,0x4000,0x7FC0},{0x7FC0,0x0040,0x7FC0,0x0440,0x0440,0xFFE0,0x0000,0x7FC0,0x1100,0x1100,0x7FC0},{0x7FC0,0x0040,0x7FC0,0x0440,0x0440,0xFFE0,0x0400,0x7FC0,0x1F00,0x2080,0x1F00},
{0xFE40,0x0240,0x0240,0xFE40,0x0240,0x0260,0x1240,0x1040,0x1040,0xFF40,0x0040},{0x7E40,0x0240,0x7E60,0x1240,0x1240,0xFF40,0x0000,0x7FC0,0x0040,0x0040,0x0040},{0x7E40,0x0240,0x7E60,0x1240,0x1240,0xFF40,0x0000,0x7FC0,0x0440,0x0440,0x0440},{0x7E40,0x0240,0x7E60,0x1240,0x1240,0xFF40,0x0040,0x7900,0x0900,0x0A80,0x0C40},
{0x7E40,0x0240,0x7E40,0x1260,0x1240,0xFF40,0x0040,0x4040,0x4000,0x4000,0x7FC0},{0x7E40,0x0240,0x7E60,0x1240,0x1240,0xFF40,0x0000,0x47C0,0x4100,0x4280,0x7C40},{0x7E40,0x0240,0x7E60,0x1240,0x1240,0xFF40,0x0100,0x47C0,0x4380,0x4440,0x7B80},{0x7E40,0x0240,0x7E60,0x1240,0x1240,0xFF40,0x0000,0x7FC0,0x4000,0x4000,0x7FC0},
{0x7E40,0x0240,0x7E60,0x1240,0xFF40,0x0000,0x7FC0,0x0040,0x7FC0,0x4000,0x7FC0},{0x7E40,0x0240,0x7E60,0x1240,0xFF40,0x0000,0x7BC0,0x0840,0x7840,0x4040,0x7840},{0x7E40,0x0240,0x7E60,0x1240,0xFF40,0x0000,0x7BC0,0x0A40,0x7A40,0x4240,0x7BC0},{0x7E40,0x0240,0x7E60,0x1240,0xFF40,0x0000,0x7A40,0x0A40,0x7BC0,0x4240,0x7BC0},
{0x7E40,0x0240,0x7E60,0x1240,0xFF40,0x0040,0x7900,0x0900,0x7900,0x4280,0x7C40},{0x7E40,0x0240,0x7E60,0x1240,0xFF40,0x0000,0x7BC0,0x0A00,0x7BC0,0x4200,0x7BC0},{0x7E40,0x0240,0x7E60,0x1240,0xFF40,0x0000,0x7FC0,0x0A80,0x7A80,0x4280,0x7FC0},{0x7E40,0x0240,0x7E60,0x1240,0xFF40,0x0040,0x7900,0x0FC0,0x7B80,0x4440,0x7B80},
{0x7E40,0x0240,0x7E60,0x1240,0x1240,0xFF40,0x0000,0x7FC0,0x4040,0x4040,0x7FC0},{0x7E40,0x0240,0x7E60,0x1240,0x1240,0xFF40,0x0000,0x4040,0x7FC0,0x4040,0x7FC0},{0x7E40,0x0240,0x7E60,0x1240,0x1240,0xFF40,0x0040,0x4900,0x7900,0x4A80,0x7C40},{0x7E40,0x0240,0x7E40,0x1260,0x1240,0xFF40,0x0040,0x0440,0x0400,0x1B00,0x60C0},
{0x7E40,0x0240,0x7E60,0x1240,0x1240,0xFF40,0x0040,0x1100,0x1100,0x2A80,0x4440},{0x7E40,0x0240,0x7E60,0x1240,0x1240,0xFF40,0x0000,0x3F80,0x4040,0x4040,0x3F80},{0x7E40,0x0240,0x7E60,0x1240,0x1240,0xFF40,0x0000,0x7FC0,0x0400,0x1B00,0x60C0},{0x7E40,0x0240,0x7E60,0x1240,0x1240,0xFF40,0x0040,0x0400,0x7FC0,0x1B00,0x60C0},
{0x7E40,0x0240,0x7E60,0x1240,0x1240,0xFF40,0x0000,0x7FC0,0x0040,0x7FC0,0x0040},{0x7E40,0x0240,0x7E60,0x1240,0xFF40,0x0000,0x7FC0,0x4000,0x7FC0,0x4000,0x7FC0},{0x7E40,0x0240,0x7E60,0x1240,0x1240,0xFF40,0x0000,0x7FC0,0x1100,0x1100,0x7FC0},{0x7E40,0x0240,0x7E60,0x1240,0x1240,0xFF40,0x0400,0x7FC0,0x1F00,0x2080,0x1F00},
{0xFD40,0x0540,0x0540,0xFD40,0x0540,0x05C0,0x2540,0x2140,0x2140,0xFF40,0x0140},{0xFD40,0x0540,0xFDC0,0x2540,0x2540,0xFF40,0x0000,0x7FC0,0x0040,0x0040,0x0040},{0xFD40,0x0540,0xFDC0,0x2540,0x2540,0xFF40,0x0000,0x7FC0,0x0440,0x0440,0x0440},{0xFD40,0x0540,0xFDC0,0x2540,0x2540,0xFF40,0x0000,0x7900,0x0900,0x0A80,0x0C40},
{0xFD40,0x0540,0xFD40,0x25C0,0x2540,0xFF40,0x0140,0x4140,0x4000,0x4000,0x7FC0},{0xFD40,0x0540,0xFDC0,0x2540,0x2540,0xFF40,0x0000,0x47C0,0x4100,0x4280,0x7C40},{0xFD40,0x0540,0xFDC0,0x2540,0x2540,0xFF40,0x0100,0x47C0,0x4380,0x4440,0x7B80},{0xFD40,0x0540,0xFDC0,0x2540,0x2540,0xFF40,0x0000,0x7FC0,0x4000,0x4000,0x7FC0},
{0xFD40,0x0540,0xFDC0,0x2540,0xFF40,0x0000,0x7FC0,0x0040,0x7FC0,0x4000,0x7FC0},{0xFD40,0x0540,0xFDC0,0x2540,0xFF40,0x0000,0x7BC0,0x0840,0x7840,0x4040,0x7840},{0xFD40,0x0540,0xFDC0,0x2540,0xFF40,0x0000,0x7BC0,0x0A40,0x7A40,0x4240,0x7BC0},{0xFD40,0x0540,0xFDC0,0x2540,0xFF40,0x0000,0x7A40,0x0A40,0x7BC0,0x4240,0x7BC0},
{0xFD40,0x0540,0xFDC0,0x2540,0xFF40,0x0000,0x7900,0x0900,0x7900,0x4280,0x7C40},{0xFD40,0x0540,0xFDC0,0x2540,0xFF40,0x0000,0x7BC0,0x0A00,0x7BC0,0x4200,0x7BC0},{0xFD40,0x0540,0xFDC0,0x2540,0xFF40,0x0000,0x7FC0,0x0A80,0x7A80,0x4280,0x7FC0},{0xFD40,0x0540,0xFDC0,0x2540,0xFF40,0x0000,0x7900,0x0FC0,0x7B80,0x4440,0x7B80},
{0xFD40,0x0540,0xFDC0,0x2540,0x2540,0xFF40,0x0000,0x7FC0,0x4040,0x4040,0x7FC0},{0xFD40,0x0540,0xFDC0,0x2540,0x2540,0xFF40,0x0000,0x4040,0x7FC0,0x4040,0x7FC0},{0xFD40,0x0540,0xFDC0,0x2540,0x2540,0xFF40,0x0000,0x4900,0x7900,0x4A80,0x7C40},{0xFD40,0x0540,0xFD40,0x25C0,0x2540,0xFF40,0x0140,0x0540,0x0400,0x1B00,0x60C0},
{0xFD40,0x0540,0xFDC0,0x2540,0x2540,0xFF40,0x0000,0x1100,0x1100,0x2A80,0x4440},{0xFD40,0x0540,0xFDC0,0x2540,0x2540,0xFF40,0x0000,0x3F80,0x4040,0x4040,0x3F80},{0xFD40,0x0540,0xFDC0,0x2540,0x2540,0xFF40,0x0000,0x7FC0,0x0400,0x1B00,0x60C0},{0xFD40,0x0540,0xFDC0,0x2540,0x2540,0xFF40,0x0140,0x0400,0x7FC0,0x1B00,0x60C0},
{0xFD40,0x0540,0xFDC0,0x2540,0x2540,0xFF40,0x0000,0x7FC0,0x0040,0x7FC0,0x0040},{0xFD40,0x0540,0xFDC0,0x2540,0xFF40,0x0000,0x7FC0,0x4000,0x7FC0,0x4000,0x7FC0},{0xFD40,0x0540,0xFDC0,0x2540,0x2540,0xFF40,0x0000,0x7FC0,0x1100,0x1100,0x7FC0},{0xFD40,0x0540,0xFDC0,0x2540,0x2540,0xFF40,0x0400,0x7FC0,0x1F00,0x2080,0x1F00},
{0xFE40,0x0240,0x0240,0xFE40,0x0240,0x0240,0x1240,0x1040,0x1040,0xFF40,0x0040},{0x7E40,0x0240,0x7E40,0x1240,0x1240,0xFF40,0x0000,0x7FC0,0x0040,0x0040,0x0040},{0x7E40,0x0240,0x7E40,0x1240,0x1240,0xFF40,0x0000,0x7FC0,0x0440,0x0440,0x0440},{0x7E40,0x0240,0x7E40,0x1240,0x1240,0xFF40,0x0040,0x7900,0x0900,0x0A80,0x0C40},
{0x7E40,0x0240,0x7E40,0x1240,0x1240,0xFF40,0x0040,0x4040,0x4000,0x4000,0x7FC0},{0x7E40,0x0240,0x7E40,0x1240,0x1240,0xFF40,0x0000,0x47C0,0x4100,0x4280,0x7C40},{0x7E40,0x0240,0x7E40,0x1240,0x1240,0xFF40,0x0100,0x47C0,0x4380,0x4440,0x7B80},{0x7E40,0x0240,0x7E40,0x1240,0x1240,0xFF40,0x0000,0x7FC0,0x4000,0x4000,0x7FC0},
{0x7E40,0x0240,0x7E40,0x1240,0xFF40,0x0000,0x7FC0,0x0040,0x7FC0,0x4000,0x7FC0},{0x7E40,0x0240,0x7E40,0x1240,0xFF40,0x0000,0x7BC0,0x0840,0x7840,0x4040,0x7840},{0x7E40,0x0240,0x7E40,0x1240,0xFF40,0x0000,0x7BC0,0x0A40,0x7A40,0x4240,0x7BC0},{0x7E40,0x0240,0x7E40,0x1240,0xFF40,0x0000,0x7A40,0x0A40,0x7BC0,0x4240,0x7BC0},
{0x7E40,0x0240,0x7E40,0x1240,0xFF40,0x0040,0x7900,0x0900,0x7900,0x4280,0x7C40},{0x7E40,0x0240,0x7E40,0x1240,0xFF40,0x0000,0x7BC0,0x0A00,0x7BC0,0x4200,0x7BC0},{0x7E40,0x0240,0x7E40,0x1240,0xFF40,0x0000,0x7FC0,0x0A80,0x7A80,0x4280,0x7FC0},{0x7E40,0x0240,0x7E40,0x1240,0xFF40,0x0040,0x7900,0x0FC0,0x7B80,0x4440,0x7B80},
{0x7E40,0x0240,0x7E40,0x1240,0x1240,0xFF40,0x0000,0x7FC0,0x4040,0x4040,0x7FC0},{0x7E40,0x0240,0x7E40,0x1240,0x1240,0xFF40,0x0000,0x4040,0x7FC0,0x4040,0x7FC0},{0x7E40,0x0240,0x7E40,0x1240,0x1240,0xFF40,0x0040,0x4900,0x7900,0x4A80,0x7C40},{0x7E40,0x0240,0x7E40,0x1240,0x1240,0xFF40,0x0040,0x0440,0x0400,0x1B00,0x60C0},
{0x7E40,0x0240,0x7E40,0x1240,0x1240,0xFF40,0x0040,0x1100,0x1100,0x2A80,0x4440},{0x7E40,0x0240,0x7E40,0x1240,0x1240,0xFF40,0x0000,0x3F80,0x4040,0x4040,0x3F80},{0x7E40,0x0240,0x7E40,0x1240,0x1240,0xFF40,0x0000,0x7FC0,0x0400,0x1B00,0x60C0},{0x7E40,0x0240,0x7E40,0x1240,0x1240,0xFF40,0x0040,0x0400,0x7FC0,0x1B00,0x60C0},
{0x7E40,0x0240,0x7E40,0x1240,0x1240,0xFF40,0x0000,0x7FC0,0x0040,0x7FC0,0x0040},{0x7E40,0x0240,0x7E40,0x1240,0xFF40,0x0000,0x7FC0,0x4000,0x7FC0,0x4000,0x7FC0},{0x7E40,0x0240,0x7E40,0x1240,0x1240,0xFF40,0x0000,0x7FC0,0x1100,0x1100,0x7FC0},{0x7E40,0x0240,0x7E40,0x1240,0x1240,0xFF40,0x0400,0x7FC0,0x1F00,0x2080,0x1F00},
{0x7FC0,0x0040,0x0040,0x0040,0x7FC0,0x0040,0x1240,0x1240,0x1280,0xFFE0,0x0000},{0x7FC0,0x0040,0x7FC0,0x1240,0x1240,0xFFE0,0x0000,0x7FC0,0x0040,0x0040,0x0040},{0x7FC0,0x0040,0x7FC0,0x1240,0x1240,0xFFE0,0x0000,0x7FC0,0x0440,0x0440,0x0440},{0x7FC0,0x0040,0x7FC0,0x1240,0x1240,0xFFE0,0x0000,0x7900,0x0900,0x0A80,0x0C40},
{0x7FC0,0x0040,0x7FC0,0x1240,0x1240,0xFFE0,0x0000,0x4000,0x4000,0x4000,0x7FC0},{0x7FC0,0x0040,0x7FC0,0x1240,0x1240,0xFFE0,0x0000,0x47C0,0x4100,0x4280,0x7C40},{0x7FC0,0x0040,0x7FC0,0x1240,0x1240,0xFFE0,0x0100,0x47C0,0x4380,0x4440,0x7B80},{0x7FC0,0x0040,0x7FC0,0x1240,0x1240,0xFFE0,0x0000,0x7FC0,0x4000,0x4000,0x7FC0},
{0x7FC0,0x0040,0x7FC0,0x1240,0xFFE0,0x0000,0x7FC0,0x0040,0x7FC0,0x4000,0x7FC0},{0x7FC0,0x0040,0x7FC0,0x1240,0xFFE0,0x0000,0x7BC0,0x0840,0x7840,0x4040,0x7840},{0x7FC0,0x0040,0x7FC0,0x1240,0xFFE0,0x0000,0x7BC0,0x0A40,0x7A40,0x4240,0x7BC0},{0x7FC0,0x0040,0x7FC0,0x1240,0xFFE0,0x0000,0x7A40,0x0A40,0x7BC0,0x4240,0x7BC0},
{0x7FC0,0x0040,0x7FC0,0x1240,0xFFE0,0x0000,0x7900,0x0900,0x7900,0x4280,0x7C40},{0x7FC0,0x0040,0x7FC0,0x1240,0xFFE0,0x0000,0x7BC0,0x0A00,0x7BC0,0x4200,0x7BC0},{0x7FC0,0x0040,0x7FC0,0x1240,0xFFE0,0x0000,0x7FC0,0x0A80,0x7A80,0x4280,0x7FC0},{0x7FC0,0x0040,0x7FC0,0x1240,0xFFE0,0x0000,0x7900,0x0FC0,0x7B80,0x4440,0x7B80},
{0x7FC0,0x0040,0x7FC0,0x1240,0x1240,0xFFE0,0x0000,0x7FC0,0x4040,0x4040,0x7FC0},{0x7FC0,0x0040,0x7FC0,0x1240,0x1240,0xFFE0,0x0000,0x4040,0x7FC0,0x4040,0x7FC0},{0x7FC0,0x0040,0x7FC0,0x1240,0x1240,0xFFE0,0x0000,0x4900,0x7900,0x4A80,0x7C40},{0x7FC0,0x0040,0x7FC0,0x1240,0x1240,0xFFE0,0x0000,0x0400,0x0400,0x1B00,0x60C0},
{0x7FC0,0x0040,0x7FC0,0x1240,0x1240,0xFFE0,0x0000,0x1100,0x1100,0x2A80,0x4440},{0x7FC0,0x0040,0x7FC0,0x1240,0x1240,0xFFE0,0x0000,0x3F80,0x4040,0x4040,0x3F80},{0x7FC0,0x0040,0x7FC0,0x1240,0x1240,0xFFE0,0x0000,0x7FC0,0x0400,0x1B00,0x60C0},{0x7FC0,0x0040,0x7FC0,0x1240,0x1240,0xFFE0,0x0000,0x0400,0x7FC0,0x1B00,0x60C0},
{0x7FC0,0x0040,0x7FC0,0x1240,0x1240,0xFFE0,0x0000,0x7FC0,0x0040,0x7FC0,0x0040},{0x7FC0,0x0040,0x7FC0,0x1240,0xFFE0,0x0000,0x7FC0,0x4000,0x7FC0,0x4000,0x7FC0},{0x7FC0,0x0040,0x7FC0,0x1240,0x1240,0xFFE0,0x0000,0x7FC0,0x1100,0x1100,0x7FC0},{0x7FC0,0x0040,0x7FC0,0x1240,0x1240,0xFFE0,0x0400,0x7FC0,0x1F00,0x2080,0x1F00},
{0x7FC0,0x0040,0x0040,0x7FC0,0x0040,0x0080,0xFFE0,0x0400,0x0400,0x0400,0x0400},{0x7FC0,0x0040,0x7FC0,0x0040,0x0040,0xFFE0,0x0400,0x7FC0,0x0040,0x0040,0x0040},{0x7FC0,0x0040,0x7FC0,0x0040,0x0040,0xFFE0,0x0400,0x7FC0,0x0440,0x0440,0x0440},{0x7FC0,0x0040,0x7FC0,0x0040,0x0040,0xFFE0,0x0400,0x7900,0x0900,0x0A80,0x0C40},
{0x7FC0,0x0040,0x7FC0,0x0040,0x0040,0xFFE0,0x0400,0x4400,0x4000,0x4000,0x7FC0},{0x7FC0,0x0040,0x7FC0,0x0040,0x0040,0xFFE0,0x0400,0x47C0,0x4100,0x4280,0x7C40},{0x7FC0,0x0040,0x7FC0,0x0040,0x0040,0xFFE0,0x0500,0x47C0,0x4380,0x4440,0x7B80},{0x7FC0,0x0040,0x7FC0,0x0040,0x0040,0xFFE0,0x0400,0x7FC0,0x4000,0x4000,0x7FC0},
{0x7FC0,0x0040,0x7FC0,0x0040,0xFFE0,0x0400,0x7FC0,0x0040,0x7FC0,0x4000,0x7FC0},{0x7FC0,0x0040,0x7FC0,0x0040,0xFFE0,0x0400,0x7BC0,0x0840,0x7840,0x4040,0x7840},{0x7FC0,0x0040,0x7FC0,0x0040,0xFFE0,0x0400,0x7BC0,0x0A40,0x7A40,0x4240,0x7BC0},{0x7FC0,0x0040,0x7FC0,0x0040,0xFFE0,0x0400,0x7A40,0x0A40,0x7BC0,0x4240,0x7BC0},
{0x7FC0,0x0040,0x7FC0,0x0040,0xFFE0,0x0400,0x7900,0x0900,0x7900,0x4280,0x7C40},{0x7FC0,0x0040,0x7FC0,0x0040,0xFFE0,0x0400,0x7BC0,0x0A00,0x7BC0,0x4200,0x7BC0},{0x7FC0,0x0040,0x7FC0,0x0040,0xFFE0,0x0400,0x7FC0,0x0A80,0x7A80,0x4280,0x7FC0},{0x7FC0,0x0040,0x7FC0,0x0040,0xFFE0,0x0400,0x7900,0x0FC0,0x7B80,0x4440,0x7B80},
{0x7FC0,0x0040,0x7FC0,0x0040,0x0040,0xFFE0,0x0400,0x7FC0,0x4040,0x4040,0x7FC0},{0x7FC0,0x0040,0x7FC0,0x0040,0x0040,0xFFE0,0x0400,0x4040,0x7FC0,0x4040,0x7FC0},{0x7FC0,0x0040,0x7FC0,0x0040,0x0040,0xFFE0,0x0400,0x4900,0x7900,0x4A80,0x7C40},{0x7FC0,0x0040,0x7FC0,0x0040,0x0040,0xFFE0,0x0400,0x0000,0x0400,0x1B00,0x60C0},
{0x7FC0,0x0040,0x7FC0,0x0040,0x0040,0xFFE0,0x0400,0x1500,0x1100,0x2A80,0x4440},{0x7FC0,0x0040,0x7FC0,0x0040,0x0040,0xFFE0,0x0400,0x3F80,0x4040,0x4040,0x3F80},{0x7FC0,0x0040,0x7FC0,0x0040,0x0040,0xFFE0,0x0400,0x7FC0,0x0400,0x1B00,0x60C0},{0x7FC0,0x0040,0x7FC0,0x0040,0xFFE0,0x0400,0x0000,0x0400,0x7FC0,0x1B00,0x60C0},
{0x7FC0,0x0040,0x7FC0,0x0040,0x0040,0xFFE0,0x0400,0x7FC0,0x0040,0x7FC0,0x0040},{0x7FC0,0x0040,0x7FC0,0x0040,0xFFE0,0x0400,0x7FC0,0x4000,0x7FC0,0x4000,0x7FC0},{0x7FC0,0x0040,0x7FC0,0x0040,0x0040,0xFFE0,0x0400,0x7FC0,0x1100,0x1100,0x7FC0},{0x7FC0,0x0040,0x7FC0,0x0040,0xFFE0,0x0400,0x0400,0x7FC0,0x1F00,0x2080,0x1F00},
{0x7E40,0x0240,0x7E40,0x0240,0x0240,0xFF40,0x1040,0x13C0,0x1040,0x1040,0x1040},{0x7E40,0x0240,0x7E40,0x0240,0xFF40,0x11C0,0x1040,0x7FC0,0x0040,0x0040,0x0040},{0x7E40,0x0240,0x7E40,0x0240,0xFF40,0x11C0,0x1040,0x7FC0,0x0440,0x0440,0x0440},{0x7E40,0x0240,0x7E40,0x0240,0xFF40,0x11C0,0x1040,0x7900,0x0900,0x0A80,0x0C40},
{0x7E40,0x0240,0x7E40,0x0240,0xFF40,0x1040,0x11C0,0x5040,0x4000,0x4000,0x7FC0},{0x7E40,0x0240,0x7E40,0x0240,0xFF40,0x11C0,0x1040,0x47C0,0x4100,0x4280,0x7C40},{0x7E40,0x0240,0x7E40,0x0240,0xFF40,0x11C0,0x1140,0x47C0,0x4380,0x4440,0x7B80},{0x7E40,0x0240,0x7E40,0x0240,0xFF40,0x11C0,0x1040,0x7FC0,0x4000,0x4000,0x7FC0},
{0x7E40,0x3E40,0x0240,0xFF40,0x11C0,0x1040,0x7FC0,0x0040,0x7FC0,0x4000,0x7FC0},{0x7E40,0x3E40,0x0240,0xFF40,0x11C0,0x1040,0x7BC0,0x0840,0x7840,0x4040,0x7840},{0x7E40,0x3E40,0x0240,0xFF40,0x11C0,0x1040,0x7BC0,0x0A40,0x7A40,0x4240,0x7BC0},{0x7E40,0x3E40,0x0240,0xFF40,0x11C0,0x1040,0x7A40,0x0A40,0x7BC0,0x4240,0x7BC0},
{0x7E40,0x3E40,0x0240,0xFF40,0x11C0,0x1040,0x7900,0x0900,0x7900,0x4280,0x7C40},{0x7E40,0x3E40,0x0240,0xFF40,0x11C0,0x1040,0x7BC0,0x0A00,0x7BC0,0x4200,0x7BC0},{0x7E40,0x3E40,0x0240,0xFF40,0x11C0,0x1040,0x7FC0,0x0A80,0x7A80,0x4280,0x7FC0},{0x7E40,0x3E40,0x0240,0xFF40,0x11C0,0x1040,0x7900,0x0FC0,0x7B80,0x4440,0x7B80},
{0x7E40,0x0240,0x7E40,0x0240,0xFF40,0x11C0,0x1040,0x7FC0,0x4040,0x4040,0x7FC0},{0x7E40,0x0240,0x7E40,0x0240,0xFF40,0x11C0,0x1040,0x4040,0x7FC0,0x4040,0x7FC0},{0x7E40,0x0240,0x7E40,0x0240,0xFF40,0x11C0,0x1040,0x4900,0x7900,0x4A80,0x7C40},{0x7E40,0x0240,0x7E40,0x0240,0xFF40,0x1040,0x11C0,0x1440,0x0400,0x1B00,0x60C0},
{0x7E40,0x0240,0x7E40,0x0240,0xFF40,0x11C0,0x1040,0x0000,0x1100,0x2A80,0x4440},{0x7E40,0x0240,0x7E40,0x0240,0xFF40,0x11C0,0x1040,0x3F80,0x4040,0x4040,0x3F80},{0x7E40,0x0240,0x7E40,0x0240,0xFF40,0x11C0,0x1040,0x7FC0,0x0400,0x1B00,0x60C0},{0x7E40,0x0240,0x7E40,0x0240,0xFF40,0x11C0,0x1040,0x0400,0x7FC0,0x1B00,0x60C0},
{0x7E40,0x0240,0x7E40,0x0240,0xFF40,0x11C0,0x1040,0x7FC0,0x0040,0x7FC0,0x0040},{0x7E40,0x3E40,0x0240,0xFF40,0x11C0,0x1040,0x7FC0,0x4000,0x7FC0,0x4000,0x7FC0},{0x7E40,0x0240,0x7E40,0x0240,0xFF40,0x11C0,0x1040,0x7FC0,0x1100,0x1100,0x7FC0},{0x7E40,0x0240,0x7E40,0x0240,0xFF40,0x11C0,0x1440,0x7FC0,0x1F00,0x2080,0x1F00},
{0xF940,0x0940,0xF940,0x0940,0x0940,0xFD40,0x2140,0x2740,0x2140,0x2140,0x2140},{0xF940,0x0940,0xF940,0x0940,0xFD40,0x2740,0x2140,0x7FC0,0x0040,0x0040,0x0040},{0xF940,0x0940,0xF940,0x0940,0xFD40,0x2740,0x2140,0x7FC0,0x0440,0x0440,0x0440},{0xF940,0x0940,0xF940,0x0940,0xFD40,0x2740,0x2140,0x7800,0x0900,0x0A80,0x0C40},
{0xF940,0x0940,0xF940,0x0940,0xFD40,0x1140,0x1740,0x5140,0x4000,0x4000,0x7FC0},{0xF940,0x0940,0xF940,0x0940,0xFD40,0x1740,0x1140,0x57C0,0x4100,0x4280,0x7C40},{0xF940,0x0940,0xF940,0x0940,0xFD40,0x1740,0x1140,0x57C0,0x4380,0x4440,0x7B80},{0xF940,0x0940,0xF940,0x0940,0xFD40,0x1740,0x1140,0x7FC0,0x4000,0x4000,0x7FC0},
{0xF940,0x7940,0x0940,0xFD40,0x2740,0x2140,0x7FC0,0x0040,0x7FC0,0x4000,0x7FC0},{0xF940,0x7940,0x0940,0xFD40,0x2740,0x2140,0x7BC0,0x0840,0x7840,0x4040,0x7840},{0xF940,0x7940,0x0940,0xFD40,0x2740,0x2140,0x7BC0,0x0A40,0x7A40,0x4240,0x7BC0},{0xF940,0x7940,0x0940,0xFD40,0x2740,0x2140,0x7A40,0x0A40,0x7BC0,0x4240,0x7BC0},
{0xF940,0x7940,0x0940,0xFD40,0x2740,0x2140,0x7800,0x0900,0x7900,0x4280,0x7C40},{0xF940,0x7940,0x0940,0xFD40,0x2740,0x2140,0x7BC0,0x0A00,0x7BC0,0x4200,0x7BC0},{0xF940,0x7940,0x0940,0xFD40,0x2740,0x2140,0x7FC0,0x0A80,0x7A80,0x4280,0x7FC0},{0xF940,0x7940,0x0940,0xFD40,0x2740,0x2140,0x7900,0x0FC0,0x7B80,0x4440,0x7B80},
{0xF940,0x0940,0xF940,0x0940,0xFD40,0x2740,0x2140,0x7FC0,0x4040,0x4040,0x7FC0},{0xF940,0x0940,0xF940,0x0940,0xFD40,0x2740,0x2140,0x4040,0x7FC0,0x4040,0x7FC0},{0xF940,0x0940,0xF940,0x0940,0xFD40,0x2740,0x2140,0x4800,0x7900,0x4A80,0x7C40},{0xF940,0x0940,0xF940,0x0940,0xFD40,0x2740,0x2140,0x2540,0x0400,0x1B00,0x60C0},
{0xF940,0x0940,0xF940,0x0940,0xFD40,0x2740,0x2140,0x0000,0x1100,0x2A80,0x4440},{0xF940,0x0940,0xF940,0x0940,0xFD40,0x2740,0x2140,0x3F80,0x4040,0x4040,0x3F80},{0xF940,0x0940,0xF940,0x0940,0xFD40,0x2740,0x2140,0x7FC0,0x0400,0x1B00,0x60C0},{0xF940,0x0940,0xF940,0x0940,0xFD40,0x2740,0x2140,0x0400,0x7FC0,0x1B00,0x60C0},
{0xF940,0x0940,0xF940,0x0940,0xFD40,0x2740,0x2140,0x7FC0,0x0040,0x7FC0,0x0040},{0xF940,0x7940,0x0940,0xFD40,0x2740,0x2140,0x7FC0,0x4000,0x7FC0,0x4000,0x7FC0},{0xF940,0x0940,0xF940,0x0940,0xFD40,0x2740,0x2140,0x7FC0,0x1100,0x1100,0x7FC0},{0xF940,0x0940,0xF940,0x0940,0xFD40,0x2740,0x2140,0x0400,0x7FC0,0x2080,0x1F00},
{0x7E40,0x0240,0x0240,0x7E40,0x0240,0x0240,0xFF40,0x0840,0x0840,0x0840,0x0840},{0x7E40,0x0240,0x7E40,0x0240,0xFF40,0x0840,0x0800,0x7FC0,0x0040,0x0040,0x0040},{0x7E40,0x0240,0x7E40,0x0240,0xFF40,0x0840,0x0800,0x7FC0,0x0440,0x0440,0x0440},{0x7E40,0x0240,0x7E40,0x0240,0xFF40,0x1040,0x1040,0x7900,0x0900,0x0A80,0x0C40},
{0x7E40,0x0240,0x7E40,0x0240,0x0240,0xFF40,0x0840,0x4840,0x4000,0x4000,0x7FC0},{0x7E40,0x0240,0x7E40,0x0240,0xFF40,0x1040,0x1000,0x47C0,0x4100,0x4280,0x7C40},{0x7E40,0x0240,0x7E40,0x0240,0xFF40,0x1040,0x1100,0x47C0,0x4380,0x4440,0x7B80},{0x7E40,0x0240,0x7E40,0x0240,0xFF40,0x0840,0x0800,0x7FC0,0x4000,0x4000,0x7FC0},
{0x7E40,0x0240,0x7E40,0x0240,0xFF40,0x0800,0x7FC0,0x0040,0x7FC0,0x4000,0x7FC0},{0x7E40,0x0240,0x7E40,0x0240,0xFF40,0x1000,0x7BC0,0x0840,0x7840,0x4040,0x7840},{0x7E40,0x0240,0x7E40,0x0240,0xFF40,0x1000,0x7BC0,0x0A40,0x7A40,0x4240,0x7BC0},{0x7E40,0x0240,0x7E40,0x0240,0xFF40,0x1000,0x7A40,0x0A40,0x7BC0,0x4240,0x7BC0},
{0x7E40,0x0240,0x7E40,0x0240,0xFF40,0x1040,0x7900,0x0900,0x7900,0x4280,0x7C40},{0x7E40,0x0240,0x7E40,0x0240,0xFF40,0x1000,0x7BC0,0x0A00,0x7BC0,0x4200,0x7BC0},{0x7E40,0x0240,0x7E40,0x0240,0xFF40,0x1000,0x7FC0,0x0A80,0x7A80,0x4280,0x7FC0},{0x7E40,0x0240,0x7E40,0x0240,0xFF40,0x1040,0x7900,0x0FC0,0x7B80,0x4440,0x7B80},
{0x7E40,0x0240,0x7E40,0x0240,0xFF40,0x0840,0x0800,0x7FC0,0x4040,0x4040,0x7FC0},{0x7E40,0x0240,0x7E40,0x0240,0xFF40,0x0840,0x0800,0x4040,0x7FC0,0x4040,0x7FC0},{0x7E40,0x0240,0x7E40,0x0240,0xFF40,0x1040,0x1040,0x4900,0x7900,0x4A80,0x7C40},{0x7E40,0x0240,0x7E40,0x0240,0xFF40,0x1040,0x1040,0x1440,0x0400,0x1B00,0x60C0},
{0x7E40,0x0240,0x7E40,0x0240,0xFF40,0x0840,0x0840,0x1100,0x1100,0x2A80,0x4440},{0x7E40,0x0240,0x7E40,0x0240,0xFF40,0x0840,0x0800,0x3F80,0x4040,0x4040,0x3F80},{0x7E40,0x0240,0x7E40,0x0240,0xFF40,0x0840,0x0800,0x7FC0,0x0400,0x1B00,0x60C0},{0x7E40,0x0240,0x7E40,0x0240,0xFF40,0x1040,0x1400,0x7FC0,0x0400,0x1B00,0x60C0},
{0x7E40,0x0240,0x7E40,0x0240,0xFF40,0x0840,0x0800,0x7FC0,0x0040,0x7FC0,0x0040},{0x7E40,0x0240,0x7E40,0x0240,0xFF40,0x0840,0x7FC0,0x4000,0x7FC0,0x4000,0x7FC0},{0x7E40,0x0240,0x7E40,0x0240,0xFF40,0x0840,0x0800,0x7FC0,0x1100,0x1100,0x7FC0},{0x7E40,0x0240,0x7E40,0x0240,0xFF40,0x1040,0x1400,0x7FC0,0x1F00,0x2080,0x1F00},
{0x7FC0,0x0040,0x0040,0x7FC0,0x0040,0x0080,0xFFE0,0x1100,0x1100,0x1100,0x1100},{0x7FC0,0x0040,0x7FC0,0x0040,0x0040,0xFFE0,0x1100,0x7FC0,0x0040,0x0040,0x0040},{0x7FC0,0x0040,0x7FC0,0x0040,0x0040,0xFFE0,0x1100,0x7FC0,0x0440,0x0440,0x0440},{0x7FC0,0x0040,0x7FC0,0x0040,0x0040,0xFFE0,0x1100,0x7800,0x0900,0x0A80,0x0C40},
{0x7FC0,0x0040,0x7FC0,0x0040,0x0040,0xFFE0,0x1100,0x5100,0x4000,0x4000,0x7FC0},{0x7FC0,0x0040,0x7FC0,0x0040,0x0040,0xFFE0,0x1100,0x57C0,0x4100,0x4280,0x7C40},{0x7FC0,0x0040,0x7FC0,0x0040,0x0040,0xFFE0,0x1100,0x57C0,0x4380,0x4440,0x7B80},{0x7FC0,0x0040,0x7FC0,0x0040,0x0040,0xFFE0,0x1100,0x7FC0,0x4000,0x4000,0x7FC0},
{0x7FC0,0x0040,0x7FC0,0x0040,0xFFE0,0x1100,0x7FC0,0x0040,0x7FC0,0x4000,0x7FC0},{0x7FC0,0x0040,0x7FC0,0x0040,0xFFE0,0x1100,0x7BC0,0x0840,0x7840,0x4040,0x7840},{0x7FC0,0x0040,0x7FC0,0x0040,0xFFE0,0x1100,0x7BC0,0x0A40,0x7A40,0x4240,0x7BC0},{0x7FC0,0x0040,0x7FC0,0x0040,0xFFE0,0x1100,0x7A40,0x0A40,0x7BC0,0x4240,0x7BC0},
{0x7FC0,0x0040,0x7FC0,0x0040,0xFFE0,0x1100,0x7900,0x0800,0x7900,0x4280,0x7C40},{0x7FC0,0x0040,0x7FC0,0x0040,0xFFE0,0x1100,0x7BC0,0x0A00,0x7BC0,0x4200,0x7BC0},{0x7FC0,0x0040,0x7FC0,0x0040,0xFFE0,0x1100,0x7FC0,0x0A80,0x7A80,0x4280,0x7FC0},{0x7FC0,0x0040,0x7FC0,0x0040,0xFFE0,0x1100,0x7900,0x0FC0,0x7B80,0x4440,0x7B80},
{0x7FC0,0x0040,0x7FC0,0x0040,0x0040,0xFFE0,0x1100,0x7FC0,0x4040,0x4040,0x7FC0},{0x7FC0,0x0040,0x7FC0,0x0040,0x0040,0xFFE0,0x1100,0x4040,0x7FC0,0x4040,0x7FC0},{0x7FC0,0x0040,0x7FC0,0x0040,0x0040,0xFFE0,0x1100,0x4800,0x7900,0x4A80,0x7C40},{0x7FC0,0x0040,0x7FC0,0x0040,0x0040,0xFFE0,0x1100,0x1500,0x0400,0x1B00,0x60C0},
{0x7FC0,0x0040,0x7FC0,0x0040,0x0040,0xFFE0,0x1100,0x0000,0x1100,0x2A80,0x4440},{0x7FC0,0x0040,0x7FC0,0x0040,0x0040,0xFFE0,0x1100,0x3F80,0x4040,0x4040,0x3F80},{0x7FC0,0x0040,0x7FC0,0x0040,0x0040,0xFFE0,0x1100,0x7FC0,0x0400,0x1B00,0x60C0},{0x7FC0,0x0040,0x7FC0,0x0040,0x0040,0xFFE0,0x1100,0x0400,0x7FC0,0x1B00,0x60C0},
{0x7FC0,0x0040,0x7FC0,0x0040,0x0040,0xFFE0,0x1100,0x7FC0,0x0040,0x7FC0,0x0040},{0x7FC0,0x0040,0x7FC0,0x0040,0xFFE0,0x1100,0x7FC0,0x4000,0x7FC0,0x4000,0x7FC0},{0x7FC0,0x0040,0x7FC0,0x0040,0x0040,0xFFE0,0x1100,0x7FC0,0x1100,0x1100,0x7FC0},{0x7FC0,0x0040,0x7FC0,0x0040,0xFFE0,0x1100,0x0400,0x7FC0,0x1F00,0x2080,0x1F00},
{0x7FC0,0x0040,0x0040,0x0040,0x7FC0,0x0040,0x0040,0x0080,0x0000,0xFFE0,0x0000},{0x7FC0,0x0040,0x7FC0,0x0040,0x0040,0xFFE0,0x0000,0x7FC0,0x0040,0x0040,0x0040},{0x7FC0,0x0040,0x7FC0,0x0040,0x0040,0xFFE0,0x0000,0x7FC0,0x0440,0x0440,0x0440},{0x7FC0,0x0040,0x7FC0,0x0040,0x0040,0xFFE0,0x0000,0x7900,0x0900,0x0A80,0x0C40},
{0x7FC0,0x0040,0x7FC0,0x0040,0x0040,0xFFE0,0x0000,0x4000,0x4000,0x4000,0x7FC0},{0x7FC0,0x0040,0x7FC0,0x0040,0x0040,0xFFE0,0x0000,0x47C0,0x4100,0x4280,0x7C40},{0x7FC0,0x0040,0x7FC0,0x0040,0x0040,0xFFE0,0x0100,0x47C0,0x4380,0x4440,0x7B80},{0x7FC0,0x0040,0x7FC0,0x0040,0x0040,0xFFE0,0x0000,0x7FC0,0x4000,0x4000,0x7FC0},
{0x7FC0,0x0040,0x7FC0,0x0040,0xFFE0,0x0000,0x7FC0,0x0040,0x7FC0,0x4000,0x7FC0},{0x7FC0,0x0040,0x7FC0,0x0040,0xFFE0,0x0000,0x7BC0,0x0840,0x7840,0x4040,0x7840},{0x7FC0,0x0040,0x7FC0,0x0040,0xFFE0,0x0000,0x7BC0,0x0A40,0x7A40,0x4240,0x7BC0},{0x7FC0,0x0040,0x7FC0,0x0040,0xFFE0,0x0000,0x7A40,0x0A40,0x7BC0,0x4240,0x7BC0},
{0x7FC0,0x0040,0x7FC0,0x0040,0xFFE0,0x0000,0x7900,0x0900,0x7900,0x4280,0x7C40},{0x7FC0,0x0040,0x7FC0,0x0040,0xFFE0,0x0000,0x7BC0,0x0A00,0x7BC0,0x4200,0x7BC0},{0x7FC0,0x0040,0x7FC0,0x0040,0xFFE0,0x0000,0x7FC0,0x0A80,0x7A80,0x4280,0x7FC0},{0x7FC0,0x0040,0x7FC0,0x0040,0xFFE0,0x0000,0x7900,0x0FC0,0x7B80,0x4440,0x7B80},
{0x7FC0,0x0040,0x7FC0,0x0040,0x0040,0xFFE0,0x0000,0x7FC0,0x4040,0x4040,0x7FC0},{0x7FC0,0x0040,0x7FC0,0x0040,0x0040,0xFFE0,0x0000,0x4040,0x7FC0,0x4040,0x7FC0},{0x7FC0,0x0040,0x7FC0,0x0040,0x0040,0xFFE0,0x0000,0x4900,0x7900,0x4A80,0x7C40},{0x7FC0,0x0040,0x7FC0,0x0040,0x0040,0xFFE0,0x0000,0x0400,0x0400,0x1B00,0x60C0},
{0x7FC0,0x0040,0x7FC0,0x0040,0x0040,0xFFE0,0x0000,0x1100,0x1100,0x2A80,0x4440},{0x7FC0,0x0040,0x7FC0,0x0040,0x0040,0xFFE0,0x0000,0x3F80,0x4040,0x4040,0x3F80},{0x7FC0,0x0040,0x7FC0,0x0040,0x0040,0xFFE0,0x0000,0x7FC0,0x0400,0x1B00,0x60C0},{0x7FC0,0x0040,0x7FC0,0x0040,0x0040,0xFFE0,0x0000,0x0400,0x7FC0,0x1B00,0x60C0},
{0x7FC0,0x0040,0x7FC0,0x0040,0x0040,0xFFE0,0x0000,0x7FC0,0x0040,0x7FC0,0x0040},{0x7FC0,0x0040,0x7FC0,0x0040,0xFFE0,0x0000,0x7FC0,0x4000,0x7FC0,0x4000,0x7FC0},{0x7FC0,0x0040,0x7FC0,0x0040,0x0040,0xFFE0,0x0000,0x7FC0,0x1100,0x1100,0x7FC0},{0x7FC0,0x0040,0x7FC0,0x0040,0x0040,0xFFE0,0x0400,0x7FC0,0x1F00,0x2080,0x1F00},
{0xFE40,0x0240,0x0240,0xFE40,0x0240,0x0240,0x0240,0x0040,0xFF40,0x0040,0x0040},{0x7E40,0x0240,0x7E40,0x0240,0x0240,0xFF40,0x0000,0x7FC0,0x0040,0x0040,0x0040},{0x7E40,0x0240,0x7E40,0x0240,0x0240,0xFF40,0x0000,0x7FC0,0x0440,0x0440,0x0440},{0x7E40,0x0240,0x7E40,0x0240,0x0240,0xFF40,0x0040,0x7900,0x0900,0x0A80,0x0C40},
{0x7E40,0x0240,0x7E40,0x0240,0x0240,0xFF40,0x0040,0x4040,0x4000,0x4000,0x7FC0},{0x7E40,0x0240,0x7E40,0x0240,0x0240,0xFF40,0x0000,0x47C0,0x4100,0x4280,0x7C40},{0x7E40,0x0240,0x7E40,0x0240,0x0240,0xFF40,0x0100,0x47C0,0x4380,0x4440,0x7B80},{0x7E40,0x0240,0x7E40,0x0240,0x0240,0xFF40,0x0000,0x7FC0,0x4000,0x4000,0x7FC0},
{0x7E40,0x0240,0x7E40,0x0240,0xFF40,0x0000,0x7FC0,0x0040,0x7FC0,0x4000,0x7FC0},{0x7E40,0x0240,0x7E40,0x0240,0xFF40,0x0000,0x7BC0,0x0840,0x7840,0x4040,0x7840},{0x7E40,0x0240,0x7E40,0x0240,0xFF40,0x0000,0x7BC0,0x0A40,0x7A40,0x4240,0x7BC0},{0x7E40,0x0240,0x7E40,0x0240,0xFF40,0x0000,0x7A40,0x0A40,0x7BC0,0x4240,0x7BC0},
{0x7E40,0x0240,0x7E40,0x0240,0xFF40,0x0040,0x7900,0x0900,0x7900,0x4280,0x7C40},{0x7E40,0x0240,0x7E40,0x0240,0xFF40,0x0000,0x7BC0,0x0A00,0x7BC0,0x4200,0x7BC0},{0x7E40,0x0240,0x7E40,0x0240,0xFF40,0x0000,0x7FC0,0x0A80,0x7A80,0x4280,0x7FC0},{0x7E40,0x0240,0x7E40,0x0240,0xFF40,0x0040,0x7900,0x0FC0,0x7B80,0x4440,0x7B80},
{0x7E40,0x0240,0x7E40,0x0240,0x0240,0xFF40,0x0000,0x7FC0,0x4040,0x4040,0x7FC0},{0x7E40,0x0240,0x7E40,0x0240,0x0240,0xFF40,0x0000,0x4040,0x7FC0,0x4040,0x7FC0},{0x7E40,0x0240,0x7E40,0x0240,0x0240,0xFF40,0x0040,0x4900,0x7900,0x4A80,0x7C40},{0x7E40,0x0240,0x7E40,0x0240,0x0240,0xFF40,0x0040,0x0440,0x0400,0x1B00,0x60C0},
{0x7E40,0x0240,0x7E40,0x0240,0x0240,0xFF40,0x0040,0x1100,0x1100,0x2A80,0x4440},{0x7E40,0x0240,0x7E40,0x0240,0x0240,0xFF40,0x0000,0x3F80,0x4040,0x4040,0x3F80},{0x7E40,0x0240,0x7E40,0x0240,0x0240,0xFF40,0x0000,0x7FC0,0x0400,0x1B00,0x60C0},{0x7E40,0x0240,0x7E40,0x0240,0x0240,0xFF40,0x0040,0x0400,0x7FC0,0x1B00,0x60C0},
{0x7E40,0x0240,0x7E40,0x0240,0x0240,0xFF40,0x0000,0x7FC0,0x0040,0x7FC0,0x0040},{0x7E40,0x0240,0x7E40,0x0240,0xFF40,0x0000,0x7FC0,0x4000,0x7FC0,0x4000,0x7FC0},{0x7E40,0x0240,0x7E40,0x0240,0x0240,0xFF40,0x0000,0x7FC0,0x1100,0x1100,0x7FC0},{0x7E40,0x0240,0x7E40,0x0240,0x0240,0xFF40,0x0400,0x7FC0,0x1F00,0x2080,0x1F00},
{0xFC40,0x0440,0x0440,0x0440,0xFC40,0x0840,0x0840,0x1040,0x2040,0xC040,0x0040},{0xFC40,0x0440,0xFC40,0x0840,0x1040,0xE040,0x0000,0x7FC0,0x0040,0x0040,0x0040},{0xFC40,0x0440,0xFC40,0x0840,0x1040,0xE040,0x0000,0x7FC0,0x0440,0x0440,0x0440},{0xFC40,0x0440,0xFC40,0x0840,0x1040,0xE040,0x0040,0x7900,0x0900,0x0A80,0x0C40},
{0xFC40,0x0440,0xFC40,0x0840,0x1040,0xE040,0x0040,0x4040,0x4000,0x4000,0x7FC0},{0xFC40,0x0440,0xFC40,0x0840,0x1040,0xE040,0x0000,0x47C0,0x4100,0x4280,0x7C40},{0xFC40,0x0440,0xFC40,0x0840,0x1040,0xE040,0x0100,0x47C0,0x4380,0x4440,0x7B80},{0xFC40,0x0440,0xFC40,0x0840,0x1040,0xE040,0x0000,0x7FC0,0x4000,0x4000,0x7FC0},
{0xFC40,0x0440,0xFC40,0x0840,0x1040,0xE040,0x7FC0,0x0040,0x7FC0,0x4000,0x7FC0},{0xFC40,0x0440,0xFC40,0x0840,0x1040,0xE040,0x7BC0,0x0840,0x7840,0x4040,0x7840},{0xFC40,0x0440,0xFC40,0x0840,0x1040,0xE040,0x7BC0,0x0A40,0x7A40,0x4240,0x7BC0},{0xFC40,0x0440,0xFC40,0x0840,0x1040,0xE040,0x7A40,0x0A40,0x7BC0,0x4240,0x7BC0},
{0xFC40,0x0440,0xFC40,0x0840,0x1040,0xE040,0x7900,0x0900,0x7900,0x4280,0x7C40},{0xFC40,0x0440,0xFC40,0x0840,0x1040,0xE040,0x7BC0,0x0A00,0x7BC0,0x4200,0x7BC0},{0xFC40,0x0440,0xFC40,0x0840,0x1040,0xE040,0x7FC0,0x0A80,0x7A80,0x4280,0x7FC0},{0xFC40,0x0440,0xFC40,0x0840,0x1040,0xE040,0x7900,0x0FC0,0x7B80,0x4440,0x7B80},
{0xFC40,0x0440,0xFC40,0x0840,0x1040,0xE040,0x0000,0x7FC0,0x4040,0x4040,0x7FC0},{0xFC40,0x0440,0xFC40,0x0840,0x1040,0xE040,0x0000,0x4040,0x7FC0,0x4040,0x7FC0},{0xFC40,0x0440,0xFC40,0x0840,0x1040,0xE040,0x0040,0x4900,0x7900,0x4A80,0x7C40},{0xFC40,0x0440,0xFC40,0x0840,0x1040,0xE040,0x0040,0x0440,0x0400,0x1B00,0x60C0},
{0xFC40,0x0440,0xFC40,0x0840,0x1040,0xE040,0x0040,0x1100,0x1100,0x2A80,0x4440},{0xFC40,0x0440,0xFC40,0x0840,0x1040,0xE040,0x0000,0x3F80,0x4040,0x4040,0x3F80},{0xFC40,0x0440,0xFC40,0x0840,0x1040,0xE040,0x0000,0x7FC0,0x0400,0x1B00,0x60C0},{0xFC40,0x0440,0xFC40,0x0840,0x1040,0xE040,0x0400,0x7FC0,0x0400,0x1B00,0x60C0},
{0xFC40,0x0440,0xFC40,0x0840,0x1040,0xE040,0x0000,0x7FC0,0x0040,0x7FC0,0x0040},{0xFC40,0x0440,0xFC40,0x0840,0x1040,0xE040,0x7FC0,0x4000,0x7FC0,0x4000,0x7FC0},{0xFC40,0x0440,0xFC40,0x0840,0x1040,0xE040,0x0000,0x7FC0,0x1100,0x1100,0x7FC0},{0xFC40,0x0440,0xFC40,0x0840,0x1040,0xE040,0x0400,0x7FC0,0x1F00,0x2080,0x1F00},
{0xFE40,0x8040,0x8040,0x8040,0xFE40,0x8060,0x8040,0x8040,0x8040,0xFE40,0x0040},{0xFC40,0x8040,0xFC60,0x8040,0x8040,0xFC40,0x0000,0x7FC0,0x0040,0x0040,0x0040},{0xFC40,0x8040,0xFC60,0x8040,0x8040,0xFC40,0x0000,0x7FC0,0x0440,0x0440,0x0440},{0xFC40,0x8040,0xFC60,0x8040,0x8040,0xFC40,0x0040,0x7900,0x0900,0x0A80,0x0C40},
{0xFC40,0x8040,0xFC40,0x8060,0x8040,0xFC40,0x0040,0x4040,0x4000,0x4000,0x7FC0},{0xFC40,0x8040,0xFC60,0x8040,0x8040,0xFC40,0x0000,0x47C0,0x4100,0x4280,0x7C40},{0xFC40,0x8040,0xFC60,0x8040,0x8040,0xFC40,0x0100,0x47C0,0x4380,0x4440,0x7B80},{0xFC40,0x8040,0xFC60,0x8040,0x8040,0xFC40,0x0000,0x7FC0,0x4000,0x4000,0x7FC0},
{0xFC40,0x8040,0xFC60,0x8040,0xFC40,0x0000,0x7FC0,0x0040,0x7FC0,0x4000,0x7FC0},{0xFC40,0x8040,0xFC60,0x8040,0xFC40,0x0000,0x7BC0,0x0840,0x7840,0x4040,0x7840},{0xFC40,0x8040,0xFC60,0x8040,0xFC40,0x0000,0x7BC0,0x0A40,0x7A40,0x4240,0x7BC0},{0xFC40,0x8040,0xFC60,0x8040,0xFC40,0x0000,0x7A40,0x0A40,0x7BC0,0x4240,0x7BC0},
{0xFC40,0x8040,0xFC60,0x8040,0xFC40,0x0040,0x7900,0x0900,0x7900,0x4280,0x7C40},{0xFC40,0x8040,0xFC60,0x8040,0xFC40,0x0000,0x7BC0,0x0A00,0x7BC0,0x4200,0x7BC0},{0xFC40,0x8040,0xFC60,0x8040,0xFC40,0x0000,0x7FC0,0x0A80,0x7A80,0x4280,0x7FC0},{0xFC40,0x8040,0xFC60,0x8040,0xFC40,0x0040,0x7900,0x0FC0,0x7B80,0x4440,0x7B80},
{0xFC40,0x8040,0xFC60,0x8040,0x8040,0xFC40,0x0000,0x7FC0,0x4040,0x4040,0x7FC0},{0xFC40,0x8040,0xFC60,0x8040,0x8040,0xFC40,0x0000,0x4040,0x7FC0,0x4040,0x7FC0},{0xFC40,0x8040,0xFC60,0x8040,0x8040,0xFC40,0x0040,0x4900,0x7900,0x4A80,0x7C40},{0xFC40,0x8040,0xFC40,0x8060,0x8040,0xFC40,0x0040,0x0440,0x0400,0x1B00,0x60C0},
{0xFC40,0x8040,0xFC60,0x8040,0x8040,0xFC40,0x0040,0x1100,0x1100,0x2A80,0x4440},{0xFC40,0x8040,0xFC60,0x8040,0x8040,0xFC40,0x0000,0x3F80,0x4040,0x4040,0x3F80},{0xFC40,0x8040,0xFC60,0x8040,0x8040,0xFC40,0x0000,0x7FC0,0x0400,0x1B00,0x60C0},{0xFC40,0x8040,0xFC60,0x8040,0x8040,0xFC40,0x0040,0x0400,0x7FC0,0x1B00,0x60C0},
{0xFC40,0x8040,0xFC60,0x8040,0x8040,0xFC40,0x0000,0x7FC0,0x0040,0x7FC0,0x0040},{0xFC40,0x8040,0xFC60,0x8040,0xFC40,0x0000,0x7FC0,0x4000,0x7FC0,0x4000,0x7FC0},{0xFC40,0x8040,0xFC60,0x8040,0x8040,0xFC40,0x0000,0x7FC0,0x1100,0x1100,0x7FC0},{0xFC40,0x8040,0xFC60,0x8040,0x8040,0xFC40,0x0400,0x7FC0,0x1F00,0x2080,0x1F00},
{0xFD40,0x8140,0x8140,0x8140,0xFD40,0x81C0,0x8140,0x8140,0x8140,0xFD40,0x0140},{0xF940,0x8140,0xF9C0,0x8140,0x8140,0xF940,0x0000,0x7FC0,0x0040,0x0040,0x0040},{0xF940,0x8140,0xF9C0,0x8140,0x8140,0xF940,0x0000,0x7FC0,0x0440,0x0440,0x0440},{0xF940,0x8140,0xF9C0,0x8140,0x8140,0xF940,0x0000,0x7900,0x0900,0x0A80,0x0C40},
{0xF940,0x8140,0xF940,0x81C0,0x8140,0xF940,0x0140,0x4140,0x4000,0x4000,0x7FC0},{0xF940,0x8140,0xF9C0,0x8140,0x8140,0xF940,0x0000,0x47C0,0x4100,0x4280,0x7C40},{0xF940,0x8140,0xF9C0,0x8140,0x8140,0xF940,0x0100,0x47C0,0x4380,0x4440,0x7B80},{0xF940,0x8140,0xF9C0,0x8140,0x8140,0xF940,0x0000,0x7FC0,0x4000,0x4000,0x7FC0},
{0xF940,0x8140,0xF9C0,0x8140,0xF940,0x0000,0x7FC0,0x0040,0x7FC0,0x4000,0x7FC0},{0xF940,0x8140,0xF9C0,0x8140,0xF940,0x0000,0x7BC0,0x0840,0x7840,0x4040,0x7840},{0xF940,0x8140,0xF9C0,0x8140,0xF940,0x0000,0x7BC0,0x0A40,0x7A40,0x4240,0x7BC0},{0xF940,0x8140,0xF9C0,0x8140,0xF940,0x0000,0x7A40,0x0A40,0x7BC0,0x4240,0x7BC0},
{0xF940,0x8140,0xF9C0,0x8140,0xF940,0x0000,0x7900,0x0900,0x7900,0x4280,0x7C40},{0xF940,0x8140,0xF9C0,0x8140,0xF940,0x0000,0x7BC0,0x0A00,0x7BC0,0x4200,0x7BC0},{0xF940,0x8140,0xF9C0,0x8140,0xF940,0x0000,0x7FC0,0x0A80,0x7A80,0x4280,0x7FC0},{0xF940,0x8140,0xF9C0,0x8140,0xF940,0x0000,0x7900,0x0FC0,0x7B80,0x4440,0x7B80},
{0xF940,0x8140,0xF9C0,0x8140,0x8140,0xF940,0x0000,0x7FC0,0x4040,0x4040,0x7FC0},{0xF940,0x8140,0xF9C0,0x8140,0x8140,0xF940,0x0000,0x4040,0x7FC0,0x4040,0x7FC0},{0xF940,0x8140,0xF9C0,0x8140,0x8140,0xF940,0x0000,0x4900,0x7900,0x4A80,0x7C40},{0xF940,0x8140,0xF940,0x81C0,0x8140,0xF940,0x0140,0x0540,0x0400,0x1B00,0x60C0},
{0xF940,0x8140,0xF9C0,0x8140,0x8140,0xF940,0x0000,0x1100,0x1100,0x2A80,0x4440},{0xF940,0x8140,0xF9C0,0x8140,0x8140,0xF940,0x0000,0x3F80,0x4040,0x4040,0x3F80},{0xF940,0x8140,0xF9C0,0x8140,0x8140,0xF940,0x0000,0x7FC0,0x0400,0x1B00,0x60C0},{0xF940,0x8140,0xF9C0,0x8140,0x8140,0xF940,0x0140,0x0400,0x7FC0,0x1B00,0x60C0},
{0xF940,0x8140,0xF9C0,0x8140,0x8140,0xF940,0x0000,0x7FC0,0x0040,0x7FC0,0x0040},{0xF940,0x8140,0xF9C0,0x8140,0xF940,0x0000,0x7FC0,0x4000,0x7FC0,0x4000,0x7FC0},{0xF940,0x8140,0xF9C0,0x8140,0x8140,0xF940,0x0000,0x7FC0,0x1100,0x1100,0x7FC0},{0xF940,0x8140,0xF9C0,0x8140,0x8140,0xF940,0x0400,0x7FC0,0x1F00,0x2080,0x1F00},
{0xFE40,0x8040,0x8040,0x8060,0xFE40,0x8040,0x8040,0x8060,0x8040,0xFE40,0x0040},{0xFC40,0x8060,0xFC40,0x8060,0x8040,0xFC40,0x0000,0x7FC0,0x0040,0x0040,0x0040},{0xFC40,0x8060,0xFC40,0x8060,0x8040,0xFC40,0x0000,0x7FC0,0x0440,0x0440,0x0440},{0xFC40,0x8060,0xFC40,0x8060,0x8040,0xFC40,0x0040,0x7900,0x0900,0x0A80,0x0C40},
{0xFC40,0x8040,0xFC60,0x8040,0x8060,0xFC40,0x0040,0x4040,0x4000,0x4000,0x7FC0},{0xFC40,0x8060,0xFC40,0x8060,0x8040,0xFC40,0x0000,0x47C0,0x4100,0x4280,0x7C40},{0xFC40,0x8060,0xFC40,0x8060,0x8040,0xFC40,0x0100,0x47C0,0x4380,0x4440,0x7B80},{0xFC40,0x8060,0xFC40,0x8060,0x8040,0xFC40,0x0000,0x7FC0,0x4000,0x4000,0x7FC0},
{0xFC40,0x8060,0xFC40,0x8060,0xFC40,0x0000,0x7FC0,0x0040,0x7FC0,0x4000,0x7FC0},{0xFC40,0x8060,0xFC40,0x8060,0xFC40,0x0000,0x7BC0,0x0840,0x7840,0x4040,0x7840},{0xFC40,0x8060,0xFC40,0x8060,0xFC40,0x0000,0x7BC0,0x0A40,0x7A40,0x4240,0x7BC0},{0xFC40,0x8060,0xFC40,0x8060,0xFC40,0x0000,0x7A40,0x0A40,0x7BC0,0x4240,0x7BC0},
{0xFC40,0x8060,0xFC40,0x8060,0xFC40,0x0040,0x7900,0x0900,0x7900,0x4280,0x7C40},{0xFC40,0x8060,0xFC40,0x8060,0xFC40,0x0000,0x7BC0,0x0A00,0x7BC0,0x4200,0x7BC0},{0xFC40,0x8060,0xFC40,0x8060,0xFC40,0x0000,0x7FC0,0x0A80,0x7A80,0x4280,0x7FC0},{0xFC40,0x8060,0xFC40,0x8060,0xFC40,0x0040,0x7900,0x0FC0,0x7B80,0x4440,0x7B80},
{0xFC40,0x8060,0xFC40,0x8060,0x8040,0xFC40,0x0000,0x7FC0,0x4040,0x4040,0x7FC0},{0xFC40,0x8060,0xFC40,0x8060,0x8040,0xFC40,0x0000,0x4040,0x7FC0,0x4040,0x7FC0},{0xFC40,0x8060,0xFC40,0x8060,0x8040,0xFC40,0x0040,0x4900,0x7900,0x4A80,0x7C40},{0xFC40,0x8040,0xFC60,0x8040,0x8060,0xFC40,0x0040,0x0440,0x0400,0x1B00,0x60C0},
{0xFC40,0x8060,0xFC40,0x8060,0x8040,0xFC40,0x0040,0x1100,0x1100,0x2A80,0x4440},{0xFC40,0x8060,0xFC40,0x8060,0x8040,0xFC40,0x0000,0x3F80,0x4040,0x4040,0x3F80},{0xFC40,0x8060,0xFC40,0x8060,0x8040,0xFC40,0x0000,0x7FC0,0x0400,0x1B00,0x60C0},{0xFC40,0x8060,0xFC40,0x8060,0x8040,0xFC40,0x0040,0x0400,0x7FC0,0x1B00,0x60C0},
{0xFC40,0x8060,0xFC40,0x8060,0x8040,0xFC40,0x0000,0x7FC0,0x0040,0x7FC0,0x0040},{0xFC40,0x8060,0xFC40,0x8060,0xFC40,0x0000,0x7FC0,0x4000,0x7FC0,0x4000,0x7FC0},{0xFC40,0x8060,0xFC40,0x8060,0x8040,0xFC40,0x0000,0x7FC0,0x1100,0x1100,0x7FC0},{0xFC40,0x8060,0xFC40,0x8060,0x8040,0xFC40,0x0400,0x7FC0,0x1F00,0x2080,0x1F00},
{0xFD40,0x8140,0x8140,0x81C0,0xFD40,0x8140,0x8140,0x81C0,0x8140,0xFD40,0x0140},{0xF940,0x81C0,0xF940,0x81C0,0x8140,0xF940,0x0000,0x7FC0,0x0040,0x0040,0x0040},{0xF940,0x81C0,0xF940,0x81C0,0x8140,0xF940,0x0000,0x7FC0,0x0440,0x0440,0x0440},{0xF940,0x81C0,0xF940,0x81C0,0x8140,0xF940,0x0000,0x7900,0x0900,0x0A80,0x0C40},
{0xF940,0x8140,0xF9C0,0x8140,0x81C0,0xF940,0x0140,0x4140,0x4000,0x4000,0x7FC0},{0xF940,0x81C0,0xF940,0x81C0,0x8140,0xF940,0x0000,0x47C0,0x4100,0x4280,0x7C40},{0xF940,0x81C0,0xF940,0x81C0,0x8140,0xF940,0x0100,0x47C0,0x4380,0x4440,0x7B80},{0xF940,0x81C0,0xF940,0x81C0,0x8140,0xF940,0x0000,0x7FC0,0x4000,0x4000,0x7FC0},
{0xF940,0x81C0,0xF940,0x81C0,0xF940,0x0000,0x7FC0,0x0040,0x7FC0,0x4000,0x7FC0},{0xF940,0x81C0,0xF940,0x81C0,0xF940,0x0000,0x7BC0,0x0840,0x7840,0x4040,0x7840},{0xF940,0x81C0,0xF940,0x81C0,0xF940,0x0000,0x7BC0,0x0A40,0x7A40,0x4240,0x7BC0},{0xF940,0x81C0,0xF940,0x81C0,0xF940,0x0000,0x7A40,0x0A40,0x7BC0,0x4240,0x7BC0},
{0xF940,0x81C0,0xF940,0x81C0,0xF940,0x0000,0x7900,0x0900,0x7900,0x4280,0x7C40},{0xF940,0x81C0,0xF940,0x81C0,0xF940,0x0000,0x7BC0,0x0A00,0x7BC0,0x4200,0x7BC0},{0xF940,0x81C0,0xF940,0x81C0,0xF940,0x0000,0x7FC0,0x0A80,0x7A80,0x4280,0x7FC0},{0xF940,0x81C0,0xF940,0x81C0,0xF940,0x0000,0x7900,0x0FC0,0x7B80,0x4440,0x7B80},
{0xF940,0x81C0,0xF940,0x81C0,0x8140,0xF940,0x0000,0x7FC0,0x4040,0x4040,0x7FC0},{0xF940,0x81C0,0xF940,0x81C0,0x8140,0xF940,0x0000,0x4040,0x7FC0,0x4040,0x7FC0},{0xF940,0x81C0,0xF940,0x81C0,0x8140,0xF940,0x0000,0x4900,0x7900,0x4A80,0x7C40},{0xF940,0x8140,0xF9C0,0x8140,0x81C0,0xF940,0x0140,0x0540,0x0400,0x1B00,0x60C0},
{0xF940,0x81C0,0xF940,0x81C0,0x8140,0xF940,0x0000,0x1100,0x1100,0x2A80,0x4440},{0xF940,0x81C0,0xF940,0x81C0,0x8140,0xF940,0x0000,0x3F80,0x4040,0x4040,0x3F80},{0xF940,0x81C0,0xF940,0x81C0,0x8140,0xF940,0x0000,0x7FC0,0x0400,0x1B00,0x60C0},{0xF940,0x81C0,0xF940,0x81C0,0x8140,0xF940,0x0140,0x0400,0x7FC0,0x1B00,0x60C0},
{0xF940,0x81C0,0xF940,0x81C0,0x8140,0xF940,0x0000,0x7FC0,0x0040,0x7FC0,0x0040},{0xF940,0x81C0,0xF940,0x81C0,0xF940,0x0000,0x7FC0,0x4000,0x7FC0,0x4000,0x7FC0},{0xF940,0x81C0,0xF940,0x81C0,0x8140,0xF940,0x0000,0x7FC0,0x1100,0x1100,0x7FC0},{0xF940,0x81C0,0xF940,0x81C0,0x8140,0xF940,0x0400,0x7FC0,0x1F00,0x2080,0x1F00},
{0xFC40,0x8040,0x8040,0x8040,0xFDC0,0x8040,0x8040,0x8040,0x8040,0xFC40,0x0040},{0xFC40,0x8040,0xFDC0,0x8040,0x8040,0xFC40,0x0000,0x7FC0,0x0040,0x0040,0x0040},{0xFC40,0x8040,0xFDC0,0x8040,0x8040,0xFC40,0x0000,0x7FC0,0x0440,0x0440,0x0440},{0xFC40,0x8040,0xFDC0,0x8040,0x8040,0xFC40,0x0040,0x7900,0x0900,0x0A80,0x0C40},
{0xFC40,0x8040,0xFC40,0x81C0,0x8040,0xFC40,0x0040,0x4040,0x4000,0x4000,0x7FC0},{0xFC40,0x8040,0xFDC0,0x8040,0x8040,0xFC40,0x0000,0x47C0,0x4100,0x4280,0x7C40},{0xFC40,0x8040,0xFDC0,0x8040,0x8040,0xFC40,0x0100,0x47C0,0x4380,0x4440,0x7B80},{0xFC40,0x8040,0xFDC0,0x8040,0x8040,0xFC40,0x0000,0x7FC0,0x4000,0x4000,0x7FC0},
{0xFC40,0x8040,0xFDC0,0x8040,0xFC40,0x0000,0x7FC0,0x0040,0x7FC0,0x4000,0x7FC0},{0xFC40,0x8040,0xFDC0,0x8040,0xFC40,0x0000,0x7BC0,0x0840,0x7840,0x4040,0x7840},{0xFC40,0x8040,0xFDC0,0x8040,0xFC40,0x0000,0x7BC0,0x0A40,0x7A40,0x4240,0x7BC0},{0xFC40,0x8040,0xFDC0,0x8040,0xFC40,0x0000,0x7A40,0x0A40,0x7BC0,0x4240,0x7BC0},
{0xFC40,0x8040,0xFDC0,0x8040,0xFC40,0x0040,0x7900,0x0900,0x7900,0x4280,0x7C40},{0xFC40,0x8040,0xFDC0,0x8040,0xFC40,0x0000,0x7BC0,0x0A00,0x7BC0,0x4200,0x7BC0},{0xFC40,0x8040,0xFDC0,0x8040,0xFC40,0x0000,0x7FC0,0x0A80,0x7A80,0x4280,0x7FC0},{0xFC40,0x8040,0xFDC0,0x8040,0xFC40,0x0040,0x7900,0x0FC0,0x7B80,0x4440,0x7B80},
{0xFC40,0x8040,0xFDC0,0x8040,0x8040,0xFC40,0x0000,0x7FC0,0x4040,0x4040,0x7FC0},{0xFC40,0x8040,0xFDC0,0x8040,0x8040,0xFC40,0x0000,0x4040,0x7FC0,0x4040,0x7FC0},{0xFC40,0x8040,0xFDC0,0x8040,0x8040,0xFC40,0x0040,0x4900,0x7900,0x4A80,0x7C40},{0xFC40,0x8040,0xFC40,0x81C0,0x8040,0xFC40,0x0040,0x0440,0x0400,0x1B00,0x60C0},
{0xFC40,0x8040,0xFDC0,0x8040,0x8040,0xFC40,0x0040,0x1100,0x1100,0x2A80,0x4440},{0xFC40,0x8040,0xFDC0,0x8040,0x8040,0xFC40,0x0000,0x3F80,0x4040,0x4040,0x3F80},{0xFC40,0x8040,0xFDC0,0x8040,0x8040,0xFC40,0x0000,0x7FC0,0x0400,0x1B00,0x60C0},{0xFC40,0x8040,0xFDC0,0x8040,0x8040,0xFC40,0x0040,0x0400,0x7FC0,0x1B00,0x60C0},
{0xFC40,0x8040,0xFDC0,0x8040,0x8040,0xFC40,0x0000,0x7FC0,0x0040,0x7FC0,0x0040},{0xFC40,0x8040,0xFDC0,0x8040,0xFC40,0x0000,0x7FC0,0x4000,0x7FC0,0x4000,0x7FC0},{0xFC40,0x8040,0xFDC0,0x8040,0x8040,0xFC40,0x0000,0x7FC0,0x1100,0x1100,0x7FC0},{0xFC40,0x8040,0xFDC0,0x8040,0x8040,0xFC40,0x0400,0x7FC0,0x1F00,0x2080,0x1F00},
{0xF940,0x8140,0x8140,0x8140,0xF940,0x8740,0x8140,0x8140,0x8140,0xF940,0x0140},{0xF940,0x8140,0xF940,0x8740,0x8140,0xF940,0x0000,0x7FC0,0x0040,0x0040,0x0040},{0xF940,0x8140,0xF940,0x8740,0x8140,0xF940,0x0000,0x7FC0,0x0440,0x0440,0x0440},{0xF940,0x8140,0xF940,0x8740,0x8140,0xF940,0x0000,0x7900,0x0900,0x0A80,0x0C40},
{0xF940,0x8140,0xF940,0x8740,0x8140,0xF940,0x0140,0x4140,0x4000,0x4000,0x7FC0},{0xF940,0x8140,0xF940,0x8740,0x8140,0xF940,0x0000,0x47C0,0x4100,0x4280,0x7C40},{0xF940,0x8140,0xF940,0x8740,0x8140,0xF940,0x0100,0x47C0,0x4380,0x4440,0x7B80},{0xF940,0x8140,0xF940,0x8740,0x8140,0xF940,0x0000,0x7FC0,0x4000,0x4000,0x7FC0},
{0xF940,0x8140,0xF740,0x8140,0xF940,0x0000,0x7FC0,0x0040,0x7FC0,0x4000,0x7FC0},{0xF940,0x8140,0xF740,0x8140,0xF940,0x0000,0x7BC0,0x0840,0x7840,0x4040,0x7840},{0xF940,0x8140,0xF740,0x8140,0xF940,0x0000,0x7BC0,0x0A40,0x7A40,0x4240,0x7BC0},{0xF940,0x8140,0xF740,0x8140,0xF940,0x0000,0x7A40,0x0A40,0x7BC0,0x4240,0x7BC0},
{0xF940,0x8140,0xF740,0x8140,0xF940,0x0000,0x7900,0x0900,0x7900,0x4280,0x7C40},{0xF940,0x8140,0xF740,0x8140,0xF940,0x0000,0x7BC0,0x0A00,0x7BC0,0x4200,0x7BC0},{0xF940,0x8140,0xF740,0x8140,0xF940,0x0000,0x7FC0,0x0A80,0x7A80,0x4280,0x7FC0},{0xF940,0x8140,0xF740,0x8140,0xF940,0x0000,0x7900,0x0FC0,0x7B80,0x4440,0x7B80},
{0xF940,0x8140,0xF940,0x8740,0x8140,0xF940,0x0000,0x7FC0,0x4040,0x4040,0x7FC0},{0xF940,0x8140,0xF940,0x8740,0x8140,0xF940,0x0000,0x4040,0x7FC0,0x4040,0x7FC0},{0xF940,0x8140,0xF940,0x8740,0x8140,0xF940,0x0000,0x4900,0x7900,0x4A80,0x7C40},{0xF940,0x8140,0xF940,0x8740,0x8140,0xF940,0x0140,0x0540,0x0400,0x1B00,0x60C0},
{0xF940,0x8140,0xF940,0x8740,0x8140,0xF940,0x0000,0x1100,0x1100,0x2A80,0x4440},{0xF940,0x8140,0xF940,0x8740,0x8140,0xF940,0x0000,0x3F80,0x4040,0x4040,0x3F80},{0xF940,0x8140,0xF940,0x8740,0x8140,0xF940,0x0000,0x7FC0,0x0400,0x1B00,0x60C0},{0xF940,0x8140,0xF940,0x8740,0x8140,0xF940,0x0140,0x0400,0x7FC0,0x1B00,0x60C0},
{0xF940,0x8140,0xF940,0x8740,0x8140,0xF940,0x0000,0x7FC0,0x0040,0x7FC0,0x0040},{0xF940,0x8140,0xF740,0x8140,0xF940,0x0000,0x7FC0,0x4000,0x7FC0,0x4000,0x7FC0},{0xF940,0x8140,0xF940,0x8740,0x8140,0xF940,0x0000,0x7FC0,0x1100,0x1100,0x7FC0},{0xF940,0x8140,0xF940,0x8740,0x8140,0xF940,0x0400,0x7FC0,0x1F00,0x2080,0x1F00},
{0xFC40,0x8040,0x8040,0x81C0,0xFC40,0x8040,0x81C0,0x8040,0x8040,0xFC40,0x0040},{0xFC40,0x81C0,0xFC40,0x81C0,0x8040,0xFC40,0x0000,0x7FC0,0x0040,0x0040,0x0040},{0xFC40,0x81C0,0xFC40,0x81C0,0x8040,0xFC40,0x0000,0x7FC0,0x0440,0x0440,0x0440},{0xFC40,0x81C0,0xFC40,0x81C0,0x8040,0xFC40,0x0040,0x7900,0x0900,0x0A80,0x0C40},
{0xFC40,0x8040,0xFDC0,0x8040,0x81C0,0xFC40,0x0040,0x4040,0x4000,0x4000,0x7FC0},{0xFC40,0x81C0,0xFC40,0x81C0,0x8040,0xFC40,0x0000,0x47C0,0x4100,0x4280,0x7C40},{0xFC40,0x81C0,0xFC40,0x81C0,0x8040,0xFC40,0x0100,0x47C0,0x4380,0x4440,0x7B80},{0xFC40,0x81C0,0xFC40,0x81C0,0x8040,0xFC40,0x0000,0x7FC0,0x4000,0x4000,0x7FC0},
{0xFC40,0x81C0,0xFC40,0x81C0,0xFC40,0x0000,0x7FC0,0x0040,0x7FC0,0x4000,0x7FC0},{0xFC40,0x81C0,0xFC40,0x81C0,0xFC40,0x0000,0x7BC0,0x0840,0x7840,0x4040,0x7840},{0xFC40,0x81C0,0xFC40,0x81C0,0xFC40,0x0000,0x7BC0,0x0A40,0x7A40,0x4240,0x7BC0},{0xFC40,0x81C0,0xFC40,0x81C0,0xFC40,0x0000,0x7A40,0x0A40,0x7BC0,0x4240,0x7BC0},
{0xFC40,0x81C0,0xFC40,0x81C0,0xFC40,0x0040,0x7900,0x0900,0x7900,0x4280,0x7C40},{0xFC40,0x81C0,0xFC40,0x81C0,0xFC40,0x0000,0x7BC0,0x0A00,0x7BC0,0x4200,0x7BC0},{0xFC40,0x81C0,0xFC40,0x81C0,0xFC40,0x0000,0x7FC0,0x0A80,0x7A80,0x4280,0x7FC0},{0xFC40,0x81C0,0xFC40,0x81C0,0xFC40,0x0040,0x7900,0x0FC0,0x7B80,0x4440,0x7B80},
{0xFC40,0x81C0,0xFC40,0x81C0,0x8040,0xFC40,0x0000,0x7FC0,0x4040,0x4040,0x7FC0},{0xFC40,0x81C0,0xFC40,0x81C0,0x8040,0xFC40,0x0000,0x4040,0x7FC0,0x4040,0x7FC0},{0xFC40,0x81C0,0xFC40,0x81C0,0x8040,0xFC40,0x0040,0x4900,0x7900,0x4A80,0x7C40},{0xFC40,0x8040,0xFDC0,0x8040,0x81C0,0xFC40,0x0040,0x0440,0x0400,0x1B00,0x60C0},
{0xFC40,0x81C0,0xFC40,0x81C0,0x8040,0xFC40,0x0040,0x1100,0x1100,0x2A80,0x4440},{0xFC40,0x81C0,0xFC40,0x81C0,0x8040,0xFC40,0x0000,0x3F80,0x4040,0x4040,0x3F80},{0xFC40,0x81C0,0xFC40,0x81C0,0x8040,0xFC40,0x0000,0x7FC0,0x0400,0x1B00,0x60C0},{0xFC40,0x81C0,0xFC40,0x81C0,0x8040,0xFC40,0x0040,0x0400,0x7FC0,0x1B00,0x60C0},
{0xFC40,0x81C0,0xFC40,0x81C0,0x8040,0xFC40,0x0000,0x7FC0,0x0040,0x7FC0,0x0040},{0xFC40,0x81C0,0xFC40,0x81C0,0xFC40,0x0000,0x7FC0,0x4000,0x7FC0,0x4000,0x7FC0},{0xFC40,0x81C0,0xFC40,0x81C0,0x8040,0xFC40,0x0000,0x7FC0,0x1100,0x1100,0x7FC0},{0xFC40,0x81C0,0xFC40,0x81C0,0x8040,0xFC40,0x0400,0x7FC0,0x1F00,0x2080,0x1F00},
{0xF940,0x8140,0x8140,0x8740,0xF940,0x8140,0x8740,0x8140,0x8140,0xF940,0x0140},{0xF940,0x8740,0xF140,0x8740,0x8140,0xF940,0x0000,0x7FC0,0x0040,0x0040,0x0040},{0xF940,0x8740,0xF140,0x8740,0x8140,0xF940,0x0000,0x7FC0,0x0440,0x0440,0x0440},{0xF940,0x8740,0xF140,0x8740,0x8140,0xF940,0x0000,0x7900,0x0900,0x0A80,0x0C40},
{0xF940,0x8140,0xF740,0x8140,0x8740,0xF940,0x0140,0x4140,0x4000,0x4000,0x7FC0},{0xF940,0x8740,0xF140,0x8740,0x8140,0xF940,0x0000,0x47C0,0x4100,0x4280,0x7C40},{0xF940,0x8740,0xF140,0x8740,0x8140,0xF940,0x0100,0x47C0,0x4380,0x4440,0x7B80},{0xF940,0x8740,0xF140,0x8740,0x8140,0xF940,0x0000,0x7FC0,0x4000,0x4000,0x7FC0},
{0xF940,0x8740,0xF140,0x8740,0xF940,0x0000,0x7FC0,0x0040,0x7FC0,0x4000,0x7FC0},{0xF940,0x8740,0xF140,0x8740,0xF940,0x0000,0x7BC0,0x0840,0x7840,0x4040,0x7840},{0xF940,0x8740,0xF140,0x8740,0xF940,0x0000,0x7BC0,0x0A40,0x7A40,0x4240,0x7BC0},{0xF940,0x8740,0xF140,0x8740,0xF940,0x0000,0x7A40,0x0A40,0x7BC0,0x4240,0x7BC0},
{0xF940,0x8740,0xF140,0x8740,0xF940,0x0000,0x7900,0x0900,0x7900,0x4280,0x7C40},{0xF940,0x8740,0xF140,0x8740,0xF940,0x0000,0x7BC0,0x0A00,0x7BC0,0x4200,0x7BC0},{0xF940,0x8740,0xF140,0x8740,0xF940,0x0000,0x7FC0,0x0A80,0x7A80,0x4280,0x7FC0},{0xF940,0x8740,0xF140,0x8740,0xF940,0x0000,0x7900,0x0FC0,0x7B80,0x4440,0x7B80},
{0xF940,0x8740,0xF140,0x8740,0x8140,0xF940,0x0000,0x7FC0,0x4040,0x4040,0x7FC0},{0xF940,0x8740,0xF140,0x8740,0x8140,0xF940,0x0000,0x4040,0x7FC0,0x4040,0x7FC0},{0xF940,0x8740,0xF140,0x8740,0x8140,0xF940,0x0000,0x4900,0x7900,0x4A80,0x7C40},{0xF940,0x8140,0xF740,0x8140,0x8740,0xF940,0x0140,0x0540,0x0400,0x1B00,0x60C0},
{0xF940,0x8740,0xF140,0x8740,0x8140,0xF940,0x0000,0x1100,0x1100,0x2A80,0x4440},{0xF940,0x8740,0xF140,0x8740,0x8140,0xF940,0x0000,0x3F80,0x4040,0x4040,0x3F80},{0xF940,0x8740,0xF140,0x8740,0x8140,0xF940,0x0000,0x7FC0,0x0400,0x1B00,0x60C0},{0xF940,0x8740,0xF140,0x8740,0x8140,0xF940,0x0140,0x0400,0x7FC0,0x1B00,0x60C0},
{0xF940,0x8740,0xF140,0x8740,0x8140,0xF940,0x0000,0x7FC0,0x0040,0x7FC0,0x0040},{0xF940,0x8740,0xF140,0x8740,0xF940,0x0000,0x7FC0,0x4000,0x7FC0,0x4000,0x7FC0},{0xF940,0x8740,0xF140,0x8740,0x8140,0xF940,0x0000,0x7FC0,0x1100,0x1100,0x7FC0},{0xF940,0x8740,0xF140,0x8740,0x8140,0xF940,0x0400,0x7FC0,0x1F00,0x2080,0x1F00},
{0x7FC0,0x4000,0x4000,0x7FC0,0x4000,0x4000,0x7FC0,0x0400,0x0400,0xFFE0,0x0000},{0x7FC0,0x4000,0x7FC0,0x4000,0x7FC0,0x0400,0xFFE0,0x0000,0x7FC0,0x0040,0x0040},{0x7FC0,0x4000,0x7FC0,0x4000,0x7FC0,0x0400,0xFFE0,0x0000,0x7FC0,0x0440,0x0440},{0x7FC0,0x4000,0x7FC0,0x4000,0x7FC0,0x0400,0xFFE0,0x0000,0x7900,0x0A80,0x0C40},
{0x7FC0,0x4000,0x7FC0,0x4000,0x7FC0,0x0400,0xFFE0,0x0000,0x4000,0x4000,0x7FC0},{0x7FC0,0x4000,0x7FC0,0x4000,0x7FC0,0x0400,0xFFE0,0x0000,0x47C0,0x4280,0x7C40},{0x7FC0,0x4000,0x7FC0,0x4000,0x7FC0,0x0400,0xFFE0,0x0100,0x4FC0,0x4440,0x7B80},{0x7FC0,0x4000,0x7FC0,0x4000,0x7FC0,0x0400,0xFFE0,0x0000,0x7FC0,0x4000,0x7FC0},
{0x7FC0,0x4000,0x7FC0,0x4000,0x7FC0,0x0400,0xFFE0,0x0040,0x7FC0,0x4000,0x7FC0},{0x7FC0,0x4000,0x7FC0,0x4000,0x7FC0,0x0400,0xFFE0,0x0BC0,0x7840,0x4040,0x7840},{0x7FC0,0x4000,0x7FC0,0x4000,0x7FC0,0x0400,0xFFE0,0x0BC0,0x7A40,0x4240,0x7BC0},{0x7FC0,0x4000,0x7FC0,0x4000,0x7FC0,0x0400,0xFFE0,0x0A40,0x7BC0,0x4240,0x7BC0},
{0x7FC0,0x4000,0x7FC0,0x4000,0x7FC0,0x0400,0xFFE0,0x0900,0x7900,0x4280,0x7C40},{0x7FC0,0x4000,0x7FC0,0x4000,0x7FC0,0x0400,0xFFE0,0x0A00,0x7BC0,0x4200,0x7BC0},{0x7FC0,0x4000,0x7FC0,0x4000,0x7FC0,0x0400,0xFFE0,0x0FC0,0x7A80,0x4280,0x7FC0},{0x7FC0,0x4000,0x7FC0,0x4000,0x7FC0,0x0400,0xFFE0,0x0900,0x7FC0,0x4440,0x7B80},
{0x7FC0,0x4000,0x7FC0,0x4000,0x7FC0,0x0400,0xFFE0,0x0000,0x7FC0,0x4040,0x7FC0},{0x7FC0,0x4000,0x7FC0,0x4000,0x7FC0,0x0400,0xFFE0,0x4040,0x7FC0,0x4040,0x7FC0},{0x7FC0,0x4000,0x7FC0,0x4000,0x7FC0,0x0400,0xFFE0,0x4800,0x7900,0x4A80,0x7C40},{0x7FC0,0x4000,0x7FC0,0x4000,0x7FC0,0x0400,0xFFE0,0x0000,0x0400,0x1B00,0x60C0},
{0x7FC0,0x4000,0x7FC0,0x4000,0x7FC0,0x0400,0xFFE0,0x0000,0x1100,0x2A80,0x4440},{0x7FC0,0x4000,0x7FC0,0x4000,0x7FC0,0x0400,0xFFE0,0x0000,0x3F80,0x4040,0x3F80},{0x7FC0,0x4000,0x7FC0,0x4000,0x7FC0,0x0400,0xFFE0,0x0000,0x7FC0,0x1B00,0x60C0},{0x7FC0,0x4000,0x7FC0,0x4000,0x7FC0,0x0400,0xFFE0,0x0400,0x7FC0,0x1B00,0x60C0},
{0x7FC0,0x4000,0x7FC0,0x4000,0x7FC0,0x0400,0xFFE0,0x7FC0,0x0040,0x7FC0,0x0040},{0x7FC0,0x4000,0x7FC0,0x4000,0x7FC0,0x0400,0xFFE0,0x4000,0x7FC0,0x4000,0x7FC0},{0x7FC0,0x4000,0x7FC0,0x4000,0x7FC0,0x0400,0xFFE0,0x0000,0x7FC0,0x1100,0x7FC0},{0x7FC0,0x4000,0x7FC0,0x4000,0x7FC0,0x0400,0xFFE0,0x0400,0x7FC0,0x2080,0x1F00},
{0xFE40,0x8040,0x8040,0xFE40,0x8040,0x8060,0xFE40,0x1040,0x1040,0xFF40,0x0040},{0x7E40,0x4040,0x7E40,0x4060,0x7E40,0x0840,0xFF40,0x0000,0x7FC0,0x0040,0x0040},{0x7E40,0x4040,0x7E40,0x4060,0x7E40,0x0840,0xFF40,0x0000,0x7FC0,0x0440,0x0440},{0x7E40,0x4040,0x7E40,0x4060,0x7E40,0x0840,0xFF40,0x0040,0x7900,0x0A80,0x0C40},
{0x7E40,0x4040,0x7E40,0x4060,0x7E40,0x0840,0xFF40,0x0040,0x4000,0x4000,0x7FC0},{0x7E40,0x4040,0x7E40,0x4060,0x7E40,0x0840,0xFF40,0x0000,0x47C0,0x4280,0x7C40},{0x7E40,0x4040,0x7E40,0x4060,0x7E40,0x0840,0xFF40,0x0100,0x4FC0,0x4440,0x7B80},{0x7E40,0x4040,0x7E40,0x4060,0x7E40,0x0840,0xFF40,0x0000,0x7FC0,0x4000,0x7FC0},
{0x7E40,0x4040,0x7E40,0x4060,0x7E40,0x0840,0xFFC0,0x0040,0x7FC0,0x4000,0x7FC0},{0x7E40,0x4040,0x7E40,0x4060,0x7E40,0x0840,0xFFC0,0x0840,0x7840,0x4040,0x7840},{0x7E40,0x4040,0x7E40,0x4060,0x7E40,0x0840,0xFFC0,0x0A40,0x7A40,0x4240,0x7BC0},{0x7E40,0x4040,0x7E40,0x4060,0x7E40,0x0840,0xFF40,0x0A40,0x7BC0,0x4240,0x7BC0},
{0x7E40,0x4040,0x7E40,0x4060,0x7E40,0x0840,0xFF40,0x0900,0x7900,0x4280,0x7C40},{0x7E40,0x4040,0x7E40,0x4060,0x7E40,0x0840,0xFFC0,0x0A00,0x7BC0,0x4200,0x7BC0},{0x7E40,0x4040,0x7E40,0x4060,0x7E40,0x0840,0xFFC0,0x0A80,0x7A80,0x4280,0x7FC0},{0x7E40,0x4040,0x7E40,0x4060,0x7E40,0x0840,0xFF40,0x0900,0x7FC0,0x4440,0x7B80},
{0x7E40,0x4040,0x7E40,0x4060,0x7E40,0x0840,0xFF40,0x0000,0x7FC0,0x4040,0x7FC0},{0x7E40,0x4040,0x7E40,0x4060,0x7E40,0x0840,0xFF40,0x4040,0x7FC0,0x4040,0x7FC0},{0x7E40,0x4040,0x7E40,0x4060,0x7E40,0x0840,0xFF40,0x4840,0x7900,0x4A80,0x7C40},{0x7E40,0x4040,0x7E40,0x4060,0x7E40,0x0840,0xFF40,0x0040,0x0400,0x1B00,0x60C0},
{0x7E40,0x4040,0x7E40,0x4060,0x7E40,0x0840,0xFF40,0x0040,0x1100,0x2A80,0x4440},{0x7E40,0x4040,0x7E40,0x4060,0x7E40,0x0840,0xFF40,0x0000,0x3F80,0x4040,0x3F80},{0x7E40,0x4040,0x7E40,0x4060,0x7E40,0x0840,0xFF40,0x0000,0x7FC0,0x1B00,0x60C0},{0x7E40,0x4040,0x7E40,0x4060,0x7E40,0x0840,0xFF40,0x0400,0x7FC0,0x1B00,0x60C0},
{0x7E40,0x4040,0x7E40,0x4060,0x7E40,0x0840,0xFF40,0x7FC0,0x0040,0x7FC0,0x0040},{0x7E40,0x4040,0x7E40,0x4060,0x7E40,0x0840,0xFFC0,0x4000,0x7FC0,0x4000,0x7FC0},{0x7E40,0x4040,0x7E40,0x4060,0x7E40,0x0840,0xFF40,0x0000,0x7FC0,0x1100,0x7FC0},{0x7E40,0x4040,0x7E40,0x4060,0x7E40,0x0840,0xFF40,0x0400,0x7FC0,0x2080,0x1F00},
{0xFD40,0x8140,0x8140,0xFD40,0x8140,0x81C0,0xFD40,0x1140,0x1140,0xFD40,0x0140},{0xFD40,0x8140,0xFD40,0x81C0,0xFD40,0x1140,0xFD40,0x0000,0x7FC0,0x0040,0x0040},{0xFD40,0x8140,0xFD40,0x81C0,0xFD40,0x1140,0xFD40,0x0000,0x7FC0,0x0440,0x0440},{0xFD40,0x8140,0xFD40,0x81C0,0xFD40,0x1140,0xFD40,0x0000,0x7900,0x0A80,0x0C40},
{0xFD40,0x8140,0xFD40,0x81C0,0xFD40,0x1140,0xFD40,0x0140,0x4000,0x4000,0x7FC0},{0xFD40,0x8140,0xFD40,0x81C0,0xFD40,0x1140,0xFD40,0x0000,0x47C0,0x4280,0x7C40},{0xFD40,0x8140,0xFD40,0x81C0,0xFD40,0x1140,0xFD40,0x0100,0x4FC0,0x4440,0x7B80},{0xFD40,0x8140,0xFD40,0x81C0,0xFD40,0x1140,0xFD40,0x0000,0x7FC0,0x4000,0x7FC0},
{0xFD40,0x8140,0xFD40,0x81C0,0xFD40,0x1140,0xFFC0,0x0040,0x7FC0,0x4000,0x7FC0},{0xFD40,0x8140,0xFD40,0x81C0,0xFD40,0x1140,0xFFC0,0x0840,0x7840,0x4040,0x7840},{0xFD40,0x8140,0xFD40,0x81C0,0xFD40,0x1140,0xFFC0,0x0A40,0x7A40,0x4240,0x7BC0},{0xFD40,0x8140,0xFD40,0x81C0,0xFD40,0x1140,0xFF40,0x0A40,0x7BC0,0x4240,0x7BC0},
{0xFD40,0x8140,0xFD40,0x81C0,0xFD40,0x1140,0xFD40,0x0800,0x7900,0x4280,0x7C40},{0xFD40,0x8140,0xFD40,0x81C0,0xFD40,0x1140,0xFFC0,0x0A00,0x7BC0,0x4200,0x7BC0},{0xFD40,0x8140,0xFD40,0x81C0,0xFD40,0x1140,0xFFC0,0x0A80,0x7A80,0x4280,0x7FC0},{0xFD40,0x8140,0xFD40,0x81C0,0xFD40,0x1140,0xFD40,0x0FC0,0x7B80,0x4440,0x7B80},
{0xFD40,0x8140,0xFD40,0x81C0,0xFD40,0x1140,0xFD40,0x0000,0x7FC0,0x4040,0x7FC0},{0xFD40,0x8140,0xFD40,0x81C0,0xFD40,0x1140,0xFD40,0x4040,0x7FC0,0x4040,0x7FC0},{0xFD40,0x8140,0xFD40,0x81C0,0xFD40,0x1140,0xFD40,0x4800,0x7900,0x4A80,0x7C40},{0xFD40,0x8140,0xFD40,0x81C0,0xFD40,0x1140,0xFD40,0x0140,0x0400,0x1B00,0x60C0},
{0xFD40,0x8140,0xFD40,0x81C0,0xFD40,0x1140,0xFD40,0x0000,0x1100,0x2A80,0x4440},{0xFD40,0x8140,0xFD40,0x81C0,0xFD40,0x1140,0xFD40,0x0000,0x3F80,0x4040,0x3F80},{0xFD40,0x8140,0xFD40,0x81C0,0xFD40,0x1140,0xFD40,0x0000,0x7FC0,0x1B00,0x60C0},{0xFD40,0x8140,0xFD40,0x81C0,0xFD40,0x1140,0xFD40,0x0400,0x7FC0,0x1B00,0x60C0},
{0xFD40,0x8140,0xFD40,0x81C0,0xFD40,0x1140,0xFD40,0x7FC0,0x0040,0x7FC0,0x0040},{0xFD40,0x8140,0xFD40,0x81C0,0xFD40,0x1140,0xFFC0,0x4000,0x7FC0,0x4000,0x7FC0},{0xFD40,0x8140,0xFD40,0x81C0,0xFD40,0x1140,0xFD40,0x0000,0x7FC0,0x1100,0x7FC0},{0xFD40,0x8140,0xFD40,0x81C0,0xFD40,0x1140,0xFD40,0x0400,0x7FC0,0x2080,0x1F00},
{0xFE40,0x8040,0x8040,0xFE40,0x8040,0x8040,0xFE40,0x1040,0x1040,0xFF40,0x0040},{0x7E40,0x4040,0x7E40,0x4040,0x7E40,0x0840,0xFF40,0x0000,0x7FC0,0x0040,0x0040},{0x7E40,0x4040,0x7E40,0x4040,0x7E40,0x0840,0xFF40,0x0000,0x7FC0,0x0440,0x0440},{0x7E40,0x4040,0x7E40,0x4040,0x7E40,0x0840,0xFF40,0x0040,0x7900,0x0A80,0x0C40},
{0x7E40,0x4040,0x7E40,0x4040,0x7E40,0x0840,0xFF40,0x0040,0x4000,0x4000,0x7FC0},{0x7E40,0x4040,0x7E40,0x4040,0x7E40,0x0840,0xFF40,0x0000,0x47C0,0x4280,0x7C40},{0x7E40,0x4040,0x7E40,0x4040,0x7E40,0x0840,0xFF40,0x0100,0x4FC0,0x4440,0x7B80},{0x7E40,0x4040,0x7E40,0x4040,0x7E40,0x0840,0xFF40,0x0000,0x7FC0,0x4000,0x7FC0},
{0x7E40,0x4040,0x7E40,0x4040,0x7E40,0x0840,0xFFC0,0x0040,0x7FC0,0x4000,0x7FC0},{0x7E40,0x4040,0x7E40,0x4040,0x7E40,0x0840,0xFFC0,0x0840,0x7840,0x4040,0x7840},{0x7E40,0x4040,0x7E40,0x4040,0x7E40,0x0840,0xFFC0,0x0A40,0x7A40,0x4240,0x7BC0},{0x7E40,0x4040,0x7E40,0x4040,0x7E40,0x0840,0xFF40,0x0A40,0x7BC0,0x4240,0x7BC0},
{0x7E40,0x4040,0x7E40,0x4040,0x7E40,0x0840,0xFF40,0x0900,0x7900,0x4280,0x7C40},{0x7E40,0x4040,0x7E40,0x4040,0x7E40,0x0840,0xFFC0,0x0A00,0x7BC0,0x4200,0x7BC0},{0x7E40,0x4040,0x7E40,0x4040,0x7E40,0x0840,0xFFC0,0x0A80,0x7A80,0x4280,0x7FC0},{0x7E40,0x4040,0x7E40,0x4040,0x7E40,0x0840,0xFF40,0x0900,0x7FC0,0x4440,0x7B80},
{0x7E40,0x4040,0x7E40,0x4040,0x7E40,0x0840,0xFF40,0x0000,0x7FC0,0x4040,0x7FC0},{0x7E40,0x4040,0x7E40,0x4040,0x7E40,0x0840,0xFF40,0x4040,0x7FC0,0x4040,0x7FC0},{0x7E40,0x4040,0x7E40,0x4040,0x7E40,0x0840,0xFF40,0x4840,0x7900,0x4A80,0x7C40},{0x7E40,0x4040,0x7E40,0x4040,0x7E40,0x0840,0xFF40,0x0040,0x0400,0x1B00,0x60C0},
{0x7E40,0x4040,0x7E40,0x4040,0x7E40,0x0840,0xFF40,0x0040,0x1100,0x2A80,0x4440},{0x7E40,0x4040,0x7E40,0x4040,0x7E40,0x0840,0xFF40,0x0000,0x3F80,0x4040,0x3F80},{0x7E40,0x4040,0x7E40,0x4040,0x7E40,0x0840,0xFF40,0x0000,0x7FC0,0x1B00,0x60C0},{0x7E40,0x4040,0x7E40,0x4040,0x7E40,0x0840,0xFF40,0x0400,0x7FC0,0x1B00,0x60C0},
{0x7E40,0x4040,0x7E40,0x4040,0x7E40,0x0840,0xFF40,0x7FC0,0x0040,0x7FC0,0x0040},{0x7E40,0x4040,0x7E40,0x4040,0x7E40,0x0840,0xFFC0,0x4000,0x7FC0,0x4000,0x7FC0},{0x7E40,0x4040,0x7E40,0x4040,0x7E40,0x0840,0xFF40,0x0000,0x7FC0,0x1100,0x7FC0},{0x7E40,0x4040,0x7E40,0x4040,0x7E40,0x0840,0xFF40,0x0400,0x7FC0,0x2080,0x1F00},
{0x7FC0,0x4000,0x4000,0x7FC0,0x4000,0x4000,0x7FC0,0x1100,0x1100,0xFFE0,0x0000},{0x7FC0,0x4000,0x7FC0,0x4000,0x7FC0,0x1100,0xFFE0,0x0000,0x7FC0,0x0040,0x0040},{0x7FC0,0x4000,0x7FC0,0x4000,0x7FC0,0x1100,0xFFE0,0x0000,0x7FC0,0x0440,0x0440},{0x7FC0,0x4000,0x7FC0,0x4000,0x7FC0,0x1100,0xFFE0,0x0000,0x7900,0x0A80,0x0C40},
{0x7FC0,0x4000,0x7FC0,0x4000,0x7FC0,0x1100,0xFFE0,0x0000,0x4000,0x4000,0x7FC0},{0x7FC0,0x4000,0x7FC0,0x4000,0x7FC0,0x1100,0xFFE0,0x0000,0x47C0,0x4280,0x7C40},{0x7FC0,0x4000,0x7FC0,0x4000,0x7FC0,0x1100,0xFFE0,0x0100,0x4FC0,0x4440,0x7B80},{0x7FC0,0x4000,0x7FC0,0x4000,0x7FC0,0x1100,0xFFE0,0x0000,0x7FC0,0x4000,0x7FC0},
{0x7FC0,0x4000,0x7FC0,0x4000,0x7FC0,0x1100,0xFFE0,0x0040,0x7FC0,0x4000,0x7FC0},{0x7FC0,0x4000,0x7FC0,0x4000,0x7FC0,0x1100,0xFFE0,0x0BC0,0x7840,0x4040,0x7840},{0x7FC0,0x4000,0x7FC0,0x4000,0x7FC0,0x1100,0xFFE0,0x0BC0,0x7A40,0x4240,0x7BC0},{0x7FC0,0x4000,0x7FC0,0x4000,0x7FC0,0x1100,0xFFE0,0x0A40,0x7BC0,0x4240,0x7BC0},
{0x7FC0,0x4000,0x7FC0,0x4000,0x7FC0,0x1100,0xFFE0,0x0900,0x7900,0x4280,0x7C40},{0x7FC0,0x4000,0x7FC0,0x4000,0x7FC0,0x1100,0xFFE0,0x0A00,0x7BC0,0x4200,0x7BC0},{0x7FC0,0x4000,0x7FC0,0x4000,0x7FC0,0x1100,0xFFE0,0x0FC0,0x7A80,0x4280,0x7FC0},{0x7FC0,0x4000,0x7FC0,0x4000,0x7FC0,0x1100,0xFFE0,0x0900,0x7FC0,0x4440,0x7B80},
{0x7FC0,0x4000,0x7FC0,0x4000,0x7FC0,0x1100,0xFFE0,0x0000,0x7FC0,0x4040,0x7FC0},{0x7FC0,0x4000,0x7FC0,0x4000,0x7FC0,0x1100,0xFFE0,0x4040,0x7FC0,0x4040,0x7FC0},{0x7FC0,0x4000,0x7FC0,0x4000,0x7FC0,0x1100,0xFFE0,0x4800,0x7900,0x4A80,0x7C40},{0x7FC0,0x4000,0x7FC0,0x4000,0x7FC0,0x1100,0xFFE0,0x0000,0x0400,0x1B00,0x60C0},
{0x7FC0,0x4000,0x7FC0,0x4000,0x7FC0,0x1100,0xFFE0,0x0000,0x1100,0x2A80,0x4440},{0x7FC0,0x4000,0x7FC0,0x4000,0x7FC0,0x1100,0xFFE0,0x0000,0x3F80,0x4040,0x3F80},{0x7FC0,0x4000,0x7FC0,0x4000,0x7FC0,0x1100,0xFFE0,0x0000,0x7FC0,0x1B00,0x60C0},{0x7FC0,0x4000,0x7FC0,0x4000,0x7FC0,0x1100,0xFFE0,0x0400,0x7FC0,0x1B00,0x60C0},
{0x7FC0,0x4000,0x7FC0,0x4000,0x7FC0,0x1100,0xFFE0,0x7FC0,0x0040,0x7FC0,0x0040},{0x7FC0,0x4000,0x7FC0,0x4000,0x7FC0,0x1100,0xFFE0,0x4000,0x7FC0,0x4000,0x7FC0},{0x7FC0,0x4000,0x7FC0,0x4000,0x7FC0,0x1100,0xFFE0,0x0000,0x7FC0,0x1100,0x7FC0},{0x7FC0,0x4000,0x7FC0,0x4000,0x7FC0,0x1100,0xFFE0,0x0400,0x7FC0,0x2080,0x1F00},
{0x7FC0,0x4000,0x7FC0,0x4000,0x7FC0,0x0000,0xFFE0,0x0400,0x0400,0x0400,0x0400},{0x7FC0,0x4000,0x7FC0,0x4000,0x7FC0,0x0000,0xFFE0,0x0400,0x7FC0,0x0040,0x0040},{0x7FC0,0x4000,0x7FC0,0x4000,0x7FC0,0x0000,0xFFE0,0x0400,0x7FC0,0x0440,0x0440},{0x7FC0,0x4000,0x7FC0,0x4000,0x7FC0,0x0000,0xFFE0,0x0400,0x7900,0x0A80,0x0C40},
{0x7FC0,0x4000,0x7FC0,0x4000,0x7FC0,0x0000,0xFFE0,0x0400,0x4400,0x4000,0x7FC0},{0x7FC0,0x4000,0x7FC0,0x4000,0x7FC0,0x0000,0xFFE0,0x0400,0x47C0,0x4280,0x7C40},{0x7FC0,0x4000,0x7FC0,0x4000,0x7FC0,0x0000,0xFFE0,0x0500,0x4FC0,0x4440,0x7B80},{0x7FC0,0x4000,0x7FC0,0x4000,0x7FC0,0x0000,0xFFE0,0x0400,0x7FC0,0x4000,0x7FC0},
{0x7FC0,0x4000,0x7FC0,0x4000,0xFFE0,0x0400,0x7FC0,0x0040,0x7FC0,0x4000,0x7FC0},{0x7FC0,0x4000,0x7FC0,0x4000,0xFFE0,0x0400,0x7BC0,0x0840,0x7840,0x4040,0x7840},{0x7FC0,0x4000,0x7FC0,0x4000,0xFFE0,0x0400,0x7BC0,0x0A40,0x7A40,0x4240,0x7BC0},{0x7FC0,0x4000,0x7FC0,0x4000,0xFFE0,0x0400,0x7A40,0x0A40,0x7BC0,0x4240,0x7BC0},
{0x7FC0,0x4000,0x7FC0,0x4000,0xFFE0,0x0400,0x7900,0x0900,0x7900,0x4280,0x7C40},{0x7FC0,0x4000,0x7FC0,0x4000,0xFFE0,0x0400,0x7BC0,0x0A00,0x7BC0,0x4200,0x7BC0},{0x7FC0,0x4000,0x7FC0,0x4000,0xFFE0,0x0400,0x7FC0,0x0A80,0x7A80,0x4280,0x7FC0},{0x7FC0,0x4000,0x7FC0,0x4000,0xFFE0,0x0400,0x7900,0x0FC0,0x7B80,0x4440,0x7B80},
{0x7FC0,0x4000,0x7FC0,0x4000,0x7FC0,0x0000,0xFFE0,0x0400,0x7FC0,0x4040,0x7FC0},{0x7FC0,0x4000,0x7FC0,0x4000,0x7FC0,0xFFE0,0x0400,0x4040,0x7FC0,0x4040,0x7FC0},{0x7FC0,0x4000,0x7FC0,0x4000,0x7FC0,0xFFE0,0x0400,0x4900,0x7900,0x4A80,0x7C40},{0x7FC0,0x4000,0x7FC0,0x4000,0x7FC0,0xFFE0,0x0400,0x0000,0x0400,0x1B00,0x60C0},
{0x7FC0,0x4000,0x7FC0,0x4000,0x7FC0,0xFFE0,0x0400,0x1500,0x1100,0x2A80,0x4440},{0x7FC0,0x4000,0x7FC0,0x4000,0x7FC0,0xFFE0,0x0400,0x3F80,0x4040,0x4040,0x3F80},{0x7FC0,0x4000,0x7FC0,0x4000,0x7FC0,0xFFE0,0x0400,0x7FC0,0x0400,0x1B00,0x60C0},{0x7FC0,0x4000,0x7FC0,0x4000,0xFFE0,0x0400,0x0000,0x0400,0x7FC0,0x1B00,0x60C0},
{0x7FC0,0x4000,0x7FC0,0x4000,0x7FC0,0xFFE0,0x0400,0x7FC0,0x0040,0x7FC0,0x0040},{0x7FC0,0x4000,0x7FC0,0x4000,0xFFE0,0x0400,0x7FC0,0x4000,0x7FC0,0x4000,0x7FC0},{0x7FC0,0x4000,0x7FC0,0x4000,0x7FC0,0x0000,0xFFE0,0x0400,0x7FC0,0x1100,0x7FC0},{0x7FC0,0x4000,0x7FC0,0x4000,0xFFE0,0x0400,0x0400,0x7FC0,0x1F00,0x2080,0x1F00},
{0x7E40,0x4040,0x7E40,0x4040,0x7E40,0x0040,0xFF40,0x1040,0x13C0,0x1040,0x1040},{0x7E40,0x4040,0x7E40,0x4040,0x7E40,0xFF40,0x11C0,0x1040,0x7FC0,0x0040,0x0040},{0x7E40,0x4040,0x7E40,0x4040,0x7E40,0xFF40,0x11C0,0x1040,0x7FC0,0x0440,0x0440},{0x7E40,0x4040,0x7E40,0x4040,0x7E40,0xFF40,0x11C0,0x1040,0x7900,0x0A80,0x0C40},
{0x7E40,0x4040,0x7E40,0x4040,0x7E40,0xFF40,0x11C0,0x5040,0x4000,0x4000,0x7FC0},{0x7E40,0x4040,0x7E40,0x4040,0xFF40,0x11C0,0x1040,0x47C0,0x4100,0x4280,0x7C40},{0x7E40,0x4040,0x7E40,0x4040,0xFF40,0x11C0,0x1140,0x47C0,0x4380,0x4440,0x7B80},{0x7E40,0x4040,0x7E40,0x4040,0x7E40,0xFF40,0x11C0,0x1040,0x7FC0,0x4000,0x7FC0},
{0x7E40,0x4040,0x7E40,0x4040,0xFF40,0x11C0,0x7FC0,0x0040,0x7FC0,0x4000,0x7FC0},{0x7E40,0x4040,0x7E40,0x4040,0xFF40,0x11C0,0x7BC0,0x0840,0x7840,0x4040,0x7840},{0x7E40,0x4040,0x7E40,0x4040,0xFF40,0x11C0,0x7BC0,0x0A40,0x7A40,0x4240,0x7BC0},{0x7E40,0x4040,0x7E40,0x4040,0xFF40,0x11C0,0x7A40,0x0A40,0x7BC0,0x4240,0x7BC0},
{0x7E40,0x4040,0x7E40,0x4040,0xFF40,0x11C0,0x7840,0x0900,0x7900,0x4280,0x7C40},{0x7E40,0x4040,0x7E40,0x4040,0xFF40,0x11C0,0x7BC0,0x0A00,0x7BC0,0x4200,0x7BC0},{0x7E40,0x4040,0x7E40,0x4040,0xFF40,0x11C0,0x7FC0,0x0A80,0x7A80,0x4280,0x7FC0},{0x7E40,0x4040,0x7E40,0x4040,0xFF40,0x11C0,0x7940,0x0FC0,0x7B80,0x4440,0x7B80},
{0x7E40,0x4040,0x7E40,0x4040,0x7E40,0xFF40,0x11C0,0x1040,0x7FC0,0x4040,0x7FC0},{0x7E40,0x4040,0x7E40,0x4040,0x7E40,0xFF40,0x11C0,0x5040,0x7FC0,0x4040,0x7FC0},{0x7E40,0x4040,0x7E40,0x4040,0x7E40,0xFF40,0x11C0,0x4840,0x7900,0x4A80,0x7C40},{0x7E40,0x4040,0x7E40,0x4040,0x7E40,0xFF40,0x11C0,0x1440,0x0400,0x1B00,0x60C0},
{0x7E40,0x4040,0x7E40,0x4040,0x7E40,0xFF40,0x11C0,0x0040,0x1100,0x2A80,0x4440},{0x7E40,0x4040,0x7E40,0x4040,0x7E40,0xFF40,0x11C0,0x1040,0x3F80,0x4040,0x3F80},{0x7E40,0x4040,0x7E40,0x4040,0x7E40,0xFF40,0x11C0,0x1040,0x7FC0,0x1B00,0x60C0},{0x7E40,0x4040,0x7E40,0x4040,0x7E40,0xFF40,0x11C0,0x1440,0x7FC0,0x1B00,0x60C0},
{0x7E40,0x4040,0x7E40,0x4040,0xFF40,0x11C0,0x1040,0x7FC0,0x0040,0x7FC0,0x0040},{0x7E40,0x4040,0x7E40,0x4040,0xFF40,0x11C0,0x7FC0,0x4000,0x7FC0,0x4000,0x7FC0},{0x7E40,0x4040,0x7E40,0x4040,0x7E40,0xFF40,0x11C0,0x1040,0x7FC0,0x1100,0x7FC0},{0x7E40,0x4040,0x7E40,0x4040,0x7E40,0xFF40,0x11C0,0x1440,0x7FC0,0x2080,0x1F00},
{0xFD40,0x8140,0xFD40,0x8140,0xFD40,0x0140,0xFD40,0x2140,0x2740,0x2140,0x2140},{0x7D40,0x4140,0x7D40,0x4140,0x7D40,0xFD40,0x1740,0x1140,0x7FC0,0x0040,0x0040},{0x7D40,0x4140,0x7D40,0x4140,0x7D40,0xFD40,0x1740,0x1140,0x7FC0,0x0440,0x0440},{0x7D40,0x4140,0x7D40,0x4140,0x7D40,0xFD40,0x1740,0x1140,0x7900,0x0A80,0x0C40},
{0x7D40,0x4140,0x7D40,0x4140,0x7D40,0xFD40,0x1740,0x5140,0x4000,0x4000,0x7FC0},{0x7D40,0x4140,0x7D40,0x4140,0xFD40,0x1340,0x1140,0x47C0,0x4100,0x4280,0x7C40},{0x7D40,0x4140,0x7D40,0x4140,0xFD40,0x1340,0x1140,0x47C0,0x4380,0x4440,0x7B80},{0x7D40,0x4140,0x7D40,0x4140,0x7D40,0xFD40,0x1740,0x1140,0x7FC0,0x4000,0x7FC0},
{0x7D40,0x4140,0x7D40,0x4140,0xFD40,0x1740,0x7FC0,0x0040,0x7FC0,0x4000,0x7FC0},{0x7D40,0x4140,0x7D40,0x4140,0xFD40,0x1740,0x7BC0,0x0840,0x7840,0x4040,0x7840},{0x7D40,0x4140,0x7D40,0x4140,0xFD40,0x1740,0x7BC0,0x0A40,0x7A40,0x4240,0x7BC0},{0x7D40,0x4140,0x7D40,0x4140,0xFD40,0x1740,0x7A40,0x0A40,0x7BC0,0x4240,0x7BC0},
{0x7D40,0x4140,0x7D40,0x4140,0xFD40,0x1740,0x7800,0x0900,0x7900,0x4280,0x7C40},{0x7D40,0x4140,0x7D40,0x4140,0xFD40,0x1740,0x7BC0,0x0A00,0x7BC0,0x4200,0x7BC0},{0x7D40,0x4140,0x7D40,0x4140,0xFD40,0x1740,0x7FC0,0x0A80,0x7A80,0x4280,0x7FC0},{0x7D40,0x4140,0x7D40,0x4140,0xFD40,0x1740,0x7900,0x0FC0,0x7B80,0x4440,0x7B80},
{0x7D40,0x4140,0x7D40,0x4140,0x7D40,0xFD40,0x1740,0x1140,0x7FC0,0x4040,0x7FC0},{0x7D40,0x4140,0x7D40,0x4140,0x7D40,0xFD40,0x1740,0x5140,0x7FC0,0x4040,0x7FC0},{0x7D40,0x4140,0x7D40,0x4140,0x7D40,0xFD40,0x1740,0x4940,0x7900,0x4A80,0x7C40},{0x7D40,0x4140,0x7D40,0x4140,0x7D40,0xFD40,0x1740,0x1140,0x0400,0x1B00,0x60C0},
{0x7D40,0x4140,0x7D40,0x4140,0x7D40,0xFD40,0x1740,0x1140,0x1100,0x2A80,0x4440},{0x7D40,0x4140,0x7D40,0x4140,0x7D40,0xFD40,0x1740,0x1140,0x3F80,0x4040,0x3F80},{0x7D40,0x4140,0x7D40,0x4140,0x7D40,0xFD40,0x1740,0x1140,0x7FC0,0x1B00,0x60C0},{0x7D40,0x4140,0x7D40,0x4140,0xFD40,0x1740,0x1140,0x0400,0x7FC0,0x1B00,0x60C0},
{0x7D40,0x4140,0x7D40,0x4140,0xFD40,0x1740,0x1140,0x7FC0,0x0040,0x7FC0,0x0040},{0x7D40,0x4140,0x7D40,0x4140,0xFD40,0x1740,0x7FC0,0x4000,0x7FC0,0x4000,0x7FC0},{0x7D40,0x4140,0x7D40,0x4140,0x7D40,0xFD40,0x1740,0x1140,0x7FC0,0x1100,0x7FC0},{0x7D40,0x4140,0x7D40,0x4140,0xFD40,0x1740,0x1140,0x0400,0x7FC0,0x2080,0x1F00},
{0x7E40,0x4040,0x7E40,0x4040,0x7E40,0x0040,0xFF40,0x0840,0x0840,0x0840,0x0840},{0x7E40,0x4040,0x7E40,0x4040,0x7E40,0x0040,0xFF40,0x0800,0x7FC0,0x0040,0x0040},{0x7E40,0x4040,0x7E40,0x4040,0x7E40,0x0040,0xFF40,0x0800,0x7FC0,0x0440,0x0440},{0x7E40,0x4040,0x7E40,0x4040,0x7E40,0x0040,0xFF40,0x1040,0x7900,0x0A80,0x0C40},
{0x7E40,0x4040,0x7E40,0x4040,0x7E40,0x0040,0xFF40,0x0840,0x4840,0x4000,0x7FC0},{0x7E40,0x4040,0x7E40,0x4040,0x7E40,0xFF40,0x1000,0x57C0,0x4100,0x4280,0x7C40},{0x7E40,0x4040,0x7E40,0x4040,0x7E40,0xFF40,0x1100,0x57C0,0x4380,0x4440,0x7B80},{0x7E40,0x4040,0x7E40,0x4040,0x7E40,0x0040,0xFF40,0x0800,0x7FC0,0x4000,0x7FC0},
{0x7E40,0x4040,0x7E40,0x4040,0xFF40,0x0800,0x7FC0,0x0040,0x7FC0,0x4000,0x7FC0},{0x7E40,0x4040,0x7E40,0x4040,0xFF40,0x1000,0x7BC0,0x0840,0x7840,0x4040,0x7840},{0x7E40,0x4040,0x7E40,0x4040,0xFF40,0x1000,0x7BC0,0x0A40,0x7A40,0x4240,0x7BC0},{0x7E40,0x4040,0x7E40,0x4040,0xFF40,0x1000,0x7A40,0x0A40,0x7BC0,0x4240,0x7BC0},
{0x7E40,0x4040,0x7E40,0x4040,0xFF40,0x1040,0x7900,0x0900,0x7900,0x4280,0x7C40},{0x7E40,0x4040,0x7E40,0x4040,0xFF40,0x1000,0x7BC0,0x0A00,0x7BC0,0x4200,0x7BC0},{0x7E40,0x4040,0x7E40,0x4040,0xFF40,0x1000,0x7FC0,0x0A80,0x7A80,0x4280,0x7FC0},{0x7E40,0x4040,0x7E40,0x4040,0xFF40,0x1040,0x7900,0x0FC0,0x7B80,0x4440,0x7B80},
{0x7E40,0x4040,0x7E40,0x4040,0x7E40,0x0040,0xFF40,0x0800,0x7FC0,0x4040,0x7FC0},{0x7E40,0x4040,0x7E40,0x4040,0x7E40,0xFF40,0x0800,0x4040,0x7FC0,0x4040,0x7FC0},{0x7E40,0x4040,0x7E40,0x4040,0x7E40,0xFF40,0x1040,0x4900,0x7900,0x4A80,0x7C40},{0x7E40,0x4040,0x7E40,0x4040,0x7E40,0x0040,0xFF40,0x1040,0x0400,0x1B00,0x60C0},
{0x7E40,0x4040,0x7E40,0x4040,0x7E40,0x0040,0xFF40,0x0840,0x1100,0x2A80,0x4440},{0x7E40,0x4040,0x7E40,0x4040,0x7E40,0x0040,0xFF40,0x0800,0x3F80,0x4040,0x3F80},{0x7E40,0x4040,0x7E40,0x4040,0x7E40,0xFF40,0x0800,0x7FC0,0x0400,0x1B00,0x60C0},{0x7E40,0x4040,0x7E40,0x4040,0x7E40,0xFF40,0x1040,0x0400,0x7FC0,0x1B00,0x60C0},
{0x7E40,0x4040,0x7E40,0x4040,0x7E40,0xFF40,0x0800,0x7FC0,0x0040,0x7FC0,0x0040},{0x7E40,0x4040,0x7E40,0x4040,0xFF40,0x0800,0x7FC0,0x4000,0x7FC0,0x4000,0x7FC0},{0x7E40,0x4040,0x7E40,0x4040,0x7E40,0xFF40,0x0800,0x7FC0,0x1100,0x1100,0x7FC0},{0x7E40,0x4040,0x7E40,0x4040,0xFF40,0x1040,0x0400,0x7FC0,0x1F00,0x2080,0x1F00},
{0x7FC0,0x4000,0x7FC0,0x4000,0x7FC0,0x0000,0xFFE0,0x1100,0x1100,0x1100,0x1100},{0x7FC0,0x4000,0x7FC0,0x4000,0x7FC0,0x0000,0xFFE0,0x1100,0x7FC0,0x0040,0x0040},{0x7FC0,0x4000,0x7FC0,0x4000,0x7FC0,0x0000,0xFFE0,0x1100,0x7FC0,0x0440,0x0440},{0x7FC0,0x4000,0x7FC0,0x4000,0x7FC0,0x0000,0xFFE0,0x1100,0x7900,0x0A80,0x0C40},
{0x7FC0,0x4000,0x7FC0,0x4000,0x7FC0,0x0000,0xFFE0,0x1100,0x5100,0x4000,0x7FC0},{0x7FC0,0x4000,0x7FC0,0x4000,0x7FC0,0xFFE0,0x1100,0x57C0,0x4100,0x4280,0x7C40},{0x7FC0,0x4000,0x7FC0,0x4000,0x7FC0,0xFFE0,0x1100,0x57C0,0x4380,0x4440,0x7B80},{0x7FC0,0x4000,0x7FC0,0x4000,0x7FC0,0x0000,0xFFE0,0x1100,0x7FC0,0x4000,0x7FC0},
{0x7FC0,0x4000,0x7FC0,0x4000,0xFFE0,0x1100,0x7FC0,0x0040,0x7FC0,0x4000,0x7FC0},{0x7FC0,0x4000,0x7FC0,0x4000,0xFFE0,0x1100,0x7BC0,0x0840,0x7840,0x4040,0x7840},{0x7FC0,0x4000,0x7FC0,0x4000,0xFFE0,0x1100,0x7BC0,0x0A40,0x7A40,0x4240,0x7BC0},{0x7FC0,0x4000,0x7FC0,0x4000,0xFFE0,0x1100,0x7A40,0x0A40,0x7BC0,0x4240,0x7BC0},
{0x7FC0,0x4000,0x7FC0,0x4000,0xFFE0,0x1100,0x7800,0x0900,0x7900,0x4280,0x7C40},{0x7FC0,0x4000,0x7FC0,0x4000,0xFFE0,0x1100,0x7BC0,0x0A00,0x7BC0,0x4200,0x7BC0},{0x7FC0,0x4000,0x7FC0,0x4000,0xFFE0,0x1100,0x7FC0,0x0A80,0x7A80,0x4280,0x7FC0},{0x7FC0,0x4000,0x7FC0,0x4000,0xFFE0,0x1100,0x7900,0x0FC0,0x7B80,0x4440,0x7B80},
{0x7FC0,0x4000,0x7FC0,0x4000,0x7FC0,0x0000,0xFFE0,0x1100,0x7FC0,0x4040,0x7FC0},{0x7FC0,0x4000,0x7FC0,0x4000,0x7FC0,0xFFE0,0x1100,0x4040,0x7FC0,0x4040,0x7FC0},{0x7FC0,0x4000,0x7FC0,0x4000,0x7FC0,0xFFE0,0x1100,0x4800,0x7900,0x4A80,0x7C40},{0x7FC0,0x4000,0x7FC0,0x4000,0x7FC0,0x0000,0xFFE0,0x1100,0x0400,0x1B00,0x60C0},
{0x7FC0,0x4000,0x7FC0,0x4000,0x7FC0,0xFFE0,0x1100,0x0000,0x1100,0x2A80,0x4440},{0x7FC0,0x4000,0x7FC0,0x4000,0x7FC0,0x0000,0xFFE0,0x1100,0x3F80,0x4040,0x3F80},{0x7FC0,0x4000,0x7FC0,0x4000,0x7FC0,0xFFE0,0x1100,0x7FC0,0x0400,0x1B00,0x60C0},{0x7FC0,0x4000,0x7FC0,0x4000,0x7FC0,0xFFE0,0x1100,0x0400,0x7FC0,0x1B00,0x60C0},
{0x7FC0,0x4000,0x7FC0,0x4000,0x7FC0,0xFFE0,0x1100,0x7FC0,0x0040,0x7FC0,0x0040},{0x7FC0,0x4000,0x7FC0,0x4000,0xFFE0,0x1100,0x7FC0,0x4000,0x7FC0,0x4000,0x7FC0},{0x7FC0,0x4000,0x7FC0,0x4000,0x7FC0,0x0000,0xFFE0,0x1100,0x7FC0,0x1100,0x7FC0},{0x7FC0,0x4000,0x7FC0,0x4000,0xFFE0,0x1100,0x0400,0x7FC0,0x1F00,0x2080,0x1F00},
{0x7FC0,0x4000,0x4000,0x7FC0,0x4000,0x4000,0x7FC0,0x0000,0x0000,0xFFE0,0x0000},{0x7FC0,0x4000,0x7FC0,0x4000,0x7FC0,0x0000,0xFFE0,0x0000,0x7FC0,0x0040,0x0040},{0x7FC0,0x4000,0x7FC0,0x4000,0x7FC0,0x0000,0xFFE0,0x0000,0x7FC0,0x0440,0x0440},{0x7FC0,0x4000,0x7FC0,0x4000,0x7FC0,0x0000,0xFFE0,0x0000,0x7900,0x0A80,0x0C40},
{0x7FC0,0x4000,0x7FC0,0x4000,0x7FC0,0x0000,0xFFE0,0x0000,0x4000,0x4000,0x7FC0},{0x7FC0,0x4000,0x7FC0,0x4000,0x7FC0,0xFFE0,0x0000,0x47C0,0x4100,0x4280,0x7C40},{0x7FC0,0x4000,0x7FC0,0x4000,0x7FC0,0xFFE0,0x0100,0x47C0,0x4380,0x4440,0x7B80},{0x7FC0,0x4000,0x7FC0,0x4000,0x7FC0,0x0000,0xFFE0,0x0000,0x7FC0,0x4000,0x7FC0},
{0x7FC0,0x4000,0x7FC0,0x4000,0xFFE0,0x0000,0x7FC0,0x0040,0x7FC0,0x4000,0x7FC0},{0x7FC0,0x4000,0x7FC0,0x4000,0xFFE0,0x0000,0x7BC0,0x0840,0x7840,0x4040,0x7840},{0x7FC0,0x4000,0x7FC0,0x4000,0xFFE0,0x0000,0x7BC0,0x0A40,0x7A40,0x4240,0x7BC0},{0x7FC0,0x4000,0x7FC0,0x4000,0xFFE0,0x0000,0x7A40,0x0A40,0x7BC0,0x4240,0x7BC0},
{0x7FC0,0x4000,0x7FC0,0x4000,0xFFE0,0x0000,0x7900,0x0900,0x7900,0x4280,0x7C40},{0x7FC0,0x4000,0x7FC0,0x4000,0xFFE0,0x0000,0x7BC0,0x0A00,0x7BC0,0x4200,0x7BC0},{0x7FC0,0x4000,0x7FC0,0x4000,0xFFE0,0x0000,0x7FC0,0x0A80,0x7A80,0x4280,0x7FC0},{0x7FC0,0x4000,0x7FC0,0x4000,0xFFE0,0x0000,0x7900,0x0FC0,0x7B80,0x4440,0x7B80},
{0x7FC0,0x4000,0x7FC0,0x4000,0x7FC0,0x0000,0xFFE0,0x0000,0x7FC0,0x4040,0x7FC0},{0x7FC0,0x4000,0x7FC0,0x4000,0x7FC0,0x0000,0xFFE0,0x4040,0x7FC0,0x4040,0x7FC0},{0x7FC0,0x4000,0x7FC0,0x4000,0x7FC0,0x0000,0xFFE0,0x4800,0x7900,0x4A80,0x7C40},{0x7FC0,0x4000,0x7FC0,0x4000,0x7FC0,0x0000,0xFFE0,0x0000,0x0400,0x1B00,0x60C0},
{0x7FC0,0x4000,0x7FC0,0x4000,0x7FC0,0x0000,0xFFE0,0x0000,0x1100,0x2A80,0x4440},{0x7FC0,0x4000,0x7FC0,0x4000,0x7FC0,0x0000,0xFFE0,0x0000,0x3F80,0x4040,0x3F80},{0x7FC0,0x4000,0x7FC0,0x4000,0x7FC0,0xFFE0,0x0000,0x7FC0,0x0400,0x1B00,0x60C0},{0x7FC0,0x4000,0x7FC0,0x4000,0x7FC0,0xFFE0,0x0000,0x0400,0x7FC0,0x1B00,0x60C0},
{0x7FC0,0x4000,0x7FC0,0x4000,0x7FC0,0xFFE0,0x0000,0x7FC0,0x0040,0x7FC0,0x0040},{0x7FC0,0x4000,0x7FC0,0x4000,0xFFE0,0x0000,0x7FC0,0x4000,0x7FC0,0x4000,0x7FC0},{0x7FC0,0x4000,0x7FC0,0x4000,0x7FC0,0x0000,0xFFE0,0x0000,0x7FC0,0x1100,0x7FC0},{0x7FC0,0x4000,0x7FC0,0x4000,0x7FC0,0xFFE0,0x0400,0x7FC0,0x1F00,0x2080,0x1F00},
{0xFE40,0x8040,0x8040,0xFE40,0x8040,0x8040,0xFE40,0x0040,0x0040,0xFF40,0x0040},{0x7E40,0x4040,0x7E40,0x4040,0x7E40,0x0040,0xFF40,0x0000,0x7FC0,0x0040,0x0040},{0x7E40,0x4040,0x7E40,0x4040,0x7E40,0x0040,0xFF40,0x0000,0x7FC0,0x0440,0x0440},{0x7E40,0x4040,0x7E40,0x4040,0x7E40,0x0040,0xFF40,0x0040,0x7900,0x0A80,0x0C40},
{0x7E40,0x4040,0x7E40,0x4040,0x7E40,0x0040,0xFF40,0x0040,0x4000,0x4000,0x7FC0},{0x7E40,0x4040,0x7E40,0x4040,0x7E40,0xFF40,0x0000,0x47C0,0x4100,0x4280,0x7C40},{0x7E40,0x4040,0x7E40,0x4040,0x7E40,0xFF40,0x0100,0x47C0,0x4380,0x4440,0x7B80},{0x7E40,0x4040,0x7E40,0x4040,0x7E40,0x0040,0xFF40,0x0000,0x7FC0,0x4000,0x7FC0},
{0x7E40,0x4040,0x7E40,0x4040,0xFF40,0x0000,0x7FC0,0x0040,0x7FC0,0x4000,0x7FC0},{0x7E40,0x4040,0x7E40,0x4040,0xFF40,0x0000,0x7BC0,0x0840,0x7840,0x4040,0x7840},{0x7E40,0x4040,0x7E40,0x4040,0xFF40,0x0000,0x7BC0,0x0A40,0x7A40,0x4240,0x7BC0},{0x7E40,0x4040,0x7E40,0x4040,0xFF40,0x0000,0x7A40,0x0A40,0x7BC0,0x4240,0x7BC0},
{0x7E40,0x4040,0x7E40,0x4040,0xFF40,0x0040,0x7900,0x0900,0x7900,0x4280,0x7C40},{0x7E40,0x4040,0x7E40,0x4040,0xFF40,0x0000,0x7BC0,0x0A00,0x7BC0,0x4200,0x7BC0},{0x7E40,0x4040,0x7E40,0x4040,0xFF40,0x0000,0x7FC0,0x0A80,0x7A80,0x4280,0x7FC0},{0x7E40,0x4040,0x7E40,0x4040,0xFF40,0x0040,0x7900,0x0FC0,0x7B80,0x4440,0x7B80},
{0x7E40,0x4040,0x7E40,0x4040,0x7E40,0x0040,0xFF40,0x0000,0x7FC0,0x4040,0x7FC0},{0x7E40,0x4040,0x7E40,0x4040,0x7E40,0x0040,0xFF40,0x4040,0x7FC0,0x4040,0x7FC0},{0x7E40,0x4040,0x7E40,0x4040,0x7E40,0x0040,0xFF40,0x4840,0x7900,0x4A80,0x7C40},{0x7E40,0x4040,0x7E40,0x4040,0x7E40,0x0040,0xFF40,0x0040,0x0400,0x1B00,0x60C0},
{0x7E40,0x4040,0x7E40,0x4040,0x7E40,0x0040,0xFF40,0x0040,0x1100,0x2A80,0x4440},{0x7E40,0x4040,0x7E40,0x4040,0x7E40,0x0040,0xFF40,0x0000,0x3F80,0x4040,0x3F80},{0x7E40,0x4040,0x7E40,0x4040,0x7E40,0xFF40,0x0000,0x7FC0,0x0400,0x1B00,0x60C0},{0x7E40,0x4040,0x7E40,0x4040,0x7E40,0xFF40,0x0040,0x0400,0x7FC0,0x1B00,0x60C0},
{0x7E40,0x4040,0x7E40,0x4040,0x7E40,0xFF40,0x0000,0x7FC0,0x0040,0x7FC0,0x0040},{0x7E40,0x4040,0x7E40,0x4040,0xFF40,0x0000,0x7FC0,0x4000,0x7FC0,0x4000,0x7FC0},{0x7E40,0x4040,0x7E40,0x4040,0x7E40,0x0040,0xFF40,0x0000,0x7FC0,0x1100,0x7FC0},{0x7E40,0x4040,0x7E40,0x4040,0x7E40,0xFF40,0x0400,0x7FC0,0x1F00,0x2080,0x1F00},
{0xFE40,0x8040,0x8040,0x8040,0xFE40,0x8040,0x8040,0x8040,0x8040,0xFE40,0x0040},{0xFC40,0x8040,0xFC40,0x8040,0x8040,0xFC40,0x0000,0x7FC0,0x0040,0x0040,0x0040},{0xFC40,0x8040,0xFC40,0x8040,0x8040,0xFC40,0x0000,0x7FC0,0x0440,0x0440,0x0440},{0xFC40,0x8040,0xFC40,0x8040,0x8040,0xFC40,0x0040,0x7900,0x0900,0x0A80,0x0C40},
{0xFC40,0x8040,0xFC40,0x8040,0x8040,0xFC40,0x0040,0x4040,0x4000,0x4000,0x7FC0},{0xFC40,0x8040,0xFC40,0x8040,0x8040,0xFC40,0x0000,0x47C0,0x4100,0x4280,0x7C40},{0xFC40,0x8040,0xFC40,0x8040,0x8040,0xFC40,0x0100,0x47C0,0x4380,0x4440,0x7B80},{0xFC40,0x8040,0xFC40,0x8040,0x8040,0xFC40,0x0000,0x7FC0,0x4000,0x4000,0x7FC0},
{0xFC40,0x8040,0xFC40,0x8040,0xFC40,0x0000,0x7FC0,0x0040,0x7FC0,0x4000,0x7FC0},{0xFC40,0x8040,0xFC40,0x8040,0xFC40,0x0000,0x7BC0,0x0840,0x7840,0x4040,0x7840},{0xFC40,0x8040,0xFC40,0x8040,0xFC40,0x0000,0x7BC0,0x0A40,0x7A40,0x4240,0x7BC0},{0xFC40,0x8040,0xFC40,0x8040,0xFC40,0x0000,0x7A40,0x0A40,0x7BC0,0x4240,0x7BC0},
{0xFC40,0x8040,0xFC40,0x8040,0xFC40,0x0040,0x7900,0x0900,0x7900,0x4280,0x7C40},{0xFC40,0x8040,0xFC40,0x8040,0xFC40,0x0000,0x7BC0,0x0A00,0x7BC0,0x4200,0x7BC0},{0xFC40,0x8040,0xFC40,0x8040,0xFC40,0x0000,0x7FC0,0x0A80,0x7A80,0x4280,0x7FC0},{0xFC40,0x8040,0xFC40,0x8040,0xFC40,0x0040,0x7900,0x0FC0,0x7B80,0x4440,0x7B80},
{0xFC40,0x8040,0xFC40,0x8040,0x8040,0xFC40,0x0000,0x7FC0,0x4040,0x4040,0x7FC0},{0xFC40,0x8040,0xFC40,0x8040,0x8040,0xFC40,0x0000,0x4040,0x7FC0,0x4040,0x7FC0},{0xFC40,0x8040,0xFC40,0x8040,0x8040,0xFC40,0x0040,0x4900,0x7900,0x4A80,0x7C40},{0xFC40,0x8040,0xFC40,0x8040,0x8040,0xFC40,0x0040,0x0440,0x0400,0x1B00,0x60C0},
{0xFC40,0x8040,0xFC40,0x8040,0x8040,0xFC40,0x0040,0x1100,0x1100,0x2A80,0x4440},{0xFC40,0x8040,0xFC40,0x8040,0x8040,0xFC40,0x0000,0x3F80,0x4040,0x4040,0x3F80},{0xFC40,0x8040,0xFC40,0x8040,0x8040,0xFC40,0x0000,0x7FC0,0x0400,0x1B00,0x60C0},{0xFC40,0x8040,0xFC40,0x8040,0x8040,0xFC40,0x0040,0x0400,0x7FC0,0x1B00,0x60C0},
{0xFC40,0x8040,0xFC40,0x8040,0x8040,0xFC40,0x0000,0x7FC0,0x0040,0x7FC0,0x0040},{0xFC40,0x8040,0xFC40,0x8040,0xFC40,0x0000,0x7FC0,0x4000,0x7FC0,0x4000,0x7FC0},{0xFC40,0x8040,0xFC40,0x8040,0x8040,0xFC40,0x0000,0x7FC0,0x1100,0x1100,0x7FC0},{0xFC40,0x8040,0xFC40,0x8040,0x8040,0xFC40,0x0400,0x7FC0,0x1F00,0x2080,0x1F00},
{0xFE40,0x4440,0x4440,0x4440,0x4440,0x4460,0x4440,0x4440,0x4440,0xFE40,0x0040},{0xFF40,0x2440,0x2460,0x2440,0x2440,0xFF40,0x0000,0x7FC0,0x0040,0x0040,0x0040},{0xFF40,0x2440,0x2460,0x2440,0x2440,0xFF40,0x0000,0x7FC0,0x0440,0x0440,0x0440},{0xFF40,0x2440,0x2460,0x2440,0x2440,0xFF40,0x0040,0x7900,0x0900,0x0A80,0x0C40},
{0xFF40,0x2440,0x2440,0x2460,0x2440,0xFF40,0x0040,0x4040,0x4000,0x4000,0x7FC0},{0xFF40,0x2440,0x2460,0x2440,0x2440,0xFF40,0x0000,0x47C0,0x4100,0x4280,0x7C40},{0xFF40,0x2440,0x2460,0x2440,0x2440,0xFF40,0x0100,0x47C0,0x4380,0x4440,0x7B80},{0xFF40,0x2440,0x2460,0x2440,0x2440,0xFF40,0x0000,0x7FC0,0x4000,0x4000,0x7FC0},
{0xFF40,0x2440,0x2460,0x2440,0xFF40,0x0000,0x7FC0,0x0040,0x7FC0,0x4000,0x7FC0},{0xFF40,0x2440,0x2460,0x2440,0xFF40,0x0000,0x7BC0,0x0840,0x7840,0x4040,0x7840},{0xFF40,0x2440,0x2460,0x2440,0xFF40,0x0000,0x7BC0,0x0A40,0x7A40,0x4240,0x7BC0},{0xFF40,0x2440,0x2460,0x2440,0xFF40,0x0000,0x7A40,0x0A40,0x7BC0,0x4240,0x7BC0},
{0xFF40,0x2440,0x2460,0x2440,0xFF40,0x0040,0x7900,0x0900,0x7900,0x4280,0x7C40},{0xFF40,0x2440,0x2460,0x2440,0xFF40,0x0000,0x7BC0,0x0A00,0x7BC0,0x4200,0x7BC0},{0xFF40,0x2440,0x2460,0x2440,0xFF40,0x0000,0x7FC0,0x0A80,0x7A80,0x4280,0x7FC0},{0xFF40,0x2440,0x2460,0x2440,0xFF40,0x0040,0x7900,0x0FC0,0x7B80,0x4440,0x7B80},
{0xFF40,0x2440,0x2440,0x2460,0x2440,0xFF40,0x0000,0x7FC0,0x4040,0x4040,0x7FC0},{0xFF40,0x2440,0x2440,0x2460,0x2440,0xFF40,0x0000,0x4040,0x7FC0,0x4040,0x7FC0},{0xFF40,0x2440,0x2460,0x2440,0x2440,0xFF40,0x0040,0x4900,0x7900,0x4A80,0x7C40},{0xFF40,0x2440,0x2440,0x2460,0x2440,0xFF40,0x0040,0x0440,0x0400,0x1B00,0x60C0},
{0xFF40,0x2440,0x2460,0x2440,0x2440,0xFF40,0x0040,0x1100,0x1100,0x2A80,0x4440},{0xFF40,0x2440,0x2460,0x2440,0x2440,0xFF40,0x0000,0x3F80,0x4040,0x4040,0x3F80},{0xFF40,0x2440,0x2460,0x2440,0x2440,0xFF40,0x0000,0x7FC0,0x0400,0x1B00,0x60C0},{0xFF40,0x2440,0x2460,0x2440,0x2440,0xFF40,0x0040,0x0400,0x7FC0,0x1B00,0x60C0},
{0xFF40,0x2440,0x2460,0x2440,0x2440,0xFF40,0x0000,0x7FC0,0x0040,0x7FC0,0x0040},{0xFF40,0x2440,0x2460,0x2440,0xFF40,0x0000,0x7FC0,0x4000,0x7FC0,0x4000,0x7FC0},{0xFF40,0x2440,0x2460,0x2440,0x2440,0xFF40,0x0000,0x7FC0,0x1100,0x1100,0x7FC0},{0xFF40,0x2440,0x2460,0x2440,0x2440,0xFF40,0x0400,0x7FC0,0x1F00,0x2080,0x1F00},
{0xFD40,0x4940,0x4940,0x4940,0x4940,0x49C0,0x4940,0x4940,0x4940,0xFD40,0x0140},{0xFD40,0x4940,0x49C0,0x4940,0x4940,0xFD40,0x0000,0x7FC0,0x0040,0x0040,0x0040},{0xFD40,0x4940,0x49C0,0x4940,0x4940,0xFD40,0x0000,0x7FC0,0x0440,0x0440,0x0440},{0xFD40,0x4940,0x49C0,0x4940,0x4940,0xFD40,0x0000,0x7900,0x0900,0x0A80,0x0C40},
{0xFD40,0x4940,0x4940,0x49C0,0x4940,0xFD40,0x0140,0x4140,0x4000,0x4000,0x7FC0},{0xFD40,0x4940,0x49C0,0x4940,0x4940,0xFD40,0x0000,0x47C0,0x4100,0x4280,0x7C40},{0xFD40,0x4940,0x49C0,0x4940,0x4940,0xFD40,0x0100,0x47C0,0x4380,0x4440,0x7B80},{0xFD40,0x4940,0x49C0,0x4940,0x4940,0xFD40,0x0000,0x7FC0,0x4000,0x4000,0x7FC0},
{0xFD40,0x4940,0x49C0,0x4940,0xFD40,0x0000,0x7FC0,0x0040,0x7FC0,0x4000,0x7FC0},{0xFD40,0x4940,0x49C0,0x4940,0xFD40,0x0000,0x7BC0,0x0840,0x7840,0x4040,0x7840},{0xFD40,0x4940,0x49C0,0x4940,0xFD40,0x0000,0x7BC0,0x0A40,0x7A40,0x4240,0x7BC0},{0xFD40,0x4940,0x49C0,0x4940,0xFD40,0x0000,0x7A40,0x0A40,0x7BC0,0x4240,0x7BC0},
{0xFD40,0x4940,0x49C0,0x4940,0xFD40,0x0000,0x7900,0x0900,0x7900,0x4280,0x7C40},{0xFD40,0x4940,0x49C0,0x4940,0xFD40,0x0000,0x7BC0,0x0A00,0x7BC0,0x4200,0x7BC0},{0xFD40,0x4940,0x49C0,0x4940,0xFD40,0x0000,0x7FC0,0x0A80,0x7A80,0x4280,0x7FC0},{0xFD40,0x4940,0x49C0,0x4940,0xFD40,0x0000,0x7900,0x0FC0,0x7B80,0x4440,0x7B80},
{0xFD40,0x4940,0x49C0,0x4940,0x4940,0xFD40,0x0000,0x7FC0,0x4040,0x4040,0x7FC0},{0xFD40,0x4940,0x49C0,0x4940,0x4940,0xFD40,0x0000,0x4040,0x7FC0,0x4040,0x7FC0},{0xFD40,0x4940,0x49C0,0x4940,0x4940,0xFD40,0x0000,0x4900,0x7900,0x4A80,0x7C40},{0xFD40,0x4940,0x4940,0x49C0,0x4940,0xFD40,0x0140,0x0540,0x0400,0x1B00,0x60C0},
{0xFD40,0x4940,0x49C0,0x4940,0x4940,0xFD40,0x0000,0x1100,0x1100,0x2A80,0x4440},{0xFD40,0x4940,0x49C0,0x4940,0x4940,0xFD40,0x0000,0x3F80,0x4040,0x4040,0x3F80},{0xFD40,0x4940,0x49C0,0x4940,0x4940,0xFD40,0x0000,0x7FC0,0x0400,0x1B00,0x60C0},{0xFD40,0x4940,0x49C0,0x4940,0x4940,0xFD40,0x0140,0x0400,0x7FC0,0x1B00,0x60C0},
{0xFD40,0x4940,0x49C0,0x4940,0x4940,0xFD40,0x0000,0x7FC0,0x0040,0x7FC0,0x0040},{0xFD40,0x4940,0x49C0,0x4940,0xFD40,0x0000,0x7FC0,0x4000,0x7FC0,0x4000,0x7FC0},{0xFD40,0x4940,0x49C0,0x4940,0x4940,0xFD40,0x0000,0x7FC0,0x1100,0x1100,0x7FC0},{0xFD40,0x4940,0x49C0,0x4940,0x4940,0xFD40,0x0400,0x7FC0,0x1F00,0x2080,0x1F00},
{0xFE40,0x4440,0x4440,0x4460,0x4440,0x4440,0x4440,0x4460,0x4440,0xFE40,0x0040},{0xFF40,0x2460,0x2440,0x2460,0x2440,0xFF40,0x0000,0x7FC0,0x0040,0x0040,0x0040},{0xFF40,0x2460,0x2440,0x2460,0x2440,0xFF40,0x0000,0x7FC0,0x0440,0x0440,0x0440},{0xFF40,0x2460,0x2440,0x2460,0x2440,0xFF40,0x0040,0x7900,0x0900,0x0A80,0x0C40},
{0xFF40,0x2440,0x2460,0x2440,0x2460,0xFF40,0x0040,0x4040,0x4000,0x4000,0x7FC0},{0xFF40,0x2460,0x2440,0x2460,0x2440,0xFF40,0x0000,0x47C0,0x4100,0x4280,0x7C40},{0xFF40,0x2460,0x2440,0x2460,0x2440,0xFF40,0x0100,0x47C0,0x4380,0x4440,0x7B80},{0xFF40,0x2460,0x2440,0x2460,0x2440,0xFF40,0x0000,0x7FC0,0x4000,0x4000,0x7FC0},
{0xFF40,0x2460,0x2440,0x2460,0xFF40,0x0000,0x7FC0,0x0040,0x7FC0,0x4000,0x7FC0},{0xFF40,0x2460,0x2440,0x2460,0xFF40,0x0000,0x7BC0,0x0840,0x7840,0x4040,0x7840},{0xFF40,0x2460,0x2440,0x2460,0xFF40,0x0000,0x7BC0,0x0A40,0x7A40,0x4240,0x7BC0},{0xFF40,0x2460,0x2440,0x2460,0xFF40,0x0000,0x7A40,0x0A40,0x7BC0,0x4240,0x7BC0},
{0xFF40,0x2460,0x2440,0x2460,0xFF40,0x0040,0x7900,0x0900,0x7900,0x4280,0x7C40},{0xFF40,0x2460,0x2440,0x2460,0xFF40,0x0000,0x7BC0,0x0A00,0x7BC0,0x4200,0x7BC0},{0xFF40,0x2460,0x2440,0x2460,0xFF40,0x0000,0x7FC0,0x0A80,0x7A80,0x4280,0x7FC0},{0xFF40,0x2460,0x2440,0x2460,0xFF40,0x0040,0x7900,0x0FC0,0x7B80,0x4440,0x7B80},
{0xFF40,0x2460,0x2440,0x2460,0x2440,0xFF40,0x0000,0x7FC0,0x4040,0x4040,0x7FC0},{0xFF40,0x2460,0x2440,0x2460,0x2440,0xFF40,0x0000,0x4040,0x7FC0,0x4040,0x7FC0},{0xFF40,0x2460,0x2440,0x2460,0x2440,0xFF40,0x0040,0x4900,0x7900,0x4A80,0x7C40},{0xFF40,0x2440,0x2460,0x2440,0x2460,0xFF40,0x0040,0x0440,0x0400,0x1B00,0x60C0},
{0xFF40,0x2460,0x2440,0x2460,0x2440,0xFF40,0x0040,0x1100,0x1100,0x2A80,0x4440},{0xFF40,0x2460,0x2440,0x2460,0x2440,0xFF40,0x0000,0x3F80,0x4040,0x4040,0x3F80},{0xFF40,0x2460,0x2440,0x2460,0x2440,0xFF40,0x0000,0x7FC0,0x0400,0x1B00,0x60C0},{0xFF40,0x2460,0x2440,0x2460,0x2440,0xFF40,0x0040,0x0400,0x7FC0,0x1B00,0x60C0},
{0xFF40,0x2460,0x2440,0x2460,0x2440,0xFF40,0x0000,0x7FC0,0x0040,0x7FC0,0x0040},{0xFF40,0x2460,0x2440,0x2460,0xFF40,0x0000,0x7FC0,0x4000,0x7FC0,0x4000,0x7FC0},{0xFF40,0x2460,0x2440,0x2460,0x2440,0xFF40,0x0000,0x7FC0,0x1100,0x1100,0x7FC0},{0xFF40,0x2460,0x2440,0x2460,0x2440,0xFF40,0x0400,0x7FC0,0x1F00,0x2080,0x1F00},
{0xFD40,0x4940,0x4940,0x49C0,0x4940,0x4940,0x4940,0x49C0,0x4940,0xFD40,0x0140},{0xFD40,0x49C0,0x4940,0x49C0,0x4940,0xFD40,0x0000,0x7FC0,0x0040,0x0040,0x0040},{0xFD40,0x49C0,0x4940,0x49C0,0x4940,0xFD40,0x0000,0x7FC0,0x0440,0x0440,0x0440},{0xFD40,0x49C0,0x4940,0x49C0,0x4940,0xFD40,0x0000,0x7900,0x0900,0x0A80,0x0C40},
{0xFD40,0x4940,0x49C0,0x4940,0x49C0,0xFD40,0x0140,0x4140,0x4000,0x4000,0x7FC0},{0xFD40,0x49C0,0x4940,0x49C0,0x4940,0xFD40,0x0000,0x47C0,0x4100,0x4280,0x7C40},{0xFD40,0x49C0,0x4940,0x49C0,0x4940,0xFD40,0x0100,0x47C0,0x4380,0x4440,0x7B80},{0xFD40,0x49C0,0x4940,0x49C0,0x4940,0xFD40,0x0000,0x7FC0,0x4000,0x4000,0x7FC0},
{0xFD40,0x49C0,0x4940,0x49C0,0xFD40,0x0000,0x7FC0,0x0040,0x7FC0,0x4000,0x7FC0},{0xFD40,0x49C0,0x4940,0x49C0,0xFD40,0x0000,0x7BC0,0x0840,0x7840,0x4040,0x7840},{0xFD40,0x49C0,0x4940,0x49C0,0xFD40,0x0000,0x7BC0,0x0A40,0x7A40,0x4240,0x7BC0},{0xFD40,0x49C0,0x4940,0x49C0,0xFD40,0x0000,0x7A40,0x0A40,0x7BC0,0x4240,0x7BC0},
{0xFD40,0x49C0,0x4940,0x49C0,0xFD40,0x0000,0x7900,0x0900,0x7900,0x4280,0x7C40},{0xFD40,0x49C0,0x4940,0x49C0,0xFD40,0x0000,0x7BC0,0x0A00,0x7BC0,0x4200,0x7BC0},{0xFD40,0x49C0,0x4940,0x49C0,0xFD40,0x0000,0x7FC0,0x0A80,0x7A80,0x4280,0x7FC0},{0xFD40,0x49C0,0x4940,0x49C0,0xFD40,0x0000,0x7900,0x0FC0,0x7B80,0x4440,0x7B80},
{0xFD40,0x49C0,0x4940,0x49C0,0x4940,0xFD40,0x0000,0x7FC0,0x4040,0x4040,0x7FC0},{0xFD40,0x49C0,0x4940,0x49C0,0x4940,0xFD40,0x0000,0x4040,0x7FC0,0x4040,0x7FC0},{0xFD40,0x49C0,0x4940,0x49C0,0x4940,0xFD40,0x0000,0x4900,0x7900,0x4A80,0x7C40},{0xFD40,0x4940,0x49C0,0x4940,0x49C0,0xFD40,0x0140,0x0540,0x0400,0x1B00,0x60C0},
{0xFD40,0x49C0,0x4940,0x49C0,0x4940,0xFD40,0x0000,0x1100,0x1100,0x2A80,0x4440},{0xFD40,0x49C0,0x4940,0x49C0,0x4940,0xFD40,0x0000,0x3F80,0x4040,0x4040,0x3F80},{0xFD40,0x49C0,0x4940,0x49C0,0x4940,0xFD40,0x0000,0x7FC0,0x0400,0x1B00,0x60C0},{0xFD40,0x49C0,0x4940,0x49C0,0x4940,0xFD40,0x0140,0x0400,0x7FC0,0x1B00,0x60C0},
{0xFD40,0x49C0,0x4940,0x49C0,0x4940,0xFD40,0x0000,0x7FC0,0x0040,0x7FC0,0x0040},{0xFD40,0x49C0,0x4940,0x49C0,0xFD40,0x0000,0x7FC0,0x4000,0x7FC0,0x4000,0x7FC0},{0xFD40,0x49C0,0x4940,0x49C0,0x4940,0xFD40,0x0000,0x7FC0,0x1100,0x1100,0x7FC0},{0xFD40,0x49C0,0x4940,0x49C0,0x4940,0xFD40,0x0400,0x7FC0,0x1F00,0x2080,0x1F00},
{0xFE40,0x4440,0x4440,0x4440,0x45C0,0x4440,0x4440,0x4440,0x4440,0xFE40,0x0040},{0xFE40,0x4840,0x49C0,0x4840,0x4840,0xFE40,0x0000,0x7FC0,0x0040,0x0040,0x0040},{0xFE40,0x4840,0x49C0,0x4840,0x4840,0xFE40,0x0000,0x7FC0,0x0440,0x0440,0x0440},{0xFE40,0x4840,0x49C0,0x4840,0x4840,0xFE40,0x0040,0x7900,0x0900,0x0A80,0x0C40},
{0xFE40,0x4840,0x4840,0x49C0,0x4840,0xFE40,0x0040,0x4040,0x4000,0x4000,0x7FC0},{0xFE40,0x4840,0x49C0,0x4840,0x4840,0xFE40,0x0000,0x47C0,0x4100,0x4280,0x7C40},{0xFE40,0x4840,0x49C0,0x4840,0x4840,0xFE40,0x0100,0x47C0,0x4380,0x4440,0x7B80},{0xFE40,0x4840,0x49C0,0x4840,0x4840,0xFE40,0x0000,0x7FC0,0x4000,0x4000,0x7FC0},
{0xFE40,0x4840,0x49C0,0x4840,0xFE40,0x0000,0x7FC0,0x0040,0x7FC0,0x4000,0x7FC0},{0xFE40,0x4840,0x49C0,0x4840,0xFE40,0x0000,0x7BC0,0x0840,0x7840,0x4040,0x7840},{0xFE40,0x4840,0x49C0,0x4840,0xFE40,0x0000,0x7BC0,0x0A40,0x7A40,0x4240,0x7BC0},{0xFE40,0x4840,0x49C0,0x4840,0xFE40,0x0000,0x7A40,0x0A40,0x7BC0,0x4240,0x7BC0},
{0xFE40,0x4840,0x49C0,0x4840,0xFE40,0x0040,0x7900,0x0900,0x7900,0x4280,0x7C40},{0xFE40,0x4840,0x49C0,0x4840,0xFE40,0x0000,0x7BC0,0x0A00,0x7BC0,0x4200,0x7BC0},{0xFE40,0x4840,0x49C0,0x4840,0xFE40,0x0000,0x7FC0,0x0A80,0x7A80,0x4280,0x7FC0},{0xFE40,0x4840,0x49C0,0x4840,0xFE40,0x0040,0x7900,0x0FC0,0x7B80,0x4440,0x7B80},
{0xFE40,0x4840,0x49C0,0x4840,0x4840,0xFE40,0x0000,0x7FC0,0x4040,0x4040,0x7FC0},{0xFE40,0x4840,0x49C0,0x4840,0x4840,0xFE40,0x0000,0x4040,0x7FC0,0x4040,0x7FC0},{0xFE40,0x4840,0x49C0,0x4840,0x4840,0xFE40,0x0040,0x4900,0x7900,0x4A80,0x7C40},{0xFE40,0x4840,0x4840,0x49C0,0x4840,0xFE40,0x0040,0x0440,0x0400,0x1B00,0x60C0},
{0xFE40,0x4840,0x49C0,0x4840,0x4840,0xFE40,0x0040,0x1100,0x1100,0x2A80,0x4440},{0xFE40,0x4840,0x49C0,0x4840,0x4840,0xFE40,0x0000,0x3F80,0x4040,0x4040,0x3F80},{0xFE40,0x4840,0x49C0,0x4840,0x4840,0xFE40,0x0000,0x7FC0,0x0400,0x1B00,0x60C0},{0xFE40,0x4840,0x49C0,0x4840,0x4840,0xFE40,0x0040,0x0400,0x7FC0,0x1B00,0x60C0},
{0xFE40,0x4840,0x49C0,0x4840,0x4840,0xFE40,0x0000,0x7FC0,0x0040,0x7FC0,0x0040},{0xFE40,0x4840,0x49C0,0x4840,0xFE40,0x0000,0x7FC0,0x4000,0x7FC0,0x4000,0x7FC0},{0xFE40,0x4840,0x49C0,0x4840,0x4840,0xFE40,0x0000,0x7FC0,0x1100,0x1100,0x7FC0},{0xFE40,0x4840,0x49C0,0x4840,0x4840,0xFE40,0x0400,0x7FC0,0x1F00,0x2080,0x1F00},
{0xFD40,0x4940,0x4940,0x4940,0x4B40,0x4940,0x4940,0x4940,0x4940,0xFD40,0x0140},{0xFD40,0x4940,0x4B40,0x4940,0x4940,0xFD40,0x0000,0x7FC0,0x0040,0x0040,0x0040},{0xFD40,0x4940,0x4B40,0x4940,0x4940,0xFD40,0x0000,0x7FC0,0x0440,0x0440,0x0440},{0xFD40,0x4940,0x4B40,0x4940,0x4940,0xFD40,0x0000,0x7900,0x0900,0x0A80,0x0C40},
{0xFD40,0x4940,0x4940,0x4B40,0x4940,0xFD40,0x0140,0x4140,0x4000,0x4000,0x7FC0},{0xFD40,0x4940,0x4B40,0x4940,0x4940,0xFD40,0x0000,0x47C0,0x4100,0x4280,0x7C40},{0xFD40,0x4940,0x4B40,0x4940,0x4940,0xFD40,0x0100,0x47C0,0x4380,0x4440,0x7B80},{0xFD40,0x4940,0x4B40,0x4940,0x4940,0xFD40,0x0000,0x7FC0,0x4000,0x4000,0x7FC0},
{0xFD40,0x4940,0x4B40,0x4940,0xFD40,0x0000,0x7FC0,0x0040,0x7FC0,0x4000,0x7FC0},{0xFD40,0x4940,0x4B40,0x4940,0xFD40,0x0000,0x7BC0,0x0840,0x7840,0x4040,0x7840},{0xFD40,0x4940,0x4B40,0x4940,0xFD40,0x0000,0x7BC0,0x0A40,0x7A40,0x4240,0x7BC0},{0xFD40,0x4940,0x4B40,0x4940,0xFD40,0x0000,0x7A40,0x0A40,0x7BC0,0x4240,0x7BC0},
{0xFD40,0x4940,0x4B40,0x4940,0xFD40,0x0000,0x7900,0x0900,0x7900,0x4280,0x7C40},{0xFD40,0x4940,0x4B40,0x4940,0xFD40,0x0000,0x7BC0,0x0A00,0x7BC0,0x4200,0x7BC0},{0xFD40,0x4940,0x4B40,0x4940,0xFD40,0x0000,0x7FC0,0x0A80,0x7A80,0x4280,0x7FC0},{0xFD40,0x4940,0x4B40,0x4940,0xFD40,0x0000,0x7900,0x0FC0,0x7B80,0x4440,0x7B80},
{0xFD40,0x4940,0x4B40,0x4940,0x4940,0xFD40,0x0000,0x7FC0,0x4040,0x4040,0x7FC0},{0xFD40,0x4940,0x4B40,0x4940,0x4940,0xFD40,0x0000,0x4040,0x7FC0,0x4040,0x7FC0},{0xFD40,0x4940,0x4B40,0x4940,0x4940,0xFD40,0x0000,0x4900,0x7900,0x4A80,0x7C40},{0xFD40,0x4940,0x4940,0x4B40,0x4940,0xFD40,0x0140,0x0540,0x0400,0x1B00,0x60C0},
{0xFD40,0x4940,0x4B40,0x4940,0x4940,0xFD40,0x0000,0x1100,0x1100,0x2A80,0x4440},{0xFD40,0x4940,0x4B40,0x4940,0x4940,0xFD40,0x0000,0x3F80,0x4040,0x4040,0x3F80},{0xFD40,0x4940,0x4B40,0x4940,0x4940,0xFD40,0x0000,0x7FC0,0x0400,0x1B00,0x60C0},{0xFD40,0x4940,0x4B40,0x4940,0x4940,0xFD40,0x0140,0x0400,0x7FC0,0x1B00,0x60C0},
{0xFD40,0x4940,0x4B40,0x4940,0x4940,0xFD40,0x0000,0x7FC0,0x0040,0x7FC0,0x0040},{0xFD40,0x4940,0x4B40,0x4940,0xFD40,0x0000,0x7FC0,0x4000,0x7FC0,0x4000,0x7FC0},{0xFD40,0x4940,0x4B40,0x4940,0x4940,0xFD40,0x0000,0x7FC0,0x1100,0x1100,0x7FC0},{0xFD40,0x4940,0x4B40,0x4940,0x4940,0xFD40,0x0400,0x7FC0,0x1F00,0x2080,0x1F00},
{0xFE40,0x4440,0x4440,0x45C0,0x4440,0x4440,0x45C0,0x4440,0x4440,0xFE40,0x0040},{0xFE40,0x49C0,0x4840,0x49C0,0x4840,0xFE40,0x0000,0x7FC0,0x0040,0x0040,0x0040},{0xFE40,0x49C0,0x4840,0x49C0,0x4840,0xFE40,0x0000,0x7FC0,0x0440,0x0440,0x0440},{0xFE40,0x49C0,0x4840,0x49C0,0x4840,0xFE40,0x0040,0x7900,0x0900,0x0A80,0x0C40},
{0xFE40,0x4840,0x49C0,0x4840,0x49C0,0xFE40,0x0040,0x4040,0x4000,0x4000,0x7FC0},{0xFE40,0x49C0,0x4840,0x49C0,0x4840,0xFE40,0x0000,0x47C0,0x4100,0x4280,0x7C40},{0xFE40,0x49C0,0x4840,0x49C0,0x4840,0xFE40,0x0100,0x47C0,0x4380,0x4440,0x7B80},{0xFE40,0x49C0,0x4840,0x49C0,0x4840,0xFE40,0x0000,0x7FC0,0x4000,0x4000,0x7FC0},
{0xFE40,0x49C0,0x4840,0x49C0,0xFE40,0x0000,0x7FC0,0x0040,0x7FC0,0x4000,0x7FC0},{0xFE40,0x49C0,0x4840,0x49C0,0xFE40,0x0000,0x7BC0,0x0840,0x7840,0x4040,0x7840},{0xFE40,0x49C0,0x4840,0x49C0,0xFE40,0x0000,0x7BC0,0x0A40,0x7A40,0x4240,0x7BC0},{0xFE40,0x49C0,0x4840,0x49C0,0xFE40,0x0000,0x7A40,0x0A40,0x7BC0,0x4240,0x7BC0},
{0xFE40,0x49C0,0x4840,0x49C0,0xFE40,0x0040,0x7900,0x0900,0x7900,0x4280,0x7C40},{0xFE40,0x49C0,0x4840,0x49C0,0xFE40,0x0000,0x7BC0,0x0A00,0x7BC0,0x4200,0x7BC0},{0xFE40,0x49C0,0x4840,0x49C0,0xFE40,0x0000,0x7FC0,0x0A80,0x7A80,0x4280,0x7FC0},{0xFE40,0x49C0,0x4840,0x49C0,0xFE40,0x0040,0x7900,0x0FC0,0x7B80,0x4440,0x7B80},
{0xFE40,0x49C0,0x4840,0x49C0,0x4840,0xFE40,0x0000,0x7FC0,0x4040,0x4040,0x7FC0},{0xFE40,0x49C0,0x4840,0x49C0,0x4840,0xFE40,0x0000,0x4040,0x7FC0,0x4040,0x7FC0},{0xFE40,0x49C0,0x4840,0x49C0,0x4840,0xFE40,0x0040,0x4900,0x7900,0x4A80,0x7C40},{0xFE40,0x4840,0x49C0,0x4840,0x49C0,0xFE40,0x0040,0x0440,0x0400,0x1B00,0x60C0},
{0xFE40,0x49C0,0x4840,0x49C0,0x4840,0xFE40,0x0040,0x1100,0x1100,0x2A80,0x4440},{0xFE40,0x49C0,0x4840,0x49C0,0x4840,0xFE40,0x0000,0x3F80,0x4040,0x4040,0x3F80},{0xFE40,0x49C0,0x4840,0x49C0,0x4840,0xFE40,0x0000,0x7FC0,0x0400,0x1B00,0x60C0},{0xFE40,0x49C0,0x4840,0x49C0,0x4840,0xFE40,0x0040,0x0400,0x7FC0,0x1B00,0x60C0},
{0xFE40,0x49C0,0x4840,0x49C0,0x4840,0xFE40,0x0000,0x7FC0,0x0040,0x7FC0,0x0040},{0xFE40,0x49C0,0x4840,0x49C0,0xFE40,0x0000,0x7FC0,0x4000,0x7FC0,0x4000,0x7FC0},{0xFE40,0x49C0,0x4840,0x49C0,0x4840,0xFE40,0x0000,0x7FC0,0x1100,0x1100,0x7FC0},{0xFE40,0x49C0,0x4840,0x49C0,0x4840,0xFE40,0x0400,0x7FC0,0x1F00,0x2080,0x1F00},
{0xFD40,0x4940,0x4940,0x4B40,0x4940,0x4940,0x4B40,0x4940,0x4940,0xFD40,0x0140},{0xFD40,0x4B40,0x4940,0x4B40,0x4940,0xFD40,0x0000,0x7FC0,0x0040,0x0040,0x0040},{0xFD40,0x4B40,0x4940,0x4B40,0x4940,0xFD40,0x0000,0x7FC0,0x0440,0x0440,0x0440},{0xFD40,0x4B40,0x4940,0x4B40,0x4940,0xFD40,0x0000,0x7900,0x0900,0x0A80,0x0C40},
{0xFD40,0x4940,0x4B40,0x4940,0x4B40,0xFD40,0x0140,0x4140,0x4000,0x4000,0x7FC0},{0xFD40,0x4B40,0x4940,0x4B40,0x4940,0xFD40,0x0000,0x47C0,0x4100,0x4280,0x7C40},{0xFD40,0x4B40,0x4940,0x4B40,0x4940,0xFD40,0x0100,0x47C0,0x4380,0x4440,0x7B80},{0xFD40,0x4B40,0x4940,0x4B40,0x4940,0xFD40,0x0000,0x7FC0,0x4000,0x4000,0x7FC0},
{0xFD40,0x4B40,0x4940,0x4B40,0xFD40,0x0000,0x7FC0,0x0040,0x7FC0,0x4000,0x7FC0},{0xFD40,0x4B40,0x4940,0x4B40,0xFD40,0x0000,0x7BC0,0x0840,0x7840,0x4040,0x7840},{0xFD40,0x4B40,0x4940,0x4B40,0xFD40,0x0000,0x7BC0,0x0A40,0x7A40,0x4240,0x7BC0},{0xFD40,0x4B40,0x4940,0x4B40,0xFD40,0x0000,0x7A40,0x0A40,0x7BC0,0x4240,0x7BC0},
{0xFD40,0x4B40,0x4940,0x4B40,0xFD40,0x0000,0x7900,0x0900,0x7900,0x4280,0x7C40},{0xFD40,0x4B40,0x4940,0x4B40,0xFD40,0x0000,0x7BC0,0x0A00,0x7BC0,0x4200,0x7BC0},{0xFD40,0x4B40,0x4940,0x4B40,0xFD40,0x0000,0x7FC0,0x0A80,0x7A80,0x4280,0x7FC0},{0xFD40,0x4B40,0x4940,0x4B40,0xFD40,0x0000,0x7900,0x0FC0,0x7B80,0x4440,0x7B80},
{0xFD40,0x4B40,0x4940,0x4B40,0x4940,0xFD40,0x0000,0x7FC0,0x4040,0x4040,0x7FC0},{0xFD40,0x4B40,0x4940,0x4B40,0x4940,0xFD40,0x0000,0x4040,0x7FC0,0x4040,0x7FC0},{0xFD40,0x4B40,0x4940,0x4B40,0x4940,0xFD40,0x0000,0x4900,0x7900,0x4A80,0x7C40},{0xFD40,0x4940,0x4B40,0x4940,0x4B40,0xFD40,0x0140,0x0540,0x0400,0x1B00,0x60C0},
{0xFD40,0x4B40,0x4940,0x4B40,0x4940,0xFD40,0x0000,0x1100,0x1100,0x2A80,0x4440},{0xFD40,0x4B40,0x4940,0x4B40,0x4940,0xFD40,0x0000,0x3F80,0x4040,0x4040,0x3F80},{0xFD40,0x4B40,0x4940,0x4B40,0x4940,0xFD40,0x0000,0x7FC0,0x0400,0x1B00,0x60C0},{0xFD40,0x4B40,0x4940,0x4B40,0x4940,0xFD40,0x0140,0x0400,0x7FC0,0x1B00,0x60C0},
{0xFD40,0x4B40,0x4940,0x4B40,0x4940,0xFD40,0x0000,0x7FC0,0x0040,0x7FC0,0x0040},{0xFD40,0x4B40,0x4940,0x4B40,0xFD40,0x0000,0x7FC0,0x4000,0x7FC0,0x4000,0x7FC0},{0xFD40,0x4B40,0x4940,0x4B40,0x4940,0xFD40,0x0000,0x7FC0,0x1100,0x1100,0x7FC0},{0xFD40,0x4B40,0x4940,0x4B40,0x4940,0xFD40,0x0400,0x7FC0,0x1F00,0x2080,0x1F00},
{0x7FC0,0x1100,0x1100,0x1100,0x1100,0x1100,0x7FC0,0x0400,0x0400,0xFFE0,0x0000},{0x7FC0,0x1100,0x1100,0x7FC0,0x0400,0xFFE0,0x0000,0x7FC0,0x0040,0x0040,0x0040},{0x7FC0,0x1100,0x1100,0x7FC0,0x0400,0xFFE0,0x0000,0x7FC0,0x0440,0x0440,0x0440},{0x7FC0,0x1100,0x1100,0x7FC0,0x0400,0xFFE0,0x0000,0x7900,0x0900,0x0A80,0x0C40},
{0x7FC0,0x1100,0x1100,0x7FC0,0x0400,0xFFE0,0x0000,0x4000,0x4000,0x4000,0x7FC0},{0x7FC0,0x1100,0x1100,0x7FC0,0x0400,0xFFE0,0x0000,0x47C0,0x4100,0x4280,0x7C40},{0x7FC0,0x1100,0x1100,0x7FC0,0x0400,0xFFE0,0x0100,0x47C0,0x4380,0x4440,0x7B80},{0x7FC0,0x1100,0x1100,0x7FC0,0x0400,0xFFE0,0x0000,0x7FC0,0x4000,0x4000,0x7FC0},
{0x7FC0,0x1100,0x7FC0,0x0400,0xFFE0,0x0000,0x7FC0,0x0040,0x7FC0,0x4000,0x7FC0},{0x7FC0,0x1100,0x7FC0,0x0400,0xFFE0,0x0000,0x7BC0,0x0840,0x7840,0x4040,0x7840},{0x7FC0,0x1100,0x7FC0,0x0400,0xFFE0,0x0000,0x7BC0,0x0A40,0x7A40,0x4240,0x7BC0},{0x7FC0,0x1100,0x7FC0,0x0400,0xFFE0,0x0000,0x7A40,0x0A40,0x7BC0,0x4240,0x7BC0},
{0x7FC0,0x1100,0x7FC0,0x0400,0xFFE0,0x0000,0x7900,0x0900,0x7900,0x4280,0x7C40},{0x7FC0,0x1100,0x7FC0,0x0400,0xFFE0,0x0000,0x7BC0,0x0A00,0x7BC0,0x4200,0x7BC0},{0x7FC0,0x1100,0x7FC0,0x0400,0xFFE0,0x0000,0x7FC0,0x0A80,0x7A80,0x4280,0x7FC0},{0x7FC0,0x1100,0x7FC0,0x0400,0xFFE0,0x0000,0x7900,0x0FC0,0x7B80,0x4440,0x7B80},
{0x7FC0,0x1100,0x1100,0x7FC0,0x0400,0xFFE0,0x0000,0x7FC0,0x4040,0x4040,0x7FC0},{0x7FC0,0x1100,0x1100,0x7FC0,0x0400,0xFFE0,0x0000,0x4040,0x7FC0,0x4040,0x7FC0},{0x7FC0,0x1100,0x1100,0x7FC0,0x0400,0xFFE0,0x0000,0x4900,0x7900,0x4A80,0x7C40},{0x7FC0,0x1100,0x1100,0x7FC0,0x0400,0xFFE0,0x0000,0x0400,0x0400,0x1B00,0x60C0},
{0x7FC0,0x1100,0x1100,0x7FC0,0x0400,0xFFE0,0x0000,0x1100,0x1100,0x2A80,0x4440},{0x7FC0,0x1100,0x1100,0x7FC0,0x0400,0xFFE0,0x0000,0x3F80,0x4040,0x4040,0x3F80},{0x7FC0,0x1100,0x1100,0x7FC0,0x0400,0xFFE0,0x0000,0x7FC0,0x0400,0x1B00,0x60C0},{0x7FC0,0x1100,0x1100,0x7FC0,0x0400,0xFFE0,0x0000,0x0400,0x7FC0,0x1B00,0x60C0},
{0x7FC0,0x1100,0x1100,0x7FC0,0x0400,0xFFE0,0x0000,0x7FC0,0x0040,0x7FC0,0x0040},{0x7FC0,0x1100,0x7FC0,0x0400,0xFFE0,0x0000,0x7FC0,0x4000,0x7FC0,0x4000,0x7FC0},{0x7FC0,0x1100,0x1100,0x7FC0,0x0400,0xFFE0,0x0000,0x7FC0,0x1100,0x1100,0x7FC0},{0x7FC0,0x1100,0x1100,0x7FC0,0x0400,0xFFE0,0x0400,0x7FC0,0x1F00,0x2080,0x1F00},
{0xFE40,0x4440,0x4440,0x4440,0x4440,0xFE60,0x1040,0x1040,0x1040,0xFF40,0x0040},{0xFE40,0x4440,0x4460,0xFE40,0x1040,0xFF40,0x0000,0x7FC0,0x0040,0x0040,0x0040},{0xFE40,0x4440,0x4460,0xFE40,0x1040,0xFF40,0x0000,0x7FC0,0x0440,0x0440,0x0440},{0xFE40,0x4440,0x4460,0xFE40,0x1040,0xFF40,0x0040,0x7900,0x0900,0x0A80,0x0C40},
{0xFE40,0x4440,0x4440,0xFE60,0x1040,0xFF40,0x0040,0x4040,0x4000,0x4000,0x7FC0},{0xFE40,0x4440,0x4460,0xFE40,0x1040,0xFF40,0x0000,0x47C0,0x4100,0x4280,0x7C40},{0xFE40,0x4440,0x4460,0xFE40,0x1040,0xFF40,0x0100,0x47C0,0x4380,0x4440,0x7B80},{0xFE40,0x4440,0x4460,0xFE40,0x1040,0xFF40,0x0000,0x7FC0,0x4000,0x4000,0x7FC0},
{0xFE40,0x4440,0xFE60,0x1040,0xFF40,0x0000,0x7FC0,0x0040,0x7FC0,0x4000,0x7FC0},{0xFE40,0x4440,0xFE60,0x1040,0xFF40,0x0000,0x7BC0,0x0840,0x7840,0x4040,0x7840},{0xFE40,0x4440,0xFE60,0x1040,0xFF40,0x0000,0x7BC0,0x0A40,0x7A40,0x4240,0x7BC0},{0xFE40,0x4440,0xFE60,0x1040,0xFF40,0x0000,0x7A40,0x0A40,0x7BC0,0x4240,0x7BC0},
{0xFE40,0x4440,0xFE60,0x1040,0xFF40,0x0040,0x7900,0x0900,0x7900,0x4280,0x7C40},{0xFE40,0x4440,0xFE60,0x1040,0xFF40,0x0000,0x7BC0,0x0A00,0x7BC0,0x4200,0x7BC0},{0xFE40,0x4440,0xFE60,0x1040,0xFF40,0x0000,0x7FC0,0x0A80,0x7A80,0x4280,0x7FC0},{0xFE40,0x4440,0xFE60,0x1040,0xFF40,0x0040,0x7900,0x0FC0,0x7B80,0x4440,0x7B80},
{0xFE40,0x4440,0x4460,0xFE40,0x1040,0xFF40,0x0000,0x7FC0,0x4040,0x4040,0x7FC0},{0xFE40,0x4440,0x4460,0xFE40,0x1040,0xFF40,0x0000,0x4040,0x7FC0,0x4040,0x7FC0},{0xFE40,0x4440,0x4460,0xFE40,0x1040,0xFF40,0x0040,0x4900,0x7900,0x4A80,0x7C40},{0xFE40,0x4440,0x4440,0xFE60,0x1040,0xFF40,0x0040,0x0440,0x0400,0x1B00,0x60C0},
{0xFE40,0x4440,0x4460,0xFE40,0x1040,0xFF40,0x0040,0x1100,0x1100,0x2A80,0x4440},{0xFE40,0x4440,0x4460,0xFE40,0x1040,0xFF40,0x0000,0x3F80,0x4040,0x4040,0x3F80},{0xFE40,0x4440,0x4460,0xFE40,0x1040,0xFF40,0x0000,0x7FC0,0x0400,0x1B00,0x60C0},{0xFE40,0x4440,0x4460,0xFE40,0x1040,0xFF40,0x0040,0x0400,0x7FC0,0x1B00,0x60C0},
{0xFE40,0x4440,0x4460,0xFE40,0x1040,0xFF40,0x0000,0x7FC0,0x0040,0x7FC0,0x0040},{0xFE40,0x4440,0xFE60,0x1040,0xFF40,0x0000,0x7FC0,0x4000,0x7FC0,0x4000,0x7FC0},{0xFE40,0x4440,0x4460,0xFE40,0x1040,0xFF40,0x0000,0x7FC0,0x1100,0x1100,0x7FC0},{0xFE40,0x4440,0x4460,0xFE40,0x1040,0xFF40,0x0400,0x7FC0,0x1F00,0x2080,0x1F00},
{0xFD40,0x4940,0x4940,0x4940,0x4940,0xFDC0,0x1140,0x1140,0x1140,0xFD40,0x0140},{0xFD40,0x4940,0x49C0,0xFD40,0x1140,0xFD40,0x0000,0x7FC0,0x0040,0x0040,0x0040},{0xFD40,0x4940,0x49C0,0xFD40,0x1140,0xFD40,0x0000,0x7FC0,0x0440,0x0440,0x0440},{0xFD40,0x4940,0x49C0,0xFD40,0x1140,0xFD40,0x0000,0x7900,0x0900,0x0A80,0x0C40},
{0xFD40,0x4940,0x4940,0xFDC0,0x1140,0xFD40,0x0140,0x4140,0x4000,0x4000,0x7FC0},{0xFD40,0x4940,0x49C0,0xFD40,0x1140,0xFD40,0x0000,0x47C0,0x4100,0x4280,0x7C40},{0xFD40,0x4940,0x49C0,0xFD40,0x1140,0xFD40,0x0100,0x47C0,0x4380,0x4440,0x7B80},{0xFD40,0x4940,0x49C0,0xFD40,0x1140,0xFD40,0x0000,0x7FC0,0x4000,0x4000,0x7FC0},
{0xFD40,0x4940,0xFDC0,0x1140,0xFD40,0x0000,0x7FC0,0x0040,0x7FC0,0x4000,0x7FC0},{0xFD40,0x4940,0xFDC0,0x1140,0xFD40,0x0000,0x7BC0,0x0840,0x7840,0x4040,0x7840},{0xFD40,0x4940,0xFDC0,0x1140,0xFD40,0x0000,0x7BC0,0x0A40,0x7A40,0x4240,0x7BC0},{0xFD40,0x4940,0xFDC0,0x1140,0xFD40,0x0000,0x7A40,0x0A40,0x7BC0,0x4240,0x7BC0},
{0xFD40,0x4940,0xFDC0,0x1140,0xFD40,0x0000,0x7900,0x0900,0x7900,0x4280,0x7C40},{0xFD40,0x4940,0xFDC0,0x1140,0xFD40,0x0000,0x7BC0,0x0A00,0x7BC0,0x4200,0x7BC0},{0xFD40,0x4940,0xFDC0,0x1140,0xFD40,0x0000,0x7FC0,0x0A80,0x7A80,0x4280,0x7FC0},{0xFD40,0x4940,0xFDC0,0x1140,0xFD40,0x0000,0x7900,0x0FC0,0x7B80,0x4440,0x7B80},
{0xFD40,0x4940,0x49C0,0xFD40,0x1140,0xFD40,0x0000,0x7FC0,0x4040,0x4040,0x7FC0},{0xFD40,0x4940,0x49C0,0xFD40,0x1140,0xFD40,0x0000,0x4040,0x7FC0,0x4040,0x7FC0},{0xFD40,0x4940,0x49C0,0xFD40,0x1140,0xFD40,0x0000,0x4900,0x7900,0x4A80,0x7C40},{0xFD40,0x4940,0x4940,0xFDC0,0x1140,0xFD40,0x0140,0x0540,0x0400,0x1B00,0x60C0},
{0xFD40,0x4940,0x49C0,0xFD40,0x1140,0xFD40,0x0000,0x1100,0x1100,0x2A80,0x4440},{0xFD40,0x4940,0x49C0,0xFD40,0x1140,0xFD40,0x0000,0x3F80,0x4040,0x4040,0x3F80},{0xFD40,0x4940,0x49C0,0xFD40,0x1140,0xFD40,0x0000,0x7FC0,0x0400,0x1B00,0x60C0},{0xFD40,0x4940,0x49C0,0xFD40,0x1140,0xFD40,0x0140,0x0400,0x7FC0,0x1B00,0x60C0},
{0xFD40,0x4940,0x49C0,0xFD40,0x1140,0xFD40,0x0000,0x7FC0,0x0040,0x7FC0,0x0040},{0xFD40,0x4940,0xFDC0,0x1140,0xFD40,0x0000,0x7FC0,0x4000,0x7FC0,0x4000,0x7FC0},{0xFD40,0x4940,0x49C0,0xFD40,0x1140,0xFD40,0x0000,0x7FC0,0x1100,0x1100,0x7FC0},{0xFD40,0x4940,0x49C0,0xFD40,0x1140,0xFD40,0x0400,0x7FC0,0x1F00,0x2080,0x1F00},
{0xFE40,0x4440,0x4440,0x4440,0x4440,0xFE40,0x0040,0x1040,0x1040,0xFF40,0x0040},{0xFE40,0x4440,0x4440,0xFE40,0x1040,0xFF40,0x0000,0x7FC0,0x0040,0x0040,0x0040},{0xFE40,0x4440,0x4440,0xFE40,0x1040,0xFF40,0x0000,0x7FC0,0x0440,0x0440,0x0440},{0xFE40,0x4440,0x4440,0xFE40,0x1040,0xFF40,0x0040,0x7900,0x0900,0x0A80,0x0C40},
{0xFE40,0x4440,0x4440,0xFE40,0x1040,0xFF40,0x0040,0x4040,0x4000,0x4000,0x7FC0},{0xFE40,0x4440,0x4440,0xFE40,0x1040,0xFF40,0x0000,0x47C0,0x4100,0x4280,0x7C40},{0xFE40,0x4440,0x4440,0xFE40,0x1040,0xFF40,0x0100,0x47C0,0x4380,0x4440,0x7B80},{0xFE40,0x4440,0x4440,0xFE40,0x1040,0xFF40,0x0000,0x7FC0,0x4000,0x4000,0x7FC0},
{0xFE40,0x4440,0xFE40,0x1040,0xFF40,0x0000,0x7FC0,0x0040,0x7FC0,0x4000,0x7FC0},{0xFE40,0x4440,0xFE40,0x1040,0xFF40,0x0000,0x7BC0,0x0840,0x7840,0x4040,0x7840},{0xFE40,0x4440,0xFE40,0x1040,0xFF40,0x0000,0x7BC0,0x0A40,0x7A40,0x4240,0x7BC0},{0xFE40,0x4440,0xFE40,0x1040,0xFF40,0x0000,0x7A40,0x0A40,0x7BC0,0x4240,0x7BC0},
{0xFE40,0x4440,0xFE40,0x1040,0xFF40,0x0040,0x7900,0x0900,0x7900,0x4280,0x7C40},{0xFE40,0x4440,0xFE40,0x1040,0xFF40,0x0000,0x7BC0,0x0A00,0x7BC0,0x4200,0x7BC0},{0xFE40,0x4440,0xFE40,0x1040,0xFF40,0x0000,0x7FC0,0x0A80,0x7A80,0x4280,0x7FC0},{0xFE40,0x4440,0xFE40,0x1040,0xFF40,0x0040,0x7900,0x0FC0,0x7B80,0x4440,0x7B80},
{0xFE40,0x4440,0x4440,0xFE40,0x1040,0xFF40,0x0000,0x7FC0,0x4040,0x4040,0x7FC0},{0xFE40,0x4440,0x4440,0xFE40,0x1040,0xFF40,0x0000,0x4040,0x7FC0,0x4040,0x7FC0},{0xFE40,0x4440,0x4440,0xFE40,0x1040,0xFF40,0x0040,0x4900,0x7900,0x4A80,0x7C40},{0xFE40,0x4440,0x4440,0xFE40,0x1040,0xFF40,0x0040,0x0440,0x0400,0x1B00,0x60C0},
{0xFE40,0x4440,0x4440,0xFE40,0x1040,0xFF40,0x0040,0x1100,0x1100,0x2A80,0x4440},{0xFE40,0x4440,0x4440,0xFE40,0x1040,0xFF40,0x0000,0x3F80,0x4040,0x4040,0x3F80},{0xFE40,0x4440,0x4440,0xFE40,0x1040,0xFF40,0x0000,0x7FC0,0x0400,0x1B00,0x60C0},{0xFE40,0x4440,0x4440,0xFE40,0x1040,0xFF40,0x0040,0x0400,0x7FC0,0x1B00,0x60C0},
{0xFE40,0x4440,0x4440,0xFE40,0x1040,0xFF40,0x0000,0x7FC0,0x0040,0x7FC0,0x0040},{0xFE40,0x4440,0xFE40,0x1040,0xFF40,0x0000,0x7FC0,0x4000,0x7FC0,0x4000,0x7FC0},{0xFE40,0x4440,0x4440,0xFE40,0x1040,0xFF40,0x0000,0x7FC0,0x1100,0x1100,0x7FC0},{0xFE40,0x4440,0x4440,0xFE40,0x1040,0xFF40,0x0400,0x7FC0,0x1F00,0x2080,0x1F00},
{0x7FC0,0x1100,0x1100,0x1100,0x1100,0x1100,0x7FC0,0x1100,0x1100,0xFFE0,0x0000},{0x7FC0,0x1100,0x1100,0x7FC0,0x1100,0xFFE0,0x0000,0x7FC0,0x0040,0x0040,0x0040},{0x7FC0,0x1100,0x1100,0x7FC0,0x1100,0xFFE0,0x0000,0x7FC0,0x0440,0x0440,0x0440},{0x7FC0,0x1100,0x1100,0x7FC0,0x1100,0xFFE0,0x0000,0x7900,0x0900,0x0A80,0x0C40},
{0x7FC0,0x1100,0x1100,0x7FC0,0x1100,0xFFE0,0x0000,0x4000,0x4000,0x4000,0x7FC0},{0x7FC0,0x1100,0x1100,0x7FC0,0x1100,0xFFE0,0x0000,0x47C0,0x4100,0x4280,0x7C40},{0x7FC0,0x1100,0x1100,0x7FC0,0x1100,0xFFE0,0x0100,0x47C0,0x4380,0x4440,0x7B80},{0x7FC0,0x1100,0x1100,0x7FC0,0x1100,0xFFE0,0x0000,0x7FC0,0x4000,0x4000,0x7FC0},
{0x7FC0,0x1100,0x7FC0,0x1100,0xFFE0,0x0000,0x7FC0,0x0040,0x7FC0,0x4000,0x7FC0},{0x7FC0,0x1100,0x7FC0,0x1100,0xFFE0,0x0000,0x7BC0,0x0840,0x7840,0x4040,0x7840},{0x7FC0,0x1100,0x7FC0,0x1100,0xFFE0,0x0000,0x7BC0,0x0A40,0x7A40,0x4240,0x7BC0},{0x7FC0,0x1100,0x7FC0,0x1100,0xFFE0,0x0000,0x7A40,0x0A40,0x7BC0,0x4240,0x7BC0},
{0x7FC0,0x1100,0x7FC0,0x1100,0xFFE0,0x0000,0x7900,0x0900,0x7900,0x4280,0x7C40},{0x7FC0,0x1100,0x7FC0,0x1100,0xFFE0,0x0000,0x7BC0,0x0A00,0x7BC0,0x4200,0x7BC0},{0x7FC0,0x1100,0x7FC0,0x1100,0xFFE0,0x0000,0x7FC0,0x0A80,0x7A80,0x4280,0x7FC0},{0x7FC0,0x1100,0x7FC0,0x1100,0xFFE0,0x0000,0x7900,0x0FC0,0x7B80,0x4440,0x7B80},
{0x7FC0,0x1100,0x1100,0x7FC0,0x1100,0xFFE0,0x0000,0x7FC0,0x4040,0x4040,0x7FC0},{0x7FC0,0x1100,0x1100,0x7FC0,0x1100,0xFFE0,0x0000,0x4040,0x7FC0,0x4040,0x7FC0},{0x7FC0,0x1100,0x1100,0x7FC0,0x1100,0xFFE0,0x0000,0x4900,0x7900,0x4A80,0x7C40},{0x7FC0,0x1100,0x1100,0x7FC0,0x1100,0xFFE0,0x0000,0x0400,0x0400,0x1B00,0x60C0},
{0x7FC0,0x1100,0x1100,0x7FC0,0x1100,0xFFE0,0x0000,0x1100,0x1100,0x2A80,0x4440},{0x7FC0,0x1100,0x1100,0x7FC0,0x1100,0xFFE0,0x0000,0x3F80,0x4040,0x4040,0x3F80},{0x7FC0,0x1100,0x1100,0x7FC0,0x1100,0xFFE0,0x0000,0x7FC0,0x0400,0x1B00,0x60C0},{0x7FC0,0x1100,0x1100,0x7FC0,0x1100,0xFFE0,0x0000,0x0400,0x7FC0,0x1B00,0x60C0},
{0x7FC0,0x1100,0x1100,0x7FC0,0x1100,0xFFE0,0x0000,0x7FC0,0x0040,0x7FC0,0x0040},{0x7FC0,0x1100,0x7FC0,0x1100,0xFFE0,0x0000,0x7FC0,0x4000,0x7FC0,0x4000,0x7FC0},{0x7FC0,0x1100,0x1100,0x7FC0,0x1100,0xFFE0,0x0000,0x7FC0,0x1100,0x1100,0x7FC0},{0x7FC0,0x1100,0x1100,0x7FC0,0x1100,0xFFE0,0x0400,0x7FC0,0x1F00,0x2080,0x1F00},
{0x7FC0,0x1100,0x1100,0x1100,0x7FC0,0x0000,0xFFE0,0x0400,0x0400,0x0400,0x0400},{0x7FC0,0x1100,0x1100,0x7FC0,0x0000,0xFFE0,0x0400,0x7FC0,0x0040,0x0040,0x0040},{0x7FC0,0x1100,0x1100,0x7FC0,0x0000,0xFFE0,0x0400,0x7FC0,0x0440,0x0440,0x0440},{0x7FC0,0x1100,0x1100,0x7FC0,0x0000,0xFFE0,0x0400,0x7900,0x0900,0x0A80,0x0C40},
{0x7FC0,0x1100,0x1100,0x7FC0,0x0000,0xFFE0,0x0400,0x4400,0x4000,0x4000,0x7FC0},{0x7FC0,0x1100,0x1100,0x7FC0,0x0000,0xFFE0,0x0400,0x47C0,0x4100,0x4280,0x7C40},{0x7FC0,0x1100,0x1100,0x7FC0,0x0000,0xFFE0,0x0500,0x47C0,0x4380,0x4440,0x7B80},{0x7FC0,0x1100,0x1100,0x7FC0,0x0000,0xFFE0,0x0400,0x7FC0,0x4000,0x4000,0x7FC0},
{0x7FC0,0x1100,0x7FC0,0x0000,0xFFE0,0x0400,0x7FC0,0x0040,0x7FC0,0x4000,0x7FC0},{0x7FC0,0x1100,0x7FC0,0x0000,0xFFE0,0x0400,0x7BC0,0x0840,0x7840,0x4040,0x7840},{0x7FC0,0x1100,0x7FC0,0x0000,0xFFE0,0x0400,0x7BC0,0x0A40,0x7A40,0x4240,0x7BC0},{0x7FC0,0x1100,0x7FC0,0x0000,0xFFE0,0x0400,0x7A40,0x0A40,0x7BC0,0x4240,0x7BC0},
{0x7FC0,0x1100,0x7FC0,0x0000,0xFFE0,0x0400,0x7900,0x0900,0x7900,0x4280,0x7C40},{0x7FC0,0x1100,0x7FC0,0x0000,0xFFE0,0x0400,0x7BC0,0x0A00,0x7BC0,0x4200,0x7BC0},{0x7FC0,0x1100,0x7FC0,0x0000,0xFFE0,0x0400,0x7FC0,0x0A80,0x7A80,0x4280,0x7FC0},{0x7FC0,0x1100,0x7FC0,0x0000,0xFFE0,0x0400,0x7900,0x0FC0,0x7B80,0x4440,0x7B80},
{0x7FC0,0x1100,0x1100,0x7FC0,0x0000,0xFFE0,0x0400,0x7FC0,0x4040,0x4040,0x7FC0},{0x7FC0,0x1100,0x1100,0x7FC0,0x0000,0xFFE0,0x0400,0x4040,0x7FC0,0x4040,0x7FC0},{0x7FC0,0x1100,0x1100,0x7FC0,0x0000,0xFFE0,0x0400,0x4900,0x7900,0x4A80,0x7C40},{0x7FC0,0x1100,0x1100,0x7FC0,0x0000,0xFFE0,0x0400,0x0000,0x0400,0x1B00,0x60C0},
{0x7FC0,0x1100,0x1100,0x7FC0,0x0000,0xFFE0,0x0400,0x1500,0x1100,0x2A80,0x4440},{0x7FC0,0x1100,0x1100,0x7FC0,0x0000,0xFFE0,0x0400,0x3F80,0x4040,0x4040,0x3F80},{0x7FC0,0x1100,0x1100,0x7FC0,0x0000,0xFFE0,0x0400,0x7FC0,0x0400,0x1B00,0x60C0},{0x7FC0,0x1100,0x7FC0,0x0000,0xFFE0,0x0400,0x0000,0x0400,0x7FC0,0x1B00,0x60C0},
{0x7FC0,0x1100,0x1100,0x7FC0,0x0000,0xFFE0,0x0400,0x7FC0,0x0040,0x7FC0,0x0040},{0x7FC0,0x1100,0x7FC0,0x0000,0xFFE0,0x0400,0x7FC0,0x4000,0x7FC0,0x4000,0x7FC0},{0x7FC0,0x1100,0x1100,0x7FC0,0x0000,0xFFE0,0x0400,0x7FC0,0x1100,0x1100,0x7FC0},{0x7FC0,0x1100,0x7FC0,0x0000,0xFFE0,0x0400,0x0400,0x7FC0,0x1F00,0x2080,0x1F00},
{0xFE40,0x4440,0x4440,0x4440,0xFE40,0x0040,0xFF40,0x1040,0x13C0,0x1040,0x1040},{0xFE40,0x4440,0x4440,0xFE40,0x0040,0xFF40,0x11C0,0x1040,0x7FC0,0x0040,0x0040},{0xFE40,0x4440,0x4440,0xFE40,0x0040,0xFF40,0x11C0,0x1040,0x7FC0,0x0440,0x0440},{0xFE40,0x4440,0x4440,0xFE40,0x0040,0xFF40,0x11C0,0x1040,0x7900,0x0A80,0x0C40},
{0xFE40,0x4440,0x4440,0xFE40,0x0040,0xFF40,0x11C0,0x5040,0x4000,0x4000,0x7FC0},{0xFE40,0x4440,0xFE40,0x0040,0xFF40,0x11C0,0x1040,0x47C0,0x4100,0x4280,0x7C40},{0xFE40,0x4440,0xFE40,0x0040,0xFF40,0x11C0,0x1140,0x47C0,0x4380,0x4440,0x7B80},{0xFE40,0x4440,0xFE40,0x0040,0xFF40,0x11C0,0x1040,0x7FC0,0x4000,0x4000,0x7FC0},
{0xFE40,0x4440,0xFE40,0x0040,0xFF40,0x11C0,0x7FC0,0x0040,0x7FC0,0x4000,0x7FC0},{0xFE40,0x4440,0xFE40,0x0040,0xFF40,0x11C0,0x7BC0,0x0840,0x7840,0x4040,0x7840},{0xFE40,0x4440,0xFE40,0x0040,0xFF40,0x11C0,0x7BC0,0x0A40,0x7A40,0x4240,0x7BC0},{0xFE40,0x4440,0xFE40,0x0040,0xFF40,0x11C0,0x7A40,0x0A40,0x7BC0,0x4240,0x7BC0},
{0xFE40,0x4440,0xFE40,0x0040,0xFF40,0x11C0,0x7840,0x0900,0x7900,0x4280,0x7C40},{0xFE40,0x4440,0xFE40,0x0040,0xFF40,0x11C0,0x7BC0,0x0A00,0x7BC0,0x4200,0x7BC0},{0xFE40,0x4440,0xFE40,0x0040,0xFF40,0x11C0,0x7FC0,0x0A80,0x7A80,0x4280,0x7FC0},{0xFE40,0x4440,0xFE40,0x0040,0xFF40,0x11C0,0x7940,0x0FC0,0x7B80,0x4440,0x7B80},
{0xFE40,0x4440,0xFE40,0x0040,0xFF40,0x11C0,0x1040,0x7FC0,0x4040,0x4040,0x7FC0},{0xFE40,0x4440,0xFE40,0x0040,0xFF40,0x11C0,0x1040,0x4040,0x7FC0,0x4040,0x7FC0},{0xFE40,0x4440,0xFE40,0x0040,0xFF40,0x11C0,0x1040,0x4900,0x7900,0x4A80,0x7C40},{0xFE40,0x4440,0x4440,0xFE40,0x0040,0xFF40,0x11C0,0x1440,0x0400,0x1B00,0x60C0},
{0xFE40,0x4440,0xFE40,0x0040,0xFF40,0x11C0,0x1040,0x0000,0x1100,0x2A80,0x4440},{0xFE40,0x4440,0xFE40,0x0040,0xFF40,0x11C0,0x1040,0x3F80,0x4040,0x4040,0x3F80},{0xFE40,0x4440,0xFE40,0x0040,0xFF40,0x11C0,0x1040,0x7FC0,0x0400,0x1B00,0x60C0},{0xFE40,0x4440,0xFE40,0x0040,0xFF40,0x11C0,0x1040,0x0400,0x7FC0,0x1B00,0x60C0},
{0xFE40,0x4440,0xFE40,0x0040,0xFF40,0x11C0,0x1040,0x7FC0,0x0040,0x7FC0,0x0040},{0xFE40,0x4440,0xFE40,0x0040,0xFF40,0x11C0,0x7FC0,0x4000,0x7FC0,0x4000,0x7FC0},{0xFE40,0x4440,0xFE40,0x0040,0xFF40,0x11C0,0x1040,0x7FC0,0x1100,0x1100,0x7FC0},{0xFE40,0x4440,0xFE40,0x0040,0xFF40,0x11C0,0x1440,0x7FC0,0x1F00,0x2080,0x1F00},
{0xFD40,0x4940,0x4940,0x4940,0xFD40,0x0140,0xFD40,0x2140,0x2740,0x2140,0x2140},{0xFD40,0x4940,0xFD40,0x0140,0xFD40,0x1740,0x1140,0x7FC0,0x0040,0x0040,0x0040},{0xFD40,0x4940,0xFD40,0x0140,0xFD40,0x1740,0x1140,0x7FC0,0x0440,0x0440,0x0440},{0xFD40,0x4940,0xFD40,0x0140,0xFD40,0x1740,0x1140,0x7800,0x0900,0x0A80,0x0C40},
{0xFD40,0x4940,0xFD40,0x0140,0xFD40,0x1140,0x1740,0x5140,0x4000,0x4000,0x7FC0},{0xFD40,0x4940,0xFD40,0x0140,0xFD40,0x1740,0x1140,0x47C0,0x4100,0x4280,0x7C40},{0xFD40,0x4940,0xFD40,0x0140,0xFD40,0x1740,0x1140,0x47C0,0x4380,0x4440,0x7B80},{0xFD40,0x4940,0xFD40,0x0140,0xFD40,0x1740,0x1140,0x7FC0,0x4000,0x4000,0x7FC0},
{0xFD40,0x4940,0xFD40,0x0140,0xFD40,0x1740,0x7FC0,0x0040,0x7FC0,0x4000,0x7FC0},{0xFD40,0x4940,0xFD40,0x0140,0xFD40,0x1740,0x7BC0,0x0840,0x7840,0x4040,0x7840},{0xFD40,0x4940,0xFD40,0x0140,0xFD40,0x1740,0x7BC0,0x0A40,0x7A40,0x4240,0x7BC0},{0xFD40,0x4940,0xFD40,0x0140,0xFD40,0x1740,0x7A40,0x0A40,0x7BC0,0x4240,0x7BC0},
{0xFD40,0x4940,0xFD40,0x0140,0xFD40,0x1740,0x7800,0x0900,0x7900,0x4280,0x7C40},{0xFD40,0x4940,0xFD40,0x0140,0xFD40,0x1740,0x7BC0,0x0A00,0x7BC0,0x4200,0x7BC0},{0xFD40,0x4940,0xFD40,0x0140,0xFD40,0x1740,0x7FC0,0x0A80,0x7A80,0x4280,0x7FC0},{0xFD40,0x4940,0xFD40,0x0140,0xFD40,0x1740,0x7900,0x0FC0,0x7B80,0x4440,0x7B80},
{0xFD40,0x4940,0xFD40,0x0140,0xFD40,0x1740,0x1140,0x7FC0,0x4040,0x4040,0x7FC0},{0xFD40,0x4940,0xFD40,0x0140,0xFD40,0x1740,0x1140,0x4040,0x7FC0,0x4040,0x7FC0},{0xFD40,0x4940,0xFD40,0x0140,0xFD40,0x1740,0x1140,0x4800,0x7900,0x4A80,0x7C40},{0xFD40,0x4940,0xFD40,0x0140,0xFD40,0x1740,0x1140,0x1540,0x0400,0x1B00,0x60C0},
{0xFD40,0x4940,0xFD40,0x0140,0xFD40,0x1740,0x1140,0x0000,0x1100,0x2A80,0x4440},{0xFD40,0x4940,0xFD40,0x0140,0xFD40,0x1740,0x1140,0x3F80,0x4040,0x4040,0x3F80},{0xFD40,0x4940,0xFD40,0x0140,0xFD40,0x1740,0x1140,0x7FC0,0x0400,0x1B00,0x60C0},{0xFD40,0x4940,0xFD40,0x0140,0xFD40,0x1740,0x1140,0x0400,0x7FC0,0x1B00,0x60C0},
{0xFD40,0x4940,0xFD40,0x0140,0xFD40,0x1740,0x1140,0x7FC0,0x0040,0x7FC0,0x0040},{0xFD40,0x4940,0xFD40,0x0140,0xFD40,0x1740,0x7FC0,0x4000,0x7FC0,0x4000,0x7FC0},{0xFD40,0x4940,0xFD40,0x0140,0xFD40,0x1740,0x1140,0x7FC0,0x1100,0x1100,0x7FC0},{0xFD40,0x4940,0xFD40,0x0140,0xFD40,0x1740,0x1540,0x7FC0,0x1F00,0x2080,0x1F00},
{0xFF40,0x2440,0x2440,0x2440,0xFF40,0x0040,0xFF40,0x0840,0x0840,0x0840,0x0840},{0xFF40,0x2440,0x2440,0xFF40,0x0040,0xFF40,0x0800,0x7FC0,0x0040,0x0040,0x0040},{0xFF40,0x2440,0x2440,0xFF40,0x0040,0xFF40,0x0800,0x7FC0,0x0440,0x0440,0x0440},{0xFF40,0x2440,0x2440,0xFF40,0x0040,0xFF40,0x1040,0x7900,0x0900,0x0A80,0x0C40},
{0xFF40,0x2440,0x2440,0xFF40,0x0040,0xFF40,0x0840,0x4840,0x4000,0x4000,0x7FC0},{0xFF40,0x2440,0x2440,0xFF40,0x0040,0xFF40,0x1000,0x57C0,0x4100,0x4280,0x7C40},{0xFF40,0x2440,0x2440,0xFF40,0x0040,0xFF40,0x1100,0x57C0,0x4380,0x4440,0x7B80},{0xFF40,0x2440,0x2440,0xFF40,0x0040,0xFF40,0x0800,0x7FC0,0x4000,0x4000,0x7FC0},
{0xFF40,0x2440,0xFF40,0x0040,0xFF40,0x0800,0x7FC0,0x0040,0x7FC0,0x4000,0x7FC0},{0xFF40,0x2440,0xFF40,0x0040,0xFF40,0x1000,0x7BC0,0x0840,0x7840,0x4040,0x7840},{0xFF40,0x2440,0xFF40,0x0040,0xFF40,0x1000,0x7BC0,0x0A40,0x7A40,0x4240,0x7BC0},{0xFF40,0x2440,0xFF40,0x0040,0xFF40,0x1000,0x7A40,0x0A40,0x7BC0,0x4240,0x7BC0},
{0xFF40,0x2440,0xFF40,0x0040,0xFF40,0x1040,0x7900,0x0900,0x7900,0x4280,0x7C40},{0xFF40,0x2440,0xFF40,0x0040,0xFF40,0x1000,0x7BC0,0x0A00,0x7BC0,0x4200,0x7BC0},{0xFF40,0x2440,0xFF40,0x0040,0xFF40,0x1000,0x7FC0,0x0A80,0x7A80,0x4280,0x7FC0},{0xFF40,0x2440,0xFF40,0x0040,0xFF40,0x1040,0x7900,0x0FC0,0x7B80,0x4440,0x7B80},
{0xFF40,0x2440,0x2440,0xFF40,0x0040,0xFF40,0x0800,0x7FC0,0x4040,0x4040,0x7FC0},{0xFF40,0x2440,0x2440,0xFF40,0x0040,0xFF40,0x0800,0x4040,0x7FC0,0x4040,0x7FC0},{0xFF40,0x2440,0x2440,0xFF40,0x0040,0xFF40,0x1040,0x4900,0x7900,0x4A80,0x7C40},{0xFF40,0x2440,0x2440,0xFF40,0x0040,0xFF40,0x1040,0x1440,0x0400,0x1B00,0x60C0},
{0xFF40,0x2440,0x2440,0xFF40,0x0040,0xFF40,0x0840,0x0840,0x1100,0x2A80,0x4440},{0xFF40,0x2440,0x2440,0xFF40,0x0040,0xFF40,0x0800,0x3F80,0x4040,0x4040,0x3F80},{0xFF40,0x2440,0x2440,0xFF40,0x0040,0xFF40,0x0800,0x7FC0,0x0400,0x1B00,0x60C0},{0xFF40,0x2440,0x2440,0xFF40,0x0040,0xFF40,0x1040,0x0400,0x7FC0,0x1B00,0x60C0},
{0xFF40,0x2440,0x2440,0xFF40,0x0040,0xFF40,0x0800,0x7FC0,0x0040,0x7FC0,0x0040},{0xFF40,0x2440,0xFF40,0x0040,0xFF40,0x0800,0x7FC0,0x4000,0x7FC0,0x4000,0x7FC0},{0xFF40,0x2440,0x2440,0xFF40,0x0040,0xFF40,0x0800,0x7FC0,0x1100,0x1100,0x7FC0},{0xFF40,0x2440,0xFF40,0x0040,0xFF40,0x1040,0x0400,0x7FC0,0x1F00,0x2080,0x1F00},
{0x7FC0,0x1100,0x1100,0x1100,0x7FC0,0x0000,0xFFE0,0x1100,0x1100,0x1100,0x1100},{0x7FC0,0x1100,0x1100,0x7FC0,0x0000,0xFFE0,0x1100,0x7FC0,0x0040,0x0040,0x0040},{0x7FC0,0x1100,0x1100,0x7FC0,0x0000,0xFFE0,0x1100,0x7FC0,0x0440,0x0440,0x0440},{0x7FC0,0x1100,0x1100,0x7FC0,0x0000,0xFFE0,0x1100,0x7800,0x0900,0x0A80,0x0C40},
{0x7FC0,0x1100,0x1100,0x7FC0,0x0000,0xFFE0,0x1100,0x5100,0x4000,0x4000,0x7FC0},{0x7FC0,0x1100,0x1100,0x7FC0,0x0000,0xFFE0,0x1100,0x57C0,0x4100,0x4280,0x7C40},{0x7FC0,0x1100,0x1100,0x7FC0,0x0000,0xFFE0,0x1100,0x57C0,0x4380,0x4440,0x7B80},{0x7FC0,0x1100,0x1100,0x7FC0,0x0000,0xFFE0,0x1100,0x7FC0,0x4000,0x4000,0x7FC0},
{0x7FC0,0x1100,0x7FC0,0x0000,0xFFE0,0x1100,0x7FC0,0x0040,0x7FC0,0x4000,0x7FC0},{0x7FC0,0x1100,0x7FC0,0x0000,0xFFE0,0x1100,0x7BC0,0x0840,0x7840,0x4040,0x7840},{0x7FC0,0x1100,0x7FC0,0x0000,0xFFE0,0x1100,0x7BC0,0x0A40,0x7A40,0x4240,0x7BC0},{0x7FC0,0x1100,0x7FC0,0x0000,0xFFE0,0x1100,0x7A40,0x0A40,0x7BC0,0x4240,0x7BC0},
{0x7FC0,0x1100,0x7FC0,0x0000,0xFFE0,0x1100,0x7800,0x0900,0x7900,0x4280,0x7C40},{0x7FC0,0x1100,0x7FC0,0x0000,0xFFE0,0x1100,0x7BC0,0x0A00,0x7BC0,0x4200,0x7BC0},{0x7FC0,0x1100,0x7FC0,0x0000,0xFFE0,0x1100,0x7FC0,0x0A80,0x7A80,0x4280,0x7FC0},{0x7FC0,0x1100,0x7FC0,0x0000,0xFFE0,0x1100,0x7900,0x0FC0,0x7B80,0x4440,0x7B80},
{0x7FC0,0x1100,0x1100,0x7FC0,0x0000,0xFFE0,0x1100,0x7FC0,0x4040,0x4040,0x7FC0},{0x7FC0,0x1100,0x1100,0x7FC0,0x0000,0xFFE0,0x1100,0x4040,0x7FC0,0x4040,0x7FC0},{0x7FC0,0x1100,0x1100,0x7FC0,0x0000,0xFFE0,0x1100,0x4800,0x7900,0x4A80,0x7C40},{0x7FC0,0x1100,0x1100,0x7FC0,0x0000,0xFFE0,0x1100,0x1500,0x0400,0x1B00,0x60C0},
{0x7FC0,0x1100,0x1100,0x7FC0,0x0000,0xFFE0,0x1100,0x0000,0x1100,0x2A80,0x4440},{0x7FC0,0x1100,0x1100,0x7FC0,0x0000,0xFFE0,0x1100,0x3F80,0x4040,0x4040,0x3F80},{0x7FC0,0x1100,0x1100,0x7FC0,0x0000,0xFFE0,0x1100,0x7FC0,0x0400,0x1B00,0x60C0},{0x7FC0,0x1100,0x1100,0x7FC0,0x0000,0xFFE0,0x1100,0x0400,0x7FC0,0x1B00,0x60C0},
{0x7FC0,0x1100,0x1100,0x7FC0,0x0000,0xFFE0,0x1100,0x7FC0,0x0040,0x7FC0,0x0040},{0x7FC0,0x1100,0x7FC0,0x0000,0xFFE0,0x1100,0x7FC0,0x4000,0x7FC0,0x4000,0x7FC0},{0x7FC0,0x1100,0x1100,0x7FC0,0x0000,0xFFE0,0x1100,0x7FC0,0x1100,0x1100,0x7FC0},{0x7FC0,0x1100,0x7FC0,0x0000,0xFFE0,0x1100,0x0400,0x7FC0,0x1F00,0x2080,0x1F00},
{0x7FC0,0x1100,0x1100,0x1100,0x1100,0x1100,0x7FC0,0x0000,0x0000,0xFFE0,0x0000},{0x7FC0,0x1100,0x1100,0x7FC0,0x0000,0xFFE0,0x0000,0x7FC0,0x0040,0x0040,0x0040},{0x7FC0,0x1100,0x1100,0x7FC0,0x0000,0xFFE0,0x0000,0x7FC0,0x0440,0x0440,0x0440},{0x7FC0,0x1100,0x1100,0x7FC0,0x0000,0xFFE0,0x0000,0x7900,0x0900,0x0A80,0x0C40},
{0x7FC0,0x1100,0x1100,0x7FC0,0x0000,0xFFE0,0x0000,0x4000,0x4000,0x4000,0x7FC0},{0x7FC0,0x1100,0x1100,0x7FC0,0x0000,0xFFE0,0x0000,0x47C0,0x4100,0x4280,0x7C40},{0x7FC0,0x1100,0x1100,0x7FC0,0x0000,0xFFE0,0x0100,0x47C0,0x4380,0x4440,0x7B80},{0x7FC0,0x1100,0x1100,0x7FC0,0x0000,0xFFE0,0x0000,0x7FC0,0x4000,0x4000,0x7FC0},
{0x7FC0,0x1100,0x7FC0,0x0000,0xFFE0,0x0000,0x7FC0,0x0040,0x7FC0,0x4000,0x7FC0},{0x7FC0,0x1100,0x7FC0,0x0000,0xFFE0,0x0000,0x7BC0,0x0840,0x7840,0x4040,0x7840},{0x7FC0,0x1100,0x7FC0,0x0000,0xFFE0,0x0000,0x7BC0,0x0A40,0x7A40,0x4240,0x7BC0},{0x7FC0,0x1100,0x7FC0,0x0000,0xFFE0,0x0000,0x7A40,0x0A40,0x7BC0,0x4240,0x7BC0},
{0x7FC0,0x1100,0x7FC0,0x0000,0xFFE0,0x0000,0x7900,0x0900,0x7900,0x4280,0x7C40},{0x7FC0,0x1100,0x7FC0,0x0000,0xFFE0,0x0000,0x7BC0,0x0A00,0x7BC0,0x4200,0x7BC0},{0x7FC0,0x1100,0x7FC0,0x0000,0xFFE0,0x0000,0x7FC0,0x0A80,0x7A80,0x4280,0x7FC0},{0x7FC0,0x1100,0x7FC0,0x0000,0xFFE0,0x0000,0x7900,0x0FC0,0x7B80,0x4440,0x7B80},
{0x7FC0,0x1100,0x1100,0x7FC0,0x0000,0xFFE0,0x0000,0x7FC0,0x4040,0x4040,0x7FC0},{0x7FC0,0x1100,0x1100,0x7FC0,0x0000,0xFFE0,0x0000,0x4040,0x7FC0,0x4040,0x7FC0},{0x7FC0,0x1100,0x1100,0x7FC0,0x0000,0xFFE0,0x0000,0x4900,0x7900,0x4A80,0x7C40},{0x7FC0,0x1100,0x1100,0x7FC0,0x0000,0xFFE0,0x0000,0x0400,0x0400,0x1B00,0x60C0},
{0x7FC0,0x1100,0x1100,0x7FC0,0x0000,0xFFE0,0x0000,0x1100,0x1100,0x2A80,0x4440},{0x7FC0,0x1100,0x1100,0x7FC0,0x0000,0xFFE0,0x0000,0x3F80,0x4040,0x4040,0x3F80},{0x7FC0,0x1100,0x1100,0x7FC0,0x0000,0xFFE0,0x0000,0x7FC0,0x0400,0x1B00,0x60C0},{0x7FC0,0x1100,0x1100,0x7FC0,0x0000,0xFFE0,0x0000,0x0400,0x7FC0,0x1B00,0x60C0},
{0x7FC0,0x1100,0x1100,0x7FC0,0x0000,0xFFE0,0x0000,0x7FC0,0x0040,0x7FC0,0x0040},{0x7FC0,0x1100,0x7FC0,0x0000,0xFFE0,0x0000,0x7FC0,0x4000,0x7FC0,0x4000,0x7FC0},{0x7FC0,0x1100,0x1100,0x7FC0,0x0000,0xFFE0,0x0000,0x7FC0,0x1100,0x1100,0x7FC0},{0x7FC0,0x1100,0x1100,0x7FC0,0x0000,0xFFE0,0x0400,0x7FC0,0x1F00,0x2080,0x1F00},
{0xFE40,0x4440,0x4440,0x4440,0x4440,0x4440,0xFE40,0x0040,0x0040,0xFF40,0x0040},{0xFF40,0x2440,0x2440,0xFF40,0x0040,0xFF40,0x0000,0x7FC0,0x0040,0x0040,0x0040},{0xFF40,0x2440,0x2440,0xFF40,0x0040,0xFF40,0x0000,0x7FC0,0x0440,0x0440,0x0440},{0xFF40,0x2440,0x2440,0xFF40,0x0040,0xFF40,0x0040,0x7900,0x0900,0x0A80,0x0C40},
{0xFF40,0x2440,0x2440,0xFF40,0x0040,0xFF40,0x0040,0x4040,0x4000,0x4000,0x7FC0},{0xFF40,0x2440,0x2440,0xFF40,0x0040,0xFF40,0x0000,0x47C0,0x4100,0x4280,0x7C40},{0xFF40,0x2440,0x2440,0xFF40,0x0040,0xFF40,0x0100,0x47C0,0x4380,0x4440,0x7B80},{0xFF40,0x2440,0x2440,0xFF40,0x0040,0xFF40,0x0000,0x7FC0,0x4000,0x4000,0x7FC0},
{0xFF40,0x2440,0xFF40,0x0040,0xFF40,0x0000,0x7FC0,0x0040,0x7FC0,0x4000,0x7FC0},{0xFF40,0x2440,0xFF40,0x0040,0xFF40,0x0000,0x7BC0,0x0840,0x7840,0x4040,0x7840},{0xFF40,0x2440,0xFF40,0x0040,0xFF40,0x0000,0x7BC0,0x0A40,0x7A40,0x4240,0x7BC0},{0xFF40,0x2440,0xFF40,0x0040,0xFF40,0x0000,0x7A40,0x0A40,0x7BC0,0x4240,0x7BC0},
{0xFF40,0x2440,0xFF40,0x0040,0xFF40,0x0040,0x7900,0x0900,0x7900,0x4280,0x7C40},{0xFF40,0x2440,0xFF40,0x0040,0xFF40,0x0000,0x7BC0,0x0A00,0x7BC0,0x4200,0x7BC0},{0xFF40,0x2440,0xFF40,0x0040,0xFF40,0x0000,0x7FC0,0x0A80,0x7A80,0x4280,0x7FC0},{0xFF40,0x2440,0xFF40,0x0040,0xFF40,0x0040,0x7900,0x0FC0,0x7B80,0x4440,0x7B80},
{0xFF40,0x2440,0x2440,0xFF40,0x0040,0xFF40,0x0000,0x7FC0,0x4040,0x4040,0x7FC0},{0xFF40,0x2440,0x2440,0xFF40,0x0040,0xFF40,0x0000,0x4040,0x7FC0,0x4040,0x7FC0},{0xFF40,0x2440,0x2440,0xFF40,0x0040,0xFF40,0x0040,0x4900,0x7900,0x4A80,0x7C40},{0xFF40,0x2440,0x2440,0xFF40,0x0040,0xFF40,0x0040,0x0440,0x0400,0x1B00,0x60C0},
{0xFF40,0x2440,0x2440,0xFF40,0x0040,0xFF40,0x0040,0x1100,0x1100,0x2A80,0x4440},{0xFF40,0x2440,0x2440,0xFF40,0x0040,0xFF40,0x0000,0x3F80,0x4040,0x4040,0x3F80},{0xFF40,0x2440,0x2440,0xFF40,0x0040,0xFF40,0x0000,0x7FC0,0x0400,0x1B00,0x60C0},{0xFF40,0x2440,0x2440,0xFF40,0x0040,0xFF40,0x0040,0x0400,0x7FC0,0x1B00,0x60C0},
{0xFF40,0x2440,0x2440,0xFF40,0x0040,0xFF40,0x0000,0x7FC0,0x0040,0x7FC0,0x0040},{0xFF40,0x2440,0xFF40,0x0040,0xFF40,0x0000,0x7FC0,0x4000,0x7FC0,0x4000,0x7FC0},{0xFF40,0x2440,0x2440,0xFF40,0x0040,0xFF40,0x0000,0x7FC0,0x1100,0x1100,0x7FC0},{0xFF40,0x2440,0x2440,0xFF40,0x0040,0xFF40,0x0400,0x7FC0,0x1F00,0x2080,0x1F00},
{0xFE40,0x4440,0x4440,0x4440,0x4440,0x4440,0x4440,0x4440,0x4440,0xFE40,0x0040},{0xFF40,0x2440,0x2440,0x2440,0x2440,0xFF40,0x0000,0x7FC0,0x0040,0x0040,0x0040},{0xFF40,0x2440,0x2440,0x2440,0x2440,0xFF40,0x0000,0x7FC0,0x0440,0x0440,0x0440},{0xFF40,0x2440,0x2440,0x2440,0x2440,0xFF40,0x0040,0x7900,0x0900,0x0A80,0x0C40},
{0xFF40,0x2440,0x2440,0x2440,0x2440,0xFF40,0x0040,0x4040,0x4000,0x4000,0x7FC0},{0xFF40,0x2440,0x2440,0x2440,0x2440,0xFF40,0x0000,0x47C0,0x4100,0x4280,0x7C40},{0xFF40,0x2440,0x2440,0x2440,0x2440,0xFF40,0x0100,0x47C0,0x4380,0x4440,0x7B80},{0xFF40,0x2440,0x2440,0x2440,0x2440,0xFF40,0x0000,0x7FC0,0x4000,0x4000,0x7FC0},
{0xFF40,0x2440,0x2440,0x2440,0xFF40,0x0000,0x7FC0,0x0040,0x7FC0,0x4000,0x7FC0},{0xFF40,0x2440,0x2440,0x2440,0xFF40,0x0000,0x7BC0,0x0840,0x7840,0x4040,0x7840},{0xFF40,0x2440,0x2440,0x2440,0xFF40,0x0000,0x7BC0,0x0A40,0x7A40,0x4240,0x7BC0},{0xFF40,0x2440,0x2440,0x2440,0xFF40,0x0000,0x7A40,0x0A40,0x7BC0,0x4240,0x7BC0},
{0xFF40,0x2440,0x2440,0x2440,0xFF40,0x0040,0x7900,0x0900,0x7900,0x4280,0x7C40},{0xFF40,0x2440,0x2440,0x2440,0xFF40,0x0000,0x7BC0,0x0A00,0x7BC0,0x4200,0x7BC0},{0xFF40,0x2440,0x2440,0x2440,0xFF40,0x0000,0x7FC0,0x0A80,0x7A80,0x4280,0x7FC0},{0xFF40,0x2440,0x2440,0x2440,0xFF40,0x0040,0x7900,0x0FC0,0x7B80,0x4440,0x7B80},
{0xFF40,0x2440,0x2440,0x2440,0x2440,0xFF40,0x0000,0x7FC0,0x4040,0x4040,0x7FC0},{0xFF40,0x2440,0x2440,0x2440,0x2440,0xFF40,0x0000,0x4040,0x7FC0,0x4040,0x7FC0},{0xFF40,0x2440,0x2440,0x2440,0x2440,0xFF40,0x0040,0x4900,0x7900,0x4A80,0x7C40},{0xFF40,0x2440,0x2440,0x2440,0x2440,0xFF40,0x0040,0x0440,0x0400,0x1B00,0x60C0},
{0xFF40,0x2440,0x2440,0x2440,0x2440,0xFF40,0x0040,0x1100,0x1100,0x2A80,0x4440},{0xFF40,0x2440,0x2440,0x2440,0x2440,0xFF40,0x0000,0x3F80,0x4040,0x4040,0x3F80},{0xFF40,0x2440,0x2440,0x2440,0x2440,0xFF40,0x0000,0x7FC0,0x0400,0x1B00,0x60C0},{0xFF40,0x2440,0x2440,0x2440,0x2440,0xFF40,0x0040,0x0400,0x7FC0,0x1B00,0x60C0},
{0xFF40,0x2440,0x2440,0x2440,0x2440,0xFF40,0x0000,0x7FC0,0x0040,0x7FC0,0x0040},{0xFF40,0x2440,0x2440,0x2440,0xFF40,0x0000,0x7FC0,0x4000,0x7FC0,0x4000,0x7FC0},{0xFF40,0x2440,0x2440,0x2440,0x2440,0xFF40,0x0000,0x7FC0,0x1100,0x1100,0x7FC0},{0xFF40,0x2440,0x2440,0x2440,0x2440,0xFF40,0x0400,0x7FC0,0x1F00,0x2080,0x1F00},
{0x3C40,0x0040,0xFF40,0x0040,0x3C40,0x4260,0x4240,0x4240,0x4240,0x3C40,0x0040},{0x1040,0xFF40,0x3C60,0x4240,0x4240,0x3C40,0x0000,0x7FC0,0x0040,0x0040,0x0040},{0x1040,0xFF40,0x3C60,0x4240,0x4240,0x3C40,0x0000,0x7FC0,0x0440,0x0440,0x0440},{0x1040,0xFF40,0x3C60,0x4240,0x4240,0x3C40,0x0040,0x7900,0x0900,0x0A80,0x0C40},
{0x1040,0xFF40,0x3C40,0x4260,0x4240,0x3C40,0x0040,0x4040,0x4000,0x4000,0x7FC0},{0x1040,0xFF40,0x3C60,0x4240,0x4240,0x3C40,0x0000,0x47C0,0x4100,0x4280,0x7C40},{0x1040,0xFF40,0x3C60,0x4240,0x4240,0x3C40,0x0100,0x47C0,0x4380,0x4440,0x7B80},{0x1040,0xFF40,0x3C60,0x4240,0x4240,0x3C40,0x0000,0x7FC0,0x4000,0x4000,0x7FC0},
{0x1040,0xFF40,0x3C60,0x4240,0x3C40,0x0000,0x7FC0,0x0040,0x7FC0,0x4000,0x7FC0},{0x1040,0xFF40,0x3C60,0x4240,0x3C40,0x0000,0x7BC0,0x0840,0x7840,0x4040,0x7840},{0x1040,0xFF40,0x3C60,0x4240,0x3C40,0x0000,0x7BC0,0x0A40,0x7A40,0x4240,0x7BC0},{0x1040,0xFF40,0x3C60,0x4240,0x3C40,0x0000,0x7A40,0x0A40,0x7BC0,0x4240,0x7BC0},
{0x1040,0xFF40,0x3C60,0x4240,0x3C40,0x0040,0x7900,0x0900,0x7900,0x4280,0x7C40},{0x1040,0xFF40,0x3C60,0x4240,0x3C40,0x0000,0x7BC0,0x0A00,0x7BC0,0x4200,0x7BC0},{0x1040,0xFF40,0x3C60,0x4240,0x3C40,0x0000,0x7FC0,0x0A80,0x7A80,0x4280,0x7FC0},{0x1040,0xFF40,0x3C60,0x4240,0x3C40,0x0040,0x7900,0x0FC0,0x7B80,0x4440,0x7B80},
{0x1040,0xFF40,0x3C60,0x4240,0x4240,0x3C40,0x0000,0x7FC0,0x4040,0x4040,0x7FC0},{0x1040,0xFF40,0x3C60,0x4240,0x4240,0x3C40,0x0000,0x4040,0x7FC0,0x4040,0x7FC0},{0x1040,0xFF40,0x3C60,0x4240,0x4240,0x3C40,0x0040,0x4900,0x7900,0x4A80,0x7C40},{0x1040,0xFF40,0x3C40,0x4260,0x4240,0x3C40,0x0040,0x0440,0x0400,0x1B00,0x60C0},
{0x1040,0xFF40,0x3C60,0x4240,0x4240,0x3C40,0x0040,0x1100,0x1100,0x2A80,0x4440},{0x1040,0xFF40,0x3C60,0x4240,0x4240,0x3C40,0x0000,0x3F80,0x4040,0x4040,0x3F80},{0x1040,0xFF40,0x3C60,0x4240,0x4240,0x3C40,0x0000,0x7FC0,0x0400,0x1B00,0x60C0},{0x1040,0xFF40,0x3C60,0x4240,0x4240,0x3C40,0x0040,0x0400,0x7FC0,0x1B00,0x60C0},
{0x1040,0xFF40,0x3C60,0x4240,0x4240,0x3C40,0x0000,0x7FC0,0x0040,0x7FC0,0x0040},{0x1040,0xFF40,0x3C60,0x4240,0x3C40,0x0000,0x7FC0,0x4000,0x7FC0,0x4000,0x7FC0},{0x1040,0xFF40,0x3C60,0x4240,0x4240,0x3C40,0x0000,0x7FC0,0x1100,0x1100,0x7FC0},{0x1040,0xFF40,0x3C60,0x4240,0x4240,0x3C40,0x0400,0x7FC0,0x1F00,0x2080,0x1F00},
{0x3940,0x0140,0xFF40,0x0140,0x3940,0x45C0,0x4540,0x4540,0x4540,0x3940,0x0140},{0x2140,0xFF40,0x79C0,0x8540,0x8540,0x7940,0x0000,0x7FC0,0x0040,0x0040,0x0040},{0x2140,0xFF40,0x79C0,0x8540,0x8540,0x7940,0x0000,0x7FC0,0x0440,0x0440,0x0440},{0x2140,0xFF40,0x79C0,0x8540,0x8540,0x7940,0x0000,0x7900,0x0900,0x0A80,0x0C40},
{0x2140,0xFF40,0x7940,0x85C0,0x8540,0x7940,0x0140,0x4140,0x4000,0x4000,0x7FC0},{0x2140,0xFF40,0x79C0,0x8540,0x8540,0x7940,0x0000,0x47C0,0x4100,0x4280,0x7C40},{0x2140,0xFF40,0x79C0,0x8540,0x8540,0x7940,0x0100,0x47C0,0x4380,0x4440,0x7B80},{0x2140,0xFF40,0x79C0,0x8540,0x8540,0x7940,0x0000,0x7FC0,0x4000,0x4000,0x7FC0},
{0x2140,0xFF40,0x79C0,0x8540,0x7940,0x0000,0x7FC0,0x0040,0x7FC0,0x4000,0x7FC0},{0x2140,0xFF40,0x79C0,0x8540,0x7940,0x0000,0x7BC0,0x0840,0x7840,0x4040,0x7840},{0x2140,0xFF40,0x79C0,0x8540,0x7940,0x0000,0x7BC0,0x0A40,0x7A40,0x4240,0x7BC0},{0x2140,0xFF40,0x79C0,0x8540,0x7940,0x0000,0x7A40,0x0A40,0x7BC0,0x4240,0x7BC0},
{0x2140,0xFF40,0x79C0,0x8540,0x7940,0x0000,0x7900,0x0900,0x7900,0x4280,0x7C40},{0x2140,0xFF40,0x79C0,0x8540,0x7940,0x0000,0x7BC0,0x0A00,0x7BC0,0x4200,0x7BC0},{0x2140,0xFF40,0x79C0,0x8540,0x7940,0x0000,0x7FC0,0x0A80,0x7A80,0x4280,0x7FC0},{0x2140,0xFF40,0x79C0,0x8540,0x7940,0x0000,0x7900,0x0FC0,0x7B80,0x4440,0x7B80},
{0x2140,0xFF40,0x79C0,0x8540,0x8540,0x7940,0x0000,0x7FC0,0x4040,0x4040,0x7FC0},{0x2140,0xFF40,0x79C0,0x8540,0x8540,0x7940,0x0000,0x4040,0x7FC0,0x4040,0x7FC0},{0x2140,0xFF40,0x79C0,0x8540,0x8540,0x7940,0x0000,0x4900,0x7900,0x4A80,0x7C40},{0x2140,0xFF40,0x7940,0x85C0,0x8540,0x7940,0x0140,0x0540,0x0400,0x1B00,0x60C0},
{0x2140,0xFF40,0x79C0,0x8540,0x8540,0x7940,0x0000,0x1100,0x1100,0x2A80,0x4440},{0x2140,0xFF40,0x79C0,0x8540,0x8540,0x7940,0x0000,0x3F80,0x4040,0x4040,0x3F80},{0x2140,0xFF40,0x79C0,0x8540,0x8540,0x7940,0x0000,0x7FC0,0x0400,0x1B00,0x60C0},{0x2140,0xFF40,0x7940,0x85C0,0x8540,0x7940,0x0140,0x0400,0x7FC0,0x1B00,0x60C0},
{0x2140,0xFF40,0x79C0,0x8540,0x8540,0x7940,0x0000,0x7FC0,0x0040,0x7FC0,0x0040},{0x2140,0xFF40,0x79C0,0x8540,0x7940,0x0000,0x7FC0,0x4000,0x7FC0,0x4000,0x7FC0},{0x2140,0xFF40,0x79C0,0x8540,0x8540,0x7940,0x0000,0x7FC0,0x1100,0x1100,0x7FC0},{0x2140,0xFF40,0x79C0,0x8540,0x8540,0x7940,0x0400,0x7FC0,0x1F00,0x2080,0x1F00},
{0x3C40,0x0040,0xFF40,0x0060,0x3C40,0x4240,0x4240,0x4260,0x4240,0x3C40,0x0040},{0x1040,0xFF40,0x3C60,0x4240,0x4260,0x3C40,0x0000,0x7FC0,0x0040,0x0040,0x0040},{0x1040,0xFF40,0x3C60,0x4240,0x4260,0x3C40,0x0000,0x7FC0,0x0440,0x0440,0x0440},{0x1040,0xFF40,0x3C60,0x4240,0x4260,0x3C40,0x0040,0x7900,0x0900,0x0A80,0x0C40},
{0x1040,0xFF40,0x3C60,0x4240,0x4260,0x3C40,0x0040,0x4040,0x4000,0x4000,0x7FC0},{0x1040,0xFF40,0x3C60,0x4240,0x4260,0x3C40,0x0000,0x47C0,0x4100,0x4280,0x7C40},{0x1040,0xFF40,0x3C60,0x4240,0x4260,0x3C40,0x0100,0x47C0,0x4380,0x4440,0x7B80},{0x1040,0xFF40,0x3C60,0x4240,0x4260,0x3C40,0x0000,0x7FC0,0x4000,0x4000,0x7FC0},
{0x1040,0xFF60,0x3C40,0x4260,0x3C40,0x0000,0x7FC0,0x0040,0x7FC0,0x4000,0x7FC0},{0x1040,0xFF60,0x3C40,0x4260,0x3C40,0x0000,0x7BC0,0x0840,0x7840,0x4040,0x7840},{0x1040,0xFF60,0x3C40,0x4260,0x3C40,0x0000,0x7BC0,0x0A40,0x7A40,0x4240,0x7BC0},{0x1040,0xFF60,0x3C40,0x4260,0x3C40,0x0000,0x7A40,0x0A40,0x7BC0,0x4240,0x7BC0},
{0x1040,0xFF60,0x3C40,0x4260,0x3C40,0x0040,0x7900,0x0900,0x7900,0x4280,0x7C40},{0x1040,0xFF60,0x3C40,0x4260,0x3C40,0x0000,0x7BC0,0x0A00,0x7BC0,0x4200,0x7BC0},{0x1040,0xFF60,0x3C40,0x4260,0x3C40,0x0000,0x7FC0,0x0A80,0x7A80,0x4280,0x7FC0},{0x1040,0xFF60,0x3C40,0x4260,0x3C40,0x0040,0x7900,0x0FC0,0x7B80,0x4440,0x7B80},
{0x1040,0xFF40,0x3C60,0x4240,0x4260,0x3C40,0x0000,0x7FC0,0x4040,0x4040,0x7FC0},{0x1040,0xFF40,0x3C60,0x4240,0x4260,0x3C40,0x0000,0x4040,0x7FC0,0x4040,0x7FC0},{0x1040,0xFF40,0x3C60,0x4240,0x4260,0x3C40,0x0040,0x4900,0x7900,0x4A80,0x7C40},{0x1040,0xFF40,0x3C60,0x4240,0x4260,0x3C40,0x0040,0x0440,0x0400,0x1B00,0x60C0},
{0x1040,0xFF40,0x3C60,0x4240,0x4260,0x3C40,0x0040,0x1100,0x1100,0x2A80,0x4440},{0x1040,0xFF40,0x3C60,0x4240,0x4260,0x3C40,0x0000,0x3F80,0x4040,0x4040,0x3F80},{0x1040,0xFF40,0x3C60,0x4240,0x4260,0x3C40,0x0000,0x7FC0,0x0400,0x1B00,0x60C0},{0x1040,0xFF40,0x3C60,0x4240,0x4260,0x3C40,0x0040,0x0400,0x7FC0,0x1B00,0x60C0},
{0x1040,0xFF40,0x3C60,0x4240,0x4260,0x3C40,0x0000,0x7FC0,0x0040,0x7FC0,0x0040},{0x1040,0xFF60,0x3C40,0x4260,0x3C40,0x0000,0x7FC0,0x4000,0x7FC0,0x4000,0x7FC0},{0x1040,0xFF40,0x3C60,0x4240,0x4260,0x3C40,0x0000,0x7FC0,0x1100,0x1100,0x7FC0},{0x1040,0xFF40,0x3C60,0x4240,0x4260,0x3C40,0x0400,0x7FC0,0x1F00,0x2080,0x1F00},
{0x3940,0x0140,0xFF40,0x01C0,0x3940,0x4540,0x4540,0x45C0,0x4540,0x3940,0x0140},{0x2140,0xFFC0,0x7940,0x85C0,0x8540,0x7940,0x0000,0x7FC0,0x0040,0x0040,0x0040},{0x2140,0xFFC0,0x7940,0x85C0,0x8540,0x7940,0x0000,0x7FC0,0x0440,0x0440,0x0440},{0x2140,0xFFC0,0x7940,0x85C0,0x8540,0x7940,0x0000,0x7900,0x0900,0x0A80,0x0C40},
{0x2140,0xFF40,0x79C0,0x8540,0x85C0,0x7940,0x0140,0x4140,0x4000,0x4000,0x7FC0},{0x2140,0xFFC0,0x7940,0x85C0,0x8540,0x7940,0x0000,0x47C0,0x4100,0x4280,0x7C40},{0x2140,0xFFC0,0x7940,0x85C0,0x8540,0x7940,0x0100,0x47C0,0x4380,0x4440,0x7B80},{0x2140,0xFFC0,0x7940,0x85C0,0x8540,0x7940,0x0000,0x7FC0,0x4000,0x4000,0x7FC0},
{0x2140,0xFFC0,0x7940,0x85C0,0x7940,0x0000,0x7FC0,0x0040,0x7FC0,0x4000,0x7FC0},{0x2140,0xFFC0,0x7940,0x85C0,0x7940,0x0000,0x7BC0,0x0840,0x7840,0x4040,0x7840},{0x2140,0xFFC0,0x7940,0x85C0,0x7940,0x0000,0x7BC0,0x0A40,0x7A40,0x4240,0x7BC0},{0x2140,0xFFC0,0x7940,0x85C0,0x7940,0x0000,0x7A40,0x0A40,0x7BC0,0x4240,0x7BC0},
{0x2140,0xFFC0,0x7940,0x85C0,0x7940,0x0000,0x7900,0x0900,0x7900,0x4280,0x7C40},{0x2140,0xFFC0,0x7940,0x85C0,0x7940,0x0000,0x7BC0,0x0A00,0x7BC0,0x4200,0x7BC0},{0x2140,0xFFC0,0x7940,0x85C0,0x7940,0x0000,0x7FC0,0x0A80,0x7A80,0x4280,0x7FC0},{0x2140,0xFFC0,0x7940,0x85C0,0x7940,0x0000,0x7900,0x0FC0,0x7B80,0x4440,0x7B80},
{0x2140,0xFFC0,0x7940,0x85C0,0x8540,0x7940,0x0000,0x7FC0,0x4040,0x4040,0x7FC0},{0x2140,0xFFC0,0x7940,0x85C0,0x8540,0x7940,0x0000,0x4040,0x7FC0,0x4040,0x7FC0},{0x2140,0xFFC0,0x7940,0x85C0,0x8540,0x7940,0x0000,0x4900,0x7900,0x4A80,0x7C40},{0x2140,0xFF40,0x79C0,0x8540,0x85C0,0x7940,0x0140,0x0540,0x0400,0x1B00,0x60C0},
{0x2140,0xFFC0,0x7940,0x85C0,0x8540,0x7940,0x0000,0x1100,0x1100,0x2A80,0x4440},{0x2140,0xFFC0,0x7940,0x85C0,0x8540,0x7940,0x0000,0x3F80,0x4040,0x4040,0x3F80},{0x2140,0xFFC0,0x7940,0x85C0,0x8540,0x7940,0x0000,0x7FC0,0x0400,0x1B00,0x60C0},{0x2140,0xFFC0,0x7940,0x85C0,0x8540,0x7940,0x0140,0x0400,0x7FC0,0x1B00,0x60C0},
{0x2140,0xFFC0,0x7940,0x85C0,0x8540,0x7940,0x0000,0x7FC0,0x0040,0x7FC0,0x0040},{0x2140,0xFFC0,0x7940,0x85C0,0x7940,0x0000,0x7FC0,0x4000,0x7FC0,0x4000,0x7FC0},{0x2140,0xFFC0,0x7940,0x85C0,0x8540,0x7940,0x0000,0x7FC0,0x1100,0x1100,0x7FC0},{0x2140,0xFFC0,0x7940,0x85C0,0x8540,0x7940,0x0400,0x7FC0,0x1F00,0x2080,0x1F00},
{0x3840,0x0040,0xFE40,0x0040,0x3840,0x45C0,0x4440,0x4440,0x4440,0x3840,0x0040},{0x2040,0xFE40,0x7840,0x85C0,0x8440,0x7840,0x0000,0x7FC0,0x0040,0x0040,0x0040},{0x2040,0xFE40,0x7840,0x85C0,0x8440,0x7840,0x0000,0x7FC0,0x0440,0x0440,0x0440},{0x2040,0xFE40,0x7840,0x85C0,0x8440,0x7840,0x0040,0x7900,0x0900,0x0A80,0x0C40},
{0x2040,0xFE40,0x7840,0x85C0,0x8440,0x7840,0x0040,0x4040,0x4000,0x4000,0x7FC0},{0x2040,0xFE40,0x7840,0x85C0,0x8440,0x7840,0x0000,0x47C0,0x4100,0x4280,0x7C40},{0x2040,0xFE40,0x7840,0x85C0,0x8440,0x7840,0x0100,0x47C0,0x4380,0x4440,0x7B80},{0x2040,0xFE40,0x7840,0x85C0,0x8440,0x7840,0x0000,0x7FC0,0x4000,0x4000,0x7FC0},
{0x2040,0xFE40,0x7840,0x85C0,0x7840,0x0000,0x7FC0,0x0040,0x7FC0,0x4000,0x7FC0},{0x2040,0xFE40,0x7840,0x85C0,0x7840,0x0000,0x7BC0,0x0840,0x7840,0x4040,0x7840},{0x2040,0xFE40,0x7840,0x85C0,0x7840,0x0000,0x7BC0,0x0A40,0x7A40,0x4240,0x7BC0},{0x2040,0xFE40,0x7840,0x85C0,0x7840,0x0000,0x7A40,0x0A40,0x7BC0,0x4240,0x7BC0},
{0x2040,0xFE40,0x7840,0x85C0,0x7840,0x0040,0x7900,0x0900,0x7900,0x4280,0x7C40},{0x2040,0xFE40,0x7840,0x85C0,0x7840,0x0000,0x7BC0,0x0A00,0x7BC0,0x4200,0x7BC0},{0x2040,0xFE40,0x7840,0x85C0,0x7840,0x0000,0x7FC0,0x0A80,0x7A80,0x4280,0x7FC0},{0x2040,0xFE40,0x7840,0x85C0,0x7840,0x0040,0x7900,0x0FC0,0x7B80,0x4440,0x7B80},
{0x2040,0xFE40,0x7840,0x85C0,0x8440,0x7840,0x0000,0x7FC0,0x4040,0x4040,0x7FC0},{0x2040,0xFE40,0x7840,0x85C0,0x8440,0x7840,0x0000,0x4040,0x7FC0,0x4040,0x7FC0},{0x2040,0xFE40,0x7840,0x85C0,0x8440,0x7840,0x0040,0x4900,0x7900,0x4A80,0x7C40},{0x2040,0xFE40,0x7840,0x85C0,0x8440,0x7840,0x0040,0x0440,0x0400,0x1B00,0x60C0},
{0x2040,0xFE40,0x7840,0x85C0,0x8440,0x7840,0x0040,0x1100,0x1100,0x2A80,0x4440},{0x2040,0xFE40,0x7840,0x85C0,0x8440,0x7840,0x0000,0x3F80,0x4040,0x4040,0x3F80},{0x2040,0xFE40,0x7840,0x85C0,0x8440,0x7840,0x0000,0x7FC0,0x0400,0x1B00,0x60C0},{0x2040,0xFE40,0x7840,0x85C0,0x8440,0x7840,0x0040,0x0400,0x7FC0,0x1B00,0x60C0},
{0x2040,0xFE40,0x7840,0x85C0,0x8440,0x7840,0x0000,0x7FC0,0x0040,0x7FC0,0x0040},{0x2040,0xFE40,0x7840,0x85C0,0x7840,0x0000,0x7FC0,0x4000,0x7FC0,0x4000,0x7FC0},{0x2040,0xFE40,0x7840,0x85C0,0x8440,0x7840,0x0000,0x7FC0,0x1100,0x1100,0x7FC0},{0x2040,0xFE40,0x7840,0x85C0,0x8440,0x7840,0x0400,0x7FC0,0x1F00,0x2080,0x1F00},
{0x7140,0x0140,0xFD40,0x0140,0x7140,0x8F40,0x8940,0x8940,0x8940,0x7140,0x0140},{0x2140,0xFD40,0x7140,0x8F40,0x8940,0x7140,0x0000,0x7FC0,0x0040,0x0040,0x0040},{0x2140,0xFD40,0x7140,0x8F40,0x8940,0x7140,0x0000,0x7FC0,0x0440,0x0440,0x0440},{0x2140,0xFD40,0x7140,0x8F40,0x8940,0x7140,0x0000,0x7900,0x0900,0x0A80,0x0C40},
{0x2140,0xFD40,0x7140,0x8F40,0x8940,0x7140,0x0140,0x4140,0x4000,0x4000,0x7FC0},{0x2140,0xFD40,0x7140,0x8F40,0x8940,0x7140,0x0000,0x47C0,0x4100,0x4280,0x7C40},{0x2140,0xFD40,0x7140,0x8F40,0x8940,0x7140,0x0100,0x47C0,0x4380,0x4440,0x7B80},{0x2140,0xFD40,0x7140,0x8F40,0x8940,0x7140,0x0000,0x7FC0,0x4000,0x4000,0x7FC0},
{0x2140,0xFD40,0x7140,0x8F40,0x8940,0x7140,0x7FC0,0x0040,0x7FC0,0x4000,0x7FC0},{0x2140,0xFD40,0x7140,0x8F40,0x8940,0x7140,0x7BC0,0x0840,0x7840,0x4040,0x7840},{0x2140,0xFD40,0x7140,0x8F40,0x8940,0x7140,0x7BC0,0x0A40,0x7A40,0x4240,0x7BC0},{0x2140,0xFD40,0x7140,0x8F40,0x8940,0x7140,0x7A40,0x0A40,0x7BC0,0x4240,0x7BC0},
{0x2140,0xFD40,0x7140,0x8F40,0x8940,0x7140,0x7800,0x0900,0x7900,0x4280,0x7C40},{0x2140,0xFD40,0x7140,0x8F40,0x8940,0x7140,0x7BC0,0x0A00,0x7BC0,0x4200,0x7BC0},{0x2140,0xFD40,0x7140,0x8F40,0x8940,0x7140,0x7FC0,0x0A80,0x7A80,0x4280,0x7FC0},{0x2140,0xFD40,0x7140,0x8F40,0x8940,0x7140,0x7900,0x0FC0,0x7B80,0x4440,0x7B80},
{0x2140,0xFD40,0x7140,0x8F40,0x8940,0x7140,0x0000,0x7FC0,0x4040,0x4040,0x7FC0},{0x2140,0xFD40,0x7140,0x8F40,0x8940,0x7140,0x0000,0x4040,0x7FC0,0x4040,0x7FC0},{0x2140,0xFD40,0x7140,0x8F40,0x8940,0x7140,0x0000,0x4900,0x7900,0x4A80,0x7C40},{0x2140,0xFD40,0x7140,0x8F40,0x8940,0x7140,0x0140,0x0540,0x0400,0x1B00,0x60C0},
{0x2140,0xFD40,0x7140,0x8F40,0x8940,0x7140,0x0000,0x1100,0x1100,0x2A80,0x4440},{0x2140,0xFD40,0x7140,0x8F40,0x8940,0x7140,0x0000,0x3F80,0x4040,0x4040,0x3F80},{0x2140,0xFD40,0x7140,0x8F40,0x8940,0x7140,0x0000,0x7FC0,0x0400,0x1B00,0x60C0},{0x2140,0xFD40,0x7140,0x8F40,0x8940,0x7140,0x0140,0x0400,0x7FC0,0x1B00,0x60C0},
{0x2140,0xFD40,0x7140,0x8F40,0x8940,0x7140,0x0000,0x7FC0,0x0040,0x7FC0,0x0040},{0x2140,0xFD40,0x7140,0x8F40,0x8940,0x7140,0x7FC0,0x4000,0x7FC0,0x4000,0x7FC0},{0x2140,0xFD40,0x7140,0x8F40,0x8940,0x7140,0x0000,0x7FC0,0x1100,0x1100,0x7FC0},{0x2140,0xFD40,0x7140,0x8F40,0x8940,0x7140,0x0400,0x7FC0,0x1F00,0x2080,0x1F00},
{0x3840,0x0040,0xFE40,0x0040,0x39C0,0x4440,0x4440,0x45C0,0x4440,0x3840,0x0040},{0x2040,0xFE40,0x79C0,0x8440,0x85C0,0x7840,0x0000,0x7FC0,0x0040,0x0040,0x0040},{0x2040,0xFE40,0x79C0,0x8440,0x85C0,0x7840,0x0000,0x7FC0,0x0440,0x0440,0x0440},{0x2040,0xFE40,0x79C0,0x8440,0x85C0,0x7840,0x0040,0x7900,0x0900,0x0A80,0x0C40},
{0x2040,0xFE40,0x79C0,0x8440,0x85C0,0x7840,0x0040,0x4040,0x4000,0x4000,0x7FC0},{0x2040,0xFE40,0x79C0,0x8440,0x85C0,0x7840,0x0000,0x47C0,0x4100,0x4280,0x7C40},{0x2040,0xFE40,0x79C0,0x8440,0x85C0,0x7840,0x0100,0x47C0,0x4380,0x4440,0x7B80},{0x2040,0xFE40,0x79C0,0x8440,0x85C0,0x7840,0x0000,0x7FC0,0x4000,0x4000,0x7FC0},
{0x2040,0xFE40,0x79C0,0x8440,0x85C0,0x7840,0x7FC0,0x0040,0x7FC0,0x4000,0x7FC0},{0x2040,0xFE40,0x79C0,0x8440,0x85C0,0x7840,0x7BC0,0x0840,0x7840,0x4040,0x7840},{0x2040,0xFE40,0x79C0,0x8440,0x85C0,0x7840,0x7BC0,0x0A40,0x7A40,0x4240,0x7BC0},{0x2040,0xFE40,0x79C0,0x8440,0x85C0,0x7840,0x7A40,0x0A40,0x7BC0,0x4240,0x7BC0},
{0x2040,0xFE40,0x79C0,0x8440,0x85C0,0x7840,0x7900,0x0900,0x7900,0x4280,0x7C40},{0x2040,0xFE40,0x79C0,0x8440,0x85C0,0x7840,0x7BC0,0x0A00,0x7BC0,0x4200,0x7BC0},{0x2040,0xFE40,0x79C0,0x8440,0x85C0,0x7840,0x7FC0,0x0A80,0x7A80,0x4280,0x7FC0},{0x2040,0xFE40,0x79C0,0x8440,0x85C0,0x7840,0x7900,0x0FC0,0x7B80,0x4440,0x7B80},
{0x2040,0xFE40,0x79C0,0x8440,0x85C0,0x7840,0x0000,0x7FC0,0x4040,0x4040,0x7FC0},{0x2040,0xFE40,0x79C0,0x8440,0x85C0,0x7840,0x0000,0x4040,0x7FC0,0x4040,0x7FC0},{0x2040,0xFE40,0x79C0,0x8440,0x85C0,0x7840,0x0040,0x4900,0x7900,0x4A80,0x7C40},{0x2040,0xFE40,0x79C0,0x8440,0x85C0,0x7840,0x0040,0x0440,0x0400,0x1B00,0x60C0},
{0x2040,0xFE40,0x79C0,0x8440,0x85C0,0x7840,0x0040,0x1100,0x1100,0x2A80,0x4440},{0x2040,0xFE40,0x79C0,0x8440,0x85C0,0x7840,0x0000,0x3F80,0x4040,0x4040,0x3F80},{0x2040,0xFE40,0x79C0,0x8440,0x85C0,0x7840,0x0000,0x7FC0,0x0400,0x1B00,0x60C0},{0x2040,0xFE40,0x79C0,0x8440,0x85C0,0x7840,0x0040,0x0400,0x7FC0,0x1B00,0x60C0},
{0x2040,0xFE40,0x79C0,0x8440,0x85C0,0x7840,0x0000,0x7FC0,0x0040,0x7FC0,0x0040},{0x2040,0xFE40,0x79C0,0x8440,0x85C0,0x7840,0x7FC0,0x4000,0x7FC0,0x4000,0x7FC0},{0x2040,0xFE40,0x79C0,0x8440,0x85C0,0x7840,0x0000,0x7FC0,0x1100,0x1100,0x7FC0},{0x2040,0xFE40,0x79C0,0x8440,0x85C0,0x7840,0x0400,0x7FC0,0x1F00,0x2080,0x1F00},
{0x7140,0x0140,0xFD40,0x0140,0x7740,0x8940,0x8940,0x8F40,0x8940,0x7140,0x0140},{0x2140,0xF940,0x7740,0x8940,0x8F40,0x7140,0x0000,0x7FC0,0x0040,0x0040,0x0040},{0x2140,0xF940,0x7740,0x8940,0x8F40,0x7140,0x0000,0x7FC0,0x0440,0x0440,0x0440},{0x2140,0xF940,0x7740,0x8940,0x8F40,0x7140,0x0000,0x7900,0x0900,0x0A80,0x0C40},
{0x2140,0xF940,0x7740,0x8940,0x8F40,0x7140,0x0140,0x4140,0x4000,0x4000,0x7FC0},{0x2140,0xF940,0x7740,0x8940,0x8F40,0x7140,0x0000,0x47C0,0x4100,0x4280,0x7C40},{0x2140,0xF940,0x7740,0x8940,0x8F40,0x7140,0x0100,0x47C0,0x4380,0x4440,0x7B80},{0x2140,0xF940,0x7740,0x8940,0x8F40,0x7140,0x0000,0x7FC0,0x4000,0x4000,0x7FC0},
{0x2140,0xF940,0x7740,0x8940,0x8F40,0x7140,0x7FC0,0x0040,0x7FC0,0x4000,0x7FC0},{0x2140,0xF940,0x7740,0x8940,0x8F40,0x7140,0x7BC0,0x0840,0x7840,0x4040,0x7840},{0x2140,0xF940,0x7740,0x8940,0x8F40,0x7140,0x7BC0,0x0A40,0x7A40,0x4240,0x7BC0},{0x2140,0xF940,0x7740,0x8940,0x8F40,0x7140,0x7A40,0x0A40,0x7BC0,0x4240,0x7BC0},
{0x2140,0xF940,0x7740,0x8940,0x8F40,0x7140,0x7800,0x0900,0x7900,0x4280,0x7C40},{0x2140,0xF940,0x7740,0x8940,0x8F40,0x7140,0x7BC0,0x0A00,0x7BC0,0x4200,0x7BC0},{0x2140,0xF940,0x7740,0x8940,0x8F40,0x7140,0x7FC0,0x0A80,0x7A80,0x4280,0x7FC0},{0x2140,0xF940,0x7740,0x8940,0x8F40,0x7140,0x7900,0x0FC0,0x7B80,0x4440,0x7B80},
{0x2140,0xF940,0x7740,0x8940,0x8F40,0x7140,0x0000,0x7FC0,0x4040,0x4040,0x7FC0},{0x2140,0xF940,0x7740,0x8940,0x8F40,0x7140,0x0000,0x4040,0x7FC0,0x4040,0x7FC0},{0x2140,0xF940,0x7740,0x8940,0x8F40,0x7140,0x0000,0x4900,0x7900,0x4A80,0x7C40},{0x2140,0xF940,0x7740,0x8940,0x8F40,0x7140,0x0140,0x0540,0x0400,0x1B00,0x60C0},
{0x2140,0xF940,0x7740,0x8940,0x8F40,0x7140,0x0000,0x1100,0x1100,0x2A80,0x4440},{0x2140,0xF940,0x7740,0x8940,0x8F40,0x7140,0x0000,0x3F80,0x4040,0x4040,0x3F80},{0x2140,0xF940,0x7740,0x8940,0x8F40,0x7140,0x0000,0x7FC0,0x0400,0x1B00,0x60C0},{0x2140,0xF940,0x7740,0x8940,0x8F40,0x7140,0x0140,0x0400,0x7FC0,0x1B00,0x60C0},
{0x2140,0xF940,0x7740,0x8940,0x8F40,0x7140,0x0000,0x7FC0,0x0040,0x7FC0,0x0040},{0x2140,0xF940,0x7740,0x8940,0x8F40,0x7140,0x7FC0,0x4000,0x7FC0,0x4000,0x7FC0},{0x2140,0xF940,0x7740,0x8940,0x8F40,0x7140,0x0000,0x7FC0,0x1100,0x1100,0x7FC0},{0x2140,0xF940,0x7740,0x8940,0x8F40,0x7140,0x0400,0x7FC0,0x1F00,0x2080,0x1F00},
{0x1F00,0x0000,0xFFE0,0x0000,0x3F80,0x4040,0x4040,0x3F80,0x0400,0xFFE0,0x0000},{0x0400,0xFFE0,0x4040,0x3F80,0x0400,0xFFE0,0x0000,0x7FC0,0x0040,0x0040,0x0040},{0x0400,0xFFE0,0x4040,0x3F80,0x0400,0xFFE0,0x0000,0x7FC0,0x0440,0x0440,0x0440},{0x0400,0xFFE0,0x4040,0x3F80,0x0400,0xFFE0,0x0000,0x7900,0x0900,0x0A80,0x0C40},
{0x0400,0xFFE0,0x4040,0x3F80,0x0400,0xFFE0,0x0000,0x4000,0x4000,0x4000,0x7FC0},{0x0400,0xFFE0,0x4040,0x3F80,0x0400,0xFFE0,0x0000,0x47C0,0x4100,0x4280,0x7C40},{0x0400,0xFFE0,0x4040,0x3F80,0x0400,0xFFE0,0x0100,0x47C0,0x4380,0x4440,0x7B80},{0x0400,0xFFE0,0x4040,0x3F80,0x0400,0xFFE0,0x0000,0x7FC0,0x4000,0x4000,0x7FC0},
{0x0400,0xFFE0,0x4040,0x3F80,0x0400,0xFFE0,0x7FC0,0x0040,0x7FC0,0x4000,0x7FC0},{0x0400,0xFFE0,0x4040,0x3F80,0x0400,0xFFE0,0x7BC0,0x0840,0x7840,0x4040,0x7840},{0x0400,0xFFE0,0x4040,0x3F80,0x0400,0xFFE0,0x7BC0,0x0A40,0x7A40,0x4240,0x7BC0},{0x0400,0xFFE0,0x4040,0x3F80,0x0400,0xFFE0,0x7A40,0x0A40,0x7BC0,0x4240,0x7BC0},
{0x0400,0xFFE0,0x4040,0x3F80,0x0400,0xFFE0,0x7900,0x0900,0x7900,0x4280,0x7C40},{0x0400,0xFFE0,0x4040,0x3F80,0x0400,0xFFE0,0x7BC0,0x0A00,0x7BC0,0x4200,0x7BC0},{0x0400,0xFFE0,0x4040,0x3F80,0x0400,0xFFE0,0x7FC0,0x0A80,0x7A80,0x4280,0x7FC0},{0x0400,0xFFE0,0x4040,0x3F80,0x0400,0xFFE0,0x7900,0x0FC0,0x7B80,0x4440,0x7B80},
{0x0400,0xFFE0,0x4040,0x3F80,0x0400,0xFFE0,0x0000,0x7FC0,0x4040,0x4040,0x7FC0},{0x0400,0xFFE0,0x4040,0x3F80,0x0400,0xFFE0,0x0000,0x4040,0x7FC0,0x4040,0x7FC0},{0x0400,0xFFE0,0x4040,0x3F80,0x0400,0xFFE0,0x0000,0x4900,0x7900,0x4A80,0x7C40},{0x0400,0xFFE0,0x4040,0x3F80,0x0400,0xFFE0,0x0000,0x0400,0x0400,0x1B00,0x60C0},
{0x0400,0xFFE0,0x4040,0x3F80,0x0400,0xFFE0,0x0000,0x1100,0x1100,0x2A80,0x4440},{0x0400,0xFFE0,0x4040,0x3F80,0x0400,0xFFE0,0x0000,0x3F80,0x4040,0x4040,0x3F80},{0x0400,0xFFE0,0x4040,0x3F80,0x0400,0xFFE0,0x0000,0x7FC0,0x0400,0x1B00,0x60C0},{0x0400,0xFFE0,0x4040,0x3F80,0x0400,0xFFE0,0x0000,0x0400,0x7FC0,0x1B00,0x60C0},
{0x0400,0xFFE0,0x4040,0x3F80,0x0400,0xFFE0,0x0000,0x7FC0,0x0040,0x7FC0,0x0040},{0x0400,0xFFE0,0x4040,0x3F80,0x0400,0xFFE0,0x7FC0,0x4000,0x7FC0,0x4000,0x7FC0},{0x0400,0xFFE0,0x4040,0x3F80,0x0400,0xFFE0,0x0000,0x7FC0,0x1100,0x1100,0x7FC0},{0x0400,0xFFE0,0x4040,0x3F80,0x0400,0xFFE0,0x0400,0x7FC0,0x1F00,0x2080,0x1F00},
{0x3C40,0x0040,0xFF40,0x0040,0x3C40,0x4260,0x4240,0x3C40,0x1040,0xFF40,0x0040},{0x1040,0xFF40,0x4260,0x3C40,0x1040,0xFF40,0x0000,0x7FC0,0x0040,0x0040,0x0040},{0x1040,0xFF40,0x4260,0x3C40,0x1040,0xFF40,0x0000,0x7FC0,0x0440,0x0440,0x0440},{0x1040,0xFF40,0x4260,0x3C40,0x1040,0xFF40,0x0040,0x7900,0x0900,0x0A80,0x0C40},
{0x1040,0xFF40,0x4240,0x3C60,0x1040,0xFF40,0x0040,0x4040,0x4000,0x4000,0x7FC0},{0x1040,0xFF40,0x4260,0x3C40,0x1040,0xFF40,0x0000,0x47C0,0x4100,0x4280,0x7C40},{0x1040,0xFF40,0x4260,0x3C40,0x1040,0xFF40,0x0100,0x47C0,0x4380,0x4440,0x7B80},{0x1040,0xFF40,0x4260,0x3C40,0x1040,0xFF40,0x0000,0x7FC0,0x4000,0x4000,0x7FC0},
{0x1040,0xFF40,0x4260,0x3C40,0x1040,0xFF40,0x7FC0,0x0040,0x7FC0,0x4000,0x7FC0},{0x1040,0xFF40,0x4260,0x3C40,0x1040,0xFF40,0x7BC0,0x0840,0x7840,0x4040,0x7840},{0x1040,0xFF40,0x4260,0x3C40,0x1040,0xFF40,0x7BC0,0x0A40,0x7A40,0x4240,0x7BC0},{0x1040,0xFF40,0x4260,0x3C40,0x1040,0xFF40,0x7A40,0x0A40,0x7BC0,0x4240,0x7BC0},
{0x1040,0xFF40,0x4260,0x3C40,0x1040,0xFF40,0x7800,0x0900,0x7900,0x4280,0x7C40},{0x1040,0xFF40,0x4260,0x3C40,0x1040,0xFF40,0x7BC0,0x0A00,0x7BC0,0x4200,0x7BC0},{0x1040,0xFF40,0x4260,0x3C40,0x1040,0xFF40,0x7FC0,0x0A80,0x7A80,0x4280,0x7FC0},{0x1040,0xFF40,0x4260,0x3C40,0x1040,0xFF40,0x7900,0x0FC0,0x7B80,0x4440,0x7B80},
{0x1040,0xFF40,0x4260,0x3C40,0x1040,0xFF40,0x0000,0x7FC0,0x4040,0x4040,0x7FC0},{0x1040,0xFF40,0x4260,0x3C40,0x1040,0xFF40,0x0000,0x4040,0x7FC0,0x4040,0x7FC0},{0x1040,0xFF40,0x4260,0x3C40,0x1040,0xFF40,0x0040,0x4900,0x7900,0x4A80,0x7C40},{0x1040,0xFF40,0x4240,0x3C60,0x1040,0xFF40,0x0040,0x0440,0x0400,0x1B00,0x60C0},
{0x1040,0xFF40,0x4260,0x3C40,0x1040,0xFF40,0x0040,0x1100,0x1100,0x2A80,0x4440},{0x1040,0xFF40,0x4260,0x3C40,0x1040,0xFF40,0x0000,0x3F80,0x4040,0x4040,0x3F80},{0x1040,0xFF40,0x4260,0x3C40,0x1040,0xFF40,0x0000,0x7FC0,0x0400,0x1B00,0x60C0},{0x1040,0xFF40,0x4260,0x3C40,0x1040,0xFF40,0x0040,0x0400,0x7FC0,0x1B00,0x60C0},
{0x1040,0xFF40,0x4260,0x3C40,0x1040,0xFF40,0x0000,0x7FC0,0x0040,0x7FC0,0x0040},{0x1040,0xFF40,0x4260,0x3C40,0x1040,0xFF40,0x7FC0,0x4000,0x7FC0,0x4000,0x7FC0},{0x1040,0xFF40,0x4260,0x3C40,0x1040,0xFF40,0x0000,0x7FC0,0x1100,0x1100,0x7FC0},{0x1040,0xFF40,0x4260,0x3C40,0x1040,0xFF40,0x0400,0x7FC0,0x1F00,0x2080,0x1F00},
{0x7940,0x0140,0xFD40,0x0140,0x7940,0x85C0,0x8540,0x7940,0x2140,0xFD40,0x0140},{0x2140,0xFD40,0x7940,0x85C0,0x7940,0x2140,0xFD40,0x0000,0x7FC0,0x0040,0x0040},{0x2140,0xFD40,0x7940,0x85C0,0x7940,0x2140,0xFD40,0x0000,0x7FC0,0x0440,0x0440},{0x2140,0xFD40,0x7940,0x85C0,0x7940,0x2140,0xFD40,0x0000,0x7900,0x0A80,0x0C40},
{0x2140,0xFD40,0x7940,0x85C0,0x7940,0x2140,0xFD40,0x0140,0x4000,0x4000,0x7FC0},{0x2140,0xFD40,0x7940,0x85C0,0x7940,0x2140,0xFD40,0x0000,0x47C0,0x4280,0x7C40},{0x2140,0xFD40,0x7940,0x85C0,0x7940,0x2140,0xFD40,0x0100,0x4FC0,0x4440,0x7B80},{0x2140,0xFD40,0x7940,0x85C0,0x7940,0x2140,0xFD40,0x0000,0x7FC0,0x4000,0x7FC0},
{0x2140,0xFD40,0x7940,0x85C0,0x7940,0x2140,0xFFC0,0x0040,0x7FC0,0x4000,0x7FC0},{0x2140,0xFD40,0x7940,0x85C0,0x7940,0x2140,0xFFC0,0x0840,0x7840,0x4040,0x7840},{0x2140,0xFD40,0x7940,0x85C0,0x7940,0x2140,0xFFC0,0x0A40,0x7A40,0x4240,0x7BC0},{0x2140,0xFD40,0x7940,0x85C0,0x7940,0x2140,0xFF40,0x0A40,0x7BC0,0x4240,0x7BC0},
{0x2140,0xFD40,0x7940,0x85C0,0x7940,0x2140,0xFD40,0x0900,0x7900,0x4280,0x7C40},{0x2140,0xFD40,0x7940,0x85C0,0x7940,0x2140,0xFFC0,0x0A00,0x7BC0,0x4200,0x7BC0},{0x2140,0xFD40,0x7940,0x85C0,0x7940,0x2140,0xFFC0,0x0A80,0x7A80,0x4280,0x7FC0},{0x2140,0xFD40,0x7940,0x85C0,0x7940,0x2140,0xFD40,0x0FC0,0x7B80,0x4440,0x7B80},
{0x2140,0xFD40,0x7940,0x85C0,0x7940,0x2140,0xFD40,0x0000,0x7FC0,0x4040,0x7FC0},{0x2140,0xFD40,0x7940,0x85C0,0x7940,0x2140,0xFD40,0x4040,0x7FC0,0x4040,0x7FC0},{0x2140,0xFD40,0x7940,0x85C0,0x7940,0x2140,0xFD40,0x4800,0x7900,0x4A80,0x7C40},{0x2140,0xFD40,0x7940,0x85C0,0x7940,0x2140,0xFD40,0x0140,0x0400,0x1B00,0x60C0},
{0x2140,0xFD40,0x7940,0x85C0,0x7940,0x2140,0xFD40,0x0000,0x1100,0x2A80,0x4440},{0x2140,0xFD40,0x7940,0x85C0,0x7940,0x2140,0xFD40,0x0000,0x3F80,0x4040,0x3F80},{0x2140,0xFD40,0x7940,0x85C0,0x7940,0x2140,0xFD40,0x0000,0x7FC0,0x1B00,0x60C0},{0x2140,0xFD40,0x7940,0x85C0,0x7940,0x2140,0xFD40,0x0400,0x7FC0,0x1B00,0x60C0},
{0x2140,0xFD40,0x7940,0x85C0,0x7940,0x2140,0xFD40,0x7FC0,0x0040,0x7FC0,0x0040},{0x2140,0xFD40,0x7940,0x85C0,0x7940,0x2140,0xFFC0,0x4000,0x7FC0,0x4000,0x7FC0},{0x2140,0xFD40,0x7940,0x85C0,0x7940,0x2140,0xFD40,0x0000,0x7FC0,0x1100,0x7FC0},{0x2140,0xFD40,0x7940,0x85C0,0x7940,0x2140,0xFD40,0x0400,0x7FC0,0x2080,0x1F00},
{0x3C40,0x0040,0xFF40,0x0040,0x3C40,0x4240,0x4240,0x3C40,0x1040,0xFF40,0x0040},{0x1040,0xFF40,0x3C40,0x4240,0x3C40,0x1040,0xFF40,0x0000,0x7FC0,0x0040,0x0040},{0x1040,0xFF40,0x3C40,0x4240,0x3C40,0x1040,0xFF40,0x0000,0x7FC0,0x0440,0x0440},{0x1040,0xFF40,0x3C40,0x4240,0x3C40,0x1040,0xFF40,0x0040,0x7900,0x0A80,0x0C40},
{0x1040,0xFF40,0x3C40,0x4240,0x3C40,0x1040,0xFF40,0x0040,0x4000,0x4000,0x7FC0},{0x1040,0xFF40,0x4240,0x3C40,0x1040,0xFF40,0x0000,0x47C0,0x4100,0x4280,0x7C40},{0x1040,0xFF40,0x4240,0x3C40,0x1040,0xFF40,0x0100,0x47C0,0x4380,0x4440,0x7B80},{0x1040,0xFF40,0x3C40,0x4240,0x3C40,0x1040,0xFF40,0x0000,0x7FC0,0x4000,0x7FC0},
{0x1040,0xFF40,0x4240,0x3C40,0x1040,0xFF40,0x7FC0,0x0040,0x7FC0,0x4000,0x7FC0},{0x1040,0xFF40,0x4240,0x3C40,0x1040,0xFF40,0x7BC0,0x0840,0x7840,0x4040,0x7840},{0x1040,0xFF40,0x4240,0x3C40,0x1040,0xFF40,0x7BC0,0x0A40,0x7A40,0x4240,0x7BC0},{0x1040,0xFF40,0x4240,0x3C40,0x1040,0xFF40,0x7A40,0x0A40,0x7BC0,0x4240,0x7BC0},
{0x1040,0xFF40,0x4240,0x3C40,0x1040,0xFF40,0x7840,0x0900,0x7900,0x4280,0x7C40},{0x1040,0xFF40,0x4240,0x3C40,0x1040,0xFF40,0x7BC0,0x0A00,0x7BC0,0x4200,0x7BC0},{0x1040,0xFF40,0x4240,0x3C40,0x1040,0xFF40,0x7FC0,0x0A80,0x7A80,0x4280,0x7FC0},{0x1040,0xFF40,0x4240,0x3C40,0x1040,0xFF40,0x7900,0x0FC0,0x7B80,0x4440,0x7B80},
{0x1040,0xFF40,0x3C40,0x4240,0x3C40,0x1040,0xFF40,0x0000,0x7FC0,0x4040,0x7FC0},{0x1040,0xFF40,0x3C40,0x4240,0x3C40,0x1040,0xFF40,0x4040,0x7FC0,0x4040,0x7FC0},{0x1040,0xFF40,0x3C40,0x4240,0x3C40,0x1040,0xFF40,0x4840,0x7900,0x4A80,0x7C40},{0x1040,0xFF40,0x3C40,0x4240,0x3C40,0x1040,0xFF40,0x0040,0x0400,0x1B00,0x60C0},
{0x1040,0xFF40,0x3C40,0x4240,0x3C40,0x1040,0xFF40,0x0040,0x1100,0x2A80,0x4440},{0x1040,0xFF40,0x3C40,0x4240,0x3C40,0x1040,0xFF40,0x0000,0x3F80,0x4040,0x3F80},{0x1040,0xFF40,0x4240,0x3C40,0x1040,0xFF40,0x0000,0x7FC0,0x0400,0x1B00,0x60C0},{0x1040,0xFF40,0x4240,0x3C40,0x1040,0xFF40,0x0040,0x0400,0x7FC0,0x1B00,0x60C0},
{0x1040,0xFF40,0x4240,0x3C40,0x1040,0xFF40,0x0000,0x7FC0,0x0040,0x7FC0,0x0040},{0x1040,0xFF40,0x4240,0x3C40,0x1040,0xFF40,0x7FC0,0x4000,0x7FC0,0x4000,0x7FC0},{0x1040,0xFF40,0x4240,0x3C40,0x1040,0xFF40,0x0000,0x7FC0,0x1100,0x1100,0x7FC0},{0x1040,0xFF40,0x4240,0x3C40,0x1040,0xFF40,0x0400,0x7FC0,0x1F00,0x2080,0x1F00},
{0x1F00,0x0000,0xFFE0,0x0000,0x3F80,0x4040,0x4040,0x3F80,0x1100,0xFFE0,0x0000},{0x0400,0xFFE0,0x4040,0x3F80,0x1100,0xFFE0,0x0000,0x7FC0,0x0040,0x0040,0x0040},{0x0400,0xFFE0,0x4040,0x3F80,0x1100,0xFFE0,0x0000,0x7FC0,0x0440,0x0440,0x0440},{0x0400,0xFFE0,0x4040,0x3F80,0x1100,0xFFE0,0x0000,0x7900,0x0900,0x0A80,0x0C40},
{0x0400,0xFFE0,0x4040,0x3F80,0x1100,0xFFE0,0x0000,0x4000,0x4000,0x4000,0x7FC0},{0x0400,0xFFE0,0x4040,0x3F80,0x1100,0xFFE0,0x0000,0x47C0,0x4100,0x4280,0x7C40},{0x0400,0xFFE0,0x4040,0x3F80,0x1100,0xFFE0,0x0100,0x47C0,0x4380,0x4440,0x7B80},{0x0400,0xFFE0,0x4040,0x3F80,0x1100,0xFFE0,0x0000,0x7FC0,0x4000,0x4000,0x7FC0},
{0x0400,0xFFE0,0x4040,0x3F80,0x1100,0xFFE0,0x7FC0,0x0040,0x7FC0,0x4000,0x7FC0},{0x0400,0xFFE0,0x4040,0x3F80,0x1100,0xFFE0,0x7BC0,0x0840,0x7840,0x4040,0x7840},{0x0400,0xFFE0,0x4040,0x3F80,0x1100,0xFFE0,0x7BC0,0x0A40,0x7A40,0x4240,0x7BC0},{0x0400,0xFFE0,0x4040,0x3F80,0x1100,0xFFE0,0x7A40,0x0A40,0x7BC0,0x4240,0x7BC0},
{0x0400,0xFFE0,0x4040,0x3F80,0x1100,0xFFE0,0x7800,0x0900,0x7900,0x4280,0x7C40},{0x0400,0xFFE0,0x4040,0x3F80,0x1100,0xFFE0,0x7BC0,0x0A00,0x7BC0,0x4200,0x7BC0},{0x0400,0xFFE0,0x4040,0x3F80,0x1100,0xFFE0,0x7FC0,0x0A80,0x7A80,0x4280,0x7FC0},{0x0400,0xFFE0,0x4040,0x3F80,0x1100,0xFFE0,0x7900,0x0FC0,0x7B80,0x4440,0x7B80},
{0x0400,0xFFE0,0x4040,0x3F80,0x1100,0xFFE0,0x0000,0x7FC0,0x4040,0x4040,0x7FC0},{0x0400,0xFFE0,0x4040,0x3F80,0x1100,0xFFE0,0x0000,0x4040,0x7FC0,0x4040,0x7FC0},{0x0400,0xFFE0,0x4040,0x3F80,0x1100,0xFFE0,0x0000,0x4900,0x7900,0x4A80,0x7C40},{0x0400,0xFFE0,0x4040,0x3F80,0x1100,0xFFE0,0x0000,0x0400,0x0400,0x1B00,0x60C0},
{0x0400,0xFFE0,0x4040,0x3F80,0x1100,0xFFE0,0x0000,0x1100,0x1100,0x2A80,0x4440},{0x0400,0xFFE0,0x4040,0x3F80,0x1100,0xFFE0,0x0000,0x3F80,0x4040,0x4040,0x3F80},{0x0400,0xFFE0,0x4040,0x3F80,0x1100,0xFFE0,0x0000,0x7FC0,0x0400,0x1B00,0x60C0},{0x0400,0xFFE0,0x4040,0x3F80,0x1100,0xFFE0,0x0000,0x0400,0x7FC0,0x1B00,0x60C0},
{0x0400,0xFFE0,0x4040,0x3F80,0x1100,0xFFE0,0x0000,0x7FC0,0x0040,0x7FC0,0x0040},{0x0400,0xFFE0,0x4040,0x3F80,0x1100,0xFFE0,0x7FC0,0x4000,0x7FC0,0x4000,0x7FC0},{0x0400,0xFFE0,0x4040,0x3F80,0x1100,0xFFE0,0x0000,0x7FC0,0x1100,0x1100,0x7FC0},{0x0400,0xFFE0,0x4040,0x3F80,0x1100,0xFFE0,0x0400,0x7FC0,0x1F00,0x2080,0x1F00},
{0x0400,0xFFE0,0x0000,0x3F80,0x4040,0x3F80,0x0000,0xFFE0,0x0400,0x0400,0x0400},{0x0400,0xFFE0,0x4040,0x3F80,0x0000,0xFFE0,0x0400,0x7FC0,0x0040,0x0040,0x0040},{0x0400,0xFFE0,0x4040,0x3F80,0x0000,0xFFE0,0x0400,0x7FC0,0x0440,0x0440,0x0440},{0x0400,0xFFE0,0x4040,0x3F80,0x0000,0xFFE0,0x0400,0x7900,0x0900,0x0A80,0x0C40},
{0x0400,0xFFE0,0x4040,0x3F80,0x0000,0xFFE0,0x0400,0x4400,0x4000,0x4000,0x7FC0},{0x0400,0xFFE0,0x4040,0x3F80,0x0000,0xFFE0,0x0400,0x47C0,0x4100,0x4280,0x7C40},{0x0400,0xFFE0,0x4040,0x3F80,0x0000,0xFFE0,0x0500,0x47C0,0x4380,0x4440,0x7B80},{0x0400,0xFFE0,0x4040,0x3F80,0x0000,0xFFE0,0x0400,0x7FC0,0x4000,0x4000,0x7FC0},
{0x0400,0xFFE0,0x4040,0x3F80,0xFFE0,0x0400,0x7FC0,0x0040,0x7FC0,0x4000,0x7FC0},{0x0400,0xFFE0,0x4040,0x3F80,0xFFE0,0x0400,0x7BC0,0x0840,0x7840,0x4040,0x7840},{0x0400,0xFFE0,0x4040,0x3F80,0xFFE0,0x0400,0x7BC0,0x0A40,0x7A40,0x4240,0x7BC0},{0x0400,0xFFE0,0x4040,0x3F80,0xFFE0,0x0400,0x7A40,0x0A40,0x7BC0,0x4240,0x7BC0},
{0x0400,0xFFE0,0x4040,0x3F80,0xFFE0,0x0400,0x7900,0x0900,0x7900,0x4280,0x7C40},{0x0400,0xFFE0,0x4040,0x3F80,0xFFE0,0x0400,0x7BC0,0x0A00,0x7BC0,0x4200,0x7BC0},{0x0400,0xFFE0,0x4040,0x3F80,0xFFE0,0x0400,0x7FC0,0x0A80,0x7A80,0x4280,0x7FC0},{0x0400,0xFFE0,0x4040,0x3F80,0xFFE0,0x0400,0x7900,0x0FC0,0x7B80,0x4440,0x7B80},
{0x0400,0xFFE0,0x4040,0x3F80,0x0000,0xFFE0,0x0400,0x7FC0,0x4040,0x4040,0x7FC0},{0x0400,0xFFE0,0x4040,0x3F80,0x0000,0xFFE0,0x0400,0x4040,0x7FC0,0x4040,0x7FC0},{0x0400,0xFFE0,0x4040,0x3F80,0x0000,0xFFE0,0x0400,0x4900,0x7900,0x4A80,0x7C40},{0x0400,0xFFE0,0x4040,0x3F80,0x0000,0xFFE0,0x0400,0x0000,0x0400,0x1B00,0x60C0},
{0x0400,0xFFE0,0x4040,0x3F80,0x0000,0xFFE0,0x0400,0x1500,0x1100,0x2A80,0x4440},{0x0400,0xFFE0,0x4040,0x3F80,0x0000,0xFFE0,0x0400,0x3F80,0x4040,0x4040,0x3F80},{0x0400,0xFFE0,0x4040,0x3F80,0x0000,0xFFE0,0x0400,0x7FC0,0x0400,0x1B00,0x60C0},{0x0400,0xFFE0,0x4040,0x3F80,0xFFE0,0x0400,0x0000,0x0400,0x7FC0,0x1B00,0x60C0},
{0x0400,0xFFE0,0x4040,0x3F80,0x0000,0xFFE0,0x0400,0x7FC0,0x0040,0x7FC0,0x0040},{0x0400,0xFFE0,0x4040,0x3F80,0xFFE0,0x0400,0x7FC0,0x4000,0x7FC0,0x4000,0x7FC0},{0x0400,0xFFE0,0x4040,0x3F80,0x0000,0xFFE0,0x0400,0x7FC0,0x1100,0x1100,0x7FC0},{0x0400,0xFFE0,0x4040,0x3F80,0xFFE0,0x0400,0x0400,0x7FC0,0x1F00,0x2080,0x1F00},
{0x1040,0xFF40,0x3C40,0x4240,0x4240,0x3C40,0x0040,0xFF40,0x1040,0x13C0,0x1040},{0x1040,0xFF40,0x4240,0x3C40,0xFF40,0x11C0,0x1040,0x7FC0,0x0040,0x0040,0x0040},{0x1040,0xFF40,0x4240,0x3C40,0xFF40,0x11C0,0x1040,0x7FC0,0x0440,0x0440,0x0440},{0x1040,0xFF40,0x4240,0x3C40,0xFF40,0x11C0,0x1040,0x7900,0x0900,0x0A80,0x0C40},
{0x1040,0xFF40,0x3C40,0x4240,0x3C40,0xFF40,0x11C0,0x5040,0x4000,0x4000,0x7FC0},{0x1040,0xFF40,0x4240,0x3C40,0xFF40,0x11C0,0x1040,0x47C0,0x4100,0x4280,0x7C40},{0x1040,0xFF40,0x4240,0x3C40,0xFF40,0x11C0,0x1140,0x47C0,0x4380,0x4440,0x7B80},{0x1040,0xFF40,0x4240,0x3C40,0xFF40,0x11C0,0x1040,0x7FC0,0x4000,0x4000,0x7FC0},
{0x1040,0xFE40,0x4440,0xFF40,0x11C0,0x1040,0x7FC0,0x0040,0x7FC0,0x4000,0x7FC0},{0x1040,0xFE40,0x4440,0xFF40,0x11C0,0x1040,0x7BC0,0x0840,0x7840,0x4040,0x7840},{0x1040,0xFE40,0x4440,0xFF40,0x11C0,0x1040,0x7BC0,0x0A40,0x7A40,0x4240,0x7BC0},{0x1040,0xFE40,0x4440,0xFF40,0x11C0,0x1040,0x7A40,0x0A40,0x7BC0,0x4240,0x7BC0},
{0x1040,0xFE40,0x4440,0xFF40,0x11C0,0x1040,0x7900,0x0900,0x7900,0x4280,0x7C40},{0x1040,0xFE40,0x4440,0xFF40,0x11C0,0x1040,0x7BC0,0x0A00,0x7BC0,0x4200,0x7BC0},{0x1040,0xFE40,0x4440,0xFF40,0x11C0,0x1040,0x7FC0,0x0A80,0x7A80,0x4280,0x7FC0},{0x1040,0xFE40,0x4440,0xFF40,0x11C0,0x1040,0x7900,0x0FC0,0x7B80,0x4440,0x7B80},
{0x1040,0xFF40,0x4240,0x3C40,0xFF40,0x11C0,0x1040,0x7FC0,0x4040,0x4040,0x7FC0},{0x1040,0xFF40,0x4240,0x3C40,0xFF40,0x11C0,0x1040,0x4040,0x7FC0,0x4040,0x7FC0},{0x1040,0xFF40,0x4240,0x3C40,0xFF40,0x11C0,0x1040,0x4900,0x7900,0x4A80,0x7C40},{0x1040,0xFF40,0x3C40,0x4240,0x3C40,0xFF40,0x11C0,0x1440,0x0400,0x1B00,0x60C0},
{0x1040,0xFF40,0x4240,0x3C40,0xFF40,0x11C0,0x0040,0x1100,0x1100,0x2A80,0x4440},{0x1040,0xFF40,0x4240,0x3C40,0xFF40,0x11C0,0x1040,0x3F80,0x4040,0x4040,0x3F80},{0x1040,0xFF40,0x4240,0x3C40,0xFF40,0x11C0,0x1040,0x7FC0,0x0400,0x1B00,0x60C0},{0x1040,0xFF40,0x4240,0x3C40,0xFF40,0x11C0,0x1440,0x7FC0,0x0400,0x1B00,0x60C0},
{0x1040,0xFF40,0x4240,0x3C40,0xFF40,0x11C0,0x1040,0x7FC0,0x0040,0x7FC0,0x0040},{0x1040,0xFE40,0x4440,0xFF40,0x11C0,0x1040,0x7FC0,0x4000,0x7FC0,0x4000,0x7FC0},{0x1040,0xFF40,0x4240,0x3C40,0xFF40,0x11C0,0x1040,0x7FC0,0x1100,0x1100,0x7FC0},{0x1040,0xFF40,0x4240,0x3C40,0xFF40,0x11C0,0x1440,0x7FC0,0x1F00,0x2080,0x1F00},
{0x1140,0xFF40,0x3940,0x4540,0x4540,0x3940,0x0140,0xFF40,0x1140,0x1740,0x1140},{0x1140,0xFF40,0x4540,0x3940,0xFD40,0x1740,0x1140,0x7FC0,0x0040,0x0040,0x0040},{0x1140,0xFF40,0x4540,0x3940,0xFD40,0x1740,0x1140,0x7FC0,0x0440,0x0440,0x0440},{0x1140,0xFF40,0x4540,0x3940,0xFD40,0x1740,0x1140,0x7800,0x0900,0x0A80,0x0C40},
{0x1140,0xFF40,0x4540,0x3940,0xFF40,0x1140,0x1740,0x5140,0x4000,0x4000,0x7FC0},{0x1140,0xFF40,0x4540,0x3940,0xFD40,0x1740,0x1140,0x47C0,0x4100,0x4280,0x7C40},{0x1140,0xFF40,0x4540,0x3940,0xFD40,0x1740,0x1100,0x47C0,0x4380,0x4440,0x7B80},{0x1140,0xFF40,0x4540,0x3940,0xFD40,0x1740,0x1140,0x7FC0,0x4000,0x4000,0x7FC0},
{0x1140,0xFF40,0x4540,0xFD40,0x1740,0x1140,0x7FC0,0x0040,0x7FC0,0x4000,0x7FC0},{0x1140,0xFF40,0x4540,0xFD40,0x1740,0x1140,0x7BC0,0x0840,0x7840,0x4040,0x7840},{0x1140,0xFF40,0x4540,0xFD40,0x1740,0x1140,0x7BC0,0x0A40,0x7A40,0x4240,0x7BC0},{0x1140,0xFF40,0x4540,0xFD40,0x1740,0x1140,0x7A40,0x0A40,0x7BC0,0x4240,0x7BC0},
{0x1140,0xFF40,0x4540,0xFD40,0x1740,0x1140,0x7800,0x0900,0x7900,0x4280,0x7C40},{0x1140,0xFF40,0x4540,0xFD40,0x1740,0x1140,0x7BC0,0x0A00,0x7BC0,0x4200,0x7BC0},{0x1140,0xFF40,0x4540,0xFD40,0x1740,0x1140,0x7FC0,0x0A80,0x7A80,0x4280,0x7FC0},{0x1140,0xFF40,0x4540,0xFD40,0x1740,0x1140,0x7900,0x0FC0,0x7B80,0x4440,0x7B80},
{0x1140,0xFF40,0x4540,0x3940,0xFD40,0x1740,0x1140,0x7FC0,0x4040,0x4040,0x7FC0},{0x1140,0xFF40,0x4540,0x3940,0xFD40,0x1740,0x1140,0x4040,0x7FC0,0x4040,0x7FC0},{0x1140,0xFF40,0x4540,0x3940,0xFD40,0x1740,0x1140,0x4800,0x7900,0x4A80,0x7C40},{0x1140,0xFF40,0x4540,0x3940,0xFD40,0x1740,0x1140,0x1540,0x0400,0x1B00,0x60C0},
{0x1140,0xFF40,0x4540,0x3940,0xFD40,0x1740,0x1140,0x0000,0x1100,0x2A80,0x4440},{0x1140,0xFF40,0x4540,0x3940,0xFD40,0x1740,0x1140,0x3F80,0x4040,0x4040,0x3F80},{0x1140,0xFF40,0x4540,0x3940,0xFD40,0x1740,0x1140,0x7FC0,0x0400,0x1B00,0x60C0},{0x1140,0xFF40,0x4540,0x3940,0xFD40,0x1740,0x1140,0x0400,0x7FC0,0x1B00,0x60C0},
{0x1140,0xFF40,0x4540,0x3940,0xFD40,0x1740,0x1140,0x7FC0,0x0040,0x7FC0,0x0040},{0x1140,0xFF40,0x4540,0xFD40,0x1740,0x1140,0x7FC0,0x4000,0x7FC0,0x4000,0x7FC0},{0x1140,0xFF40,0x4540,0x3940,0xFD40,0x1740,0x1140,0x7FC0,0x1100,0x1100,0x7FC0},{0x1140,0xFF40,0x4540,0xFD40,0x1740,0x1140,0x0400,0x7FC0,0x1F00,0x2080,0x1F00},
{0x1040,0xFF40,0x3C40,0x4240,0x4240,0x3C40,0x0040,0xFF40,0x1040,0x1040,0x1040},{0x1040,0xFF40,0x3C40,0x4240,0x3C40,0xFF40,0x1000,0x7FC0,0x0040,0x0040,0x0040},{0x1040,0xFF40,0x3C40,0x4240,0x3C40,0xFF40,0x1000,0x7FC0,0x0440,0x0440,0x0440},{0x1040,0xFF40,0x3C40,0x4240,0x3C40,0xFF40,0x1040,0x7900,0x0900,0x0A80,0x0C40},
{0x1040,0xFF40,0x3C40,0x4240,0x3C40,0xFF40,0x1040,0x5040,0x4000,0x4000,0x7FC0},{0x1040,0xFF40,0x3C40,0x4240,0x3C40,0xFF40,0x1000,0x57C0,0x4100,0x4280,0x7C40},{0x1040,0xFF40,0x3C40,0x4240,0x3C40,0xFF40,0x1100,0x57C0,0x4380,0x4440,0x7B80},{0x1040,0xFF40,0x3C40,0x4240,0x3C40,0xFF40,0x1000,0x7FC0,0x4000,0x4000,0x7FC0},
{0x1040,0xFF40,0x4240,0x3C40,0xFF40,0x1000,0x7FC0,0x0040,0x7FC0,0x4000,0x7FC0},{0x1040,0xFF40,0x4240,0x3C40,0xFF40,0x1000,0x7BC0,0x0840,0x7840,0x4040,0x7840},{0x1040,0xFF40,0x4240,0x3C40,0xFF40,0x1000,0x7BC0,0x0A40,0x7A40,0x4240,0x7BC0},{0x1040,0xFF40,0x4240,0x3C40,0xFF40,0x1000,0x7A40,0x0A40,0x7BC0,0x4240,0x7BC0},
{0x1040,0xFF40,0x4240,0x3C40,0xFF40,0x1040,0x7900,0x0900,0x7900,0x4280,0x7C40},{0x1040,0xFF40,0x4240,0x3C40,0xFF40,0x1000,0x7BC0,0x0A00,0x7BC0,0x4200,0x7BC0},{0x1040,0xFF40,0x4240,0x3C40,0xFF40,0x1000,0x7FC0,0x0A80,0x7A80,0x4280,0x7FC0},{0x1040,0xFF40,0x4240,0x3C40,0xFF40,0x1040,0x7900,0x0FC0,0x7B80,0x4440,0x7B80},
{0x1040,0xFF40,0x3C40,0x4240,0x3C40,0xFF40,0x1000,0x7FC0,0x4040,0x4040,0x7FC0},{0x1040,0xFF40,0x3C40,0x4240,0x3C40,0xFF40,0x1000,0x4040,0x7FC0,0x4040,0x7FC0},{0x1040,0xFF40,0x3C40,0x4240,0x3C40,0xFF40,0x1040,0x4900,0x7900,0x4A80,0x7C40},{0x1040,0xFF40,0x3C40,0x4240,0x3C40,0xFF40,0x1040,0x1440,0x0400,0x1B00,0x60C0},
{0x1040,0xFF40,0x3C40,0x4240,0x3C40,0xFF40,0x1040,0x0000,0x1100,0x2A80,0x4440},{0x1040,0xFF40,0x3C40,0x4240,0x3C40,0xFF40,0x1000,0x3F80,0x4040,0x4040,0x3F80},{0x1040,0xFF40,0x3C40,0x4240,0x3C40,0xFF40,0x1000,0x7FC0,0x0400,0x1B00,0x60C0},{0x1040,0xFF40,0x3C40,0x4240,0x3C40,0xFF40,0x1040,0x0400,0x7FC0,0x1B00,0x60C0},
{0x1040,0xFF40,0x3C40,0x4240,0x3C40,0xFF40,0x1000,0x7FC0,0x0040,0x7FC0,0x0040},{0x1040,0xFF40,0x4240,0x3C40,0xFF40,0x1000,0x7FC0,0x4000,0x7FC0,0x4000,0x7FC0},{0x1040,0xFF40,0x3C40,0x4240,0x3C40,0xFF40,0x1000,0x7FC0,0x1100,0x1100,0x7FC0},{0x1040,0xFF40,0x4240,0x3C40,0xFF40,0x1040,0x0400,0x7FC0,0x1F00,0x2080,0x1F00},
{0x0400,0xFFE0,0x0000,0x3F80,0x4040,0x3F80,0x0000,0xFFE0,0x1100,0x1100,0x1100},{0x0400,0xFFE0,0x4040,0x3F80,0x0000,0xFFE0,0x1100,0x7FC0,0x0040,0x0040,0x0040},{0x0400,0xFFE0,0x4040,0x3F80,0x0000,0xFFE0,0x1100,0x7FC0,0x0440,0x0440,0x0440},{0x0400,0xFFE0,0x4040,0x3F80,0x0000,0xFFE0,0x1100,0x7800,0x0900,0x0A80,0x0C40},
{0x0400,0xFFE0,0x4040,0x3F80,0x0000,0xFFE0,0x1100,0x5100,0x4000,0x4000,0x7FC0},{0x0400,0xFFE0,0x4040,0x3F80,0x0000,0xFFE0,0x1100,0x57C0,0x4100,0x4280,0x7C40},{0x0400,0xFFE0,0x4040,0x3F80,0x0000,0xFFE0,0x1100,0x57C0,0x4380,0x4440,0x7B80},{0x0400,0xFFE0,0x4040,0x3F80,0x0000,0xFFE0,0x1100,0x7FC0,0x4000,0x4000,0x7FC0},
{0x0400,0xFFE0,0x4040,0x3F80,0xFFE0,0x1100,0x7FC0,0x0040,0x7FC0,0x4000,0x7FC0},{0x0400,0xFFE0,0x4040,0x3F80,0xFFE0,0x1100,0x7BC0,0x0840,0x7840,0x4040,0x7840},{0x0400,0xFFE0,0x4040,0x3F80,0xFFE0,0x1100,0x7BC0,0x0A40,0x7A40,0x4240,0x7BC0},{0x0400,0xFFE0,0x4040,0x3F80,0xFFE0,0x1100,0x7A40,0x0A40,0x7BC0,0x4240,0x7BC0},
{0x0400,0xFFE0,0x4040,0x3F80,0xFFE0,0x1100,0x7800,0x0900,0x7900,0x4280,0x7C40},{0x0400,0xFFE0,0x4040,0x3F80,0xFFE0,0x1100,0x7BC0,0x0A00,0x7BC0,0x4200,0x7BC0},{0x0400,0xFFE0,0x4040,0x3F80,0xFFE0,0x1100,0x7FC0,0x0A80,0x7A80,0x4280,0x7FC0},{0x0400,0xFFE0,0x4040,0x3F80,0xFFE0,0x1100,0x7900,0x0FC0,0x7B80,0x4440,0x7B80},
{0x0400,0xFFE0,0x4040,0x3F80,0x0000,0xFFE0,0x1100,0x7FC0,0x4040,0x4040,0x7FC0},{0x0400,0xFFE0,0x4040,0x3F80,0x0000,0xFFE0,0x1100,0x4040,0x7FC0,0x4040,0x7FC0},{0x0400,0xFFE0,0x4040,0x3F80,0x0000,0xFFE0,0x1100,0x4800,0x7900,0x4A80,0x7C40},{0x0400,0xFFE0,0x4040,0x3F80,0x0000,0xFFE0,0x1100,0x1500,0x0400,0x1B00,0x60C0},
{0x0400,0xFFE0,0x4040,0x3F80,0x0000,0xFFE0,0x1100,0x0000,0x1100,0x2A80,0x4440},{0x0400,0xFFE0,0x4040,0x3F80,0x0000,0xFFE0,0x1100,0x3F80,0x4040,0x4040,0x3F80},{0x0400,0xFFE0,0x4040,0x3F80,0x0000,0xFFE0,0x1100,0x7FC0,0x0400,0x1B00,0x60C0},{0x0400,0xFFE0,0x4040,0x3F80,0x0000,0xFFE0,0x1100,0x0400,0x7FC0,0x1B00,0x60C0},
{0x0400,0xFFE0,0x4040,0x3F80,0x0000,0xFFE0,0x1100,0x7FC0,0x0040,0x7FC0,0x0040},{0x0400,0xFFE0,0x4040,0x3F80,0xFFE0,0x1100,0x7FC0,0x4000,0x7FC0,0x4000,0x7FC0},{0x0400,0xFFE0,0x4040,0x3F80,0x0000,0xFFE0,0x1100,0x7FC0,0x1100,0x1100,0x7FC0},{0x0400,0xFFE0,0x4040,0x3F80,0xFFE0,0x1100,0x0400,0x7FC0,0x1F00,0x2080,0x1F00},
{0x1F00,0x0000,0xFFE0,0x0000,0x3F80,0x4040,0x4040,0x3F80,0x0000,0xFFE0,0x0000},{0x0400,0xFFE0,0x4040,0x3F80,0x0000,0xFFE0,0x0000,0x7FC0,0x0040,0x0040,0x0040},{0x0400,0xFFE0,0x4040,0x3F80,0x0000,0xFFE0,0x0000,0x7FC0,0x0440,0x0440,0x0440},{0x0400,0xFFE0,0x4040,0x3F80,0x0000,0xFFE0,0x0000,0x7900,0x0900,0x0A80,0x0C40},
{0x0400,0xFFE0,0x4040,0x3F80,0x0000,0xFFE0,0x0000,0x4000,0x4000,0x4000,0x7FC0},{0x0400,0xFFE0,0x4040,0x3F80,0x0000,0xFFE0,0x0000,0x47C0,0x4100,0x4280,0x7C40},{0x0400,0xFFE0,0x4040,0x3F80,0x0000,0xFFE0,0x0100,0x47C0,0x4380,0x4440,0x7B80},{0x0400,0xFFE0,0x4040,0x3F80,0x0000,0xFFE0,0x0000,0x7FC0,0x4000,0x4000,0x7FC0},
{0x0400,0xFFE0,0x4040,0x3F80,0xFFE0,0x0000,0x7FC0,0x0040,0x7FC0,0x4000,0x7FC0},{0x0400,0xFFE0,0x4040,0x3F80,0xFFE0,0x0000,0x7BC0,0x0840,0x7840,0x4040,0x7840},{0x0400,0xFFE0,0x4040,0x3F80,0xFFE0,0x0000,0x7BC0,0x0A40,0x7A40,0x4240,0x7BC0},{0x0400,0xFFE0,0x4040,0x3F80,0xFFE0,0x0000,0x7A40,0x0A40,0x7BC0,0x4240,0x7BC0},
{0x0400,0xFFE0,0x4040,0x3F80,0xFFE0,0x0000,0x7900,0x0900,0x7900,0x4280,0x7C40},{0x0400,0xFFE0,0x4040,0x3F80,0xFFE0,0x0000,0x7BC0,0x0A00,0x7BC0,0x4200,0x7BC0},{0x0400,0xFFE0,0x4040,0x3F80,0xFFE0,0x0000,0x7FC0,0x0A80,0x7A80,0x4280,0x7FC0},{0x0400,0xFFE0,0x4040,0x3F80,0xFFE0,0x0000,0x7900,0x0FC0,0x7B80,0x4440,0x7B80},
{0x0400,0xFFE0,0x4040,0x3F80,0x0000,0xFFE0,0x0000,0x7FC0,0x4040,0x4040,0x7FC0},{0x0400,0xFFE0,0x4040,0x3F80,0x0000,0xFFE0,0x0000,0x4040,0x7FC0,0x4040,0x7FC0},{0x0400,0xFFE0,0x4040,0x3F80,0x0000,0xFFE0,0x0000,0x4900,0x7900,0x4A80,0x7C40},{0x0400,0xFFE0,0x4040,0x3F80,0x0000,0xFFE0,0x0000,0x0400,0x0400,0x1B00,0x60C0},
{0x0400,0xFFE0,0x4040,0x3F80,0x0000,0xFFE0,0x0000,0x1100,0x1100,0x2A80,0x4440},{0x0400,0xFFE0,0x4040,0x3F80,0x0000,0xFFE0,0x0000,0x3F80,0x4040,0x4040,0x3F80},{0x0400,0xFFE0,0x4040,0x3F80,0x0000,0xFFE0,0x0000,0x7FC0,0x0400,0x1B00,0x60C0},{0x0400,0xFFE0,0x4040,0x3F80,0x0000,0xFFE0,0x0000,0x0400,0x7FC0,0x1B00,0x60C0},
{0x0400,0xFFE0,0x4040,0x3F80,0x0000,0xFFE0,0x0000,0x7FC0,0x0040,0x7FC0,0x0040},{0x0400,0xFFE0,0x4040,0x3F80,0x0000,0xFFE0,0x7FC0,0x4000,0x7FC0,0x4000,0x7FC0},{0x0400,0xFFE0,0x4040,0x3F80,0x0000,0xFFE0,0x0000,0x7FC0,0x1100,0x1100,0x7FC0},{0x0400,0xFFE0,0x4040,0x3F80,0x0000,0xFFE0,0x0400,0x7FC0,0x1F00,0x2080,0x1F00},
{0x3C40,0x0040,0xFF40,0x0040,0x3C40,0x4240,0x4240,0x3C40,0x0040,0xFF40,0x0040},{0x1040,0xFF40,0x3C40,0x4240,0x3C40,0xFF40,0x0000,0x7FC0,0x0040,0x0040,0x0040},{0x1040,0xFF40,0x3C40,0x4240,0x3C40,0xFF40,0x0000,0x7FC0,0x0440,0x0440,0x0440},{0x1040,0xFF40,0x3C40,0x4240,0x3C40,0xFF40,0x0040,0x7900,0x0900,0x0A80,0x0C40},
{0x1040,0xFF40,0x3C40,0x4240,0x3C40,0xFF40,0x0040,0x4040,0x4000,0x4000,0x7FC0},{0x1040,0xFF40,0x3C40,0x4240,0x3C40,0xFF40,0x0000,0x47C0,0x4100,0x4280,0x7C40},{0x1040,0xFF40,0x3C40,0x4240,0x3C40,0xFF40,0x0100,0x47C0,0x4380,0x4440,0x7B80},{0x1040,0xFF40,0x3C40,0x4240,0x3C40,0xFF40,0x0000,0x7FC0,0x4000,0x4000,0x7FC0},
{0x1040,0xFF40,0x3C40,0x4240,0x3C40,0xFF40,0x7FC0,0x0040,0x7FC0,0x4000,0x7FC0},{0x1040,0xFF40,0x3C40,0x4240,0x3C40,0xFF40,0x7BC0,0x0840,0x7840,0x4040,0x7840},{0x1040,0xFF40,0x3C40,0x4240,0x3C40,0xFF40,0x7BC0,0x0A40,0x7A40,0x4240,0x7BC0},{0x1040,0xFF40,0x3C40,0x4240,0x3C40,0xFF40,0x7A40,0x0A40,0x7BC0,0x4240,0x7BC0},
{0x1040,0xFF40,0x3C40,0x4240,0x3C40,0xFF40,0x7800,0x0900,0x7900,0x4280,0x7C40},{0x1040,0xFF40,0x3C40,0x4240,0x3C40,0xFF40,0x7BC0,0x0A00,0x7BC0,0x4200,0x7BC0},{0x1040,0xFF40,0x3C40,0x4240,0x3C40,0xFF40,0x7FC0,0x0A80,0x7A80,0x4280,0x7FC0},{0x1040,0xFF40,0x3C40,0x4240,0x3C40,0xFF40,0x7900,0x0FC0,0x7B80,0x4440,0x7B80},
{0x1040,0xFF40,0x3C40,0x4240,0x3C40,0xFF40,0x0000,0x7FC0,0x4040,0x4040,0x7FC0},{0x1040,0xFF40,0x3C40,0x4240,0x3C40,0xFF40,0x0000,0x4040,0x7FC0,0x4040,0x7FC0},{0x1040,0xFF40,0x3C40,0x4240,0x3C40,0xFF40,0x0040,0x4900,0x7900,0x4A80,0x7C40},{0x1040,0xFF40,0x3C40,0x4240,0x3C40,0xFF40,0x0040,0x0440,0x0400,0x1B00,0x60C0},
{0x1040,0xFF40,0x3C40,0x4240,0x3C40,0xFF40,0x0040,0x1100,0x1100,0x2A80,0x4440},{0x1040,0xFF40,0x3C40,0x4240,0x3C40,0xFF40,0x0040,0x3F80,0x4040,0x4040,0x3F80},{0x1040,0xFF40,0x3C40,0x4240,0x3C40,0xFF40,0x0000,0x7FC0,0x0400,0x1B00,0x60C0},{0x1040,0xFF40,0x3C40,0x4240,0x3C40,0xFF40,0x0040,0x0400,0x7FC0,0x1B00,0x60C0},
{0x1040,0xFF40,0x3C40,0x4240,0x3C40,0xFF40,0x0000,0x7FC0,0x0040,0x7FC0,0x0040},{0x1040,0xFF40,0x3C40,0x4240,0x3C40,0xFF40,0x7FC0,0x4000,0x7FC0,0x4000,0x7FC0},{0x1040,0xFF40,0x3C40,0x4240,0x3C40,0xFF40,0x0000,0x7FC0,0x1100,0x1100,0x7FC0},{0x1040,0xFF40,0x3C40,0x4240,0x3C40,0xFF40,0x0400,0x7FC0,0x1F00,0x2080,0x1F00},
{0x3C40,0x0040,0xFF40,0x0040,0x3C40,0x4240,0x4240,0x4240,0x4240,0x3C40,0x0040},{0x1040,0xFF40,0x3C40,0x4240,0x4240,0x3C40,0x0000,0x7FC0,0x0040,0x0040,0x0040},{0x1040,0xFF40,0x3C40,0x4240,0x4240,0x3C40,0x0000,0x7FC0,0x0440,0x0440,0x0440},{0x1040,0xFF40,0x3C40,0x4240,0x4240,0x3C40,0x0040,0x7900,0x0900,0x0A80,0x0C40},
{0x1040,0xFF40,0x3C40,0x4240,0x4240,0x3C40,0x0040,0x4040,0x4000,0x4000,0x7FC0},{0x1040,0xFF40,0x3C40,0x4240,0x4240,0x3C40,0x0000,0x47C0,0x4100,0x4280,0x7C40},{0x1040,0xFF40,0x3C40,0x4240,0x4240,0x3C40,0x0100,0x47C0,0x4380,0x4440,0x7B80},{0x1040,0xFF40,0x3C40,0x4240,0x4240,0x3C40,0x0000,0x7FC0,0x4000,0x4000,0x7FC0},
{0x1040,0xFF40,0x3C40,0x4240,0x3C40,0x0000,0x7FC0,0x0040,0x7FC0,0x4000,0x7FC0},{0x1040,0xFF40,0x3C40,0x4240,0x3C40,0x0000,0x7BC0,0x0840,0x7840,0x4040,0x7840},{0x1040,0xFF40,0x3C40,0x4240,0x3C40,0x0000,0x7BC0,0x0A40,0x7A40,0x4240,0x7BC0},{0x1040,0xFF40,0x3C40,0x4240,0x3C40,0x0000,0x7A40,0x0A40,0x7BC0,0x4240,0x7BC0},
{0x1040,0xFF40,0x3C40,0x4240,0x3C40,0x0040,0x7900,0x0900,0x7900,0x4280,0x7C40},{0x1040,0xFF40,0x3C40,0x4240,0x3C40,0x0000,0x7BC0,0x0A00,0x7BC0,0x4200,0x7BC0},{0x1040,0xFF40,0x3C40,0x4240,0x3C40,0x0000,0x7FC0,0x0A80,0x7A80,0x4280,0x7FC0},{0x1040,0xFF40,0x3C40,0x4240,0x3C40,0x0040,0x7900,0x0FC0,0x7B80,0x4440,0x7B80},
{0x1040,0xFF40,0x3C40,0x4240,0x4240,0x3C40,0x0000,0x7FC0,0x4040,0x4040,0x7FC0},{0x1040,0xFF40,0x3C40,0x4240,0x4240,0x3C40,0x0000,0x4040,0x7FC0,0x4040,0x7FC0},{0x1040,0xFF40,0x3C40,0x4240,0x4240,0x3C40,0x0040,0x4900,0x7900,0x4A80,0x7C40},{0x1040,0xFF40,0x3C40,0x4240,0x4240,0x3C40,0x0040,0x0440,0x0400,0x1B00,0x60C0},
{0x1040,0xFF40,0x3C40,0x4240,0x4240,0x3C40,0x0040,0x1100,0x1100,0x2A80,0x4440},{0x1040,0xFF40,0x3C40,0x4240,0x4240,0x3C40,0x0000,0x3F80,0x4040,0x4040,0x3F80},{0x1040,0xFF40,0x3C40,0x4240,0x4240,0x3C40,0x0000,0x7FC0,0x0400,0x1B00,0x60C0},{0x1040,0xFF40,0x3C40,0x4240,0x4240,0x3C40,0x0040,0x0400,0x7FC0,0x1B00,0x60C0},
{0x1040,0xFF40,0x3C40,0x4240,0x4240,0x3C40,0x0000,0x7FC0,0x0040,0x7FC0,0x0040},{0x1040,0xFF40,0x3C40,0x4240,0x3C40,0x0000,0x7FC0,0x4000,0x7FC0,0x4000,0x7FC0},{0x1040,0xFF40,0x3C40,0x4240,0x4240,0x3C40,0x0000,0x7FC0,0x1100,0x1100,0x7FC0},{0x1040,0xFF40,0x3C40,0x4240,0x4240,0x3C40,0x0400,0x7FC0,0x1F00,0x2080,0x1F00},

};

static const u16 font8x8_ko_jamo[51][11] = {
{0x0000,0x7FC0,0x0040,0x0040,0x0040,0x0040,0x0040,0x0040,0x0040,0x0040,0x0000},{0x0000,0xFBE0,0x0820,0x0820,0x0820,0x0820,0x0820,0x0820,0x0820,0x0820,0x0000},{0x0000,0xF880,0x0880,0x0880,0x0880,0x0940,0x0940,0x0940,0x0A20,0x0A20,0x0000},{0x0000,0x4000,0x4000,0x4000,0x4000,0x4000,0x4000,0x4000,0x4000,0x7FC0,0x0000},
{0x0000,0x83E0,0x8080,0x8080,0x8080,0x8140,0x8140,0x8140,0x8220,0xFA20,0x0000},{0x0000,0x81C0,0x8000,0x83E0,0x8000,0x81C0,0x8220,0x8220,0x8220,0xF9C0,0x0000},{0x0000,0x7FC0,0x4000,0x4000,0x4000,0x4000,0x4000,0x4000,0x4000,0x7FC0,0x0000},{0x0000,0xFBE0,0x8200,0x8200,0x8200,0x8200,0x8200,0x8200,0x8200,0xFBE0,0x0000},
{0x0000,0x7FC0,0x0040,0x0040,0x0040,0x7FC0,0x4000,0x4000,0x4000,0x7FC0,0x0000},{0x0000,0xFBE0,0x0820,0x0820,0x0820,0xF820,0x8020,0x8020,0x8020,0xF820,0x0000},{0x0000,0xFBE0,0x0A20,0x0A20,0x0A20,0xFA20,0x8220,0x8220,0x8220,0xFBE0,0x0000},{0x0000,0xFA20,0x0A20,0x0A20,0x0BE0,0xFA20,0x8220,0x8220,0x8220,0xFBE0,0x0000},
{0x0000,0xF880,0x0880,0x0880,0x0880,0xF940,0x8140,0x8140,0x8220,0xFA20,0x0000},{0x0000,0xFBE0,0x0A00,0x0A00,0x0A00,0xFBE0,0x8200,0x8200,0x8200,0xFBE0,0x0000},{0x0000,0xFBE0,0x0800,0x0940,0x0940,0xF940,0x8140,0x8140,0x8140,0xFBE0,0x0000},{0x0000,0xF9C0,0x0800,0x0BE0,0x0800,0xF9C0,0x8220,0x8220,0x8220,0xF9C0,0x0000},
{0x0000,0x7FC0,0x4040,0x4040,0x4040,0x4040,0x4040,0x4040,0x4040,0x7FC0,0x0000},{0x0000,0x4040,0x4040,0x4040,0x7FC0,0x4040,0x4040,0x4040,0x4040,0x7FC0,0x0000},{0x0000,0x8A20,0x8A20,0x8A20,0xFBE0,0x8A20,0x8A20,0x8A20,0x8A20,0xFBE0,0x0000},{0x0000,0x8880,0x8880,0x8880,0xF880,0x8940,0x8940,0x8940,0x8A20,0xFA20,0x0000},
{0x0000,0x0400,0x0400,0x0400,0x0A00,0x0A00,0x1100,0x1100,0x2080,0x4040,0x0000},{0x0000,0x1100,0x1100,0x1100,0x1100,0x2A80,0x2A80,0x2A80,0x4440,0x4440,0x0000},{0x0000,0x1F00,0x2080,0x4040,0x4040,0x4040,0x4040,0x4040,0x2080,0x1F00,0x0000},{0x0000,0x7FC0,0x0400,0x0400,0x0A00,0x0A00,0x1100,0x1100,0x2080,0x4040,0x0000},
{0x0000,0x7FC0,0x1100,0x1100,0x1100,0x2A80,0x2A80,0x2A80,0x4440,0x4440,0x0000},{0x0000,0x1F00,0x0000,0x7FC0,0x0400,0x0400,0x0A00,0x1100,0x2080,0x4040,0x0000},{0x0000,0x7FC0,0x0040,0x0040,0x0040,0x7FC0,0x0040,0x0040,0x0040,0x0040,0x0000},{0x0000,0x7FC0,0x4000,0x4000,0x4000,0x7F80,0x4000,0x4000,0x4000,0x7FC0,0x0000},
{0x0000,0x7FC0,0x0000,0x2080,0x2080,0x2080,0x1100,0x1100,0x1100,0x7FC0,0x0000},{0x0000,0x1F00,0x0000,0x7FC0,0x0000,0x1F00,0x2080,0x2080,0x2080,0x1F00,0x0000},{0x0800,0x0800,0x0800,0x0800,0x0800,0x0F00,0x0800,0x0800,0x0800,0x0800,0x0800},{0x1100,0x1100,0x1100,0x1100,0x1100,0x1F00,0x1100,0x1100,0x1100,0x1100,0x1100},
{0x0800,0x0800,0x0800,0x0F00,0x0800,0x0800,0x0800,0x0F00,0x0800,0x0800,0x0800},{0x1100,0x1100,0x1100,0x1F00,0x1100,0x1100,0x1100,0x1F00,0x1100,0x1100,0x1100},{0x0200,0x0200,0x0200,0x0200,0x0200,0x1E00,0x0200,0x0200,0x0200,0x0200,0x0200},{0x0480,0x0480,0x0480,0x0480,0x0480,0x3C80,0x0480,0x0480,0x0480,0x0480,0x0480},
{0x0200,0x0200,0x0200,0x1E00,0x0200,0x0200,0x0200,0x1E00,0x0200,0x0200,0x0200},{0x0480,0x0480,0x0480,0x3C80,0x0480,0x0480,0x3C80,0x0480,0x0480,0x0480,0x0480},{0x0000,0x0000,0x0000,0x0400,0x0400,0x0400,0x0400,0xFFE0,0x0000,0x0000,0x0000},{0x0040,0x0040,0x0040,0x0040,0x0840,0x0860,0x0840,0x0840,0xFF40,0x0040,0x0040},
{0x0140,0x0140,0x0140,0x0140,0x1140,0x11C0,0x1140,0x1140,0xFD40,0x0140,0x0140},{0x0040,0x0040,0x0040,0x0040,0x0840,0x0840,0x0840,0x0840,0xFF40,0x0040,0x0040},{0x0000,0x0000,0x0000,0x1100,0x1100,0x1100,0x1100,0xFFE0,0x0000,0x0000,0x0000},{0x0000,0x0000,0x0000,0xFFE0,0x0400,0x0400,0x0400,0x0400,0x0000,0x0000,0x0000},
{0x0040,0x0040,0x0040,0x0040,0x0040,0xFF40,0x1040,0x11C0,0x1040,0x1040,0x1040},{0x0140,0x0140,0x0140,0x0140,0x0140,0xFD40,0x2140,0x2740,0x2140,0x2140,0x2140},{0x0040,0x0040,0x0040,0x0040,0x0040,0xFF40,0x0840,0x0840,0x0840,0x0840,0x0840},{0x0000,0x0000,0x0000,0xFFE0,0x1100,0x1100,0x1100,0x1100,0x0000,0x0000,0x0000},
{0x0000,0x0000,0x0000,0x0000,0x0000,0xFFE0,0x0000,0x0000,0x0000,0x0000,0x0000},{0x0040,0x0040,0x0040,0x0040,0x0040,0x0040,0x0040,0x0040,0xFF40,0x0040,0x0040},{0x0400,0x0400,0x0400,0x0400,0x0400,0x0400,0x0400,0x0400,0x0400,0x0400,0x0400},
};

#endif
